interval_start_ct,LZ_HOUSTON,LZ_NORTH,LZ_SOUTH,LZ_WEST
2023-08-31T00:00:00-05:00,25.84,22.08,28.97,51.89
2023-08-31T00:15:00-05:00,25.79,19.51,30.98,69.45
2023-08-31T00:30:00-05:00,24.73,19.31,29.21,62.55
2023-08-31T00:45:00-05:00,24.94,19.38,29.52,63.8
2023-08-31T01:00:00-05:00,23.64,19.31,27.19,53.8
2023-08-31T01:15:00-05:00,23.8,18.07,28.49,64.16
2023-08-31T01:30:00-05:00,23.19,16.66,28.55,69.31
2023-08-31T01:45:00-05:00,22.2,16.02,27.25,65.8
2023-08-31T02:00:00-05:00,23.03,13.15,31.1,92.88
2023-08-31T02:15:00-05:00,22.07,16.47,26.64,61.53
2023-08-31T02:30:00-05:00,21.49,13.75,27.84,76.39
2023-08-31T02:45:00-05:00,20.91,15.3,25.48,60.63
2023-08-31T03:00:00-05:00,20.59,14.46,25.57,64.06
2023-08-31T03:15:00-05:00,20.66,15.34,25.01,58.59
2023-08-31T03:30:00-05:00,20.29,14.24,25.22,63.6
2023-08-31T03:45:00-05:00,20.22,14.68,24.74,59.97
2023-08-31T04:00:00-05:00,20.19,14.3,24.97,62.49
2023-08-31T04:15:00-05:00,20.24,14.5,24.89,61.42
2023-08-31T04:30:00-05:00,20.64,15.24,25.02,59.49
2023-08-31T04:45:00-05:00,20.9,15.52,25.27,59.5
2023-08-31T05:00:00-05:00,21.56,16.46,25.71,58.17
2023-08-31T05:15:00-05:00,22.04,16.77,26.34,59.87
2023-08-31T05:30:00-05:00,21.69,16.43,25.97,59.29
2023-08-31T05:45:00-05:00,21.88,16.3,26.45,61.9
2023-08-31T06:00:00-05:00,23.11,18.13,27.18,58.53
2023-08-31T06:15:00-05:00,26.15,18.08,32.78,83.74
2023-08-31T06:30:00-05:00,24.77,20.0,28.68,58.67
2023-08-31T06:45:00-05:00,25.41,20.04,29.86,63.64
2023-08-31T07:00:00-05:00,25.08,19.32,29.96,66.16
2023-08-31T07:15:00-05:00,24.93,18.45,30.39,71.08
2023-08-31T07:30:00-05:00,23.37,18.27,27.63,59.56
2023-08-31T07:45:00-05:00,21.89,18.51,24.7,45.92
2023-08-31T08:00:00-05:00,21.26,20.46,21.9,26.83
2023-08-31T08:15:00-05:00,20.99,20.95,20.97,20.97
2023-08-31T08:30:00-05:00,20.85,20.78,20.83,20.83
2023-08-31T08:45:00-05:00,20.18,20.12,20.17,20.17
2023-08-31T09:00:00-05:00,20.0,19.94,20.0,20.0
2023-08-31T09:15:00-05:00,20.75,20.68,20.74,20.74
2023-08-31T09:30:00-05:00,21.56,21.48,21.55,21.54
2023-08-31T09:45:00-05:00,24.08,23.99,24.06,24.05
2023-08-31T10:00:00-05:00,23.79,23.72,23.79,23.79
2023-08-31T10:15:00-05:00,24.56,24.49,24.56,24.56
2023-08-31T10:30:00-05:00,25.66,25.6,25.66,25.66
2023-08-31T10:45:00-05:00,27.72,27.65,27.72,27.72
2023-08-31T11:00:00-05:00,30.4,30.32,30.4,30.4
2023-08-31T11:15:00-05:00,35.0,34.91,35.0,35.0
2023-08-31T11:30:00-05:00,52.62,52.48,52.62,52.62
2023-08-31T11:45:00-05:00,33.35,33.26,33.35,33.35
2023-08-31T12:00:00-05:00,34.53,34.44,34.53,34.53
2023-08-31T12:15:00-05:00,66.51,66.33,66.51,66.51
2023-08-31T12:30:00-05:00,79.75,79.54,79.75,79.75
2023-08-31T12:45:00-05:00,78.62,78.41,78.62,78.62
2023-08-31T13:00:00-05:00,38.86,38.76,38.86,38.86
2023-08-31T13:15:00-05:00,74.46,68.12,74.46,74.46
2023-08-31T13:30:00-05:00,98.22,87.34,98.22,98.22
2023-08-31T13:45:00-05:00,75.11,75.11,75.1,75.11
2023-08-31T14:00:00-05:00,75.07,75.07,75.07,75.07
2023-08-31T14:15:00-05:00,75.19,75.19,75.19,75.19
2023-08-31T14:30:00-05:00,161.6,161.6,161.6,161.6
2023-08-31T14:45:00-05:00,87.32,87.32,87.32,87.32
2023-08-31T15:00:00-05:00,154.26,154.26,154.26,154.26
2023-08-31T15:15:00-05:00,215.75,215.75,215.75,215.75
2023-08-31T15:30:00-05:00,130.55,130.55,130.55,130.55
2023-08-31T15:45:00-05:00,79.58,79.58,79.58,79.58
2023-08-31T16:00:00-05:00,168.71,168.71,168.71,168.71
2023-08-31T16:15:00-05:00,180.11,180.11,180.13,180.11
2023-08-31T16:30:00-05:00,1961.52,1961.01,1964.46,1960.84
2023-08-31T16:45:00-05:00,136.08,136.44,135.89,136.59
2023-08-31T17:00:00-05:00,177.33,177.35,177.31,177.35
2023-08-31T17:15:00-05:00,226.39,226.39,226.39,226.39
2023-08-31T17:30:00-05:00,116.33,116.33,116.33,116.33
2023-08-31T17:45:00-05:00,154.39,154.39,154.39,154.39
2023-08-31T18:00:00-05:00,81.3,81.32,81.28,81.33
2023-08-31T18:15:00-05:00,278.88,278.88,278.88,278.88
2023-08-31T18:30:00-05:00,581.3,584.05,579.63,585.2
2023-08-31T18:45:00-05:00,623.22,627.74,621.15,629.61
2023-08-31T19:00:00-05:00,316.86,320.05,315.47,321.4
2023-08-31T19:15:00-05:00,333.94,337.57,333.88,339.27
2023-08-31T19:30:00-05:00,331.88,337.86,259.88,392.13
2023-08-31T19:45:00-05:00,224.2,229.26,163.56,264.67
2023-08-31T20:00:00-05:00,75.46,77.25,48.74,95.15
2023-08-31T20:15:00-05:00,69.83,68.71,58.01,89.27
2023-08-31T20:30:00-05:00,47.07,44.84,40.36,66.89
2023-08-31T20:45:00-05:00,34.24,32.42,31.57,47.61
2023-08-31T21:00:00-05:00,34.42,34.14,30.55,39.63
2023-08-31T21:15:00-05:00,30.81,28.7,32.08,41.84
2023-08-31T21:30:00-05:00,29.69,27.49,31.12,40.14
2023-08-31T21:45:00-05:00,28.14,25.79,29.67,38.37
2023-08-31T22:00:00-05:00,30.42,25.09,34.54,61.58
2023-08-31T22:15:00-05:00,27.49,21.92,31.92,61.32
2023-08-31T22:30:00-05:00,26.39,20.74,30.89,61.1
2023-08-31T22:45:00-05:00,24.7,18.62,29.56,62.58
2023-08-31T23:00:00-05:00,22.67,17.34,26.89,55.47
2023-08-31T23:15:00-05:00,22.07,15.61,27.27,63.55
2023-08-31T23:30:00-05:00,19.65,15.08,23.24,47.88
2023-08-31T23:45:00-05:00,19.87,17.65,21.42,31.99
2023-09-01T00:00:00-05:00,20.0,17.48,21.79,33.04
2023-09-01T00:15:00-05:00,18.38,14.74,21.16,40.27
2023-09-01T00:30:00-05:00,18.11,15.05,20.46,38.85
2023-09-01T00:45:00-05:00,16.72,13.82,18.95,38.52
2023-09-01T01:00:00-05:00,17.89,16.56,18.81,26.86
2023-09-01T01:15:00-05:00,17.26,16.04,18.07,22.59
2023-09-01T01:30:00-05:00,16.34,14.71,17.48,24.62
2023-09-01T01:45:00-05:00,15.09,13.0,16.62,26.84
2023-09-01T02:00:00-05:00,15.36,13.68,16.55,24.17
2023-09-01T02:15:00-05:00,14.87,12.18,16.89,30.74
2023-09-01T02:30:00-05:00,14.95,12.1,17.1,31.98
2023-09-01T02:45:00-05:00,14.6,12.3,16.35,28.09
2023-09-01T03:00:00-05:00,14.54,12.02,16.5,29.66
2023-09-01T03:15:00-05:00,14.6,11.76,16.85,32.3
2023-09-01T03:30:00-05:00,14.93,11.51,17.66,36.88
2023-09-01T03:45:00-05:00,14.9,11.25,17.84,38.67
2023-09-01T04:00:00-05:00,14.9,11.47,17.66,37.09
2023-09-01T04:15:00-05:00,14.91,11.7,17.46,35.35
2023-09-01T04:30:00-05:00,14.77,11.69,17.22,34.41
2023-09-01T04:45:00-05:00,14.88,11.86,17.3,34.32
2023-09-01T05:00:00-05:00,16.13,14.19,17.79,30.31
2023-09-01T05:15:00-05:00,16.23,15.11,17.18,24.39
2023-09-01T05:30:00-05:00,16.93,16.56,17.24,19.65
2023-09-01T05:45:00-05:00,17.3,17.24,17.35,17.72
2023-09-01T06:00:00-05:00,18.53,18.53,18.53,18.53
2023-09-01T06:15:00-05:00,19.54,19.54,19.54,19.54
2023-09-01T06:30:00-05:00,19.65,19.65,19.65,19.65
2023-09-01T06:45:00-05:00,19.71,19.71,19.71,19.71
2023-09-01T07:00:00-05:00,20.16,20.16,20.16,20.16
2023-09-01T07:15:00-05:00,19.55,19.55,19.55,19.55
2023-09-01T07:30:00-05:00,18.88,18.88,18.88,18.88
2023-09-01T07:45:00-05:00,17.82,17.82,17.82,17.82
2023-09-01T08:00:00-05:00,17.35,17.35,17.35,17.35
2023-09-01T08:15:00-05:00,16.62,16.62,16.62,16.62
2023-09-01T08:30:00-05:00,16.46,16.27,16.59,16.04
2023-09-01T08:45:00-05:00,16.74,16.24,17.08,15.61
2023-09-01T09:00:00-05:00,18.32,17.77,18.71,17.06
2023-09-01T09:15:00-05:00,19.4,18.97,19.7,18.42
2023-09-01T09:30:00-05:00,20.62,20.26,20.86,19.81
2023-09-01T09:45:00-05:00,21.72,21.44,21.91,21.09
2023-09-01T10:00:00-05:00,21.58,20.92,22.04,20.08
2023-09-01T10:15:00-05:00,22.22,21.39,22.8,20.35
2023-09-01T10:30:00-05:00,23.4,22.6,23.99,21.6
2023-09-01T10:45:00-05:00,25.42,25.24,25.54,25.03
2023-09-01T11:00:00-05:00,25.78,25.78,25.78,25.78
2023-09-01T11:15:00-05:00,28.92,28.92,28.92,28.92
2023-09-01T11:30:00-05:00,60.23,60.23,60.23,60.23
2023-09-01T11:45:00-05:00,35.72,35.72,35.72,35.72
2023-09-01T12:00:00-05:00,52.53,52.53,52.53,52.53
2023-09-01T12:15:00-05:00,72.09,72.09,72.09,72.09
2023-09-01T12:30:00-05:00,69.25,63.03,67.95,64.9
2023-09-01T12:45:00-05:00,99.31,77.16,94.69,83.85
2023-09-01T13:00:00-05:00,56.92,37.79,54.22,47.88
2023-09-01T13:15:00-05:00,79.79,65.67,77.56,72.33
2023-09-01T13:30:00-05:00,81.45,68.62,78.75,72.51
2023-09-01T13:45:00-05:00,91.38,91.38,91.38,91.38
2023-09-01T14:00:00-05:00,45.76,45.76,45.76,45.76
2023-09-01T14:15:00-05:00,54.04,54.04,54.04,54.04
2023-09-01T14:30:00-05:00,74.76,81.97,81.49,75.08
2023-09-01T14:45:00-05:00,59.83,90.69,61.79,66.23
2023-09-01T15:00:00-05:00,56.47,71.55,56.42,56.75
2023-09-01T15:15:00-05:00,35.37,35.27,35.35,35.3
2023-09-01T15:30:00-05:00,68.53,68.53,68.53,68.53
2023-09-01T15:45:00-05:00,38.0,38.0,38.0,38.0
2023-09-01T16:00:00-05:00,40.13,40.13,40.13,40.13
2023-09-01T16:15:00-05:00,53.18,53.18,53.18,53.18
2023-09-01T16:30:00-05:00,67.91,67.91,67.91,67.91
2023-09-01T16:45:00-05:00,50.32,50.32,50.32,50.32
2023-09-01T17:00:00-05:00,43.71,43.71,43.71,43.71
2023-09-01T17:15:00-05:00,43.76,43.76,43.76,43.76
2023-09-01T17:30:00-05:00,62.8,62.8,62.8,62.8
2023-09-01T17:45:00-05:00,62.96,62.96,62.96,62.96
2023-09-01T18:00:00-05:00,52.68,52.68,52.68,52.68
2023-09-01T18:15:00-05:00,77.94,77.94,77.94,77.94
2023-09-01T18:30:00-05:00,121.14,121.14,121.14,121.14
2023-09-01T18:45:00-05:00,212.54,212.54,212.54,212.54
2023-09-01T19:00:00-05:00,113.8,115.73,110.37,116.23
2023-09-01T19:15:00-05:00,167.77,175.63,150.89,177.6
2023-09-01T19:30:00-05:00,100.33,106.45,67.75,108.27
2023-09-01T19:45:00-05:00,76.98,78.65,61.33,90.03
2023-09-01T20:00:00-05:00,56.87,57.13,45.98,70.24
2023-09-01T20:15:00-05:00,37.48,33.67,38.99,64.99
2023-09-01T20:30:00-05:00,31.94,27.28,35.93,62.5
2023-09-01T20:45:00-05:00,31.8,27.31,35.26,58.48
2023-09-01T21:00:00-05:00,28.9,25.33,31.83,51.52
2023-09-01T21:15:00-05:00,26.71,21.97,30.56,54.98
2023-09-01T21:30:00-05:00,26.83,21.47,31.19,59.11
2023-09-01T21:45:00-05:00,24.81,21.92,27.04,40.24
2023-09-01T22:00:00-05:00,25.45,21.02,28.98,51.35
2023-09-01T22:15:00-05:00,25.47,20.69,29.3,53.98
2023-09-01T22:30:00-05:00,24.29,20.46,27.33,46.69
2023-09-01T22:45:00-05:00,22.75,20.98,24.03,31.24
2023-09-01T23:00:00-05:00,22.58,20.54,24.1,33.01
2023-09-01T23:15:00-05:00,21.23,19.79,22.23,27.57
2023-09-01T23:30:00-05:00,20.31,18.69,21.55,35.22
2023-09-01T23:45:00-05:00,18.81,17.02,20.13,27.91
2023-09-02T00:00:00-05:00,22.02,19.26,24.14,37.75
2023-09-02T00:15:00-05:00,22.58,21.25,23.47,28.18
2023-09-02T00:30:00-05:00,21.88,20.82,22.55,25.66
2023-09-02T00:45:00-05:00,20.85,19.83,21.5,24.51
2023-09-02T01:00:00-05:00,20.71,19.66,21.38,24.5
2023-09-02T01:15:00-05:00,21.28,19.59,22.49,29.58
2023-09-02T01:30:00-05:00,21.4,17.06,24.81,48.52
2023-09-02T01:45:00-05:00,20.95,15.38,25.39,56.81
2023-09-02T02:00:00-05:00,20.84,15.39,25.2,55.95
2023-09-02T02:15:00-05:00,19.84,14.02,24.5,57.7
2023-09-02T02:30:00-05:00,19.16,12.44,24.57,63.67
2023-09-02T02:45:00-05:00,19.35,13.38,24.13,58.48
2023-09-02T03:00:00-05:00,18.59,12.72,23.27,57.02
2023-09-02T03:15:00-05:00,18.81,13.7,22.86,51.68
2023-09-02T03:30:00-05:00,18.79,12.34,23.94,61.55
2023-09-02T03:45:00-05:00,19.01,12.46,24.24,62.42
2023-09-02T04:00:00-05:00,19.1,12.77,24.15,60.94
2023-09-02T04:15:00-05:00,19.03,12.61,24.14,61.68
2023-09-02T04:30:00-05:00,19.2,13.14,24.0,59.13
2023-09-02T04:45:00-05:00,20.17,13.27,25.68,66.34
2023-09-02T05:00:00-05:00,19.08,14.49,22.81,50.81
2023-09-02T05:15:00-05:00,19.33,15.15,22.76,49.18
2023-09-02T05:30:00-05:00,19.38,15.9,22.24,44.29
2023-09-02T05:45:00-05:00,19.4,16.09,22.12,43.12
2023-09-02T06:00:00-05:00,19.12,16.05,21.63,41.02
2023-09-02T06:15:00-05:00,19.32,17.17,21.08,34.62
2023-09-02T06:30:00-05:00,20.4,18.94,21.6,30.82
2023-09-02T06:45:00-05:00,20.2,19.46,20.8,25.48
2023-09-02T07:00:00-05:00,20.3,19.51,20.94,25.87
2023-09-02T07:15:00-05:00,20.28,20.26,20.3,20.43
2023-09-02T07:30:00-05:00,20.15,20.15,20.15,20.15
2023-09-02T07:45:00-05:00,19.0,19.0,19.0,19.0
2023-09-02T08:00:00-05:00,18.18,18.18,18.18,18.18
2023-09-02T08:15:00-05:00,17.29,17.29,17.29,17.29
2023-09-02T08:30:00-05:00,16.98,16.98,16.98,16.98
2023-09-02T08:45:00-05:00,16.83,16.83,16.83,16.83
2023-09-02T09:00:00-05:00,18.69,18.69,18.69,18.69
2023-09-02T09:15:00-05:00,18.99,18.99,18.99,18.99
2023-09-02T09:30:00-05:00,19.56,19.56,19.56,19.56
2023-09-02T09:45:00-05:00,20.55,20.55,20.55,20.55
2023-09-02T10:00:00-05:00,21.17,21.17,21.17,21.17
2023-09-02T10:15:00-05:00,20.95,20.95,20.95,20.95
2023-09-02T10:30:00-05:00,21.21,21.21,21.21,21.21
2023-09-02T10:45:00-05:00,21.77,21.77,21.77,21.77
2023-09-02T11:00:00-05:00,22.78,22.78,22.78,22.78
2023-09-02T11:15:00-05:00,24.71,23.43,24.44,23.81
2023-09-02T11:30:00-05:00,25.39,24.43,25.18,24.71
2023-09-02T11:45:00-05:00,27.73,27.73,27.73,27.73
2023-09-02T12:00:00-05:00,27.91,26.03,27.51,26.59
2023-09-02T12:15:00-05:00,41.56,31.7,39.44,34.62
2023-09-02T12:30:00-05:00,62.8,45.87,59.03,50.91
2023-09-02T12:45:00-05:00,38.52,31.49,37.01,33.59
2023-09-02T13:00:00-05:00,28.56,27.06,28.24,27.51
2023-09-02T13:15:00-05:00,54.5,39.63,51.32,44.11
2023-09-02T13:30:00-05:00,67.68,48.99,63.65,54.53
2023-09-02T13:45:00-05:00,43.12,56.1,42.85,42.62
2023-09-02T14:00:00-05:00,32.36,62.51,34.14,38.77
2023-09-02T14:15:00-05:00,31.61,32.28,31.65,31.75
2023-09-02T14:30:00-05:00,41.51,41.51,41.51,41.51
2023-09-02T14:45:00-05:00,43.96,43.96,43.96,43.96
2023-09-02T15:00:00-05:00,73.3,63.13,71.12,66.21
2023-09-02T15:15:00-05:00,86.51,73.1,83.63,77.13
2023-09-02T15:30:00-05:00,74.67,66.53,72.93,68.98
2023-09-02T15:45:00-05:00,65.18,59.82,64.03,61.43
2023-09-02T16:00:00-05:00,53.63,53.48,53.6,53.53
2023-09-02T16:15:00-05:00,74.38,74.38,74.38,74.38
2023-09-02T16:30:00-05:00,52.24,52.24,52.24,52.24
2023-09-02T16:45:00-05:00,72.59,72.59,72.59,72.59
2023-09-02T17:00:00-05:00,34.19,34.19,34.19,34.19
2023-09-02T17:15:00-05:00,57.35,57.35,57.35,57.35
2023-09-02T17:30:00-05:00,75.0,75.0,75.0,75.0
2023-09-02T17:45:00-05:00,53.2,53.2,53.2,53.2
2023-09-02T18:00:00-05:00,31.99,31.99,31.99,31.99
2023-09-02T18:15:00-05:00,39.24,39.24,39.24,39.24
2023-09-02T18:30:00-05:00,48.79,48.79,48.79,48.79
2023-09-02T18:45:00-05:00,74.82,74.85,74.96,74.89
2023-09-02T19:00:00-05:00,75.13,75.22,75.55,75.33
2023-09-02T19:15:00-05:00,75.34,75.43,75.77,75.55
2023-09-02T19:30:00-05:00,111.85,108.03,114.72,123.48
2023-09-02T19:45:00-05:00,78.04,69.3,85.62,134.18
2023-09-02T20:00:00-05:00,49.51,31.75,64.99,168.51
2023-09-02T20:15:00-05:00,38.03,27.99,46.52,104.03
2023-09-02T20:30:00-05:00,28.8,22.94,33.62,66.48
2023-09-02T20:45:00-05:00,40.96,22.65,56.85,164.67
2023-09-02T21:00:00-05:00,30.22,22.5,37.01,82.67
2023-09-02T21:15:00-05:00,34.15,21.77,44.72,117.06
2023-09-02T21:30:00-05:00,29.4,20.39,36.97,87.93
2023-09-02T21:45:00-05:00,26.05,20.66,30.37,58.77
2023-09-02T22:00:00-05:00,31.53,20.78,40.52,101.85
2023-09-02T22:15:00-05:00,25.96,21.62,29.33,50.55
2023-09-02T22:30:00-05:00,26.02,21.68,29.35,50.51
2023-09-02T22:45:00-05:00,23.66,21.26,25.3,34.85
2023-09-02T23:00:00-05:00,23.74,21.34,25.37,34.84
2023-09-02T23:15:00-05:00,23.26,21.32,24.54,31.26
2023-09-02T23:30:00-05:00,22.79,20.8,24.12,31.37
2023-09-02T23:45:00-05:00,22.32,20.51,23.49,29.83
2023-09-03T00:00:00-05:00,22.45,20.87,23.46,28.95
2023-09-03T00:15:00-05:00,22.44,21.36,23.13,26.39
2023-09-03T00:30:00-05:00,22.0,20.96,22.66,25.83
2023-09-03T00:45:00-05:00,21.41,20.38,22.06,25.19
2023-09-03T01:00:00-05:00,20.73,19.86,21.28,23.94
2023-09-03T01:15:00-05:00,19.63,18.88,20.1,22.39
2023-09-03T01:30:00-05:00,18.93,18.19,19.4,21.68
2023-09-03T01:45:00-05:00,18.53,17.58,19.14,22.31
2023-09-03T02:00:00-05:00,18.09,17.14,18.69,22.95
2023-09-03T02:15:00-05:00,17.59,16.43,18.33,23.57
2023-09-03T02:30:00-05:00,17.75,17.74,17.76,17.83
2023-09-03T02:45:00-05:00,18.02,18.02,18.02,18.02
2023-09-03T03:00:00-05:00,17.73,17.73,17.73,17.73
2023-09-03T03:15:00-05:00,17.46,17.46,17.46,17.46
2023-09-03T03:30:00-05:00,17.65,17.65,17.65,17.65
2023-09-03T03:45:00-05:00,17.68,17.68,17.68,17.68
2023-09-03T04:00:00-05:00,17.68,17.68,17.68,17.68
2023-09-03T04:15:00-05:00,17.87,17.87,17.87,17.87
2023-09-03T04:30:00-05:00,17.54,17.54,17.54,17.54
2023-09-03T04:45:00-05:00,17.31,17.31,17.31,17.31
2023-09-03T05:00:00-05:00,17.31,17.31,17.31,17.31
2023-09-03T05:15:00-05:00,17.53,17.53,17.53,17.53
2023-09-03T05:30:00-05:00,17.36,17.36,17.36,17.36
2023-09-03T05:45:00-05:00,17.78,17.78,17.78,17.78
2023-09-03T06:00:00-05:00,17.91,17.91,17.91,17.91
2023-09-03T06:15:00-05:00,18.03,18.03,18.03,18.03
2023-09-03T06:30:00-05:00,18.02,18.02,18.02,18.02
2023-09-03T06:45:00-05:00,17.9,17.9,17.9,17.9
2023-09-03T07:00:00-05:00,17.95,17.95,17.95,17.95
2023-09-03T07:15:00-05:00,17.98,17.98,17.98,17.98
2023-09-03T07:30:00-05:00,17.66,17.66,17.66,17.66
2023-09-03T07:45:00-05:00,16.82,16.82,16.82,16.82
2023-09-03T08:00:00-05:00,16.38,16.38,16.38,16.38
2023-09-03T08:15:00-05:00,15.62,15.62,15.62,15.62
2023-09-03T08:30:00-05:00,15.66,15.66,15.66,15.66
2023-09-03T08:45:00-05:00,15.42,15.42,15.42,15.42
2023-09-03T09:00:00-05:00,16.99,16.99,16.99,16.99
2023-09-03T09:15:00-05:00,17.03,17.03,17.03,17.03
2023-09-03T09:30:00-05:00,17.66,17.66,17.66,17.66
2023-09-03T09:45:00-05:00,17.79,17.79,17.79,17.79
2023-09-03T10:00:00-05:00,18.29,18.29,18.29,18.29
2023-09-03T10:15:00-05:00,18.75,18.75,18.75,18.75
2023-09-03T10:30:00-05:00,18.67,18.67,18.67,18.67
2023-09-03T10:45:00-05:00,19.17,19.17,19.17,19.17
2023-09-03T11:00:00-05:00,21.22,21.22,21.22,21.22
2023-09-03T11:15:00-05:00,21.35,21.35,21.35,21.35
2023-09-03T11:30:00-05:00,22.09,22.09,22.09,22.09
2023-09-03T11:45:00-05:00,23.98,23.98,23.98,23.98
2023-09-03T12:00:00-05:00,23.76,23.76,23.76,23.76
2023-09-03T12:15:00-05:00,26.19,26.19,26.19,26.19
2023-09-03T12:30:00-05:00,31.59,28.72,30.98,29.61
2023-09-03T12:45:00-05:00,38.58,32.97,37.4,34.71
2023-09-03T13:00:00-05:00,55.58,43.33,53.13,47.18
2023-09-03T13:15:00-05:00,31.22,31.04,31.19,31.09
2023-09-03T13:30:00-05:00,46.13,46.13,46.13,46.13
2023-09-03T13:45:00-05:00,70.47,70.47,70.47,70.47
2023-09-03T14:00:00-05:00,46.44,46.44,46.44,46.44
2023-09-03T14:15:00-05:00,48.25,48.25,48.25,48.25
2023-09-03T14:30:00-05:00,57.52,57.52,57.52,57.52
2023-09-03T14:45:00-05:00,46.31,46.31,46.31,46.31
2023-09-03T15:00:00-05:00,49.98,49.98,49.98,49.98
2023-09-03T15:15:00-05:00,33.35,33.35,33.35,33.35
2023-09-03T15:30:00-05:00,29.69,29.69,29.69,29.69
2023-09-03T15:45:00-05:00,28.39,28.39,28.39,28.39
2023-09-03T16:00:00-05:00,27.59,27.59,27.59,27.59
2023-09-03T16:15:00-05:00,27.37,27.37,27.37,27.37
2023-09-03T16:30:00-05:00,31.98,31.98,31.98,31.98
2023-09-03T16:45:00-05:00,27.98,27.98,27.98,27.98
2023-09-03T17:00:00-05:00,28.74,28.85,33.06,28.9
2023-09-03T17:15:00-05:00,28.52,28.76,37.87,28.88
2023-09-03T17:30:00-05:00,27.81,27.96,33.77,28.03
2023-09-03T17:45:00-05:00,26.62,26.74,31.0,26.79
2023-09-03T18:00:00-05:00,26.28,26.36,29.28,26.4
2023-09-03T18:15:00-05:00,26.52,26.64,28.46,26.68
2023-09-03T18:30:00-05:00,27.04,27.25,26.64,27.3
2023-09-03T18:45:00-05:00,27.14,27.44,26.55,27.5
2023-09-03T19:00:00-05:00,28.93,29.53,25.98,29.66
2023-09-03T19:15:00-05:00,27.31,27.79,24.99,27.89
2023-09-03T19:30:00-05:00,26.66,27.29,22.89,27.45
2023-09-03T19:45:00-05:00,26.41,26.11,17.23,41.56
2023-09-03T20:00:00-05:00,26.95,25.99,16.3,52.88
2023-09-03T20:15:00-05:00,24.82,23.99,17.29,40.26
2023-09-03T20:30:00-05:00,25.23,23.03,15.66,35.13
2023-09-03T20:45:00-05:00,24.05,22.11,19.79,33.1
2023-09-03T21:00:00-05:00,25.65,24.64,25.93,28.84
2023-09-03T21:15:00-05:00,23.2,22.74,23.1,22.88
2023-09-03T21:30:00-05:00,23.15,22.27,22.17,22.64
2023-09-03T21:45:00-05:00,22.09,22.07,21.91,22.05
2023-09-03T22:00:00-05:00,21.96,22.0,21.66,22.04
2023-09-03T22:15:00-05:00,21.01,21.01,21.01,21.01
2023-09-03T22:30:00-05:00,20.05,20.13,20.01,22.6
2023-09-03T22:45:00-05:00,19.64,19.41,19.78,20.4
2023-09-03T23:00:00-05:00,20.23,19.3,20.75,23.39
2023-09-03T23:15:00-05:00,20.93,19.88,21.52,24.52
2023-09-03T23:30:00-05:00,19.67,18.64,20.27,23.21
2023-09-03T23:45:00-05:00,19.01,18.0,19.55,22.5
2023-09-04T00:00:00-05:00,18.08,17.08,18.7,21.54
2023-09-04T00:15:00-05:00,17.99,16.95,18.65,21.33
2023-09-04T00:30:00-05:00,17.6,16.29,18.5,19.93
2023-09-04T00:45:00-05:00,16.57,15.13,17.6,18.38
2023-09-04T01:00:00-05:00,16.36,15.24,17.28,18.96
2023-09-04T01:15:00-05:00,15.82,14.06,17.38,16.5
2023-09-04T01:30:00-05:00,14.17,12.49,15.88,14.14
2023-09-04T01:45:00-05:00,13.37,11.74,15.15,11.24
2023-09-04T02:00:00-05:00,13.56,11.92,15.32,11.45
2023-09-04T02:15:00-05:00,12.66,11.15,14.37,10.7
2023-09-04T02:30:00-05:00,12.16,10.74,14.56,9.56
2023-09-04T02:45:00-05:00,10.21,9.8,10.69,1.72
2023-09-04T03:00:00-05:00,9.94,9.41,10.57,2.48
2023-09-04T03:15:00-05:00,4.07,3.56,4.88,1.38
2023-09-04T03:30:00-05:00,6.75,5.95,7.63,3.81
2023-09-04T03:45:00-05:00,2.62,2.1,3.28,0.51
2023-09-04T04:00:00-05:00,10.47,8.38,13.28,8.03
2023-09-04T04:15:00-05:00,7.33,5.99,8.83,8.11
2023-09-04T04:30:00-05:00,5.62,4.49,6.8,6.58
2023-09-04T04:45:00-05:00,8.2,6.39,10.51,7.83
2023-09-04T05:00:00-05:00,7.2,5.92,8.57,8.21
2023-09-04T05:15:00-05:00,6.94,5.71,8.22,8.07
2023-09-04T05:30:00-05:00,8.59,7.4,9.79,10.03
2023-09-04T05:45:00-05:00,9.25,7.83,10.82,10.09
2023-09-04T06:00:00-05:00,10.87,9.48,12.33,12.0
2023-09-04T06:15:00-05:00,12.33,10.95,13.75,13.7
2023-09-04T06:30:00-05:00,13.0,11.71,14.2,14.93
2023-09-04T06:45:00-05:00,13.07,11.76,14.29,15.12
2023-09-04T07:00:00-05:00,12.93,11.95,13.63,15.93
2023-09-04T07:15:00-05:00,13.03,12.13,13.6,16.31
2023-09-04T07:30:00-05:00,12.56,11.67,13.12,15.84
2023-09-04T07:45:00-05:00,12.0,11.16,12.54,15.13
2023-09-04T08:00:00-05:00,12.22,11.37,12.76,15.36
2023-09-04T08:15:00-05:00,11.46,10.99,11.76,13.2
2023-09-04T08:30:00-05:00,2.61,2.44,2.71,3.22
2023-09-04T08:45:00-05:00,0.04,-0.03,0.08,0.29
2023-09-04T09:00:00-05:00,3.83,3.75,3.76,0.16
2023-09-04T09:15:00-05:00,11.06,10.92,10.82,0.31
2023-09-04T09:30:00-05:00,13.52,13.39,13.19,0.08
2023-09-04T09:45:00-05:00,14.19,14.02,13.88,0.06
2023-09-04T10:00:00-05:00,14.47,14.23,12.92,0.05
2023-09-04T10:15:00-05:00,16.98,16.8,15.64,0.11
2023-09-04T10:30:00-05:00,16.98,16.84,16.5,0.12
2023-09-04T10:45:00-05:00,17.29,16.61,17.94,0.34
2023-09-04T11:00:00-05:00,18.24,17.24,19.51,0.48
2023-09-04T11:15:00-05:00,19.3,18.03,21.11,0.67
2023-09-04T11:30:00-05:00,20.6,19.01,23.01,1.29
2023-09-04T11:45:00-05:00,23.44,19.97,29.6,7.57
2023-09-04T12:00:00-05:00,25.76,21.15,34.02,9.38
2023-09-04T12:15:00-05:00,23.94,21.16,28.09,16.56
2023-09-04T12:30:00-05:00,23.15,20.68,26.73,16.6
2023-09-04T12:45:00-05:00,25.4,23.41,28.09,20.29
2023-09-04T13:00:00-05:00,27.28,23.1,33.1,21.73
2023-09-04T13:15:00-05:00,27.4,22.31,34.68,24.03
2023-09-04T13:30:00-05:00,26.78,21.38,34.35,21.61
2023-09-04T13:45:00-05:00,28.18,21.27,38.54,20.31
2023-09-04T14:00:00-05:00,26.83,22.4,32.31,24.44
2023-09-04T14:15:00-05:00,28.02,23.67,33.37,29.74
2023-09-04T14:30:00-05:00,29.75,23.87,37.06,31.04
2023-09-04T14:45:00-05:00,29.45,24.26,34.02,30.16
2023-09-04T15:00:00-05:00,28.99,23.26,34.28,29.11
2023-09-04T15:15:00-05:00,31.27,24.34,38.33,30.78
2023-09-04T15:30:00-05:00,30.36,23.91,36.82,29.94
2023-09-04T15:45:00-05:00,30.0,23.85,36.1,29.56
2023-09-04T16:00:00-05:00,31.02,23.77,41.29,30.09
2023-09-04T16:15:00-05:00,32.79,23.09,44.44,30.46
2023-09-04T16:30:00-05:00,34.19,24.08,48.75,31.78
2023-09-04T16:45:00-05:00,29.74,24.49,35.66,29.86
2023-09-04T17:00:00-05:00,30.17,25.6,37.98,30.79
2023-09-04T17:15:00-05:00,34.1,26.19,43.53,32.96
2023-09-04T17:30:00-05:00,30.72,26.5,33.38,31.52
2023-09-04T17:45:00-05:00,32.54,26.69,37.28,32.49
2023-09-04T18:00:00-05:00,29.48,28.24,26.66,32.3
2023-09-04T18:15:00-05:00,35.49,31.18,36.78,36.73
2023-09-04T18:30:00-05:00,44.91,42.17,42.43,48.12
2023-09-04T18:45:00-05:00,76.1,74.83,65.03,84.3
2023-09-04T19:00:00-05:00,90.64,92.34,61.43,104.54
2023-09-04T19:15:00-05:00,113.7,116.75,78.18,132.15
2023-09-04T19:30:00-05:00,66.64,65.71,54.15,77.45
2023-09-04T19:45:00-05:00,73.79,73.49,57.88,87.44
2023-09-04T20:00:00-05:00,38.04,36.43,32.32,44.68
2023-09-04T20:15:00-05:00,30.86,29.17,27.14,36.2
2023-09-04T20:30:00-05:00,27.84,26.22,24.34,32.79
2023-09-04T20:45:00-05:00,26.46,24.88,23.02,31.29
2023-09-04T21:00:00-05:00,26.87,25.21,23.49,33.46
2023-09-04T21:15:00-05:00,26.49,25.03,23.06,35.3
2023-09-04T21:30:00-05:00,24.7,23.19,21.44,30.29
2023-09-04T21:45:00-05:00,23.91,22.26,21.22,28.23
2023-09-04T22:00:00-05:00,24.01,22.11,22.92,27.42
2023-09-04T22:15:00-05:00,24.58,22.41,23.92,27.14
2023-09-04T22:30:00-05:00,23.19,20.96,22.82,25.33
2023-09-04T22:45:00-05:00,22.25,20.23,21.84,23.8
2023-09-04T23:00:00-05:00,22.6,20.76,22.03,21.95
2023-09-04T23:15:00-05:00,22.49,21.01,21.36,11.17
2023-09-04T23:30:00-05:00,21.34,19.91,20.24,8.97
2023-09-04T23:45:00-05:00,20.35,18.95,19.37,9.4
2023-09-05T00:00:00-05:00,19.04,17.96,18.13,8.82
2023-09-05T00:15:00-05:00,18.23,17.27,17.34,8.42
2023-09-05T00:30:00-05:00,17.28,16.02,16.57,8.33
2023-09-05T00:45:00-05:00,16.74,15.6,15.3,9.37
2023-09-05T01:00:00-05:00,17.61,16.49,16.53,15.2
2023-09-05T01:15:00-05:00,16.67,16.03,14.54,12.93
2023-09-05T01:30:00-05:00,16.54,15.74,14.67,17.24
2023-09-05T01:45:00-05:00,15.55,14.88,13.33,16.34
2023-09-05T02:00:00-05:00,15.2,14.14,14.08,16.65
2023-09-05T02:15:00-05:00,15.12,14.01,14.32,16.53
2023-09-05T02:30:00-05:00,14.85,13.7,14.46,16.09
2023-09-05T02:45:00-05:00,14.85,13.77,14.34,16.03
2023-09-05T03:00:00-05:00,15.79,14.73,15.57,16.81
2023-09-05T03:15:00-05:00,14.76,13.63,14.53,15.98
2023-09-05T03:30:00-05:00,14.46,13.48,14.25,15.07
2023-09-05T03:45:00-05:00,14.47,13.58,14.28,14.79
2023-09-05T04:00:00-05:00,15.22,14.68,15.94,14.5
2023-09-05T04:15:00-05:00,15.6,15.15,16.24,14.46
2023-09-05T04:30:00-05:00,16.14,15.68,16.76,14.97
2023-09-05T04:45:00-05:00,16.24,15.77,16.89,15.09
2023-09-05T05:00:00-05:00,16.85,16.51,17.14,17.02
2023-09-05T05:15:00-05:00,17.26,17.24,17.13,17.24
2023-09-05T05:30:00-05:00,17.78,17.42,17.86,19.01
2023-09-05T05:45:00-05:00,17.86,17.07,18.21,20.6
2023-09-05T06:00:00-05:00,18.94,17.92,19.33,22.45
2023-09-05T06:15:00-05:00,19.59,18.56,19.89,23.14
2023-09-05T06:30:00-05:00,19.72,18.69,20.05,23.28
2023-09-05T06:45:00-05:00,20.15,19.11,20.48,23.73
2023-09-05T07:00:00-05:00,20.4,19.34,20.88,24.07
2023-09-05T07:15:00-05:00,19.81,18.79,20.19,23.39
2023-09-05T07:30:00-05:00,19.86,18.83,20.32,23.42
2023-09-05T07:45:00-05:00,19.43,18.49,19.86,22.68
2023-09-05T08:00:00-05:00,19.0,18.3,19.35,21.44
2023-09-05T08:15:00-05:00,18.13,17.57,18.48,20.12
2023-09-05T08:30:00-05:00,16.73,16.71,16.69,16.76
2023-09-05T08:45:00-05:00,15.51,15.48,15.07,15.47
2023-09-05T09:00:00-05:00,15.63,15.44,13.94,3.14
2023-09-05T09:15:00-05:00,17.01,16.85,14.71,0.52
2023-09-05T09:30:00-05:00,17.41,17.16,14.65,0.36
2023-09-05T09:45:00-05:00,18.1,17.64,15.5,0.34
2023-09-05T10:00:00-05:00,20.21,18.85,15.12,0.77
2023-09-05T10:15:00-05:00,21.8,20.26,16.22,1.57
2023-09-05T10:30:00-05:00,21.76,21.06,19.6,18.9
2023-09-05T10:45:00-05:00,24.79,22.74,19.89,25.34
2023-09-05T11:00:00-05:00,25.09,23.42,21.31,26.22
2023-09-05T11:15:00-05:00,27.06,26.37,24.66,27.34
2023-09-05T11:30:00-05:00,36.59,36.6,33.27,36.51
2023-09-05T11:45:00-05:00,27.96,27.91,26.96,27.89
2023-09-05T12:00:00-05:00,28.62,28.62,28.62,28.62
2023-09-05T12:15:00-05:00,63.73,63.73,63.73,63.73
2023-09-05T12:30:00-05:00,42.83,42.83,42.83,42.83
2023-09-05T12:45:00-05:00,32.77,32.76,32.71,32.75
2023-09-05T13:00:00-05:00,39.66,73.29,41.23,47.71
2023-09-05T13:15:00-05:00,48.2,95.84,60.77,74.7
2023-09-05T13:30:00-05:00,88.12,133.37,123.18,138.8
2023-09-05T13:45:00-05:00,62.01,94.07,81.11,92.61
2023-09-05T14:00:00-05:00,59.2,109.44,64.55,92.08
2023-09-05T14:15:00-05:00,36.4,50.29,33.14,43.93
2023-09-05T14:30:00-05:00,72.47,91.97,69.05,100.34
2023-09-05T14:45:00-05:00,84.82,110.6,80.04,121.72
2023-09-05T15:00:00-05:00,64.36,99.27,79.63,111.91
2023-09-05T15:15:00-05:00,99.57,162.66,118.9,179.74
2023-09-05T15:30:00-05:00,88.78,146.66,154.29,150.83
2023-09-05T15:45:00-05:00,136.35,210.37,169.08,207.49
2023-09-05T16:00:00-05:00,143.89,210.18,198.39,216.95
2023-09-05T16:15:00-05:00,143.13,217.35,205.18,217.72
2023-09-05T16:30:00-05:00,183.83,263.63,191.21,280.35
2023-09-05T16:45:00-05:00,1560.83,1740.46,905.32,1786.16
2023-09-05T17:00:00-05:00,823.22,934.92,514.49,965.75
2023-09-05T17:15:00-05:00,169.75,224.38,178.06,244.98
2023-09-05T17:30:00-05:00,142.28,193.19,166.82,213.01
2023-09-05T17:45:00-05:00,128.26,176.55,148.24,196.49
2023-09-05T18:00:00-05:00,144.43,196.45,140.23,216.76
2023-09-05T18:15:00-05:00,265.55,329.24,184.91,351.58
2023-09-05T18:30:00-05:00,1305.16,1471.52,718.33,1514.75
2023-09-05T18:45:00-05:00,1516.85,1703.46,877.35,1751.05
2023-09-05T19:00:00-05:00,1950.18,2172.19,1080.3,2228.84
2023-09-05T19:15:00-05:00,2109.62,2346.31,1229.47,2408.27
2023-09-05T19:30:00-05:00,483.84,584.67,368.31,616.71
2023-09-05T19:45:00-05:00,1150.59,1299.99,720.47,1345.61
2023-09-05T20:00:00-05:00,349.65,429.29,271.8,456.69
2023-09-05T20:15:00-05:00,96.57,117.56,107.18,127.07
2023-09-05T20:30:00-05:00,70.44,74.86,70.16,76.98
2023-09-05T20:45:00-05:00,60.86,60.96,60.15,61.06
2023-09-05T21:00:00-05:00,72.55,73.11,70.47,73.48
2023-09-05T21:15:00-05:00,68.59,68.64,68.31,68.67
2023-09-05T21:30:00-05:00,41.36,40.37,42.11,60.87
2023-09-05T21:45:00-05:00,35.89,34.25,37.27,66.82
2023-09-05T22:00:00-05:00,40.06,39.54,40.33,49.86
2023-09-05T22:15:00-05:00,68.04,67.93,67.57,69.42
2023-09-05T22:30:00-05:00,35.23,35.22,35.09,35.24
2023-09-05T22:45:00-05:00,28.5,28.39,28.58,30.54
2023-09-05T23:00:00-05:00,28.83,28.8,28.87,29.62
2023-09-05T23:15:00-05:00,31.04,31.04,31.04,31.04
2023-09-05T23:30:00-05:00,26.19,26.19,26.19,26.19
2023-09-05T23:45:00-05:00,25.99,25.99,25.99,25.99
2023-09-06T00:00:00-05:00,24.82,24.82,24.82,24.82
2023-09-06T00:15:00-05:00,24.93,24.93,24.93,24.93
2023-09-06T00:30:00-05:00,26.53,26.53,26.53,26.53
2023-09-06T00:45:00-05:00,25.39,25.39,25.39,25.39
2023-09-06T01:00:00-05:00,25.75,25.75,25.75,25.75
2023-09-06T01:15:00-05:00,25.28,25.28,25.28,25.28
2023-09-06T01:30:00-05:00,24.52,24.52,24.52,24.52
2023-09-06T01:45:00-05:00,24.65,24.65,24.65,24.65
2023-09-06T02:00:00-05:00,24.58,24.58,24.58,24.58
2023-09-06T02:15:00-05:00,24.68,24.68,24.68,24.68
2023-09-06T02:30:00-05:00,24.82,24.82,24.82,24.82
2023-09-06T02:45:00-05:00,25.2,25.2,25.2,25.2
2023-09-06T03:00:00-05:00,25.88,25.88,25.88,25.88
2023-09-06T03:15:00-05:00,26.52,26.52,26.52,26.52
2023-09-06T03:30:00-05:00,25.57,25.57,25.57,25.57
2023-09-06T03:45:00-05:00,25.72,25.72,25.72,25.72
2023-09-06T04:00:00-05:00,26.32,26.32,26.32,26.32
2023-09-06T04:15:00-05:00,27.73,27.73,27.73,27.73
2023-09-06T04:30:00-05:00,26.76,26.76,26.76,26.76
2023-09-06T04:45:00-05:00,26.97,26.97,26.97,26.97
2023-09-06T05:00:00-05:00,35.4,35.4,35.4,35.4
2023-09-06T05:15:00-05:00,34.78,34.78,34.78,34.78
2023-09-06T05:30:00-05:00,27.64,27.64,27.64,27.64
2023-09-06T05:45:00-05:00,28.45,28.45,28.45,28.45
2023-09-06T06:00:00-05:00,31.47,31.47,31.47,31.47
2023-09-06T06:15:00-05:00,35.71,35.71,35.71,35.71
2023-09-06T06:30:00-05:00,29.77,29.77,29.77,29.77
2023-09-06T06:45:00-05:00,27.39,27.39,27.39,27.39
2023-09-06T07:00:00-05:00,26.2,26.2,26.2,26.2
2023-09-06T07:15:00-05:00,25.39,25.39,25.39,25.39
2023-09-06T07:30:00-05:00,26.08,26.08,26.08,26.08
2023-09-06T07:45:00-05:00,26.33,26.33,26.33,26.33
2023-09-06T08:00:00-05:00,27.03,27.03,27.03,27.03
2023-09-06T08:15:00-05:00,25.08,25.08,25.08,25.08
2023-09-06T08:30:00-05:00,23.58,23.58,23.58,23.58
2023-09-06T08:45:00-05:00,22.36,22.36,22.36,22.36
2023-09-06T09:00:00-05:00,22.06,22.06,22.06,22.06
2023-09-06T09:15:00-05:00,22.29,22.29,22.29,22.29
2023-09-06T09:30:00-05:00,23.82,23.82,23.82,23.82
2023-09-06T09:45:00-05:00,25.64,25.64,25.64,25.64
2023-09-06T10:00:00-05:00,25.28,25.28,25.28,25.28
2023-09-06T10:15:00-05:00,26.61,26.61,26.61,26.61
2023-09-06T10:30:00-05:00,26.66,26.66,26.66,26.66
2023-09-06T10:45:00-05:00,31.19,31.19,31.19,31.19
2023-09-06T11:00:00-05:00,34.11,34.12,34.08,34.12
2023-09-06T11:15:00-05:00,53.01,53.05,52.86,53.07
2023-09-06T11:30:00-05:00,60.51,60.55,60.31,60.58
2023-09-06T11:45:00-05:00,85.97,97.07,86.26,88.62
2023-09-06T12:00:00-05:00,50.46,62.91,51.04,53.35
2023-09-06T12:15:00-05:00,77.47,111.55,79.38,85.55
2023-09-06T12:30:00-05:00,82.32,117.09,84.4,90.53
2023-09-06T12:45:00-05:00,301.89,314.1,302.62,304.78
2023-09-06T13:00:00-05:00,76.5,76.5,76.5,76.5
2023-09-06T13:15:00-05:00,137.32,137.32,137.32,137.32
2023-09-06T13:30:00-05:00,563.87,585.34,565.22,569.2
2023-09-06T13:45:00-05:00,1071.56,1099.4,1084.71,1049.43
2023-09-06T14:00:00-05:00,390.12,429.96,419.89,411.76
2023-09-06T14:15:00-05:00,114.21,141.8,136.05,130.32
2023-09-06T14:30:00-05:00,122.4,129.0,149.88,136.58
2023-09-06T14:45:00-05:00,1537.75,1537.84,1538.11,1537.94
2023-09-06T15:00:00-05:00,1673.31,1673.31,1673.31,1673.31
2023-09-06T15:15:00-05:00,3779.95,3772.71,3765.1,3771.75
2023-09-06T15:30:00-05:00,3725.33,3709.62,3701.41,3709.48
2023-09-06T15:45:00-05:00,5013.51,4997.65,4989.62,4997.48
2023-09-06T16:00:00-05:00,5013.51,4997.71,4989.59,4997.55
2023-09-06T16:15:00-05:00,4987.27,4981.38,4977.01,4983.17
2023-09-06T16:30:00-05:00,2099.57,2093.45,2102.9,2094.19
2023-09-06T16:45:00-05:00,3498.4,3511.23,3496.59,3512.69
2023-09-06T17:00:00-05:00,1250.96,1268.89,1247.53,1271.06
2023-09-06T17:15:00-05:00,692.85,708.42,642.29,708.45
2023-09-06T17:30:00-05:00,1090.92,1157.37,656.63,1167.7
2023-09-06T17:45:00-05:00,381.88,418.42,223.81,424.92
2023-09-06T18:00:00-05:00,690.78,757.87,353.08,769.84
2023-09-06T18:15:00-05:00,2134.15,2310.2,1087.53,2341.56
2023-09-06T18:30:00-05:00,2653.29,2839.63,1424.02,2876.5
2023-09-06T18:45:00-05:00,3984.79,4199.41,2340.36,4247.36
2023-09-06T19:00:00-05:00,5049.78,5189.4,3184.76,5217.56
2023-09-06T19:15:00-05:00,5147.61,5212.51,3684.29,5225.03
2023-09-06T19:30:00-05:00,5140.09,5299.86,3328.63,5339.52
2023-09-06T19:45:00-05:00,5117.23,5228.55,3827.7,5261.63
2023-09-06T20:00:00-05:00,4551.54,4693.27,3474.46,4744.39
2023-09-06T20:15:00-05:00,1206.11,1210.52,1194.19,1212.18
2023-09-06T20:30:00-05:00,126.89,127.7,121.05,128.35
2023-09-06T20:45:00-05:00,72.3,72.67,69.82,72.94
2023-09-06T21:00:00-05:00,76.18,76.52,75.07,77.49
2023-09-06T21:15:00-05:00,85.08,85.55,83.48,87.73
2023-09-06T21:30:00-05:00,67.1,67.05,66.7,68.49
2023-09-06T21:45:00-05:00,46.81,46.76,46.47,47.95
2023-09-06T22:00:00-05:00,101.44,101.51,100.95,102.4
2023-09-06T22:15:00-05:00,71.08,71.1,71.1,71.12
2023-09-06T22:30:00-05:00,70.05,70.14,69.74,70.21
2023-09-06T22:45:00-05:00,41.59,41.68,41.27,41.74
2023-09-06T23:00:00-05:00,38.35,38.36,38.33,38.37
2023-09-06T23:15:00-05:00,29.38,29.38,29.39,29.38
2023-09-06T23:30:00-05:00,27.14,27.14,27.14,27.14
2023-09-06T23:45:00-05:00,26.09,26.09,26.09,26.09
2023-09-07T00:00:00-05:00,27.54,27.54,27.54,27.54
2023-09-07T00:15:00-05:00,26.34,26.34,26.34,26.34
2023-09-07T00:30:00-05:00,25.47,25.47,25.47,25.47
2023-09-07T00:45:00-05:00,24.12,24.12,24.12,24.12
2023-09-07T01:00:00-05:00,23.34,23.34,23.34,23.34
2023-09-07T01:15:00-05:00,21.78,21.78,21.78,21.78
2023-09-07T01:30:00-05:00,21.39,21.39,21.39,21.39
2023-09-07T01:45:00-05:00,20.81,20.81,20.81,20.81
2023-09-07T02:00:00-05:00,20.56,20.56,20.56,20.56
2023-09-07T02:15:00-05:00,20.17,20.17,20.17,20.17
2023-09-07T02:30:00-05:00,19.87,19.87,19.87,19.87
2023-09-07T02:45:00-05:00,19.27,19.27,19.27,19.27
2023-09-07T03:00:00-05:00,19.07,19.07,19.07,19.07
2023-09-07T03:15:00-05:00,18.83,18.83,18.83,18.83
2023-09-07T03:30:00-05:00,18.69,18.69,18.69,18.69
2023-09-07T03:45:00-05:00,18.61,18.61,18.61,18.61
2023-09-07T04:00:00-05:00,18.55,18.55,18.55,18.55
2023-09-07T04:15:00-05:00,18.74,18.74,18.74,18.74
2023-09-07T04:30:00-05:00,18.75,18.75,18.75,18.75
2023-09-07T04:45:00-05:00,19.15,19.15,19.15,19.15
2023-09-07T05:00:00-05:00,19.74,19.74,19.74,19.74
2023-09-07T05:15:00-05:00,19.8,19.8,19.8,19.8
2023-09-07T05:30:00-05:00,20.22,20.22,20.22,20.22
2023-09-07T05:45:00-05:00,20.49,20.49,20.49,20.49
2023-09-07T06:00:00-05:00,21.59,21.59,21.59,21.59
2023-09-07T06:15:00-05:00,22.36,22.36,22.36,22.36
2023-09-07T06:30:00-05:00,22.71,22.71,22.71,22.71
2023-09-07T06:45:00-05:00,22.33,22.33,22.33,22.33
2023-09-07T07:00:00-05:00,22.26,22.26,22.26,22.26
2023-09-07T07:15:00-05:00,22.17,22.17,22.17,22.17
2023-09-07T07:30:00-05:00,22.16,22.16,22.16,22.16
2023-09-07T07:45:00-05:00,21.78,21.78,21.78,21.78
2023-09-07T08:00:00-05:00,20.95,20.95,20.95,20.95
2023-09-07T08:15:00-05:00,20.33,20.33,20.33,20.33
2023-09-07T08:30:00-05:00,20.24,20.24,20.24,20.24
2023-09-07T08:45:00-05:00,20.37,20.37,20.37,20.37
2023-09-07T09:00:00-05:00,21.73,21.73,21.73,21.73
2023-09-07T09:15:00-05:00,22.05,21.9,22.67,21.69
2023-09-07T09:30:00-05:00,21.94,21.48,23.01,20.82
2023-09-07T09:45:00-05:00,22.83,22.32,23.36,21.57
2023-09-07T10:00:00-05:00,22.87,22.42,23.04,21.76
2023-09-07T10:15:00-05:00,23.59,23.12,23.77,22.42
2023-09-07T10:30:00-05:00,24.45,23.95,24.65,23.2
2023-09-07T10:45:00-05:00,25.8,25.24,26.02,24.42
2023-09-07T11:00:00-05:00,25.51,24.98,25.72,24.2
2023-09-07T11:15:00-05:00,26.49,25.92,26.71,25.09
2023-09-07T11:30:00-05:00,28.65,27.98,28.9,26.98
2023-09-07T11:45:00-05:00,29.77,29.01,30.05,27.89
2023-09-07T12:00:00-05:00,43.78,54.13,45.59,44.99
2023-09-07T12:15:00-05:00,46.04,65.55,48.54,49.37
2023-09-07T12:30:00-05:00,29.5,28.44,30.21,27.38
2023-09-07T12:45:00-05:00,43.51,37.38,51.14,36.55
2023-09-07T13:00:00-05:00,45.62,41.68,49.27,42.22
2023-09-07T13:15:00-05:00,63.68,62.99,64.15,65.65
2023-09-07T13:30:00-05:00,74.63,74.62,74.63,74.64
2023-09-07T13:45:00-05:00,79.17,85.38,78.55,78.12
2023-09-07T14:00:00-05:00,61.25,55.82,71.0,51.73
2023-09-07T14:15:00-05:00,72.64,73.42,76.77,67.74
2023-09-07T14:30:00-05:00,75.55,75.86,75.51,75.31
2023-09-07T14:45:00-05:00,75.42,92.17,71.2,57.81
2023-09-07T15:00:00-05:00,76.51,89.64,72.25,65.22
2023-09-07T15:15:00-05:00,440.21,601.37,398.47,274.79
2023-09-07T15:30:00-05:00,365.7,577.0,330.97,170.66
2023-09-07T15:45:00-05:00,105.07,122.43,101.22,89.53
2023-09-07T16:00:00-05:00,85.03,85.66,84.98,85.88
2023-09-07T16:15:00-05:00,1091.59,1302.27,1061.89,902.57
2023-09-07T16:30:00-05:00,2450.15,2709.79,2409.23,2215.4
2023-09-07T16:45:00-05:00,1305.37,1500.19,1317.48,1135.15
2023-09-07T17:00:00-05:00,114.44,156.01,131.55,82.46
2023-09-07T17:15:00-05:00,166.21,225.64,156.26,110.84
2023-09-07T17:30:00-05:00,103.61,124.54,143.11,96.74
2023-09-07T17:45:00-05:00,1525.56,1543.21,1579.49,1538.41
2023-09-07T18:00:00-05:00,256.96,278.95,266.36,264.58
2023-09-07T18:15:00-05:00,425.6,465.36,248.62,473.41
2023-09-07T18:30:00-05:00,2225.95,2374.68,1274.71,2407.26
2023-09-07T18:45:00-05:00,4117.15,4380.95,2525.57,4440.94
2023-09-07T19:00:00-05:00,4006.38,4229.53,2223.46,4289.71
2023-09-07T19:15:00-05:00,4804.9,5002.52,2804.29,5057.9
2023-09-07T19:30:00-05:00,4219.08,4423.67,2416.66,4481.52
2023-09-07T19:45:00-05:00,1600.19,1703.02,1026.8,1739.07
2023-09-07T20:00:00-05:00,372.76,394.4,284.97,405.96
2023-09-07T20:15:00-05:00,104.13,107.22,89.37,117.55
2023-09-07T20:30:00-05:00,65.92,65.67,63.99,70.75
2023-09-07T20:45:00-05:00,44.53,42.68,44.96,52.67
2023-09-07T21:00:00-05:00,64.42,61.37,65.91,77.1
2023-09-07T21:15:00-05:00,50.15,48.99,49.21,58.09
2023-09-07T21:30:00-05:00,31.6,29.9,32.43,38.12
2023-09-07T21:45:00-05:00,27.92,26.21,28.82,34.74
2023-09-07T22:00:00-05:00,29.06,27.51,29.7,34.69
2023-09-07T22:15:00-05:00,28.75,27.21,29.43,34.37
2023-09-07T22:30:00-05:00,26.95,25.41,27.82,32.29
2023-09-07T22:45:00-05:00,25.21,23.7,26.16,30.35
2023-09-07T23:00:00-05:00,24.81,23.31,25.75,29.97
2023-09-07T23:15:00-05:00,23.26,21.8,24.18,28.32
2023-09-07T23:30:00-05:00,22.38,21.02,23.23,27.11
2023-09-07T23:45:00-05:00,21.75,20.53,22.52,26.03
2023-09-08T00:00:00-05:00,21.79,20.56,22.56,26.15
2023-09-08T00:15:00-05:00,21.1,19.97,21.81,25.16
2023-09-08T00:30:00-05:00,20.34,19.23,21.04,24.38
2023-09-08T00:45:00-05:00,19.78,18.68,20.46,23.78
2023-09-08T01:00:00-05:00,19.24,18.16,19.93,23.22
2023-09-08T01:15:00-05:00,18.45,17.38,19.12,22.36
2023-09-08T01:30:00-05:00,17.21,16.16,17.86,21.03
2023-09-08T01:45:00-05:00,16.43,15.41,17.07,20.19
2023-09-08T02:00:00-05:00,15.94,14.92,16.57,19.68
2023-09-08T02:15:00-05:00,15.53,14.37,16.26,19.83
2023-09-08T02:30:00-05:00,14.62,13.47,15.33,18.87
2023-09-08T02:45:00-05:00,14.33,13.11,15.08,18.85
2023-09-08T03:00:00-05:00,14.61,13.39,15.37,19.17
2023-09-08T03:15:00-05:00,14.18,12.97,14.93,18.71
2023-09-08T03:30:00-05:00,13.77,12.57,14.52,18.26
2023-09-08T03:45:00-05:00,14.73,13.51,15.49,19.31
2023-09-08T04:00:00-05:00,14.83,13.6,15.59,19.41
2023-09-08T04:15:00-05:00,14.73,13.51,15.49,19.31
2023-09-08T04:30:00-05:00,14.59,13.36,15.34,19.15
2023-09-08T04:45:00-05:00,14.69,13.7,15.3,18.39
2023-09-08T05:00:00-05:00,15.46,14.45,16.08,19.21
2023-09-08T05:15:00-05:00,16.54,15.51,17.18,20.37
2023-09-08T05:30:00-05:00,16.52,15.53,17.14,20.22
2023-09-08T05:45:00-05:00,16.89,15.89,17.51,20.59
2023-09-08T06:00:00-05:00,17.52,16.51,18.15,21.27
2023-09-08T06:15:00-05:00,17.7,16.81,18.25,21.0
2023-09-08T06:30:00-05:00,18.77,17.86,19.33,22.12
2023-09-08T06:45:00-05:00,19.36,18.31,20.01,23.24
2023-09-08T07:00:00-05:00,19.52,18.47,20.17,23.41
2023-09-08T07:15:00-05:00,18.96,17.92,19.61,22.79
2023-09-08T07:30:00-05:00,18.52,17.49,19.16,22.33
2023-09-08T07:45:00-05:00,18.04,17.05,18.65,21.69
2023-09-08T08:00:00-05:00,17.4,16.6,17.9,20.36
2023-09-08T08:15:00-05:00,17.44,16.72,18.74,19.22
2023-09-08T08:30:00-05:00,17.63,17.01,18.32,19.62
2023-09-08T08:45:00-05:00,18.58,18.57,18.58,18.61
2023-09-08T09:00:00-05:00,18.8,18.8,18.8,18.8
2023-09-08T09:15:00-05:00,18.63,18.63,18.63,18.63
2023-09-08T09:30:00-05:00,19.85,19.43,20.11,21.34
2023-09-08T09:45:00-05:00,19.85,18.58,21.86,20.44
2023-09-08T10:00:00-05:00,21.02,20.32,21.52,23.33
2023-09-08T10:15:00-05:00,22.15,21.45,22.59,24.66
2023-09-08T10:30:00-05:00,23.49,22.76,23.95,26.11
2023-09-08T10:45:00-05:00,25.27,24.48,25.76,28.04
2023-09-08T11:00:00-05:00,26.24,25.43,26.75,29.09
2023-09-08T11:15:00-05:00,26.85,26.02,27.36,29.76
2023-09-08T11:30:00-05:00,26.95,26.13,27.47,29.86
2023-09-08T11:45:00-05:00,36.32,35.24,36.98,40.15
2023-09-08T12:00:00-05:00,50.51,26.28,93.05,40.73
2023-09-08T12:15:00-05:00,39.32,30.73,63.74,36.42
2023-09-08T12:30:00-05:00,50.96,34.33,85.34,44.93
2023-09-08T12:45:00-05:00,69.4,33.0,125.34,55.16
2023-09-08T13:00:00-05:00,49.41,45.5,72.82,49.12
2023-09-08T13:15:00-05:00,88.23,74.55,153.02,80.71
2023-09-08T13:30:00-05:00,95.71,55.07,162.78,80.81
2023-09-08T13:45:00-05:00,148.89,104.92,221.07,131.51
2023-09-08T14:00:00-05:00,147.04,145.44,205.42,83.26
2023-09-08T14:15:00-05:00,446.52,532.08,480.33,298.58
2023-09-08T14:30:00-05:00,114.2,84.51,186.24,85.73
2023-09-08T14:45:00-05:00,132.34,96.27,210.47,116.05
2023-09-08T15:00:00-05:00,97.41,60.24,177.39,79.66
2023-09-08T15:15:00-05:00,160.66,125.91,246.64,145.78
2023-09-08T15:30:00-05:00,2010.16,1982.59,2106.7,2004.17
2023-09-08T15:45:00-05:00,437.91,418.19,505.63,433.29
2023-09-08T16:00:00-05:00,4576.51,4557.02,4659.83,4575.36
2023-09-08T16:15:00-05:00,4954.19,5012.99,5041.42,4873.89
2023-09-08T16:30:00-05:00,2557.27,2864.87,2544.49,2251.96
2023-09-08T16:45:00-05:00,2060.79,2377.64,2078.19,1780.45
2023-09-08T17:00:00-05:00,814.29,1037.71,873.85,632.9
2023-09-08T17:15:00-05:00,1380.96,1415.7,1506.14,1398.66
2023-09-08T17:30:00-05:00,3584.73,3614.37,3682.83,3610.88
2023-09-08T17:45:00-05:00,2650.41,2680.1,2749.68,2676.73
2023-09-08T18:00:00-05:00,386.47,416.18,492.14,412.79
2023-09-08T18:15:00-05:00,1086.17,1106.25,1147.54,1106.89
2023-09-08T18:30:00-05:00,3291.52,3315.2,3292.08,3319.92
2023-09-08T18:45:00-05:00,3241.71,3371.44,2667.62,3392.3
2023-09-08T19:00:00-05:00,972.67,1046.46,685.69,1082.61
2023-09-08T19:15:00-05:00,409.59,445.03,299.49,514.08
2023-09-08T19:30:00-05:00,357.04,390.61,253.42,466.91
2023-09-08T19:45:00-05:00,195.4,211.4,144.19,277.95
2023-09-08T20:00:00-05:00,105.31,106.28,80.95,150.09
2023-09-08T20:15:00-05:00,57.9,56.93,44.56,79.7
2023-09-08T20:30:00-05:00,34.93,34.27,24.09,51.11
2023-09-08T20:45:00-05:00,28.92,30.27,18.37,32.36
2023-09-08T21:00:00-05:00,33.15,34.24,25.25,35.37
2023-09-08T21:15:00-05:00,26.88,25.95,23.0,39.6
2023-09-08T21:30:00-05:00,26.45,26.86,21.86,29.52
2023-09-08T21:45:00-05:00,25.96,26.51,21.98,27.12
2023-09-08T22:00:00-05:00,27.86,28.3,24.74,28.76
2023-09-08T22:15:00-05:00,27.51,27.87,24.94,28.25
2023-09-08T22:30:00-05:00,26.21,26.45,24.51,26.7
2023-09-08T22:45:00-05:00,24.79,24.89,24.11,24.99
2023-09-08T23:00:00-05:00,24.06,24.06,24.06,24.06
2023-09-08T23:15:00-05:00,23.24,23.24,23.24,23.24
2023-09-08T23:30:00-05:00,22.49,22.49,22.49,22.49
2023-09-08T23:45:00-05:00,21.67,21.67,21.67,21.67
2023-09-09T00:00:00-05:00,22.31,22.31,22.31,22.31
2023-09-09T00:15:00-05:00,23.28,23.28,23.28,23.28
2023-09-09T00:30:00-05:00,23.18,23.17,23.2,25.3
2023-09-09T00:45:00-05:00,23.27,23.31,23.31,29.35
2023-09-09T01:00:00-05:00,23.62,23.67,23.62,27.53
2023-09-09T01:15:00-05:00,22.73,22.82,22.69,25.55
2023-09-09T01:30:00-05:00,22.34,22.47,22.27,26.65
2023-09-09T01:45:00-05:00,22.47,22.61,22.4,26.81
2023-09-09T02:00:00-05:00,23.02,23.16,22.95,27.45
2023-09-09T02:15:00-05:00,23.28,23.42,23.21,27.76
2023-09-09T02:30:00-05:00,23.78,23.88,23.73,26.91
2023-09-09T02:45:00-05:00,23.12,23.12,23.12,23.12
2023-09-09T03:00:00-05:00,22.54,22.54,22.54,22.54
2023-09-09T03:15:00-05:00,22.08,22.08,22.08,22.08
2023-09-09T03:30:00-05:00,22.32,22.32,22.32,22.32
2023-09-09T03:45:00-05:00,23.62,23.62,23.62,23.62
2023-09-09T04:00:00-05:00,23.54,23.54,23.54,23.54
2023-09-09T04:15:00-05:00,23.12,23.12,23.12,23.12
2023-09-09T04:30:00-05:00,22.76,22.76,22.76,22.76
2023-09-09T04:45:00-05:00,22.26,23.09,21.22,29.02
2023-09-09T05:00:00-05:00,22.16,23.01,21.1,29.04
2023-09-09T05:15:00-05:00,22.07,22.37,21.7,24.49
2023-09-09T05:30:00-05:00,21.96,21.96,21.96,21.96
2023-09-09T05:45:00-05:00,21.42,21.42,21.42,21.42
2023-09-09T06:00:00-05:00,22.16,21.6,22.62,26.13
2023-09-09T06:15:00-05:00,22.4,19.31,24.95,44.25
2023-09-09T06:30:00-05:00,25.88,19.33,31.29,72.34
2023-09-09T06:45:00-05:00,25.71,16.59,33.27,90.3
2023-09-09T07:00:00-05:00,23.76,15.2,30.46,88.03
2023-09-09T07:15:00-05:00,24.14,16.78,29.05,95.69
2023-09-09T07:30:00-05:00,22.5,18.04,27.0,67.51
2023-09-09T07:45:00-05:00,21.98,20.56,24.83,42.03
2023-09-09T08:00:00-05:00,21.23,21.17,21.41,22.36
2023-09-09T08:15:00-05:00,20.88,20.88,20.88,20.88
2023-09-09T08:30:00-05:00,20.49,20.49,20.49,20.49
2023-09-09T08:45:00-05:00,19.92,19.92,19.92,19.92
2023-09-09T09:00:00-05:00,20.0,20.0,20.0,20.0
2023-09-09T09:15:00-05:00,20.18,20.18,20.18,20.18
2023-09-09T09:30:00-05:00,20.31,20.31,20.31,20.31
2023-09-09T09:45:00-05:00,22.74,22.74,22.74,22.74
2023-09-09T10:00:00-05:00,22.58,22.58,22.58,22.58
2023-09-09T10:15:00-05:00,22.32,22.32,22.32,22.32
2023-09-09T10:30:00-05:00,22.41,22.41,22.41,22.41
2023-09-09T10:45:00-05:00,23.65,23.65,23.65,23.65
2023-09-09T11:00:00-05:00,23.82,23.82,23.82,23.82
2023-09-09T11:15:00-05:00,25.08,25.08,25.08,25.08
2023-09-09T11:30:00-05:00,25.11,25.11,25.11,25.11
2023-09-09T11:45:00-05:00,25.48,25.48,25.48,25.48
2023-09-09T12:00:00-05:00,24.7,24.7,24.7,24.7
2023-09-09T12:15:00-05:00,25.9,25.9,25.9,25.9
2023-09-09T12:30:00-05:00,27.28,27.28,27.28,27.28
2023-09-09T12:45:00-05:00,28.01,28.01,28.01,28.01
2023-09-09T13:00:00-05:00,44.92,44.92,44.92,44.92
2023-09-09T13:15:00-05:00,27.93,27.93,27.93,27.93
2023-09-09T13:30:00-05:00,27.98,27.98,27.98,27.98
2023-09-09T13:45:00-05:00,33.91,33.76,34.15,33.83
2023-09-09T14:00:00-05:00,40.14,37.86,43.8,38.89
2023-09-09T14:15:00-05:00,60.55,46.88,82.6,53.04
2023-09-09T14:30:00-05:00,57.51,42.19,82.37,49.08
2023-09-09T14:45:00-05:00,46.91,36.05,64.58,40.93
2023-09-09T15:00:00-05:00,47.05,38.99,60.19,42.62
2023-09-09T15:15:00-05:00,77.01,46.02,127.97,59.93
2023-09-09T15:30:00-05:00,74.89,39.58,133.09,55.43
2023-09-09T15:45:00-05:00,81.9,40.91,149.6,59.31
2023-09-09T16:00:00-05:00,96.45,62.75,178.09,83.38
2023-09-09T16:15:00-05:00,98.39,61.05,176.5,80.91
2023-09-09T16:30:00-05:00,107.39,70.28,185.64,90.27
2023-09-09T16:45:00-05:00,103.6,66.37,181.49,86.27
2023-09-09T17:00:00-05:00,85.4,47.24,181.82,66.97
2023-09-09T17:15:00-05:00,75.82,36.92,173.15,56.86
2023-09-09T17:30:00-05:00,74.15,35.8,173.09,56.59
2023-09-09T17:45:00-05:00,63.12,26.53,139.36,46.44
2023-09-09T18:00:00-05:00,42.35,28.48,65.86,34.97
2023-09-09T18:15:00-05:00,46.77,35.3,66.07,40.45
2023-09-09T18:30:00-05:00,50.18,36.05,74.04,43.57
2023-09-09T18:45:00-05:00,58.59,53.83,65.96,60.82
2023-09-09T19:00:00-05:00,42.33,39.37,44.7,57.32
2023-09-09T19:15:00-05:00,53.57,32.56,71.95,192.25
2023-09-09T19:30:00-05:00,54.98,30.1,77.42,221.77
2023-09-09T19:45:00-05:00,54.62,29.64,76.85,222.19
2023-09-09T20:00:00-05:00,43.72,27.03,58.4,155.46
2023-09-09T20:15:00-05:00,31.55,24.0,38.2,82.91
2023-09-09T20:30:00-05:00,34.99,21.93,46.49,123.75
2023-09-09T20:45:00-05:00,26.93,20.92,32.21,67.92
2023-09-09T21:00:00-05:00,27.44,21.85,32.34,65.63
2023-09-09T21:15:00-05:00,32.08,24.87,38.39,81.15
2023-09-09T21:30:00-05:00,30.77,21.19,39.09,95.71
2023-09-09T21:45:00-05:00,26.71,22.35,30.49,56.67
2023-09-09T22:00:00-05:00,26.66,23.39,29.49,49.21
2023-09-09T22:15:00-05:00,25.68,22.73,28.24,45.88
2023-09-09T22:30:00-05:00,23.13,22.39,23.78,28.23
2023-09-09T22:45:00-05:00,23.56,21.29,25.52,39.26
2023-09-09T23:00:00-05:00,24.34,21.58,26.69,42.74
2023-09-09T23:15:00-05:00,23.28,21.57,24.67,32.71
2023-09-09T23:30:00-05:00,21.75,21.71,21.78,21.94
2023-09-09T23:45:00-05:00,21.92,21.92,21.92,21.92
2023-09-10T00:00:00-05:00,22.52,22.52,22.52,22.52
2023-09-10T00:15:00-05:00,23.51,23.51,23.51,23.51
2023-09-10T00:30:00-05:00,22.67,22.67,22.67,22.67
2023-09-10T00:45:00-05:00,21.6,21.6,21.6,21.6
2023-09-10T01:00:00-05:00,22.4,22.4,22.4,22.4
2023-09-10T01:15:00-05:00,22.23,22.23,22.23,22.23
2023-09-10T01:30:00-05:00,21.5,21.5,21.5,21.5
2023-09-10T01:45:00-05:00,21.62,21.62,21.62,21.62
2023-09-10T02:00:00-05:00,21.29,21.29,21.29,21.29
2023-09-10T02:15:00-05:00,21.26,21.13,21.36,22.14
2023-09-10T02:30:00-05:00,22.49,18.69,25.71,49.8
2023-09-10T02:45:00-05:00,22.51,16.01,28.02,69.3
2023-09-10T03:00:00-05:00,21.97,15.7,27.26,66.89
2023-09-10T03:15:00-05:00,22.26,15.42,28.04,71.58
2023-09-10T03:30:00-05:00,21.68,15.53,26.85,65.75
2023-09-10T03:45:00-05:00,21.49,19.21,23.41,37.89
2023-09-10T04:00:00-05:00,21.68,18.94,23.97,41.39
2023-09-10T04:15:00-05:00,20.87,19.47,22.07,34.01
2023-09-10T04:30:00-05:00,19.77,18.77,20.53,42.54
2023-09-10T04:45:00-05:00,18.68,17.99,19.33,32.33
2023-09-10T05:00:00-05:00,18.25,17.65,18.83,30.14
2023-09-10T05:15:00-05:00,18.91,18.91,18.91,18.91
2023-09-10T05:30:00-05:00,18.49,18.49,18.49,18.49
2023-09-10T05:45:00-05:00,18.54,18.54,18.54,18.54
2023-09-10T06:00:00-05:00,18.72,18.72,18.72,18.72
2023-09-10T06:15:00-05:00,18.38,18.38,18.38,18.38
2023-09-10T06:30:00-05:00,18.44,18.44,18.44,18.44
2023-09-10T06:45:00-05:00,17.57,17.57,17.57,17.57
2023-09-10T07:00:00-05:00,16.8,16.8,16.8,16.8
2023-09-10T07:15:00-05:00,17.09,17.09,17.09,17.09
2023-09-10T07:30:00-05:00,17.5,17.5,17.5,17.5
2023-09-10T07:45:00-05:00,16.52,16.52,16.52,16.52
2023-09-10T08:00:00-05:00,16.73,16.73,16.73,16.73
2023-09-10T08:15:00-05:00,15.49,15.49,15.49,15.49
2023-09-10T08:30:00-05:00,15.27,15.27,15.27,15.27
2023-09-10T08:45:00-05:00,14.29,14.29,14.29,14.29
2023-09-10T09:00:00-05:00,15.21,15.21,15.21,15.21
2023-09-10T09:15:00-05:00,13.54,13.54,13.54,13.54
2023-09-10T09:30:00-05:00,14.33,14.33,14.33,14.33
2023-09-10T09:45:00-05:00,14.73,14.73,14.73,14.73
2023-09-10T10:00:00-05:00,14.79,14.79,14.79,14.79
2023-09-10T10:15:00-05:00,15.52,15.52,15.52,15.52
2023-09-10T10:30:00-05:00,16.08,16.08,16.08,16.08
2023-09-10T10:45:00-05:00,16.1,16.1,16.1,16.1
2023-09-10T11:00:00-05:00,15.98,15.84,16.2,15.9
2023-09-10T11:15:00-05:00,17.57,17.19,18.23,16.92
2023-09-10T11:30:00-05:00,18.25,18.25,18.26,18.25
2023-09-10T11:45:00-05:00,19.07,18.41,20.08,18.71
2023-09-10T12:00:00-05:00,21.49,18.66,25.88,19.95
2023-09-10T12:15:00-05:00,21.72,18.92,26.06,20.2
2023-09-10T12:30:00-05:00,22.49,20.67,25.34,21.5
2023-09-10T12:45:00-05:00,22.06,19.44,26.17,20.63
2023-09-10T13:00:00-05:00,22.01,19.48,25.99,20.63
2023-09-10T13:15:00-05:00,23.33,20.91,27.14,22.01
2023-09-10T13:30:00-05:00,23.72,21.87,26.67,22.71
2023-09-10T13:45:00-05:00,23.44,21.49,26.53,22.38
2023-09-10T14:00:00-05:00,23.1,21.19,26.15,22.06
2023-09-10T14:15:00-05:00,23.75,22.36,25.99,22.99
2023-09-10T14:30:00-05:00,24.43,22.9,26.89,23.59
2023-09-10T14:45:00-05:00,24.55,23.02,27.02,23.71
2023-09-10T15:00:00-05:00,24.0,22.15,26.97,22.98
2023-09-10T15:15:00-05:00,25.38,23.42,28.55,24.3
2023-09-10T15:30:00-05:00,26.52,24.13,30.38,25.21
2023-09-10T15:45:00-05:00,26.9,25.9,28.53,26.35
2023-09-10T16:00:00-05:00,26.82,26.16,27.88,26.46
2023-09-10T16:15:00-05:00,28.0,26.43,30.55,27.14
2023-09-10T16:30:00-05:00,28.11,27.48,29.12,27.76
2023-09-10T16:45:00-05:00,28.11,27.96,28.35,28.03
2023-09-10T17:00:00-05:00,58.06,54.72,63.6,56.23
2023-09-10T17:15:00-05:00,51.82,41.14,69.37,45.96
2023-09-10T17:30:00-05:00,27.77,26.96,29.09,27.33
2023-09-10T17:45:00-05:00,29.87,29.6,30.32,29.72
2023-09-10T18:00:00-05:00,31.02,31.02,31.02,31.02
2023-09-10T18:15:00-05:00,35.04,35.04,35.04,35.04
2023-09-10T18:30:00-05:00,28.62,28.62,28.62,28.62
2023-09-10T18:45:00-05:00,87.04,61.89,109.12,257.93
2023-09-10T19:00:00-05:00,41.5,30.87,50.66,112.51
2023-09-10T19:15:00-05:00,26.76,24.57,28.4,39.79
2023-09-10T19:30:00-05:00,26.24,23.56,28.66,53.83
2023-09-10T19:45:00-05:00,25.31,22.22,28.1,55.43
2023-09-10T20:00:00-05:00,24.56,22.6,26.38,51.2
2023-09-10T20:15:00-05:00,24.06,22.16,25.79,47.43
2023-09-10T20:30:00-05:00,22.57,22.23,22.89,28.88
2023-09-10T20:45:00-05:00,21.25,21.21,21.28,21.95
2023-09-10T21:00:00-05:00,21.58,21.58,21.58,21.64
2023-09-10T21:15:00-05:00,20.75,20.79,20.73,21.95
2023-09-10T21:30:00-05:00,19.99,20.06,19.96,21.9
2023-09-10T21:45:00-05:00,18.3,18.3,18.3,18.34
2023-09-10T22:00:00-05:00,18.08,18.08,18.08,18.08
2023-09-10T22:15:00-05:00,17.96,17.96,17.96,17.96
2023-09-10T22:30:00-05:00,17.98,17.98,17.98,17.98
2023-09-10T22:45:00-05:00,17.81,17.81,17.81,17.81
2023-09-10T23:00:00-05:00,17.5,17.5,17.5,17.5
2023-09-10T23:15:00-05:00,17.23,17.23,17.23,17.23
2023-09-10T23:30:00-05:00,17.15,17.15,17.15,17.15
2023-09-10T23:45:00-05:00,16.38,16.38,16.38,16.38
2023-09-11T00:00:00-05:00,17.12,17.12,17.12,17.12
2023-09-11T00:15:00-05:00,17.71,17.71,17.71,17.71
2023-09-11T00:30:00-05:00,16.8,16.8,16.8,16.8
2023-09-11T00:45:00-05:00,13.65,13.65,13.65,13.65
2023-09-11T01:00:00-05:00,14.76,14.76,14.76,14.76
2023-09-11T01:15:00-05:00,15.26,15.26,15.26,15.26
2023-09-11T01:30:00-05:00,16.3,16.3,16.3,16.3
2023-09-11T01:45:00-05:00,15.83,15.83,15.83,15.83
2023-09-11T02:00:00-05:00,15.32,15.32,15.32,15.32
2023-09-11T02:15:00-05:00,14.4,14.4,14.4,14.4
2023-09-11T02:30:00-05:00,13.88,13.88,13.88,13.88
2023-09-11T02:45:00-05:00,15.08,15.08,15.08,15.08
2023-09-11T03:00:00-05:00,17.85,17.85,17.85,17.85
2023-09-11T03:15:00-05:00,16.5,16.5,16.5,16.5
2023-09-11T03:30:00-05:00,16.97,16.97,16.97,16.97
2023-09-11T03:45:00-05:00,18.08,18.08,18.08,18.08
2023-09-11T04:00:00-05:00,18.97,18.97,18.97,18.97
2023-09-11T04:15:00-05:00,18.9,19.17,18.2,20.79
2023-09-11T04:30:00-05:00,18.59,18.74,18.22,19.62
2023-09-11T04:45:00-05:00,21.86,21.86,21.86,21.86
2023-09-11T05:00:00-05:00,23.56,23.56,23.56,23.56
2023-09-11T05:15:00-05:00,22.33,22.33,22.33,22.33
2023-09-11T05:30:00-05:00,20.9,20.9,20.9,20.9
2023-09-11T05:45:00-05:00,20.39,20.39,20.39,20.39
2023-09-11T06:00:00-05:00,20.46,20.46,20.46,20.46
2023-09-11T06:15:00-05:00,21.23,21.23,21.23,21.23
2023-09-11T06:30:00-05:00,20.79,20.79,20.79,20.79
2023-09-11T06:45:00-05:00,21.05,21.05,21.05,21.05
2023-09-11T07:00:00-05:00,20.69,20.69,20.69,20.69
2023-09-11T07:15:00-05:00,21.16,21.16,21.16,21.16
2023-09-11T07:30:00-05:00,20.54,20.54,20.54,20.54
2023-09-11T07:45:00-05:00,18.99,18.99,18.99,18.99
2023-09-11T08:00:00-05:00,19.15,19.15,19.15,19.15
2023-09-11T08:15:00-05:00,18.41,18.41,18.41,18.41
2023-09-11T08:30:00-05:00,17.78,17.78,17.78,17.78
2023-09-11T08:45:00-05:00,18.13,18.13,18.13,18.13
2023-09-11T09:00:00-05:00,17.96,17.96,17.96,17.96
2023-09-11T09:15:00-05:00,17.75,17.75,17.75,17.75
2023-09-11T09:30:00-05:00,17.82,17.82,17.82,17.82
2023-09-11T09:45:00-05:00,18.52,18.52,18.52,18.52
2023-09-11T10:00:00-05:00,18.34,18.34,18.34,18.34
2023-09-11T10:15:00-05:00,18.97,18.97,18.97,18.97
2023-09-11T10:30:00-05:00,18.51,18.51,18.51,18.51
2023-09-11T10:45:00-05:00,19.86,20.01,19.66,19.56
2023-09-11T11:00:00-05:00,19.77,19.96,19.5,19.9
2023-09-11T11:15:00-05:00,20.0,20.18,19.72,20.13
2023-09-11T11:30:00-05:00,19.95,20.14,19.68,20.09
2023-09-11T11:45:00-05:00,19.9,19.91,19.89,19.91
2023-09-11T12:00:00-05:00,18.85,18.56,19.45,17.83
2023-09-11T12:15:00-05:00,18.71,17.73,20.55,15.59
2023-09-11T12:30:00-05:00,19.67,18.04,21.81,14.87
2023-09-11T12:45:00-05:00,20.91,17.91,23.74,12.76
2023-09-11T13:00:00-05:00,20.79,18.45,23.67,14.39
2023-09-11T13:15:00-05:00,21.0,18.16,23.88,13.29
2023-09-11T13:30:00-05:00,22.57,18.74,25.16,12.81
2023-09-11T13:45:00-05:00,22.65,19.34,25.66,13.82
2023-09-11T14:00:00-05:00,23.43,19.65,25.65,18.13
2023-09-11T14:15:00-05:00,24.73,20.58,25.99,19.63
2023-09-11T14:30:00-05:00,26.48,23.04,26.26,22.14
2023-09-11T14:45:00-05:00,26.05,22.44,25.98,22.23
2023-09-11T15:00:00-05:00,27.77,23.33,25.76,24.1
2023-09-11T15:15:00-05:00,27.89,23.86,25.87,24.64
2023-09-11T15:30:00-05:00,28.78,24.71,26.33,25.42
2023-09-11T15:45:00-05:00,53.6,25.82,25.73,26.31
2023-09-11T16:00:00-05:00,28.53,24.6,25.96,25.15
2023-09-11T16:15:00-05:00,27.87,25.29,27.55,26.05
2023-09-11T16:30:00-05:00,28.69,26.58,28.75,27.2
2023-09-11T16:45:00-05:00,28.59,25.5,27.92,26.41
2023-09-11T17:00:00-05:00,26.62,24.04,25.49,24.62
2023-09-11T17:15:00-05:00,27.63,24.85,27.03,25.67
2023-09-11T17:30:00-05:00,28.32,25.16,27.63,26.08
2023-09-11T17:45:00-05:00,27.87,25.2,27.37,26.49
2023-09-11T18:00:00-05:00,26.19,23.91,26.33,28.79
2023-09-11T18:15:00-05:00,25.54,23.74,25.32,25.34
2023-09-11T18:30:00-05:00,26.91,24.6,26.45,25.5
2023-09-11T18:45:00-05:00,26.13,24.68,26.02,25.77
2023-09-11T19:00:00-05:00,26.6,23.74,27.04,29.23
2023-09-11T19:15:00-05:00,27.52,22.61,32.06,99.11
2023-09-11T19:30:00-05:00,26.65,21.8,27.14,117.46
2023-09-11T19:45:00-05:00,26.58,22.15,27.08,107.13
2023-09-11T20:00:00-05:00,23.9,21.09,25.66,60.34
2023-09-11T20:15:00-05:00,24.02,21.51,26.25,51.65
2023-09-11T20:30:00-05:00,23.16,20.79,25.06,49.21
2023-09-11T20:45:00-05:00,22.47,21.17,21.7,22.25
2023-09-11T21:00:00-05:00,21.51,21.0,20.86,21.23
2023-09-11T21:15:00-05:00,22.02,22.11,21.49,22.17
2023-09-11T21:30:00-05:00,20.28,20.36,19.8,20.42
2023-09-11T21:45:00-05:00,20.07,20.15,19.58,20.2
2023-09-11T22:00:00-05:00,20.55,20.65,19.77,20.74
2023-09-11T22:15:00-05:00,22.76,22.86,22.02,22.95
2023-09-11T22:30:00-05:00,21.21,21.3,20.71,21.35
2023-09-11T22:45:00-05:00,19.19,19.27,18.74,19.32
2023-09-11T23:00:00-05:00,19.27,19.35,18.73,19.41
2023-09-11T23:15:00-05:00,20.06,20.16,19.31,20.25
2023-09-11T23:30:00-05:00,19.71,19.82,18.9,19.91
2023-09-11T23:45:00-05:00,17.84,17.94,17.04,17.84
2023-09-12T00:00:00-05:00,19.09,19.31,15.91,18.92
2023-09-12T00:15:00-05:00,19.33,19.63,14.49,19.36
2023-09-12T00:30:00-05:00,19.4,19.74,15.03,19.59
2023-09-12T00:45:00-05:00,20.54,20.85,17.67,20.69
2023-09-12T01:00:00-05:00,20.53,20.83,17.73,20.66
2023-09-12T01:15:00-05:00,21.02,21.38,17.73,21.29
2023-09-12T01:30:00-05:00,21.01,21.4,17.48,21.32
2023-09-12T01:45:00-05:00,21.08,21.34,18.81,21.13
2023-09-12T02:00:00-05:00,20.54,20.58,20.41,20.11
2023-09-12T02:15:00-05:00,20.11,20.15,19.96,19.67
2023-09-12T02:30:00-05:00,20.06,20.1,19.65,19.61
2023-09-12T02:45:00-05:00,20.08,20.12,19.85,19.63
2023-09-12T03:00:00-05:00,20.37,20.41,20.26,19.92
2023-09-12T03:15:00-05:00,20.55,20.59,20.43,20.08
2023-09-12T03:30:00-05:00,21.56,21.57,21.51,21.39
2023-09-12T03:45:00-05:00,22.11,22.11,22.11,22.11
2023-09-12T04:00:00-05:00,21.81,21.81,20.64,21.81
2023-09-12T04:15:00-05:00,21.95,22.23,20.24,23.85
2023-09-12T04:30:00-05:00,22.18,22.6,20.74,25.19
2023-09-12T04:45:00-05:00,22.69,22.99,21.98,24.81
2023-09-12T05:00:00-05:00,23.16,23.19,23.09,22.86
2023-09-12T05:15:00-05:00,23.7,23.78,23.51,24.26
2023-09-12T05:30:00-05:00,24.49,24.49,24.48,24.52
2023-09-12T05:45:00-05:00,24.1,24.23,23.77,25.08
2023-09-12T06:00:00-05:00,26.53,26.68,26.16,27.63
2023-09-12T06:15:00-05:00,26.88,26.88,26.88,26.88
2023-09-12T06:30:00-05:00,27.42,27.42,27.42,27.42
2023-09-12T06:45:00-05:00,27.14,26.09,27.99,34.59
2023-09-12T07:00:00-05:00,25.67,23.63,27.35,40.27
2023-09-12T07:15:00-05:00,25.23,24.96,25.45,27.13
2023-09-12T07:30:00-05:00,25.52,25.52,25.52,25.52
2023-09-12T07:45:00-05:00,25.7,26.12,24.71,28.61
2023-09-12T08:00:00-05:00,27.26,27.56,26.56,29.32
2023-09-12T08:15:00-05:00,27.76,27.76,27.76,27.76
2023-09-12T08:30:00-05:00,26.02,24.32,30.1,38.99
2023-09-12T08:45:00-05:00,24.83,23.55,27.97,37.39
2023-09-12T09:00:00-05:00,24.28,24.25,24.36,24.59
2023-09-12T09:15:00-05:00,24.53,24.53,24.53,24.53
2023-09-12T09:30:00-05:00,25.08,25.08,25.08,25.08
2023-09-12T09:45:00-05:00,24.5,24.5,24.5,24.5
2023-09-12T10:00:00-05:00,24.88,24.88,24.88,24.88
2023-09-12T10:15:00-05:00,24.09,24.09,24.09,24.09
2023-09-12T10:30:00-05:00,23.44,23.44,23.44,23.44
2023-09-12T10:45:00-05:00,22.38,22.38,22.38,22.38
2023-09-12T11:00:00-05:00,22.46,22.46,22.46,22.46
2023-09-12T11:15:00-05:00,23.44,23.44,23.44,23.44
2023-09-12T11:30:00-05:00,23.4,23.4,23.4,23.4
2023-09-12T11:45:00-05:00,23.45,23.45,23.45,23.45
2023-09-12T12:00:00-05:00,24.0,24.0,24.0,24.0
2023-09-12T12:15:00-05:00,25.02,25.02,25.02,25.02
2023-09-12T12:30:00-05:00,26.32,26.32,26.32,26.32
2023-09-12T12:45:00-05:00,25.8,25.8,25.8,25.8
2023-09-12T13:00:00-05:00,26.55,26.55,26.55,26.55
2023-09-12T13:15:00-05:00,26.76,26.76,26.76,26.76
2023-09-12T13:30:00-05:00,32.51,27.81,31.53,29.26
2023-09-12T13:45:00-05:00,45.68,32.85,43.02,36.83
2023-09-12T14:00:00-05:00,29.2,25.59,28.44,26.7
2023-09-12T14:15:00-05:00,35.98,30.98,34.94,32.53
2023-09-12T14:30:00-05:00,53.37,37.21,50.0,42.2
2023-09-12T14:45:00-05:00,37.89,31.43,36.54,33.42
2023-09-12T15:00:00-05:00,27.09,27.04,27.08,27.06
2023-09-12T15:15:00-05:00,36.08,29.01,34.59,31.18
2023-09-12T15:30:00-05:00,82.45,53.83,76.44,62.55
2023-09-12T15:45:00-05:00,73.45,49.9,68.51,57.1
2023-09-12T16:00:00-05:00,60.89,51.64,58.95,54.44
2023-09-12T16:15:00-05:00,49.92,36.1,47.01,40.31
2023-09-12T16:30:00-05:00,60.49,60.04,60.4,60.18
2023-09-12T16:45:00-05:00,75.85,68.6,74.32,70.79
2023-09-12T17:00:00-05:00,74.93,74.93,75.09,74.93
2023-09-12T17:15:00-05:00,75.0,75.0,75.34,75.0
2023-09-12T17:30:00-05:00,64.99,64.99,65.0,64.99
2023-09-12T17:45:00-05:00,65.23,65.23,65.23,65.23
2023-09-12T18:00:00-05:00,30.39,30.39,30.39,30.39
2023-09-12T18:15:00-05:00,28.94,28.94,28.94,28.94
2023-09-12T18:30:00-05:00,40.18,40.21,40.32,40.25
2023-09-12T18:45:00-05:00,38.26,38.29,38.38,38.32
2023-09-12T19:00:00-05:00,40.18,40.21,40.32,40.24
2023-09-12T19:15:00-05:00,42.36,42.39,42.52,42.43
2023-09-12T19:30:00-05:00,36.82,37.26,35.9,37.37
2023-09-12T19:45:00-05:00,36.19,36.42,35.75,36.49
2023-09-12T20:00:00-05:00,36.53,36.66,35.79,36.8
2023-09-12T20:15:00-05:00,33.87,33.93,33.68,33.97
2023-09-12T20:30:00-05:00,32.15,32.2,30.98,33.32
2023-09-12T20:45:00-05:00,31.01,29.78,30.57,41.07
2023-09-12T21:00:00-05:00,29.15,28.07,28.62,38.01
2023-09-12T21:15:00-05:00,28.74,25.58,30.78,52.81
2023-09-12T21:30:00-05:00,28.88,25.83,30.83,52.2
2023-09-12T21:45:00-05:00,30.2,28.45,31.02,44.09
2023-09-12T22:00:00-05:00,35.35,28.07,39.72,98.39
2023-09-12T22:15:00-05:00,31.68,27.11,34.35,70.63
2023-09-12T22:30:00-05:00,29.56,24.14,32.65,78.12
2023-09-12T22:45:00-05:00,30.72,25.34,35.02,73.09
2023-09-12T23:00:00-05:00,33.93,30.0,37.28,77.16
2023-09-12T23:15:00-05:00,30.62,29.2,31.83,41.4
2023-09-12T23:30:00-05:00,29.93,27.95,31.47,60.64
2023-09-12T23:45:00-05:00,26.97,24.8,28.68,66.25
2023-09-13T00:00:00-05:00,28.09,25.2,29.95,87.51
2023-09-13T00:15:00-05:00,27.02,25.81,27.66,63.47
2023-09-13T00:30:00-05:00,27.7,23.96,28.48,99.98
2023-09-13T00:45:00-05:00,26.4,24.81,26.22,61.25
2023-09-13T01:00:00-05:00,26.69,27.73,25.58,36.77
2023-09-13T01:15:00-05:00,26.09,26.23,26.06,39.83
2023-09-13T01:30:00-05:00,26.12,25.64,26.46,36.51
2023-09-13T01:45:00-05:00,26.86,23.61,27.63,79.87
2023-09-13T02:00:00-05:00,26.0,24.61,24.61,60.89
2023-09-13T02:15:00-05:00,26.84,22.2,27.42,75.1
2023-09-13T02:30:00-05:00,24.91,24.62,23.7,61.93
2023-09-13T02:45:00-05:00,24.83,23.0,24.8,94.23
2023-09-13T03:00:00-05:00,25.13,24.34,25.01,61.45
2023-09-13T03:15:00-05:00,24.03,22.86,24.21,85.73
2023-09-13T03:30:00-05:00,26.08,23.66,26.86,61.52
2023-09-13T03:45:00-05:00,24.92,23.36,26.89,91.22
2023-09-13T04:00:00-05:00,24.29,25.13,24.04,53.68
2023-09-13T04:15:00-05:00,24.11,23.45,25.48,86.32
2023-09-13T04:30:00-05:00,24.51,24.74,24.76,58.96
2023-09-13T04:45:00-05:00,27.23,19.41,33.76,87.41
2023-09-13T05:00:00-05:00,24.3,22.74,25.59,35.99
2023-09-13T05:15:00-05:00,25.75,21.21,29.54,59.91
2023-09-13T05:30:00-05:00,26.74,22.97,29.88,54.51
2023-09-13T05:45:00-05:00,27.36,22.34,31.55,64.28
2023-09-13T06:00:00-05:00,32.68,24.05,39.88,95.67
2023-09-13T06:15:00-05:00,26.78,24.02,29.1,46.93
2023-09-13T06:30:00-05:00,31.05,23.39,37.46,86.81
2023-09-13T06:45:00-05:00,28.34,26.03,30.28,45.08
2023-09-13T07:00:00-05:00,27.91,23.22,31.83,61.8
2023-09-13T07:15:00-05:00,26.47,24.42,28.18,41.24
2023-09-13T07:30:00-05:00,26.09,22.2,29.34,54.24
2023-09-13T07:45:00-05:00,24.7,23.19,25.96,35.8
2023-09-13T08:00:00-05:00,25.51,25.6,25.68,30.41
2023-09-13T08:15:00-05:00,25.52,25.51,25.52,25.54
2023-09-13T08:30:00-05:00,25.3,25.3,25.3,25.3
2023-09-13T08:45:00-05:00,25.21,25.21,25.21,25.21
2023-09-13T09:00:00-05:00,28.19,28.19,28.19,28.19
2023-09-13T09:15:00-05:00,26.85,26.85,26.85,26.85
2023-09-13T09:30:00-05:00,27.46,27.46,27.46,27.46
2023-09-13T09:45:00-05:00,32.25,32.25,32.25,32.25
2023-09-13T10:00:00-05:00,25.91,25.91,25.91,25.91
2023-09-13T10:15:00-05:00,26.12,26.12,26.12,26.12
2023-09-13T10:30:00-05:00,26.22,26.22,26.22,26.22
2023-09-13T10:45:00-05:00,26.32,26.32,26.32,26.32
2023-09-13T11:00:00-05:00,25.53,25.53,25.53,25.53
2023-09-13T11:15:00-05:00,29.16,29.16,29.16,29.16
2023-09-13T11:30:00-05:00,30.07,30.07,30.07,30.07
2023-09-13T11:45:00-05:00,36.87,36.87,36.87,36.87
2023-09-13T12:00:00-05:00,30.6,30.6,30.6,30.6
2023-09-13T12:15:00-05:00,36.46,36.46,36.46,36.46
2023-09-13T12:30:00-05:00,33.01,33.01,33.01,33.01
2023-09-13T12:45:00-05:00,64.66,64.66,64.66,64.66
2023-09-13T13:00:00-05:00,52.05,52.05,52.05,52.05
2023-09-13T13:15:00-05:00,58.31,40.65,54.64,46.05
2023-09-13T13:30:00-05:00,70.71,46.31,65.65,53.76
2023-09-13T13:45:00-05:00,76.43,53.56,71.68,60.54
2023-09-13T14:00:00-05:00,60.6,44.85,57.33,49.64
2023-09-13T14:15:00-05:00,29.41,29.41,29.41,29.41
2023-09-13T14:30:00-05:00,27.7,27.7,27.7,27.7
2023-09-13T14:45:00-05:00,26.79,26.79,26.79,26.79
2023-09-13T15:00:00-05:00,26.99,26.99,26.99,26.99
2023-09-13T15:15:00-05:00,27.33,27.33,27.33,27.33
2023-09-13T15:30:00-05:00,25.87,25.87,25.87,25.87
2023-09-13T15:45:00-05:00,27.06,27.06,27.06,27.06
2023-09-13T16:00:00-05:00,26.94,26.94,26.94,26.94
2023-09-13T16:15:00-05:00,26.23,26.23,26.23,26.23
2023-09-13T16:30:00-05:00,25.72,25.72,25.72,25.72
2023-09-13T16:45:00-05:00,26.86,26.86,26.86,26.86
2023-09-13T17:00:00-05:00,26.63,26.63,26.63,26.63
2023-09-13T17:15:00-05:00,27.59,27.59,27.59,27.59
2023-09-13T17:30:00-05:00,27.33,27.33,27.33,27.33
2023-09-13T17:45:00-05:00,25.7,25.7,25.7,25.7
2023-09-13T18:00:00-05:00,25.51,25.51,25.04,25.51
2023-09-13T18:15:00-05:00,27.02,27.05,26.93,27.06
2023-09-13T18:30:00-05:00,27.39,27.44,27.27,27.45
2023-09-13T18:45:00-05:00,27.47,27.66,26.97,27.7
2023-09-13T19:00:00-05:00,28.05,28.29,27.41,28.34
2023-09-13T19:15:00-05:00,37.52,37.53,37.51,37.53
2023-09-13T19:30:00-05:00,45.75,46.05,43.36,46.37
2023-09-13T19:45:00-05:00,38.65,40.09,27.05,41.64
2023-09-13T20:00:00-05:00,29.22,30.03,19.46,35.53
2023-09-13T20:15:00-05:00,37.37,37.46,29.25,47.09
2023-09-13T20:30:00-05:00,29.65,27.75,25.12,49.45
2023-09-13T20:45:00-05:00,28.17,26.79,25.91,41.27
2023-09-13T21:00:00-05:00,29.77,29.63,28.48,33.03
2023-09-13T21:15:00-05:00,28.64,28.97,25.89,29.26
2023-09-13T21:30:00-05:00,27.44,27.69,25.87,27.86
2023-09-13T21:45:00-05:00,27.85,28.1,26.26,28.26
2023-09-13T22:00:00-05:00,44.64,44.97,42.38,45.21
2023-09-13T22:15:00-05:00,32.91,33.18,31.21,33.36
2023-09-13T22:30:00-05:00,28.64,28.9,27.08,29.06
2023-09-13T22:45:00-05:00,28.2,28.41,26.93,28.55
2023-09-13T23:00:00-05:00,26.08,26.24,25.16,26.34
2023-09-13T23:15:00-05:00,24.79,24.97,23.5,25.1
2023-09-13T23:30:00-05:00,24.06,24.2,23.28,24.29
2023-09-13T23:45:00-05:00,24.4,24.55,23.52,24.65
2023-09-14T00:00:00-05:00,27.14,27.25,26.49,27.33
2023-09-14T00:15:00-05:00,27.54,27.65,26.9,27.72
2023-09-14T00:30:00-05:00,27.8,28.41,26.02,31.43
2023-09-14T00:45:00-05:00,27.55,28.17,25.75,31.21
2023-09-14T01:00:00-05:00,28.15,28.45,27.09,29.59
2023-09-14T01:15:00-05:00,26.86,26.97,26.25,27.04
2023-09-14T01:30:00-05:00,26.26,26.37,25.67,26.44
2023-09-14T01:45:00-05:00,25.48,25.58,24.91,25.65
2023-09-14T02:00:00-05:00,25.83,25.94,25.25,26.0
2023-09-14T02:15:00-05:00,25.93,26.0,24.47,26.04
2023-09-14T02:30:00-05:00,24.91,24.96,23.38,24.99
2023-09-14T02:45:00-05:00,24.86,24.86,22.85,24.86
2023-09-14T03:00:00-05:00,25.26,25.26,23.95,25.26
2023-09-14T03:15:00-05:00,24.16,24.16,22.67,24.16
2023-09-14T03:30:00-05:00,25.44,25.44,23.42,25.44
2023-09-14T03:45:00-05:00,25.1,25.1,23.47,25.1
2023-09-14T04:00:00-05:00,27.13,27.13,26.14,27.13
2023-09-14T04:15:00-05:00,25.99,25.99,25.27,25.99
2023-09-14T04:30:00-05:00,26.87,26.87,26.85,26.87
2023-09-14T04:45:00-05:00,25.45,25.45,25.1,25.45
2023-09-14T05:00:00-05:00,26.41,26.41,26.4,26.41
2023-09-14T05:15:00-05:00,26.63,26.63,26.63,26.63
2023-09-14T05:30:00-05:00,28.34,28.34,28.34,28.34
2023-09-14T05:45:00-05:00,34.23,34.23,34.23,34.23
2023-09-14T06:00:00-05:00,29.09,29.09,29.09,29.09
2023-09-14T06:15:00-05:00,33.35,33.35,33.35,33.35
2023-09-14T06:30:00-05:00,43.39,43.39,43.39,43.39
2023-09-14T06:45:00-05:00,33.9,33.9,33.9,33.9
2023-09-14T07:00:00-05:00,57.02,57.02,57.02,57.02
2023-09-14T07:15:00-05:00,37.25,37.25,37.25,37.25
2023-09-14T07:30:00-05:00,29.44,29.44,29.44,29.44
2023-09-14T07:45:00-05:00,29.07,29.26,28.6,30.41
2023-09-14T08:00:00-05:00,31.44,31.44,31.43,31.45
2023-09-14T08:15:00-05:00,30.44,30.44,30.44,30.44
2023-09-14T08:30:00-05:00,28.3,28.3,28.3,28.3
2023-09-14T08:45:00-05:00,25.6,25.6,25.6,25.6
2023-09-14T09:00:00-05:00,25.89,25.89,25.89,25.89
2023-09-14T09:15:00-05:00,26.21,26.21,25.36,26.21
2023-09-14T09:30:00-05:00,25.69,25.69,25.09,25.69
2023-09-14T09:45:00-05:00,26.62,26.62,24.95,26.62
2023-09-14T10:00:00-05:00,26.03,26.03,24.29,26.03
2023-09-14T10:15:00-05:00,26.27,26.43,25.58,26.38
2023-09-14T10:30:00-05:00,25.62,25.71,25.5,25.68
2023-09-14T10:45:00-05:00,23.99,24.06,23.88,24.04
2023-09-14T11:00:00-05:00,23.93,23.93,23.93,23.93
2023-09-14T11:15:00-05:00,23.48,23.48,23.48,23.48
2023-09-14T11:30:00-05:00,23.97,23.97,23.97,23.97
2023-09-14T11:45:00-05:00,24.05,24.05,24.05,24.05
2023-09-14T12:00:00-05:00,24.83,24.83,24.83,24.83
2023-09-14T12:15:00-05:00,27.31,27.31,27.31,27.31
2023-09-14T12:30:00-05:00,28.46,28.46,28.46,28.46
2023-09-14T12:45:00-05:00,27.05,27.05,27.05,27.05
2023-09-14T13:00:00-05:00,28.53,28.53,28.53,28.53
2023-09-14T13:15:00-05:00,31.05,31.05,31.05,31.05
2023-09-14T13:30:00-05:00,39.82,39.82,39.82,39.82
2023-09-14T13:45:00-05:00,28.18,28.18,28.18,28.18
2023-09-14T14:00:00-05:00,27.92,27.92,27.92,27.92
2023-09-14T14:15:00-05:00,28.58,28.58,28.58,28.58
2023-09-14T14:30:00-05:00,26.21,26.21,26.21,26.21
2023-09-14T14:45:00-05:00,25.26,25.26,25.26,25.26
2023-09-14T15:00:00-05:00,24.03,24.03,24.03,24.03
2023-09-14T15:15:00-05:00,24.34,24.34,24.34,24.34
2023-09-14T15:30:00-05:00,25.14,25.14,25.14,25.14
2023-09-14T15:45:00-05:00,24.77,24.77,24.77,24.77
2023-09-14T16:00:00-05:00,24.52,24.55,25.87,24.56
2023-09-14T16:15:00-05:00,24.34,24.4,28.01,24.44
2023-09-14T16:30:00-05:00,24.31,24.57,27.11,24.7
2023-09-14T16:45:00-05:00,23.75,23.99,26.59,24.12
2023-09-14T17:00:00-05:00,24.85,25.22,26.77,25.43
2023-09-14T17:15:00-05:00,25.35,25.85,27.97,26.11
2023-09-14T17:30:00-05:00,24.32,24.69,26.11,24.89
2023-09-14T17:45:00-05:00,23.48,23.83,24.41,23.98
2023-09-14T18:00:00-05:00,23.5,23.63,21.5,23.64
2023-09-14T18:15:00-05:00,25.6,25.82,23.7,25.85
2023-09-14T18:30:00-05:00,24.6,24.71,22.52,24.71
2023-09-14T18:45:00-05:00,26.84,27.06,23.62,27.07
2023-09-14T19:00:00-05:00,26.98,27.22,23.92,27.23
2023-09-14T19:15:00-05:00,30.53,27.79,26.05,59.11
2023-09-14T19:30:00-05:00,43.66,29.35,39.37,178.55
2023-09-14T19:45:00-05:00,27.28,27.64,16.09,36.93
2023-09-14T20:00:00-05:00,27.81,27.94,17.19,38.4
2023-09-14T20:15:00-05:00,27.09,27.18,19.49,33.19
2023-09-14T20:30:00-05:00,26.48,26.56,22.72,27.31
2023-09-14T20:45:00-05:00,24.45,24.53,21.63,24.58
2023-09-14T21:00:00-05:00,25.17,25.29,22.74,26.12
2023-09-14T21:15:00-05:00,24.04,24.07,22.25,26.06
2023-09-14T21:30:00-05:00,23.27,23.46,21.98,23.59
2023-09-14T21:45:00-05:00,22.43,22.58,21.42,22.68
2023-09-14T22:00:00-05:00,22.14,22.28,21.22,22.37
2023-09-14T22:15:00-05:00,22.02,22.15,21.18,22.23
2023-09-14T22:30:00-05:00,21.4,21.49,20.68,21.55
2023-09-14T22:45:00-05:00,20.71,20.79,19.88,20.84
2023-09-14T23:00:00-05:00,20.6,20.67,19.34,20.73
2023-09-14T23:15:00-05:00,19.93,19.95,18.72,19.97
2023-09-14T23:30:00-05:00,19.75,19.77,18.73,19.8
2023-09-14T23:45:00-05:00,20.23,20.29,19.65,20.33
2023-09-15T00:00:00-05:00,21.28,21.36,20.81,21.4
2023-09-15T00:15:00-05:00,21.36,21.43,20.9,21.47
2023-09-15T00:30:00-05:00,21.19,21.24,20.78,21.27
2023-09-15T00:45:00-05:00,21.48,21.62,20.87,22.42
2023-09-15T01:00:00-05:00,20.86,21.29,19.71,23.85
2023-09-15T01:15:00-05:00,21.39,21.82,20.14,24.43
2023-09-15T01:30:00-05:00,21.27,21.76,19.87,24.51
2023-09-15T01:45:00-05:00,20.59,21.02,19.52,23.7
2023-09-15T02:00:00-05:00,21.59,22.11,20.22,25.46
2023-09-15T02:15:00-05:00,20.82,21.33,19.43,24.72
2023-09-15T02:30:00-05:00,21.47,21.9,20.32,24.73
2023-09-15T02:45:00-05:00,21.01,21.43,19.87,24.23
2023-09-15T03:00:00-05:00,20.72,21.01,19.87,22.9
2023-09-15T03:15:00-05:00,20.65,21.07,19.46,23.81
2023-09-15T03:30:00-05:00,20.93,21.35,19.67,24.2
2023-09-15T03:45:00-05:00,21.36,21.88,19.91,25.33
2023-09-15T04:00:00-05:00,22.01,22.45,20.82,25.38
2023-09-15T04:15:00-05:00,21.22,21.38,20.81,22.41
2023-09-15T04:30:00-05:00,20.99,20.99,20.99,20.99
2023-09-15T04:45:00-05:00,20.88,20.88,20.88,20.88
2023-09-15T05:00:00-05:00,21.01,21.01,21.01,21.01
2023-09-15T05:15:00-05:00,21.5,21.5,21.5,21.5
2023-09-15T05:30:00-05:00,23.22,23.22,23.22,23.22
2023-09-15T05:45:00-05:00,25.52,25.52,25.52,25.52
2023-09-15T06:00:00-05:00,24.72,24.72,24.72,24.72
2023-09-15T06:15:00-05:00,23.97,23.97,23.97,23.97
2023-09-15T06:30:00-05:00,26.11,26.11,26.11,26.11
2023-09-15T06:45:00-05:00,26.52,26.67,26.11,27.68
2023-09-15T07:00:00-05:00,26.36,26.84,25.12,29.95
2023-09-15T07:15:00-05:00,38.03,38.73,36.37,43.38
2023-09-15T07:30:00-05:00,26.74,27.22,25.64,30.44
2023-09-15T07:45:00-05:00,25.84,26.48,24.36,30.89
2023-09-15T08:00:00-05:00,25.76,26.23,24.67,29.49
2023-09-15T08:15:00-05:00,25.19,25.2,25.17,25.25
2023-09-15T08:30:00-05:00,24.76,24.76,24.76,24.76
2023-09-15T08:45:00-05:00,24.2,24.2,24.2,24.2
2023-09-15T09:00:00-05:00,23.74,23.74,23.74,23.74
2023-09-15T09:15:00-05:00,22.41,22.41,22.41,22.41
2023-09-15T09:30:00-05:00,22.09,22.09,22.09,22.09
2023-09-15T09:45:00-05:00,23.3,23.3,23.3,23.3
2023-09-15T10:00:00-05:00,23.19,23.19,23.19,23.19
2023-09-15T10:15:00-05:00,22.79,22.79,22.79,22.79
2023-09-15T10:30:00-05:00,22.9,22.9,22.9,22.9
2023-09-15T10:45:00-05:00,24.74,24.74,24.74,24.74
2023-09-15T11:00:00-05:00,25.74,25.74,25.74,25.74
2023-09-15T11:15:00-05:00,25.2,25.2,25.2,25.2
2023-09-15T11:30:00-05:00,26.39,26.39,26.39,26.39
2023-09-15T11:45:00-05:00,30.11,30.11,30.11,30.11
2023-09-15T12:00:00-05:00,40.72,32.35,38.92,34.86
2023-09-15T12:15:00-05:00,44.41,33.41,42.06,36.76
2023-09-15T12:30:00-05:00,57.65,49.72,55.96,52.15
2023-09-15T12:45:00-05:00,54.36,40.55,51.41,44.72
2023-09-15T13:00:00-05:00,31.64,31.48,32.27,31.54
2023-09-15T13:15:00-05:00,35.22,31.54,35.26,32.67
2023-09-15T13:30:00-05:00,27.75,27.75,27.76,27.75
2023-09-15T13:45:00-05:00,55.22,41.06,52.41,45.49
2023-09-15T14:00:00-05:00,370.66,342.58,367.17,352.25
2023-09-15T14:15:00-05:00,51.35,47.36,50.69,48.67
2023-09-15T14:30:00-05:00,38.17,31.98,36.95,33.96
2023-09-15T14:45:00-05:00,41.02,41.04,41.14,41.08
2023-09-15T15:00:00-05:00,29.17,29.17,29.19,29.18
2023-09-15T15:15:00-05:00,30.28,30.29,30.31,30.3
2023-09-15T15:30:00-05:00,54.38,54.43,54.59,54.5
2023-09-15T15:45:00-05:00,28.18,28.22,28.34,28.26
2023-09-15T16:00:00-05:00,28.03,28.05,28.11,28.08
2023-09-15T16:15:00-05:00,27.9,27.9,27.9,27.9
2023-09-15T16:30:00-05:00,34.48,34.48,34.48,34.48
2023-09-15T16:45:00-05:00,58.53,58.53,58.53,58.53
2023-09-15T17:00:00-05:00,65.37,65.54,70.03,65.68
2023-09-15T17:15:00-05:00,46.99,47.13,53.32,47.2
2023-09-15T17:30:00-05:00,63.35,63.33,63.05,63.32
2023-09-15T17:45:00-05:00,59.56,59.54,59.3,59.54
2023-09-15T18:00:00-05:00,28.9,28.89,28.68,28.89
2023-09-15T18:15:00-05:00,51.04,50.91,47.28,50.89
2023-09-15T18:30:00-05:00,35.61,36.58,27.34,37.49
2023-09-15T18:45:00-05:00,65.76,70.25,44.27,72.92
2023-09-15T19:00:00-05:00,48.41,49.9,31.36,59.26
2023-09-15T19:15:00-05:00,56.69,39.11,53.18,199.5
2023-09-15T19:30:00-05:00,37.53,30.93,35.06,95.39
2023-09-15T19:45:00-05:00,37.71,26.66,42.94,122.69
2023-09-15T20:00:00-05:00,28.9,24.46,32.83,60.41
2023-09-15T20:15:00-05:00,26.91,22.06,31.14,61.34
2023-09-15T20:30:00-05:00,25.97,21.82,29.4,55.37
2023-09-15T20:45:00-05:00,24.55,21.16,27.48,48.28
2023-09-15T21:00:00-05:00,26.81,23.32,29.51,51.86
2023-09-15T21:15:00-05:00,25.68,23.7,27.38,39.61
2023-09-15T21:30:00-05:00,25.57,23.46,27.38,40.49
2023-09-15T21:45:00-05:00,23.58,21.31,25.52,39.69
2023-09-15T22:00:00-05:00,24.25,23.62,24.78,28.67
2023-09-15T22:15:00-05:00,23.86,23.86,23.87,23.88
2023-09-15T22:30:00-05:00,23.92,23.9,20.7,28.76
2023-09-15T22:45:00-05:00,23.93,24.28,21.48,24.64
2023-09-15T23:00:00-05:00,24.28,23.66,24.4,29.26
2023-09-15T23:15:00-05:00,24.33,22.12,26.21,40.19
2023-09-15T23:30:00-05:00,23.84,22.32,25.13,34.76
2023-09-15T23:45:00-05:00,23.1,22.21,23.85,29.45
2023-09-16T00:00:00-05:00,22.9,22.87,22.92,23.08
2023-09-16T00:15:00-05:00,23.36,23.36,23.36,23.36
2023-09-16T00:30:00-05:00,22.55,22.55,22.55,22.55
2023-09-16T00:45:00-05:00,22.36,22.36,22.36,22.36
2023-09-16T01:00:00-05:00,21.98,22.12,21.66,22.96
2023-09-16T01:15:00-05:00,21.62,22.07,20.61,24.78
2023-09-16T01:30:00-05:00,21.78,22.22,20.76,24.94
2023-09-16T01:45:00-05:00,21.69,22.14,20.69,24.85
2023-09-16T02:00:00-05:00,21.83,22.27,20.82,25.0
2023-09-16T02:15:00-05:00,21.08,21.51,20.02,24.19
2023-09-16T02:30:00-05:00,20.76,21.2,19.67,23.89
2023-09-16T02:45:00-05:00,20.97,21.38,20.05,23.92
2023-09-16T03:00:00-05:00,20.76,20.77,20.74,20.82
2023-09-16T03:15:00-05:00,20.26,20.26,20.26,20.26
2023-09-16T03:30:00-05:00,20.43,20.43,20.43,20.43
2023-09-16T03:45:00-05:00,19.98,19.98,19.98,19.98
2023-09-16T04:00:00-05:00,19.89,19.89,19.89,19.89
2023-09-16T04:15:00-05:00,20.41,20.41,20.41,20.41
2023-09-16T04:30:00-05:00,19.82,19.82,19.82,19.82
2023-09-16T04:45:00-05:00,18.84,18.84,18.84,18.84
2023-09-16T05:00:00-05:00,19.16,19.16,19.16,19.16
2023-09-16T05:15:00-05:00,18.5,18.5,18.5,18.5
2023-09-16T05:30:00-05:00,18.55,18.55,18.55,18.55
2023-09-16T05:45:00-05:00,18.34,18.34,18.34,18.34
2023-09-16T06:00:00-05:00,17.94,17.94,17.94,17.94
2023-09-16T06:15:00-05:00,17.78,17.78,17.78,17.78
2023-09-16T06:30:00-05:00,17.59,17.59,17.59,17.59
2023-09-16T06:45:00-05:00,17.68,18.21,19.42,56.63
2023-09-16T07:00:00-05:00,17.91,18.31,17.7,46.29
2023-09-16T07:15:00-05:00,18.17,19.02,17.41,46.08
2023-09-16T07:30:00-05:00,18.41,19.27,17.54,40.67
2023-09-16T07:45:00-05:00,17.9,18.24,17.49,22.12
2023-09-16T08:00:00-05:00,17.99,18.52,17.37,24.45
2023-09-16T08:15:00-05:00,18.82,19.16,18.42,23.04
2023-09-16T08:30:00-05:00,18.8,19.51,17.96,27.51
2023-09-16T08:45:00-05:00,19.9,20.21,19.54,23.7
2023-09-16T09:00:00-05:00,20.66,20.66,20.66,20.66
2023-09-16T09:15:00-05:00,20.54,20.54,20.54,20.54
2023-09-16T09:30:00-05:00,20.42,20.47,20.35,20.33
2023-09-16T09:45:00-05:00,20.57,20.61,20.5,20.48
2023-09-16T10:00:00-05:00,20.73,21.32,20.19,20.17
2023-09-16T10:15:00-05:00,22.3,23.08,21.62,21.62
2023-09-16T10:30:00-05:00,24.51,24.51,24.5,24.5
2023-09-16T10:45:00-05:00,25.19,25.19,25.19,25.19
2023-09-16T11:00:00-05:00,26.69,26.69,26.69,26.69
2023-09-16T11:15:00-05:00,28.18,28.18,28.18,28.18
2023-09-16T11:30:00-05:00,46.6,46.6,46.6,46.6
2023-09-16T11:45:00-05:00,48.56,48.56,48.56,48.56
2023-09-16T12:00:00-05:00,26.46,26.46,26.46,26.46
2023-09-16T12:15:00-05:00,28.93,27.28,28.55,27.71
2023-09-16T12:30:00-05:00,33.12,29.38,32.27,30.35
2023-09-16T12:45:00-05:00,33.35,28.92,32.35,30.09
2023-09-16T13:00:00-05:00,47.6,34.24,44.56,37.72
2023-09-16T13:15:00-05:00,41.75,32.18,39.65,34.75
2023-09-16T13:30:00-05:00,34.44,29.07,33.27,30.52
2023-09-16T13:45:00-05:00,37.92,29.73,36.14,31.95
2023-09-16T14:00:00-05:00,25.72,24.83,25.52,25.07
2023-09-16T14:15:00-05:00,24.78,24.78,24.78,24.78
2023-09-16T14:30:00-05:00,24.43,24.43,24.43,24.43
2023-09-16T14:45:00-05:00,23.49,23.49,23.49,23.49
2023-09-16T15:00:00-05:00,22.43,22.43,22.43,22.43
2023-09-16T15:15:00-05:00,23.03,23.03,23.03,23.03
2023-09-16T15:30:00-05:00,23.56,23.56,23.56,23.56
2023-09-16T15:45:00-05:00,24.22,24.22,24.22,24.22
2023-09-16T16:00:00-05:00,24.45,24.45,24.45,24.45
2023-09-16T16:15:00-05:00,25.78,25.78,25.78,25.78
2023-09-16T16:30:00-05:00,25.28,25.28,25.28,25.28
2023-09-16T16:45:00-05:00,23.98,23.98,23.98,23.98
2023-09-16T17:00:00-05:00,23.52,23.52,23.52,23.52
2023-09-16T17:15:00-05:00,23.81,23.81,23.81,23.81
2023-09-16T17:30:00-05:00,24.44,24.44,24.44,24.44
2023-09-16T17:45:00-05:00,24.05,24.05,24.05,24.05
2023-09-16T18:00:00-05:00,23.68,23.68,23.68,23.68
2023-09-16T18:15:00-05:00,24.65,24.65,24.65,24.65
2023-09-16T18:30:00-05:00,25.53,25.53,25.53,25.53
2023-09-16T18:45:00-05:00,31.28,31.28,31.28,31.28
2023-09-16T19:00:00-05:00,60.44,60.44,60.44,60.44
2023-09-16T19:15:00-05:00,47.52,47.52,47.52,47.52
2023-09-16T19:30:00-05:00,42.24,32.62,50.84,109.65
2023-09-16T19:45:00-05:00,32.39,26.99,37.21,70.12
2023-09-16T20:00:00-05:00,28.41,26.78,29.86,39.78
2023-09-16T20:15:00-05:00,26.57,24.98,27.98,37.7
2023-09-16T20:30:00-05:00,25.92,24.61,26.7,38.74
2023-09-16T20:45:00-05:00,25.68,24.42,26.32,39.29
2023-09-16T21:00:00-05:00,28.39,24.34,30.93,66.96
2023-09-16T21:15:00-05:00,29.8,25.69,32.36,69.19
2023-09-16T21:30:00-05:00,30.92,26.89,33.39,69.84
2023-09-16T21:45:00-05:00,28.78,24.98,31.1,65.73
2023-09-16T22:00:00-05:00,34.53,33.02,34.88,54.53
2023-09-16T22:15:00-05:00,37.72,37.34,37.1,49.47
2023-09-16T22:30:00-05:00,31.39,30.85,30.84,45.01
2023-09-16T22:45:00-05:00,28.75,28.36,27.78,44.03
2023-09-16T23:00:00-05:00,29.97,29.82,28.86,56.4
2023-09-16T23:15:00-05:00,28.14,28.29,27.08,42.97
2023-09-16T23:30:00-05:00,27.98,27.54,27.56,46.79
2023-09-16T23:45:00-05:00,26.74,26.84,25.9,33.41
2023-09-17T00:00:00-05:00,28.15,26.87,28.34,69.67
2023-09-17T00:15:00-05:00,27.48,26.52,27.47,42.52
2023-09-17T00:30:00-05:00,27.88,25.27,29.19,56.39
2023-09-17T00:45:00-05:00,27.36,25.47,27.91,51.96
2023-09-17T01:00:00-05:00,26.61,26.13,25.97,40.6
2023-09-17T01:15:00-05:00,26.04,26.35,24.74,33.87
2023-09-17T01:30:00-05:00,24.91,24.86,24.22,32.42
2023-09-17T01:45:00-05:00,24.95,24.15,24.46,42.78
2023-09-17T02:00:00-05:00,25.67,23.43,26.26,55.8
2023-09-17T02:15:00-05:00,24.72,23.59,24.61,44.01
2023-09-17T02:30:00-05:00,24.2,22.2,24.3,55.36
2023-09-17T02:45:00-05:00,24.2,23.42,23.65,42.33
2023-09-17T03:00:00-05:00,24.54,23.67,23.53,48.96
2023-09-17T03:15:00-05:00,24.45,24.09,22.82,46.92
2023-09-17T03:30:00-05:00,23.92,23.62,21.68,51.81
2023-09-17T03:45:00-05:00,23.93,24.5,20.53,49.27
2023-09-17T04:00:00-05:00,23.65,23.93,21.0,46.26
2023-09-17T04:15:00-05:00,23.4,23.07,20.36,60.29
2023-09-17T04:30:00-05:00,23.11,22.49,20.7,58.65
2023-09-17T04:45:00-05:00,23.0,23.76,19.35,48.48
2023-09-17T05:00:00-05:00,22.83,22.5,19.77,59.8
2023-09-17T05:15:00-05:00,22.94,24.26,18.52,47.74
2023-09-17T05:30:00-05:00,22.99,22.54,23.37,44.95
2023-09-17T05:45:00-05:00,22.38,22.05,23.24,27.91
2023-09-17T06:00:00-05:00,22.56,22.55,22.56,22.6
2023-09-17T06:15:00-05:00,22.56,22.56,22.56,22.56
2023-09-17T06:30:00-05:00,22.58,22.58,22.58,22.58
2023-09-17T06:45:00-05:00,22.41,22.41,22.41,22.41
2023-09-17T07:00:00-05:00,21.66,21.66,21.63,21.66
2023-09-17T07:15:00-05:00,21.69,21.29,22.72,28.39
2023-09-17T07:30:00-05:00,21.78,21.19,23.27,31.49
2023-09-17T07:45:00-05:00,21.08,20.7,22.07,27.47
2023-09-17T08:00:00-05:00,20.41,20.41,20.42,20.45
2023-09-17T08:15:00-05:00,19.11,19.11,19.11,19.11
2023-09-17T08:30:00-05:00,18.38,18.38,18.38,18.38
2023-09-17T08:45:00-05:00,17.54,17.54,17.54,17.54
2023-09-17T09:00:00-05:00,17.4,17.4,17.4,17.4
2023-09-17T09:15:00-05:00,17.1,17.1,17.1,17.1
2023-09-17T09:30:00-05:00,17.19,17.19,17.19,17.19
2023-09-17T09:45:00-05:00,17.63,17.63,17.63,17.63
2023-09-17T10:00:00-05:00,18.11,18.11,18.11,18.11
2023-09-17T10:15:00-05:00,18.62,18.62,18.62,18.62
2023-09-17T10:30:00-05:00,19.13,19.13,19.13,19.13
2023-09-17T10:45:00-05:00,20.4,20.4,20.4,20.4
2023-09-17T11:00:00-05:00,22.31,22.31,22.31,22.31
2023-09-17T11:15:00-05:00,22.71,22.71,22.71,22.71
2023-09-17T11:30:00-05:00,22.85,22.85,22.85,22.85
2023-09-17T11:45:00-05:00,23.07,23.07,23.07,23.07
2023-09-17T12:00:00-05:00,24.52,24.52,24.52,24.52
2023-09-17T12:15:00-05:00,24.67,24.67,24.67,24.67
2023-09-17T12:30:00-05:00,25.02,25.02,25.02,25.02
2023-09-17T12:45:00-05:00,25.04,25.04,25.04,25.04
2023-09-17T13:00:00-05:00,25.74,25.74,25.74,25.74
2023-09-17T13:15:00-05:00,27.02,27.02,27.02,27.02
2023-09-17T13:30:00-05:00,29.69,29.69,29.69,29.69
2023-09-17T13:45:00-05:00,64.02,64.02,64.02,64.02
2023-09-17T14:00:00-05:00,27.2,27.2,27.2,27.2
2023-09-17T14:15:00-05:00,26.62,26.62,26.62,26.62
2023-09-17T14:30:00-05:00,26.13,26.13,26.13,26.13
2023-09-17T14:45:00-05:00,27.7,27.7,27.7,27.7
2023-09-17T15:00:00-05:00,33.15,33.15,33.15,33.15
2023-09-17T15:15:00-05:00,51.99,51.99,51.99,51.99
2023-09-17T15:30:00-05:00,39.01,39.01,39.01,39.01
2023-09-17T15:45:00-05:00,44.39,44.39,44.39,44.39
2023-09-17T16:00:00-05:00,27.62,27.62,27.62,27.62
2023-09-17T16:15:00-05:00,29.88,29.88,29.88,29.88
2023-09-17T16:30:00-05:00,35.14,35.14,35.14,35.14
2023-09-17T16:45:00-05:00,67.88,67.88,67.88,67.88
2023-09-17T17:00:00-05:00,46.23,46.23,46.23,46.23
2023-09-17T17:15:00-05:00,55.73,55.78,55.94,55.84
2023-09-17T17:30:00-05:00,37.18,37.19,37.24,37.21
2023-09-17T17:45:00-05:00,33.93,33.93,33.94,33.94
2023-09-17T18:00:00-05:00,80.63,80.63,80.63,80.63
2023-09-17T18:15:00-05:00,77.61,77.7,77.98,77.82
2023-09-17T18:30:00-05:00,506.48,507.35,510.05,508.52
2023-09-17T18:45:00-05:00,1258.38,1259.77,1264.07,1261.62
2023-09-17T19:00:00-05:00,96.25,96.37,96.77,96.54
2023-09-17T19:15:00-05:00,75.97,76.05,76.29,76.15
2023-09-17T19:30:00-05:00,75.89,75.98,76.26,76.1
2023-09-17T19:45:00-05:00,75.24,75.25,75.31,75.28
2023-09-17T20:00:00-05:00,68.2,68.23,68.32,68.27
2023-09-17T20:15:00-05:00,104.41,45.5,158.66,520.91
2023-09-17T20:30:00-05:00,27.53,27.48,27.58,27.92
2023-09-17T20:45:00-05:00,27.22,26.63,27.75,31.49
2023-09-17T21:00:00-05:00,28.15,27.59,28.66,32.14
2023-09-17T21:15:00-05:00,27.1,27.1,27.1,27.12
2023-09-17T21:30:00-05:00,28.44,26.17,30.47,44.7
2023-09-17T21:45:00-05:00,28.53,23.74,32.8,62.91
2023-09-17T22:00:00-05:00,29.39,22.6,35.42,78.12
2023-09-17T22:15:00-05:00,25.8,21.55,29.56,56.34
2023-09-17T22:30:00-05:00,24.97,22.88,26.82,40.08
2023-09-17T22:45:00-05:00,23.4,22.79,23.95,27.84
2023-09-17T23:00:00-05:00,23.98,23.98,23.98,24.01
2023-09-17T23:15:00-05:00,23.56,23.56,23.56,23.56
2023-09-17T23:30:00-05:00,23.08,23.08,23.08,23.08
2023-09-17T23:45:00-05:00,22.61,22.61,22.61,22.61
2023-09-18T00:00:00-05:00,21.98,21.98,21.98,21.98
2023-09-18T00:15:00-05:00,21.47,21.47,21.47,21.47
2023-09-18T00:30:00-05:00,21.47,21.47,21.47,21.47
2023-09-18T00:45:00-05:00,21.27,21.27,21.27,21.27
2023-09-18T01:00:00-05:00,21.04,21.04,21.04,21.04
2023-09-18T01:15:00-05:00,20.16,20.16,20.16,20.16
2023-09-18T01:30:00-05:00,19.61,19.61,19.61,19.61
2023-09-18T01:45:00-05:00,18.75,18.75,18.75,18.75
2023-09-18T02:00:00-05:00,17.83,17.83,17.83,17.83
2023-09-18T02:15:00-05:00,17.54,17.54,17.54,17.54
2023-09-18T02:30:00-05:00,17.09,17.09,17.09,17.09
2023-09-18T02:45:00-05:00,16.88,16.88,16.88,16.88
2023-09-18T03:00:00-05:00,16.88,16.88,16.88,16.88
2023-09-18T03:15:00-05:00,16.42,16.42,16.42,16.42
2023-09-18T03:30:00-05:00,15.97,15.97,15.97,15.97
2023-09-18T03:45:00-05:00,15.95,15.95,15.95,15.95
2023-09-18T04:00:00-05:00,15.66,15.66,15.66,15.66
2023-09-18T04:15:00-05:00,15.48,15.48,15.48,15.48
2023-09-18T04:30:00-05:00,15.26,15.26,15.26,15.26
2023-09-18T04:45:00-05:00,15.39,15.39,15.39,15.39
2023-09-18T05:00:00-05:00,16.23,16.23,16.23,16.23
2023-09-18T05:15:00-05:00,16.11,16.11,16.11,16.11
2023-09-18T05:30:00-05:00,15.81,15.81,15.81,15.81
2023-09-18T05:45:00-05:00,16.54,16.54,16.54,16.54
2023-09-18T06:00:00-05:00,17.79,17.79,17.79,17.79
2023-09-18T06:15:00-05:00,18.51,18.51,18.51,18.51
2023-09-18T06:30:00-05:00,19.07,19.07,19.07,19.07
2023-09-18T06:45:00-05:00,18.7,18.7,18.7,18.7
2023-09-18T07:00:00-05:00,18.92,18.92,18.92,18.92
2023-09-18T07:15:00-05:00,18.37,18.37,18.37,18.37
2023-09-18T07:30:00-05:00,17.96,17.96,17.96,17.96
2023-09-18T07:45:00-05:00,17.21,17.21,17.21,17.21
2023-09-18T08:00:00-05:00,16.73,16.73,16.73,16.73
2023-09-18T08:15:00-05:00,15.36,15.36,15.36,15.36
2023-09-18T08:30:00-05:00,13.34,13.34,13.34,13.34
2023-09-18T08:45:00-05:00,12.96,12.96,12.96,12.96
2023-09-18T09:00:00-05:00,14.27,14.27,14.27,14.27
2023-09-18T09:15:00-05:00,15.19,15.19,15.19,15.19
2023-09-18T09:30:00-05:00,15.62,15.62,15.62,15.62
2023-09-18T09:45:00-05:00,15.84,15.81,16.13,15.79
2023-09-18T10:00:00-05:00,15.99,15.87,17.41,15.75
2023-09-18T10:15:00-05:00,15.62,15.48,17.15,15.36
2023-09-18T10:30:00-05:00,16.02,15.88,17.6,15.74
2023-09-18T10:45:00-05:00,16.77,16.5,18.62,16.22
2023-09-18T11:00:00-05:00,17.78,16.89,18.79,15.94
2023-09-18T11:15:00-05:00,18.54,17.55,19.81,16.44
2023-09-18T11:30:00-05:00,18.45,19.05,18.86,19.51
2023-09-18T11:45:00-05:00,18.56,21.55,18.3,24.19
2023-09-18T12:00:00-05:00,19.96,24.55,19.23,28.86
2023-09-18T12:15:00-05:00,20.9,25.84,20.01,30.67
2023-09-18T12:30:00-05:00,21.45,26.76,20.49,32.17
2023-09-18T12:45:00-05:00,21.13,26.14,20.22,31.39
2023-09-18T13:00:00-05:00,21.56,26.63,20.64,32.14
2023-09-18T13:15:00-05:00,22.61,27.51,21.73,33.01
2023-09-18T13:30:00-05:00,23.11,27.03,22.4,31.61
2023-09-18T13:45:00-05:00,24.59,26.22,24.3,28.14
2023-09-18T14:00:00-05:00,24.93,25.08,24.9,25.26
2023-09-18T14:15:00-05:00,26.56,29.78,25.97,33.96
2023-09-18T14:30:00-05:00,26.05,30.85,25.2,37.86
2023-09-18T14:45:00-05:00,34.07,34.16,34.06,34.29
2023-09-18T15:00:00-05:00,26.82,26.82,26.82,26.82
2023-09-18T15:15:00-05:00,27.93,27.93,27.93,27.93
2023-09-18T15:30:00-05:00,29.19,29.19,29.19,29.19
2023-09-18T15:45:00-05:00,28.76,28.76,28.76,28.76
2023-09-18T16:00:00-05:00,30.02,30.42,31.17,30.98
2023-09-18T16:15:00-05:00,47.72,49.21,55.37,52.51
2023-09-18T16:30:00-05:00,54.85,56.57,63.78,60.35
2023-09-18T16:45:00-05:00,29.95,30.7,33.48,32.08
2023-09-18T17:00:00-05:00,26.17,26.84,24.96,26.64
2023-09-18T17:15:00-05:00,27.97,28.31,26.52,27.92
2023-09-18T17:30:00-05:00,29.32,29.58,28.12,29.25
2023-09-18T17:45:00-05:00,40.61,41.87,39.01,41.75
2023-09-18T18:00:00-05:00,48.02,51.81,50.96,54.6
2023-09-18T18:15:00-05:00,67.97,75.21,74.43,80.84
2023-09-18T18:30:00-05:00,66.35,73.1,72.05,87.67
2023-09-18T18:45:00-05:00,61.07,65.68,64.32,96.68
2023-09-18T19:00:00-05:00,49.59,54.62,59.58,67.92
2023-09-18T19:15:00-05:00,61.81,66.08,65.01,99.59
2023-09-18T19:30:00-05:00,45.86,46.63,64.33,76.2
2023-09-18T19:45:00-05:00,29.45,30.77,48.39,55.97
2023-09-18T20:00:00-05:00,29.12,30.27,48.28,58.05
2023-09-18T20:15:00-05:00,26.69,26.1,35.24,46.75
2023-09-18T20:30:00-05:00,25.25,22.4,27.4,65.33
2023-09-18T20:45:00-05:00,24.06,21.46,25.92,57.51
2023-09-18T21:00:00-05:00,24.54,21.49,27.0,66.38
2023-09-18T21:15:00-05:00,22.53,20.98,23.61,31.11
2023-09-18T21:30:00-05:00,22.01,20.49,23.07,30.42
2023-09-18T21:45:00-05:00,20.36,18.94,21.34,28.19
2023-09-18T22:00:00-05:00,19.03,17.69,19.95,26.39
2023-09-18T22:15:00-05:00,17.92,16.64,18.79,24.9
2023-09-18T22:30:00-05:00,16.08,14.91,16.87,22.41
2023-09-18T22:45:00-05:00,15.13,14.37,15.64,19.23
2023-09-18T23:00:00-05:00,15.96,15.96,15.96,15.96
2023-09-18T23:15:00-05:00,15.98,15.94,15.76,7.23
2023-09-18T23:30:00-05:00,15.38,15.32,15.05,2.19
2023-09-18T23:45:00-05:00,13.82,13.57,13.73,2.08
2023-09-19T00:00:00-05:00,13.25,12.97,13.22,2.1
2023-09-19T00:15:00-05:00,12.95,12.78,12.81,2.2
2023-09-19T00:30:00-05:00,11.26,11.05,11.21,2.13
2023-09-19T00:45:00-05:00,8.36,8.32,8.21,2.09
2023-09-19T01:00:00-05:00,1.78,1.78,1.78,1.78
2023-09-19T01:15:00-05:00,0.88,0.88,0.89,1.18
2023-09-19T01:30:00-05:00,1.4,1.4,1.41,1.83
2023-09-19T01:45:00-05:00,-0.7,-0.72,-0.68,0.32
2023-09-19T02:00:00-05:00,-0.88,-0.9,-0.86,0.07
2023-09-19T02:15:00-05:00,-1.23,-1.25,-1.21,-0.43
2023-09-19T02:30:00-05:00,-1.17,-1.19,-1.15,-0.34
2023-09-19T02:45:00-05:00,-0.82,-0.83,-0.81,-0.22
2023-09-19T03:00:00-05:00,-1.13,-1.14,-1.11,-0.54
2023-09-19T03:15:00-05:00,-1.51,-1.52,-1.5,-1.32
2023-09-19T03:30:00-05:00,-2.01,-2.03,-2.0,-1.79
2023-09-19T03:45:00-05:00,-2.19,-2.21,-2.18,-1.96
2023-09-19T04:00:00-05:00,-1.89,-1.9,-1.87,-1.67
2023-09-19T04:15:00-05:00,-1.68,-1.69,-1.67,-1.48
2023-09-19T04:30:00-05:00,-0.54,-0.55,-0.54,-0.42
2023-09-19T04:45:00-05:00,1.23,1.23,1.23,1.26
2023-09-19T05:00:00-05:00,12.6,12.6,12.6,12.6
2023-09-19T05:15:00-05:00,14.28,14.28,14.28,14.28
2023-09-19T05:30:00-05:00,14.73,14.73,14.73,14.73
2023-09-19T05:45:00-05:00,15.76,15.76,15.76,15.76
2023-09-19T06:00:00-05:00,17.26,17.26,17.26,17.26
2023-09-19T06:15:00-05:00,18.42,18.38,18.45,20.76
2023-09-19T06:30:00-05:00,19.52,19.28,19.76,36.82
2023-09-19T06:45:00-05:00,21.16,20.24,22.07,86.87
2023-09-19T07:00:00-05:00,20.46,19.84,21.08,62.76
2023-09-19T07:15:00-05:00,19.86,19.23,20.42,65.57
2023-09-19T07:30:00-05:00,19.95,19.43,20.4,57.09
2023-09-19T07:45:00-05:00,18.82,18.64,18.99,32.02
2023-09-19T08:00:00-05:00,18.57,18.33,18.78,35.9
2023-09-19T08:15:00-05:00,17.88,17.8,17.94,22.87
2023-09-19T08:30:00-05:00,17.43,17.48,17.35,17.46
2023-09-19T08:45:00-05:00,15.92,15.71,16.29,15.31
2023-09-19T09:00:00-05:00,16.81,16.16,17.35,15.07
2023-09-19T09:15:00-05:00,17.75,15.39,18.77,14.82
2023-09-19T09:30:00-05:00,17.84,11.78,20.82,4.27
2023-09-19T09:45:00-05:00,17.1,10.7,20.25,2.81
2023-09-19T10:00:00-05:00,17.05,10.54,20.16,2.46
2023-09-19T10:15:00-05:00,16.96,10.97,19.68,3.41
2023-09-19T10:30:00-05:00,16.84,10.56,19.7,2.64
2023-09-19T10:45:00-05:00,16.64,10.3,19.52,2.28
2023-09-19T11:00:00-05:00,18.33,11.19,21.58,2.43
2023-09-19T11:15:00-05:00,19.54,12.03,22.99,2.77
2023-09-19T11:30:00-05:00,20.93,12.96,24.63,3.13
2023-09-19T11:45:00-05:00,20.33,12.6,23.86,3.06
2023-09-19T12:00:00-05:00,20.62,13.42,23.91,4.52
2023-09-19T12:15:00-05:00,23.76,15.44,27.78,5.35
2023-09-19T12:30:00-05:00,25.71,16.87,30.09,6.21
2023-09-19T12:45:00-05:00,25.52,16.59,30.23,5.81
2023-09-19T13:00:00-05:00,24.18,15.7,28.53,5.49
2023-09-19T13:15:00-05:00,25.24,16.57,29.52,6.14
2023-09-19T13:30:00-05:00,28.02,19.05,32.43,8.24
2023-09-19T13:45:00-05:00,26.18,20.97,28.63,14.53
2023-09-19T14:00:00-05:00,24.41,24.5,24.2,24.31
2023-09-19T14:15:00-05:00,25.39,25.57,25.13,25.48
2023-09-19T14:30:00-05:00,25.41,25.5,25.28,25.46
2023-09-19T14:45:00-05:00,24.91,24.79,24.89,24.8
2023-09-19T15:00:00-05:00,28.48,26.73,28.22,26.9
2023-09-19T15:15:00-05:00,28.19,26.31,27.94,26.51
2023-09-19T15:30:00-05:00,26.69,26.15,26.87,26.25
2023-09-19T15:45:00-05:00,27.17,26.14,28.05,26.45
2023-09-19T16:00:00-05:00,25.76,23.78,28.95,24.67
2023-09-19T16:15:00-05:00,28.28,25.76,32.37,26.91
2023-09-19T16:30:00-05:00,26.81,24.89,30.14,26.05
2023-09-19T16:45:00-05:00,27.53,27.27,28.01,27.47
2023-09-19T17:00:00-05:00,26.44,26.44,26.44,26.44
2023-09-19T17:15:00-05:00,29.85,28.95,31.32,29.35
2023-09-19T17:30:00-05:00,22.96,27.26,27.65,27.32
2023-09-19T17:45:00-05:00,25.42,25.42,25.42,25.42
2023-09-19T18:00:00-05:00,25.22,25.22,25.22,25.22
2023-09-19T18:15:00-05:00,28.94,28.94,28.94,28.94
2023-09-19T18:30:00-05:00,28.92,35.08,35.08,35.08
2023-09-19T18:45:00-05:00,37.56,37.58,37.58,37.58
2023-09-19T19:00:00-05:00,38.05,38.3,39.21,38.76
2023-09-19T19:15:00-05:00,34.45,34.47,42.53,68.99
2023-09-19T19:30:00-05:00,30.98,28.86,43.28,128.12
2023-09-19T19:45:00-05:00,26.88,22.62,31.61,104.01
2023-09-19T20:00:00-05:00,29.92,26.85,33.03,96.97
2023-09-19T20:15:00-05:00,25.93,24.19,27.84,77.16
2023-09-19T20:30:00-05:00,23.14,23.66,23.0,48.34
2023-09-19T20:45:00-05:00,24.1,23.89,24.7,64.44
2023-09-19T21:00:00-05:00,24.31,23.93,24.99,59.99
2023-09-19T21:15:00-05:00,23.65,22.79,24.7,58.66
2023-09-19T21:30:00-05:00,22.38,21.21,23.56,48.66
2023-09-19T21:45:00-05:00,22.09,21.42,22.99,58.25
2023-09-19T22:00:00-05:00,21.31,21.08,21.74,42.99
2023-09-19T22:15:00-05:00,21.71,21.41,22.13,38.65
2023-09-19T22:30:00-05:00,21.67,21.5,21.89,31.39
2023-09-19T22:45:00-05:00,20.41,20.29,20.58,28.38
2023-09-19T23:00:00-05:00,20.24,20.08,20.46,31.01
2023-09-19T23:15:00-05:00,19.74,19.61,19.96,30.3
2023-09-19T23:30:00-05:00,17.75,17.63,17.94,27.4
2023-09-19T23:45:00-05:00,17.12,17.0,17.3,26.51
2023-09-20T00:00:00-05:00,17.41,17.37,17.48,20.76
2023-09-20T00:15:00-05:00,17.05,16.91,17.24,26.5
2023-09-20T00:30:00-05:00,16.4,16.26,16.58,25.52
2023-09-20T00:45:00-05:00,14.44,14.35,14.56,20.4
2023-09-20T01:00:00-05:00,14.7,14.7,14.7,14.83
2023-09-20T01:15:00-05:00,14.94,14.88,15.02,18.94
2023-09-20T01:30:00-05:00,14.73,14.65,14.83,19.9
2023-09-20T01:45:00-05:00,14.7,14.65,14.77,17.88
2023-09-20T02:00:00-05:00,14.6,14.52,14.69,19.42
2023-09-20T02:15:00-05:00,14.34,14.29,14.4,17.47
2023-09-20T02:30:00-05:00,12.21,12.18,12.26,14.52
2023-09-20T02:45:00-05:00,11.75,11.72,11.79,13.58
2023-09-20T03:00:00-05:00,12.35,12.35,12.35,12.35
2023-09-20T03:15:00-05:00,11.72,11.72,11.72,11.72
2023-09-20T03:30:00-05:00,13.35,13.35,13.35,13.35
2023-09-20T03:45:00-05:00,14.3,14.3,14.3,14.3
2023-09-20T04:00:00-05:00,15.8,15.8,15.8,15.8
2023-09-20T04:15:00-05:00,16.36,16.36,16.36,16.36
2023-09-20T04:30:00-05:00,16.39,16.39,16.39,16.39
2023-09-20T04:45:00-05:00,16.64,16.64,16.64,16.64
2023-09-20T05:00:00-05:00,16.79,16.79,16.79,16.79
2023-09-20T05:15:00-05:00,17.12,17.12,17.12,17.12
2023-09-20T05:30:00-05:00,17.82,17.82,17.82,17.82
2023-09-20T05:45:00-05:00,18.02,18.02,18.02,18.02
2023-09-20T06:00:00-05:00,18.49,18.49,18.49,18.49
2023-09-20T06:15:00-05:00,19.18,19.18,19.18,19.18
2023-09-20T06:30:00-05:00,20.12,20.12,20.12,20.12
2023-09-20T06:45:00-05:00,21.21,21.21,21.21,21.21
2023-09-20T07:00:00-05:00,21.91,21.91,21.91,21.91
2023-09-20T07:15:00-05:00,21.9,21.9,21.9,21.9
2023-09-20T07:30:00-05:00,21.01,21.01,21.01,21.01
2023-09-20T07:45:00-05:00,19.61,19.61,19.61,19.61
2023-09-20T08:00:00-05:00,18.4,18.4,18.4,18.4
2023-09-20T08:15:00-05:00,17.3,17.3,17.3,17.3
2023-09-20T08:30:00-05:00,17.04,17.04,17.04,17.04
2023-09-20T08:45:00-05:00,17.08,17.14,17.01,17.11
2023-09-20T09:00:00-05:00,17.31,17.37,17.22,17.34
2023-09-20T09:15:00-05:00,17.82,18.0,17.56,17.9
2023-09-20T09:30:00-05:00,18.46,18.59,18.29,18.52
2023-09-20T09:45:00-05:00,18.68,18.8,18.5,18.74
2023-09-20T10:00:00-05:00,18.99,19.06,18.88,19.02
2023-09-20T10:15:00-05:00,19.12,19.24,18.92,19.17
2023-09-20T10:30:00-05:00,20.05,19.41,19.6,19.46
2023-09-20T10:45:00-05:00,22.78,21.71,21.98,21.77
2023-09-20T11:00:00-05:00,22.97,22.45,22.4,22.44
2023-09-20T11:15:00-05:00,24.69,24.77,24.57,24.73
2023-09-20T11:30:00-05:00,24.78,24.5,24.65,24.54
2023-09-20T11:45:00-05:00,27.23,23.08,25.18,23.49
2023-09-20T12:00:00-05:00,25.95,25.79,25.87,25.8
2023-09-20T12:15:00-05:00,27.04,27.04,27.04,27.04
2023-09-20T12:30:00-05:00,27.14,27.14,27.14,27.14
2023-09-20T12:45:00-05:00,22.94,29.11,29.11,29.11
2023-09-20T13:00:00-05:00,29.31,29.31,29.31,29.31
2023-09-20T13:15:00-05:00,36.42,36.42,36.42,36.42
2023-09-20T13:30:00-05:00,58.46,58.46,58.46,58.46
2023-09-20T13:45:00-05:00,39.01,39.01,39.01,39.01
2023-09-20T14:00:00-05:00,29.94,29.94,29.94,29.94
2023-09-20T14:15:00-05:00,29.89,29.89,29.88,29.89
2023-09-20T14:30:00-05:00,28.79,28.79,28.75,28.78
2023-09-20T14:45:00-05:00,33.88,33.87,33.74,33.85
2023-09-20T15:00:00-05:00,50.14,50.11,49.72,50.03
2023-09-20T15:15:00-05:00,64.96,64.9,64.27,64.77
2023-09-20T15:30:00-05:00,42.2,42.19,42.01,42.15
2023-09-20T15:45:00-05:00,37.41,38.57,39.89,39.08
2023-09-20T16:00:00-05:00,61.37,63.0,71.68,67.23
2023-09-20T16:15:00-05:00,69.76,72.57,85.08,78.73
2023-09-20T16:30:00-05:00,72.89,76.52,91.57,84.07
2023-09-20T16:45:00-05:00,69.59,73.15,88.09,80.62
2023-09-20T17:00:00-05:00,66.51,70.05,85.14,77.52
2023-09-20T17:15:00-05:00,65.91,69.49,84.67,76.96
2023-09-20T17:30:00-05:00,69.88,73.51,88.56,80.95
2023-09-20T17:45:00-05:00,200.42,208.05,208.16,212.35
2023-09-20T18:00:00-05:00,133.86,139.16,154.52,146.38
2023-09-20T18:15:00-05:00,297.14,299.13,314.69,315.24
2023-09-20T18:30:00-05:00,147.96,146.83,169.6,169.16
2023-09-20T18:45:00-05:00,411.59,399.76,438.22,457.15
2023-09-20T19:00:00-05:00,165.58,163.85,187.43,189.36
2023-09-20T19:15:00-05:00,150.47,150.5,171.05,170.35
2023-09-20T19:30:00-05:00,95.65,120.23,119.47,126.72
2023-09-20T19:45:00-05:00,80.91,108.38,102.81,105.79
2023-09-20T20:00:00-05:00,63.69,88.68,82.83,79.62
2023-09-20T20:15:00-05:00,47.57,57.6,67.39,82.08
2023-09-20T20:30:00-05:00,35.9,39.68,55.12,65.55
2023-09-20T20:45:00-05:00,36.77,37.3,39.36,66.09
2023-09-20T21:00:00-05:00,36.86,35.77,37.88,65.48
2023-09-20T21:15:00-05:00,33.41,31.63,35.52,62.1
2023-09-20T21:30:00-05:00,27.23,26.98,27.72,33.15
2023-09-20T21:45:00-05:00,26.7,26.51,27.12,31.64
2023-09-20T22:00:00-05:00,27.38,27.12,27.66,31.29
2023-09-20T22:15:00-05:00,26.89,26.84,27.06,38.13
2023-09-20T22:30:00-05:00,26.4,26.67,26.31,39.4
2023-09-20T22:45:00-05:00,24.89,25.14,24.8,37.23
2023-09-20T23:00:00-05:00,24.38,24.58,24.31,34.53
2023-09-20T23:15:00-05:00,24.56,24.64,24.53,28.52
2023-09-20T23:30:00-05:00,24.18,24.18,24.18,24.18
2023-09-20T23:45:00-05:00,22.81,22.87,22.8,25.41
2023-09-21T00:00:00-05:00,26.08,26.21,26.04,32.4
2023-09-21T00:15:00-05:00,25.66,25.84,25.6,34.72
2023-09-21T00:30:00-05:00,23.91,24.02,23.88,29.07
2023-09-21T00:45:00-05:00,22.8,22.97,22.75,30.97
2023-09-21T01:00:00-05:00,21.99,22.0,21.99,22.3
2023-09-21T01:15:00-05:00,20.78,20.78,20.78,20.78
2023-09-21T01:30:00-05:00,20.33,20.33,20.33,20.33
2023-09-21T01:45:00-05:00,19.93,19.93,19.93,19.93
2023-09-21T02:00:00-05:00,20.03,20.1,20.0,23.65
2023-09-21T02:15:00-05:00,19.45,19.56,19.4,25.15
2023-09-21T02:30:00-05:00,18.81,18.92,18.77,24.49
2023-09-21T02:45:00-05:00,18.92,19.12,18.85,29.11
2023-09-21T03:00:00-05:00,18.89,18.96,18.87,22.51
2023-09-21T03:15:00-05:00,19.26,19.28,19.26,20.11
2023-09-21T03:30:00-05:00,19.61,19.62,19.61,19.7
2023-09-21T03:45:00-05:00,20.11,20.26,19.92,21.45
2023-09-21T04:00:00-05:00,20.98,20.99,20.96,21.08
2023-09-21T04:15:00-05:00,22.17,21.33,22.98,35.26
2023-09-21T04:30:00-05:00,21.76,20.6,22.88,38.94
2023-09-21T04:45:00-05:00,21.49,20.63,22.32,34.19
2023-09-21T05:00:00-05:00,22.99,21.85,24.08,39.69
2023-09-21T05:15:00-05:00,23.47,22.49,24.42,37.96
2023-09-21T05:30:00-05:00,25.23,23.59,26.67,59.19
2023-09-21T05:45:00-05:00,23.59,22.62,23.85,55.08
2023-09-21T06:00:00-05:00,23.91,23.39,24.72,50.28
2023-09-21T06:15:00-05:00,25.79,24.75,27.42,51.59
2023-09-21T06:30:00-05:00,28.7,26.29,33.41,95.3
2023-09-21T06:45:00-05:00,26.43,25.2,27.69,46.65
2023-09-21T07:00:00-05:00,26.46,24.57,29.31,60.92
2023-09-21T07:15:00-05:00,25.92,24.29,28.74,58.16
2023-09-21T07:30:00-05:00,25.98,24.38,28.11,57.22
2023-09-21T07:45:00-05:00,26.17,23.81,28.57,61.73
2023-09-21T08:00:00-05:00,25.8,23.1,28.44,64.75
2023-09-21T08:15:00-05:00,25.29,24.03,26.51,43.4
2023-09-21T08:30:00-05:00,25.75,25.34,26.16,31.74
2023-09-21T08:45:00-05:00,26.68,25.92,27.43,37.61
2023-09-21T09:00:00-05:00,26.91,26.9,26.91,26.96
2023-09-21T09:15:00-05:00,24.23,24.23,24.23,24.23
2023-09-21T09:30:00-05:00,26.7,26.7,26.7,26.7
2023-09-21T09:45:00-05:00,28.35,28.35,28.35,28.35
2023-09-21T10:00:00-05:00,26.06,26.06,26.06,26.06
2023-09-21T10:15:00-05:00,25.85,25.93,25.72,25.88
2023-09-21T10:30:00-05:00,27.99,28.0,27.99,28.0
2023-09-21T10:45:00-05:00,26.74,26.74,26.74,26.74
2023-09-21T11:00:00-05:00,23.14,23.14,23.14,23.14
2023-09-21T11:15:00-05:00,23.24,23.24,23.24,23.24
2023-09-21T11:30:00-05:00,24.23,24.23,24.23,24.23
2023-09-21T11:45:00-05:00,24.36,24.36,24.35,24.36
2023-09-21T12:00:00-05:00,31.02,28.28,27.05,28.0
2023-09-21T12:15:00-05:00,49.31,49.18,49.09,49.17
2023-09-21T12:30:00-05:00,79.87,79.87,79.79,79.87
2023-09-21T12:45:00-05:00,53.31,53.31,53.26,53.31
2023-09-21T13:00:00-05:00,61.01,61.02,60.94,61.01
2023-09-21T13:15:00-05:00,63.6,56.98,54.59,56.42
2023-09-21T13:30:00-05:00,83.6,85.53,77.64,83.69
2023-09-21T13:45:00-05:00,126.88,136.53,95.43,126.91
2023-09-21T14:00:00-05:00,108.46,142.03,81.3,114.56
2023-09-21T14:15:00-05:00,83.77,127.86,66.77,93.27
2023-09-21T14:30:00-05:00,105.47,110.93,85.56,114.57
2023-09-21T14:45:00-05:00,120.74,135.83,97.35,142.7
2023-09-21T15:00:00-05:00,31.2,34.98,30.11,34.84
2023-09-21T15:15:00-05:00,71.44,81.79,60.01,85.05
2023-09-21T15:30:00-05:00,111.59,125.82,90.62,132.38
2023-09-21T15:45:00-05:00,57.29,67.3,71.34,75.12
2023-09-21T16:00:00-05:00,76.48,86.69,93.94,93.08
2023-09-21T16:15:00-05:00,57.97,66.86,75.2,79.05
2023-09-21T16:30:00-05:00,47.99,55.09,69.18,63.11
2023-09-21T16:45:00-05:00,36.08,36.22,63.13,44.84
2023-09-21T17:00:00-05:00,31.58,30.12,50.6,45.77
2023-09-21T17:15:00-05:00,33.59,31.98,54.29,48.85
2023-09-21T17:30:00-05:00,37.47,34.3,54.21,51.03
2023-09-21T17:45:00-05:00,32.28,29.75,49.97,44.84
2023-09-21T18:00:00-05:00,31.49,29.38,47.98,45.23
2023-09-21T18:15:00-05:00,62.82,60.24,97.88,94.83
2023-09-21T18:30:00-05:00,40.51,40.29,67.52,67.21
2023-09-21T18:45:00-05:00,81.05,78.21,117.22,120.83
2023-09-21T19:00:00-05:00,46.42,45.94,67.81,75.2
2023-09-21T19:15:00-05:00,44.95,44.57,65.35,73.7
2023-09-21T19:30:00-05:00,46.72,46.23,66.61,75.64
2023-09-21T19:45:00-05:00,38.93,39.04,58.46,65.07
2023-09-21T20:00:00-05:00,38.14,38.25,58.03,63.88
2023-09-21T20:15:00-05:00,31.31,31.42,47.87,52.75
2023-09-21T20:30:00-05:00,31.72,29.36,33.56,42.68
2023-09-21T20:45:00-05:00,27.4,27.36,27.43,27.58
2023-09-21T21:00:00-05:00,27.02,27.02,27.02,27.02
2023-09-21T21:15:00-05:00,26.79,26.79,26.79,26.79
2023-09-21T21:30:00-05:00,25.48,25.48,25.48,25.48
2023-09-21T21:45:00-05:00,24.38,24.38,24.38,24.38
2023-09-21T22:00:00-05:00,25.44,25.48,25.46,25.49
2023-09-21T22:15:00-05:00,25.58,25.58,25.58,25.58
2023-09-21T22:30:00-05:00,24.73,24.73,24.73,24.73
2023-09-21T22:45:00-05:00,22.87,22.87,22.87,22.87
2023-09-21T23:00:00-05:00,23.3,23.3,23.3,23.3
2023-09-21T23:15:00-05:00,22.23,22.23,22.23,22.23
2023-09-21T23:30:00-05:00,22.54,22.54,22.54,22.54
2023-09-21T23:45:00-05:00,21.76,21.76,21.76,21.76
2023-09-22T00:00:00-05:00,22.87,22.87,22.87,22.87
2023-09-22T00:15:00-05:00,21.76,21.76,21.76,21.76
2023-09-22T00:30:00-05:00,21.27,21.49,21.19,32.26
2023-09-22T00:45:00-05:00,21.02,21.24,20.95,32.14
2023-09-22T01:00:00-05:00,20.86,20.93,20.83,24.75
2023-09-22T01:15:00-05:00,20.02,20.02,20.02,20.02
2023-09-22T01:30:00-05:00,18.4,18.4,18.4,18.4
2023-09-22T01:45:00-05:00,17.78,17.78,17.78,17.78
2023-09-22T02:00:00-05:00,17.03,16.14,17.95,34.98
2023-09-22T02:15:00-05:00,17.1,16.03,18.24,40.71
2023-09-22T02:30:00-05:00,16.93,15.87,18.05,40.25
2023-09-22T02:45:00-05:00,16.51,15.46,17.63,39.65
2023-09-22T03:00:00-05:00,16.01,15.37,16.63,25.58
2023-09-22T03:15:00-05:00,15.66,14.53,16.52,23.24
2023-09-22T03:30:00-05:00,15.95,15.15,16.53,19.87
2023-09-22T03:45:00-05:00,16.21,15.77,16.63,22.35
2023-09-22T04:00:00-05:00,16.96,16.07,17.84,30.41
2023-09-22T04:15:00-05:00,16.95,15.78,18.09,34.56
2023-09-22T04:30:00-05:00,16.78,15.76,17.77,32.21
2023-09-22T04:45:00-05:00,16.88,15.51,18.22,37.64
2023-09-22T05:00:00-05:00,19.08,17.1,21.0,49.18
2023-09-22T05:15:00-05:00,18.1,16.5,19.65,42.23
2023-09-22T05:30:00-05:00,18.62,16.71,20.48,47.52
2023-09-22T05:45:00-05:00,18.36,16.7,19.99,43.26
2023-09-22T06:00:00-05:00,18.71,17.37,20.02,38.73
2023-09-22T06:15:00-05:00,19.37,18.63,20.09,30.34
2023-09-22T06:30:00-05:00,20.31,19.87,20.75,26.88
2023-09-22T06:45:00-05:00,20.56,20.11,21.0,27.18
2023-09-22T07:00:00-05:00,21.45,20.74,22.16,32.03
2023-09-22T07:15:00-05:00,21.67,21.18,22.15,28.83
2023-09-22T07:30:00-05:00,20.79,20.4,21.16,26.46
2023-09-22T07:45:00-05:00,20.0,19.84,20.16,22.41
2023-09-22T08:00:00-05:00,19.48,19.48,19.48,19.48
2023-09-22T08:15:00-05:00,19.51,19.51,19.51,19.51
2023-09-22T08:30:00-05:00,19.23,19.23,19.23,19.23
2023-09-22T08:45:00-05:00,18.42,18.42,18.42,18.42
2023-09-22T09:00:00-05:00,18.36,18.36,18.36,18.36
2023-09-22T09:15:00-05:00,18.11,17.59,18.39,16.91
2023-09-22T09:30:00-05:00,18.25,17.25,19.02,2.3
2023-09-22T09:45:00-05:00,18.1,16.36,19.22,1.45
2023-09-22T10:00:00-05:00,19.83,17.19,21.59,1.65
2023-09-22T10:15:00-05:00,21.99,18.31,24.78,2.3
2023-09-22T10:30:00-05:00,24.3,20.11,26.03,1.95
2023-09-22T10:45:00-05:00,27.84,21.98,30.06,2.71
2023-09-22T11:00:00-05:00,71.39,20.08,26.93,2.93
2023-09-22T11:15:00-05:00,96.78,21.46,27.58,3.45
2023-09-22T11:30:00-05:00,95.88,20.83,27.09,4.51
2023-09-22T11:45:00-05:00,27.67,20.72,28.05,5.48
2023-09-22T12:00:00-05:00,27.58,24.33,22.99,16.84
2023-09-22T12:15:00-05:00,27.16,25.81,22.35,23.86
2023-09-22T12:30:00-05:00,26.88,26.06,24.96,25.8
2023-09-22T12:45:00-05:00,26.24,25.45,24.72,25.28
2023-09-22T13:00:00-05:00,28.8,28.15,27.3,27.96
2023-09-22T13:15:00-05:00,37.37,33.67,32.35,33.37
2023-09-22T13:30:00-05:00,70.5,67.99,64.33,67.14
2023-09-22T13:45:00-05:00,47.22,41.23,35.95,40.03
2023-09-22T14:00:00-05:00,48.24,42.93,38.76,42.0
2023-09-22T14:15:00-05:00,40.62,36.87,34.74,36.69
2023-09-22T14:30:00-05:00,43.43,38.23,35.53,40.02
2023-09-22T14:45:00-05:00,59.37,55.41,53.22,60.29
2023-09-22T15:00:00-05:00,51.3,49.74,57.67,54.91
2023-09-22T15:15:00-05:00,38.62,34.66,57.31,38.39
2023-09-22T15:30:00-05:00,136.82,110.29,138.7,120.82
2023-09-22T15:45:00-05:00,61.47,37.54,113.11,48.7
2023-09-22T16:00:00-05:00,45.3,41.62,71.07,46.98
2023-09-22T16:15:00-05:00,67.03,54.03,127.03,65.15
2023-09-22T16:30:00-05:00,82.6,75.21,171.58,80.79
2023-09-22T16:45:00-05:00,60.62,46.98,128.02,58.11
2023-09-22T17:00:00-05:00,36.6,34.57,64.95,38.05
2023-09-22T17:15:00-05:00,38.35,37.33,64.16,40.59
2023-09-22T17:30:00-05:00,32.86,31.95,54.79,33.88
2023-09-22T17:45:00-05:00,36.03,35.01,58.72,36.36
2023-09-22T18:00:00-05:00,59.75,59.45,95.8,59.86
2023-09-22T18:15:00-05:00,92.33,92.19,140.51,92.61
2023-09-22T18:30:00-05:00,157.12,153.09,216.53,170.96
2023-09-22T18:45:00-05:00,236.32,225.52,288.24,265.02
2023-09-22T19:00:00-05:00,231.03,228.03,283.23,242.69
2023-09-22T19:15:00-05:00,138.25,138.35,150.11,137.97
2023-09-22T19:30:00-05:00,72.57,70.88,71.27,76.69
2023-09-22T19:45:00-05:00,37.27,36.68,37.61,39.92
2023-09-22T20:00:00-05:00,32.18,30.17,34.24,63.09
2023-09-22T20:15:00-05:00,27.85,26.06,29.74,57.33
2023-09-22T20:30:00-05:00,25.94,24.67,27.38,55.38
2023-09-22T20:45:00-05:00,25.82,24.82,26.98,52.14
2023-09-22T21:00:00-05:00,25.77,24.86,26.83,51.0
2023-09-22T21:15:00-05:00,25.58,25.1,26.21,46.02
2023-09-22T21:30:00-05:00,23.9,23.84,24.12,38.99
2023-09-22T21:45:00-05:00,23.08,22.84,23.8,33.55
2023-09-22T22:00:00-05:00,23.15,22.89,23.7,33.53
2023-09-22T22:15:00-05:00,24.16,23.33,25.54,40.56
2023-09-22T22:30:00-05:00,23.77,23.01,24.95,41.54
2023-09-22T22:45:00-05:00,22.98,21.9,24.3,46.63
2023-09-22T23:00:00-05:00,23.35,22.95,23.83,38.14
2023-09-22T23:15:00-05:00,22.99,22.64,23.44,38.87
2023-09-22T23:30:00-05:00,22.48,22.1,22.93,35.86
2023-09-22T23:45:00-05:00,21.77,21.74,21.88,31.11
2023-09-23T00:00:00-05:00,21.5,21.52,21.59,30.6
2023-09-23T00:15:00-05:00,21.92,21.61,22.34,39.09
2023-09-23T00:30:00-05:00,22.23,21.92,22.66,39.62
2023-09-23T00:45:00-05:00,21.9,21.24,22.71,37.88
2023-09-23T01:00:00-05:00,21.66,20.97,22.43,28.65
2023-09-23T01:15:00-05:00,21.17,20.6,21.77,21.75
2023-09-23T01:30:00-05:00,21.07,21.0,21.14,21.51
2023-09-23T01:45:00-05:00,20.85,20.6,21.09,24.5
2023-09-23T02:00:00-05:00,20.29,19.79,20.76,27.45
2023-09-23T02:15:00-05:00,19.15,18.39,19.88,30.19
2023-09-23T02:30:00-05:00,18.79,17.7,19.82,34.56
2023-09-23T02:45:00-05:00,18.9,17.75,20.01,38.05
2023-09-23T03:00:00-05:00,18.23,17.46,18.96,29.47
2023-09-23T03:15:00-05:00,18.42,17.44,19.34,32.64
2023-09-23T03:30:00-05:00,18.66,17.59,19.69,34.44
2023-09-23T03:45:00-05:00,18.42,17.38,19.4,33.66
2023-09-23T04:00:00-05:00,18.54,17.6,19.43,32.36
2023-09-23T04:15:00-05:00,17.69,17.11,18.24,26.2
2023-09-23T04:30:00-05:00,17.36,16.83,17.86,25.16
2023-09-23T04:45:00-05:00,17.68,16.99,18.34,27.86
2023-09-23T05:00:00-05:00,17.63,16.66,18.55,31.97
2023-09-23T05:15:00-05:00,18.72,17.74,19.65,33.22
2023-09-23T05:30:00-05:00,18.54,17.48,19.53,34.07
2023-09-23T05:45:00-05:00,18.55,17.51,19.54,33.87
2023-09-23T06:00:00-05:00,18.6,17.2,19.92,39.23
2023-09-23T06:15:00-05:00,18.32,17.12,19.45,35.86
2023-09-23T06:30:00-05:00,18.54,17.14,19.85,39.1
2023-09-23T06:45:00-05:00,18.97,17.55,20.29,39.63
2023-09-23T07:00:00-05:00,19.07,17.65,20.4,39.81
2023-09-23T07:15:00-05:00,19.2,17.7,20.61,41.23
2023-09-23T07:30:00-05:00,19.0,17.59,20.78,46.77
2023-09-23T07:45:00-05:00,19.1,17.7,20.93,47.69
2023-09-23T08:00:00-05:00,18.79,18.48,19.09,23.44
2023-09-23T08:15:00-05:00,18.44,18.44,18.44,18.44
2023-09-23T08:30:00-05:00,17.89,17.89,17.89,17.89
2023-09-23T08:45:00-05:00,17.52,17.52,17.52,17.52
2023-09-23T09:00:00-05:00,18.04,18.04,18.04,18.04
2023-09-23T09:15:00-05:00,17.32,17.32,17.32,17.32
2023-09-23T09:30:00-05:00,17.59,17.65,17.51,17.61
2023-09-23T09:45:00-05:00,19.4,19.52,19.22,19.45
2023-09-23T10:00:00-05:00,21.53,21.67,21.32,21.59
2023-09-23T10:15:00-05:00,23.06,23.22,22.84,23.14
2023-09-23T10:30:00-05:00,22.48,22.63,22.27,22.55
2023-09-23T10:45:00-05:00,24.42,24.58,24.18,24.5
2023-09-23T11:00:00-05:00,24.57,24.81,24.21,24.68
2023-09-23T11:15:00-05:00,31.48,31.79,31.01,31.62
2023-09-23T11:30:00-05:00,43.7,44.14,43.06,43.91
2023-09-23T11:45:00-05:00,27.94,28.22,27.52,28.07
2023-09-23T12:00:00-05:00,26.04,26.13,25.91,26.09
2023-09-23T12:15:00-05:00,41.72,41.9,41.45,41.84
2023-09-23T12:30:00-05:00,90.09,65.39,68.83,66.18
2023-09-23T12:45:00-05:00,53.15,53.18,53.19,53.2
2023-09-23T13:00:00-05:00,26.84,26.84,26.92,26.85
2023-09-23T13:15:00-05:00,64.72,64.88,65.79,65.01
2023-09-23T13:30:00-05:00,64.39,64.51,65.43,64.61
2023-09-23T13:45:00-05:00,63.92,63.99,64.52,64.07
2023-09-23T14:00:00-05:00,37.12,37.14,37.31,37.17
2023-09-23T14:15:00-05:00,38.53,38.55,38.69,38.55
2023-09-23T14:30:00-05:00,46.32,40.0,76.27,42.92
2023-09-23T14:45:00-05:00,49.49,41.17,94.76,45.07
2023-09-23T15:00:00-05:00,72.04,64.66,145.54,68.19
2023-09-23T15:15:00-05:00,83.61,59.84,202.12,70.71
2023-09-23T15:30:00-05:00,69.62,48.33,179.86,58.14
2023-09-23T15:45:00-05:00,114.54,82.11,271.56,97.01
2023-09-23T16:00:00-05:00,138.78,101.77,348.16,118.67
2023-09-23T16:15:00-05:00,109.3,72.12,316.65,89.03
2023-09-23T16:30:00-05:00,152.47,115.52,376.71,132.37
2023-09-23T16:45:00-05:00,85.89,49.92,251.96,66.3
2023-09-23T17:00:00-05:00,62.78,49.79,133.18,55.92
2023-09-23T17:15:00-05:00,76.1,74.85,100.22,75.33
2023-09-23T17:30:00-05:00,129.19,127.7,164.79,127.57
2023-09-23T17:45:00-05:00,313.3,310.69,415.34,309.36
2023-09-23T18:00:00-05:00,454.63,457.85,605.59,457.47
2023-09-23T18:15:00-05:00,396.46,400.35,543.23,399.75
2023-09-23T18:30:00-05:00,810.9,817.28,1092.32,816.36
2023-09-23T18:45:00-05:00,669.72,671.33,880.64,697.12
2023-09-23T19:00:00-05:00,639.11,629.13,840.68,711.43
2023-09-23T19:15:00-05:00,420.21,411.02,529.65,482.89
2023-09-23T19:30:00-05:00,229.86,225.81,266.8,257.56
2023-09-23T19:45:00-05:00,124.32,122.4,142.56,138.14
2023-09-23T20:00:00-05:00,76.72,76.58,92.32,77.63
2023-09-23T20:15:00-05:00,71.5,71.87,74.09,71.85
2023-09-23T20:30:00-05:00,73.83,75.32,73.89,75.31
2023-09-23T20:45:00-05:00,83.03,83.65,82.31,83.53
2023-09-23T21:00:00-05:00,75.12,75.62,74.91,75.56
2023-09-23T21:15:00-05:00,66.82,67.25,67.02,67.28
2023-09-23T21:30:00-05:00,44.94,45.19,45.05,45.22
2023-09-23T21:45:00-05:00,51.32,51.81,52.46,63.1
2023-09-23T22:00:00-05:00,82.01,82.26,82.57,87.87
2023-09-23T22:15:00-05:00,89.79,89.79,89.79,89.79
2023-09-23T22:30:00-05:00,55.95,55.95,55.95,55.95
2023-09-23T22:45:00-05:00,35.78,35.63,36.01,46.05
2023-09-23T23:00:00-05:00,29.16,29.07,29.28,34.67
2023-09-23T23:15:00-05:00,26.44,26.44,26.44,26.44
2023-09-23T23:30:00-05:00,26.15,26.15,26.15,26.15
2023-09-23T23:45:00-05:00,25.29,25.29,25.29,25.29
2023-09-24T00:00:00-05:00,24.48,24.48,24.48,24.48
2023-09-24T00:15:00-05:00,24.75,24.75,24.75,24.75
2023-09-24T00:30:00-05:00,24.32,24.32,24.32,24.32
2023-09-24T00:45:00-05:00,24.33,24.33,24.33,24.33
2023-09-24T01:00:00-05:00,24.39,24.39,24.39,24.39
2023-09-24T01:15:00-05:00,24.15,24.15,24.15,24.15
2023-09-24T01:30:00-05:00,23.83,23.83,23.83,23.83
2023-09-24T01:45:00-05:00,23.58,23.58,23.58,23.58
2023-09-24T02:00:00-05:00,23.19,23.19,23.19,23.19
2023-09-24T02:15:00-05:00,22.86,22.86,22.86,22.86
2023-09-24T02:30:00-05:00,22.33,22.33,22.33,22.33
2023-09-24T02:45:00-05:00,22.09,22.09,22.09,22.09
2023-09-24T03:00:00-05:00,21.89,21.89,21.89,21.89
2023-09-24T03:15:00-05:00,21.82,21.82,21.82,21.82
2023-09-24T03:30:00-05:00,21.64,21.64,21.64,21.64
2023-09-24T03:45:00-05:00,21.87,21.87,21.87,21.87
2023-09-24T04:00:00-05:00,21.97,21.97,21.97,21.97
2023-09-24T04:15:00-05:00,22.43,22.43,22.43,22.43
2023-09-24T04:30:00-05:00,22.74,22.74,22.74,22.74
2023-09-24T04:45:00-05:00,22.46,22.46,22.46,22.46
2023-09-24T05:00:00-05:00,22.71,22.71,22.71,22.71
2023-09-24T05:15:00-05:00,22.72,22.72,22.72,22.72
2023-09-24T05:30:00-05:00,22.79,22.79,22.79,22.79
2023-09-24T05:45:00-05:00,22.91,22.91,22.91,22.91
2023-09-24T06:00:00-05:00,22.67,22.67,22.67,22.67
2023-09-24T06:15:00-05:00,23.62,23.62,23.62,23.62
2023-09-24T06:30:00-05:00,23.54,23.54,23.54,23.54
2023-09-24T06:45:00-05:00,22.96,22.96,22.96,22.96
2023-09-24T07:00:00-05:00,23.0,23.0,23.0,23.0
2023-09-24T07:15:00-05:00,23.83,23.96,23.51,24.79
2023-09-24T07:30:00-05:00,23.93,24.33,22.92,26.95
2023-09-24T07:45:00-05:00,24.22,24.63,23.2,27.25
2023-09-24T08:00:00-05:00,24.15,24.43,23.45,26.24
2023-09-24T08:15:00-05:00,23.08,23.08,23.08,23.08
2023-09-24T08:30:00-05:00,22.27,22.27,22.27,22.27
2023-09-24T08:45:00-05:00,19.91,19.91,19.91,19.91
2023-09-24T09:00:00-05:00,19.67,19.86,19.39,19.78
2023-09-24T09:15:00-05:00,20.03,20.23,19.74,20.14
2023-09-24T09:30:00-05:00,20.68,20.89,20.38,20.8
2023-09-24T09:45:00-05:00,22.19,22.34,21.97,22.28
2023-09-24T10:00:00-05:00,22.71,22.86,22.5,22.8
2023-09-24T10:15:00-05:00,22.91,23.06,22.69,23.0
2023-09-24T10:30:00-05:00,23.99,24.22,23.63,24.12
2023-09-24T10:45:00-05:00,24.93,24.93,24.92,24.93
2023-09-24T11:00:00-05:00,27.94,27.94,27.94,27.94
2023-09-24T11:15:00-05:00,31.83,31.83,31.83,31.83
2023-09-24T11:30:00-05:00,60.87,60.87,60.87,60.87
2023-09-24T11:45:00-05:00,46.32,46.32,46.32,46.32
2023-09-24T12:00:00-05:00,32.56,32.56,32.56,32.56
2023-09-24T12:15:00-05:00,63.85,63.85,63.85,63.85
2023-09-24T12:30:00-05:00,69.12,69.16,69.32,69.22
2023-09-24T12:45:00-05:00,47.48,47.52,47.66,47.57
2023-09-24T13:00:00-05:00,62.77,63.17,63.27,63.28
2023-09-24T13:15:00-05:00,75.99,76.58,76.63,76.73
2023-09-24T13:30:00-05:00,77.84,78.44,79.36,78.6
2023-09-24T13:45:00-05:00,132.93,133.48,134.23,133.73
2023-09-24T14:00:00-05:00,80.26,80.57,87.73,80.73
2023-09-24T14:15:00-05:00,74.55,75.28,103.76,83.24
2023-09-24T14:30:00-05:00,132.48,133.4,186.31,133.82
2023-09-24T14:45:00-05:00,265.93,264.68,400.82,266.82
2023-09-24T15:00:00-05:00,123.68,125.05,295.11,177.18
2023-09-24T15:15:00-05:00,313.68,320.63,599.93,384.84
2023-09-24T15:30:00-05:00,314.08,341.67,610.3,391.89
2023-09-24T15:45:00-05:00,210.55,243.3,404.67,297.61
2023-09-24T16:00:00-05:00,468.12,491.78,766.51,549.22
2023-09-24T16:15:00-05:00,511.24,537.07,853.47,596.41
2023-09-24T16:30:00-05:00,750.52,793.01,1153.9,848.52
2023-09-24T16:45:00-05:00,629.45,668.53,1090.67,733.27
2023-09-24T17:00:00-05:00,514.38,581.62,901.63,629.12
2023-09-24T17:15:00-05:00,219.63,284.13,483.98,316.56
2023-09-24T17:30:00-05:00,214.17,278.08,474.98,325.62
2023-09-24T17:45:00-05:00,185.78,254.82,415.57,287.71
2023-09-24T18:00:00-05:00,156.93,189.48,288.77,189.48
2023-09-24T18:15:00-05:00,271.04,303.29,437.01,302.44
2023-09-24T18:30:00-05:00,236.63,268.76,384.96,268.21
2023-09-24T18:45:00-05:00,235.5,266.54,366.38,265.66
2023-09-24T19:00:00-05:00,180.87,214.59,268.58,245.78
2023-09-24T19:15:00-05:00,99.52,122.68,176.76,139.9
2023-09-24T19:30:00-05:00,104.59,101.83,104.25,155.08
2023-09-24T19:45:00-05:00,80.72,78.8,64.48,109.96
2023-09-24T20:00:00-05:00,50.57,47.98,56.13,72.63
2023-09-24T20:15:00-05:00,35.1,32.1,42.6,59.74
2023-09-24T20:30:00-05:00,29.55,26.96,30.06,43.78
2023-09-24T20:45:00-05:00,28.61,26.35,26.96,39.7
2023-09-24T21:00:00-05:00,29.01,25.82,29.35,56.65
2023-09-24T21:15:00-05:00,26.68,24.34,27.2,36.45
2023-09-24T21:30:00-05:00,24.55,21.99,26.05,40.77
2023-09-24T21:45:00-05:00,23.88,21.84,25.4,36.88
2023-09-24T22:00:00-05:00,24.75,24.02,25.46,33.15
2023-09-24T22:15:00-05:00,24.83,22.58,27.06,52.19
2023-09-24T22:30:00-05:00,23.81,21.88,25.74,50.28
2023-09-24T22:45:00-05:00,22.59,21.17,23.98,39.8
2023-09-24T23:00:00-05:00,22.14,21.37,22.9,32.25
2023-09-24T23:15:00-05:00,21.88,21.27,22.47,29.86
2023-09-24T23:30:00-05:00,21.68,21.09,22.26,29.51
2023-09-24T23:45:00-05:00,21.64,21.01,22.25,29.98
2023-09-25T00:00:00-05:00,21.87,21.46,22.27,27.31
2023-09-25T00:15:00-05:00,22.17,21.95,22.4,25.2
2023-09-25T00:30:00-05:00,22.76,22.64,22.88,24.4
2023-09-25T00:45:00-05:00,22.96,22.96,22.96,22.96
2023-09-25T01:00:00-05:00,22.41,22.41,22.41,22.41
2023-09-25T01:15:00-05:00,22.53,22.53,22.53,22.53
2023-09-25T01:30:00-05:00,22.49,22.49,22.49,22.49
2023-09-25T01:45:00-05:00,22.78,22.78,22.78,22.78
2023-09-25T02:00:00-05:00,23.03,23.03,23.03,23.03
2023-09-25T02:15:00-05:00,22.86,22.86,22.86,22.86
2023-09-25T02:30:00-05:00,22.97,22.97,22.97,22.97
2023-09-25T02:45:00-05:00,23.41,23.41,23.41,23.41
2023-09-25T03:00:00-05:00,23.4,23.4,23.4,23.4
2023-09-25T03:15:00-05:00,23.04,23.04,23.04,23.04
2023-09-25T03:30:00-05:00,23.32,23.32,23.32,23.32
2023-09-25T03:45:00-05:00,23.79,23.79,23.79,23.79
2023-09-25T04:00:00-05:00,24.1,24.1,24.1,24.1
2023-09-25T04:15:00-05:00,24.18,24.18,24.18,24.18
2023-09-25T04:30:00-05:00,24.4,24.4,24.4,24.4
2023-09-25T04:45:00-05:00,24.56,24.56,24.56,24.56
2023-09-25T05:00:00-05:00,34.29,34.29,34.29,34.29
2023-09-25T05:15:00-05:00,30.25,30.25,30.25,30.25
2023-09-25T05:30:00-05:00,31.64,31.64,31.64,31.64
2023-09-25T05:45:00-05:00,44.97,44.97,44.97,44.97
2023-09-25T06:00:00-05:00,61.44,61.44,61.44,61.44
2023-09-25T06:15:00-05:00,48.76,48.76,48.76,48.76
2023-09-25T06:30:00-05:00,48.58,48.58,48.58,48.58
2023-09-25T06:45:00-05:00,55.2,55.2,55.2,55.2
2023-09-25T07:00:00-05:00,49.38,49.38,49.38,49.38
2023-09-25T07:15:00-05:00,42.47,42.47,42.47,42.47
2023-09-25T07:30:00-05:00,40.27,40.37,40.84,47.02
2023-09-25T07:45:00-05:00,54.89,54.91,55.01,56.39
2023-09-25T08:00:00-05:00,71.24,71.24,71.24,71.24
2023-09-25T08:15:00-05:00,45.37,44.3,49.7,53.06
2023-09-25T08:30:00-05:00,27.28,26.2,31.64,35.07
2023-09-25T08:45:00-05:00,27.42,27.42,27.43,27.43
2023-09-25T09:00:00-05:00,32.37,32.37,32.37,32.37
2023-09-25T09:15:00-05:00,26.69,26.69,26.69,26.69
2023-09-25T09:30:00-05:00,26.22,26.22,26.22,26.22
2023-09-25T09:45:00-05:00,31.8,31.8,31.79,31.8
2023-09-25T10:00:00-05:00,26.54,26.56,26.41,26.63
2023-09-25T10:15:00-05:00,49.25,47.89,46.8,48.15
2023-09-25T10:30:00-05:00,72.51,68.62,67.71,68.46
2023-09-25T10:45:00-05:00,27.1,26.66,26.54,26.64
2023-09-25T11:00:00-05:00,27.69,26.97,26.78,26.92
2023-09-25T11:15:00-05:00,28.24,27.37,27.15,27.32
2023-09-25T11:30:00-05:00,72.18,62.38,59.89,61.81
2023-09-25T11:45:00-05:00,45.97,41.7,40.65,41.47
2023-09-25T12:00:00-05:00,26.08,25.65,25.54,25.63
2023-09-25T12:15:00-05:00,31.7,25.32,26.1,25.48
2023-09-25T12:30:00-05:00,148.86,34.89,50.58,38.21
2023-09-25T12:45:00-05:00,360.58,56.74,85.26,62.77
2023-09-25T13:00:00-05:00,94.77,40.58,33.11,38.96
2023-09-25T13:15:00-05:00,53.38,31.22,32.01,31.0
2023-09-25T13:30:00-05:00,53.13,32.51,34.33,32.45
2023-09-25T13:45:00-05:00,130.51,59.08,46.56,56.28
2023-09-25T14:00:00-05:00,86.68,38.93,30.56,37.06
2023-09-25T14:15:00-05:00,141.62,70.08,98.52,72.07
2023-09-25T14:30:00-05:00,105.11,62.85,121.48,68.6
2023-09-25T14:45:00-05:00,31.38,42.73,98.11,48.89
2023-09-25T15:00:00-05:00,63.47,76.49,130.89,82.62
2023-09-25T15:15:00-05:00,45.52,60.52,108.38,65.43
2023-09-25T15:30:00-05:00,43.49,58.17,104.85,62.71
2023-09-25T15:45:00-05:00,49.56,64.24,111.51,68.75
2023-09-25T16:00:00-05:00,65.01,60.81,103.57,66.27
2023-09-25T16:15:00-05:00,61.59,58.27,70.61,59.44
2023-09-25T16:30:00-05:00,88.96,88.76,102.64,89.03
2023-09-25T16:45:00-05:00,40.14,39.9,43.33,40.14
2023-09-25T17:00:00-05:00,30.44,30.63,32.37,30.8
2023-09-25T17:15:00-05:00,30.94,31.71,31.02,31.96
2023-09-25T17:30:00-05:00,35.52,79.53,35.42,41.13
2023-09-25T17:45:00-05:00,45.19,84.97,45.47,57.5
2023-09-25T18:00:00-05:00,32.25,35.5,34.67,34.39
2023-09-25T18:15:00-05:00,68.13,71.9,71.28,72.7
2023-09-25T18:30:00-05:00,78.76,86.5,82.38,87.93
2023-09-25T18:45:00-05:00,458.37,500.74,448.65,508.33
2023-09-25T19:00:00-05:00,250.37,272.68,240.27,276.88
2023-09-25T19:15:00-05:00,145.03,161.43,127.91,164.85
2023-09-25T19:30:00-05:00,160.55,177.32,153.26,180.47
2023-09-25T19:45:00-05:00,51.07,52.23,46.83,52.57
2023-09-25T20:00:00-05:00,58.69,58.97,57.62,59.06
2023-09-25T20:15:00-05:00,43.17,43.18,43.24,43.2
2023-09-25T20:30:00-05:00,32.39,32.8,31.42,36.22
2023-09-25T20:45:00-05:00,32.79,33.58,31.77,46.49
2023-09-25T21:00:00-05:00,39.66,40.49,38.07,50.45
2023-09-25T21:15:00-05:00,30.15,27.97,32.0,54.57
2023-09-25T21:30:00-05:00,28.85,24.76,32.09,56.85
2023-09-25T21:45:00-05:00,26.66,22.97,30.11,49.21
2023-09-25T22:00:00-05:00,32.01,25.26,38.09,78.1
2023-09-25T22:15:00-05:00,39.5,27.08,50.41,117.98
2023-09-25T22:30:00-05:00,33.37,23.62,42.4,93.42
2023-09-25T22:45:00-05:00,25.28,21.7,28.62,47.72
2023-09-25T23:00:00-05:00,32.66,19.43,43.44,119.27
2023-09-25T23:15:00-05:00,22.72,20.43,24.47,38.03
2023-09-25T23:30:00-05:00,25.18,16.77,32.93,77.73
2023-09-25T23:45:00-05:00,21.73,17.77,25.26,46.57
2023-09-26T00:00:00-05:00,26.06,13.95,37.21,101.23
2023-09-26T00:15:00-05:00,22.43,16.43,27.95,59.66
2023-09-26T00:30:00-05:00,23.15,12.75,32.71,87.77
2023-09-26T00:45:00-05:00,20.83,13.53,27.49,65.8
2023-09-26T01:00:00-05:00,22.06,13.42,29.77,74.23
2023-09-26T01:15:00-05:00,22.03,13.92,29.21,70.61
2023-09-26T01:30:00-05:00,20.29,14.81,24.98,51.71
2023-09-26T01:45:00-05:00,21.35,14.21,27.58,63.74
2023-09-26T02:00:00-05:00,21.3,14.94,26.8,58.52
2023-09-26T02:15:00-05:00,20.87,13.61,27.24,64.34
2023-09-26T02:30:00-05:00,20.52,15.04,25.18,52.16
2023-09-26T02:45:00-05:00,21.17,14.26,27.13,62.14
2023-09-26T03:00:00-05:00,21.19,16.3,25.27,48.86
2023-09-26T03:15:00-05:00,20.55,15.94,24.43,46.94
2023-09-26T03:30:00-05:00,21.52,16.55,25.7,50.09
2023-09-26T03:45:00-05:00,21.62,15.87,26.87,55.26
2023-09-26T04:00:00-05:00,24.22,16.15,55.6,63.18
2023-09-26T04:15:00-05:00,23.39,16.46,33.4,62.98
2023-09-26T04:30:00-05:00,22.48,15.82,28.24,62.17
2023-09-26T04:45:00-05:00,23.04,16.12,29.02,64.09
2023-09-26T05:00:00-05:00,25.07,16.17,32.88,79.13
2023-09-26T05:15:00-05:00,24.25,21.55,26.6,40.24
2023-09-26T05:30:00-05:00,28.61,20.46,36.05,80.15
2023-09-26T05:45:00-05:00,25.57,22.56,28.31,44.54
2023-09-26T06:00:00-05:00,29.0,22.2,35.34,72.12
2023-09-26T06:15:00-05:00,28.98,22.66,34.89,68.93
2023-09-26T06:30:00-05:00,29.08,22.76,35.78,71.2
2023-09-26T06:45:00-05:00,28.65,23.62,34.47,67.84
2023-09-26T07:00:00-05:00,26.89,23.11,33.26,60.15
2023-09-26T07:15:00-05:00,24.84,22.99,26.78,36.79
2023-09-26T07:30:00-05:00,24.66,22.49,28.19,60.46
2023-09-26T07:45:00-05:00,24.85,21.54,29.23,65.85
2023-09-26T08:00:00-05:00,22.69,22.47,23.11,28.44
2023-09-26T08:15:00-05:00,21.07,21.35,20.9,21.74
2023-09-26T08:30:00-05:00,21.06,21.06,21.06,21.06
2023-09-26T08:45:00-05:00,20.05,20.09,20.38,20.11
2023-09-26T09:00:00-05:00,20.99,21.06,21.61,21.09
2023-09-26T09:15:00-05:00,21.03,21.03,21.05,21.03
2023-09-26T09:30:00-05:00,21.45,21.45,21.45,21.45
2023-09-26T09:45:00-05:00,21.51,21.57,22.09,21.6
2023-09-26T10:00:00-05:00,20.93,20.93,20.93,20.93
2023-09-26T10:15:00-05:00,21.46,21.46,21.46,21.46
2023-09-26T10:30:00-05:00,21.48,21.48,21.48,21.48
2023-09-26T10:45:00-05:00,21.76,22.17,23.9,22.32
2023-09-26T11:00:00-05:00,23.01,23.03,23.13,23.04
2023-09-26T11:15:00-05:00,24.16,24.16,24.16,24.16
2023-09-26T11:30:00-05:00,24.97,26.82,32.66,27.44
2023-09-26T11:45:00-05:00,25.55,27.53,34.92,28.21
2023-09-26T12:00:00-05:00,26.16,26.53,28.67,26.67
2023-09-26T12:15:00-05:00,47.66,47.77,48.16,47.81
2023-09-26T12:30:00-05:00,65.64,65.84,66.5,65.91
2023-09-26T12:45:00-05:00,50.12,50.27,50.84,50.36
2023-09-26T13:00:00-05:00,33.96,34.02,34.22,34.05
2023-09-26T13:15:00-05:00,67.27,67.53,68.53,67.69
2023-09-26T13:30:00-05:00,74.81,75.05,75.89,75.14
2023-09-26T13:45:00-05:00,76.0,76.12,76.52,76.18
2023-09-26T14:00:00-05:00,51.44,51.47,51.57,51.5
2023-09-26T14:15:00-05:00,74.98,75.0,75.15,75.04
2023-09-26T14:30:00-05:00,62.79,62.78,62.74,62.78
2023-09-26T14:45:00-05:00,74.67,74.67,74.6,74.67
2023-09-26T15:00:00-05:00,65.9,66.05,66.66,66.11
2023-09-26T15:15:00-05:00,81.57,81.64,81.7,81.66
2023-09-26T15:30:00-05:00,60.97,61.89,60.21,61.0
2023-09-26T15:45:00-05:00,83.54,120.47,84.57,91.34
2023-09-26T16:00:00-05:00,129.08,142.6,127.86,131.67
2023-09-26T16:15:00-05:00,144.94,145.44,143.59,144.92
2023-09-26T16:30:00-05:00,67.67,67.68,67.24,67.62
2023-09-26T16:45:00-05:00,61.55,61.55,61.16,61.51
2023-09-26T17:00:00-05:00,74.92,75.03,74.98,75.0
2023-09-26T17:15:00-05:00,68.85,69.01,69.3,69.02
2023-09-26T17:30:00-05:00,65.1,65.09,64.61,64.99
2023-09-26T17:45:00-05:00,83.3,83.28,82.2,83.07
2023-09-26T18:00:00-05:00,76.38,76.31,75.41,76.15
2023-09-26T18:15:00-05:00,208.67,203.32,208.67,232.12
2023-09-26T18:30:00-05:00,252.92,245.05,253.27,284.06
2023-09-26T18:45:00-05:00,371.45,340.92,383.64,460.18
2023-09-26T19:00:00-05:00,165.0,148.2,172.59,223.76
2023-09-26T19:15:00-05:00,69.62,63.19,72.65,95.67
2023-09-26T19:30:00-05:00,65.87,60.44,68.37,88.94
2023-09-26T19:45:00-05:00,51.76,47.12,54.06,71.17
2023-09-26T20:00:00-05:00,41.11,37.29,43.47,57.41
2023-09-26T20:15:00-05:00,36.25,32.42,38.68,52.57
2023-09-26T20:30:00-05:00,33.81,28.93,37.19,56.39
2023-09-26T20:45:00-05:00,32.47,24.92,38.29,71.47
2023-09-26T21:00:00-05:00,34.33,26.84,40.07,72.9
2023-09-26T21:15:00-05:00,30.09,21.84,36.57,73.86
2023-09-26T21:30:00-05:00,25.71,22.48,27.72,38.98
2023-09-26T21:45:00-05:00,25.7,22.51,27.67,38.69
2023-09-26T22:00:00-05:00,27.26,23.63,29.6,42.79
2023-09-26T22:15:00-05:00,33.5,21.2,43.8,104.62
2023-09-26T22:30:00-05:00,23.34,21.16,24.75,33.01
2023-09-26T22:45:00-05:00,26.23,18.3,32.59,70.93
2023-09-26T23:00:00-05:00,23.67,20.49,25.65,36.62
2023-09-26T23:15:00-05:00,24.13,19.48,27.4,46.3
2023-09-26T23:30:00-05:00,22.45,19.44,24.29,34.47
2023-09-26T23:45:00-05:00,21.54,18.6,23.34,33.25
2023-09-27T00:00:00-05:00,20.9,17.99,22.67,32.43
2023-09-27T00:15:00-05:00,19.89,17.47,21.37,29.47
2023-09-27T00:30:00-05:00,19.6,17.8,20.7,26.74
2023-09-27T00:45:00-05:00,19.03,17.27,20.09,25.94
2023-09-27T01:00:00-05:00,18.92,17.28,19.91,25.39
2023-09-27T01:15:00-05:00,17.76,16.2,18.69,23.8
2023-09-27T01:30:00-05:00,17.1,15.61,18.0,22.89
2023-09-27T01:45:00-05:00,16.04,11.88,19.32,39.41
2023-09-27T02:00:00-05:00,15.46,11.62,18.48,37.04
2023-09-27T02:15:00-05:00,15.4,11.75,18.33,36.46
2023-09-27T02:30:00-05:00,14.88,11.14,17.87,36.28
2023-09-27T02:45:00-05:00,15.33,11.13,18.68,39.53
2023-09-27T03:00:00-05:00,15.37,11.43,18.58,38.67
2023-09-27T03:15:00-05:00,15.39,11.27,18.87,41.05
2023-09-27T03:30:00-05:00,14.89,11.08,18.11,38.63
2023-09-27T03:45:00-05:00,15.38,11.07,19.02,42.24
2023-09-27T04:00:00-05:00,15.45,11.01,19.03,41.34
2023-09-27T04:15:00-05:00,15.53,11.09,19.07,41.07
2023-09-27T04:30:00-05:00,16.51,11.45,20.56,45.74
2023-09-27T04:45:00-05:00,17.0,11.47,21.44,49.09
2023-09-27T05:00:00-05:00,18.65,13.14,23.06,50.44
2023-09-27T05:15:00-05:00,18.1,13.32,21.88,45.16
2023-09-27T05:30:00-05:00,20.51,15.17,24.72,50.73
2023-09-27T05:45:00-05:00,21.06,15.67,25.33,51.57
2023-09-27T06:00:00-05:00,21.04,15.68,25.28,51.35
2023-09-27T06:15:00-05:00,20.87,16.93,23.86,41.83
2023-09-27T06:30:00-05:00,21.16,18.81,22.74,31.73
2023-09-27T06:45:00-05:00,21.34,19.52,22.44,28.36
2023-09-27T07:00:00-05:00,21.09,19.28,22.17,28.05
2023-09-27T07:15:00-05:00,20.67,18.87,21.74,27.5
2023-09-27T07:30:00-05:00,20.58,18.79,21.71,27.39
2023-09-27T07:45:00-05:00,20.23,18.46,21.34,26.93
2023-09-27T08:00:00-05:00,19.85,18.44,20.74,25.19
2023-09-27T08:15:00-05:00,18.01,18.0,18.02,18.07
2023-09-27T08:30:00-05:00,17.63,17.63,17.63,17.63
2023-09-27T08:45:00-05:00,17.35,17.45,18.18,17.48
2023-09-27T09:00:00-05:00,18.84,18.91,19.48,18.94
2023-09-27T09:15:00-05:00,20.0,20.02,20.14,20.02
2023-09-27T09:30:00-05:00,20.42,20.48,20.93,20.5
2023-09-27T09:45:00-05:00,21.08,21.14,21.67,21.17
2023-09-27T10:00:00-05:00,22.4,20.99,22.26,21.14
2023-09-27T10:15:00-05:00,24.06,20.6,22.81,20.93
2023-09-27T10:30:00-05:00,24.25,20.69,23.06,21.03
2023-09-27T10:45:00-05:00,24.42,19.1,20.92,19.51
2023-09-27T11:00:00-05:00,24.79,20.86,22.18,21.16
2023-09-27T11:15:00-05:00,25.3,21.56,22.81,21.85
2023-09-27T11:30:00-05:00,26.69,23.57,25.17,23.84
2023-09-27T11:45:00-05:00,25.65,24.12,24.87,24.25
2023-09-27T12:00:00-05:00,31.25,31.24,31.21,31.24
2023-09-27T12:15:00-05:00,53.47,53.57,53.9,53.6
2023-09-27T12:30:00-05:00,67.85,68.02,68.65,68.08
2023-09-27T12:45:00-05:00,67.95,68.12,68.76,68.18
2023-09-27T13:00:00-05:00,62.7,62.7,62.69,62.71
2023-09-27T13:15:00-05:00,74.55,75.79,73.86,77.09
2023-09-27T13:30:00-05:00,54.3,58.14,51.55,62.21
2023-09-27T13:45:00-05:00,75.01,77.68,73.36,80.55
2023-09-27T14:00:00-05:00,65.55,65.55,65.53,65.55
2023-09-27T14:15:00-05:00,76.16,76.75,75.33,76.45
2023-09-27T14:30:00-05:00,79.92,79.66,76.63,79.03
2023-09-27T14:45:00-05:00,75.68,88.58,73.32,78.58
2023-09-27T15:00:00-05:00,74.32,95.68,75.18,79.48
2023-09-27T15:15:00-05:00,70.46,69.76,67.3,69.27
2023-09-27T15:30:00-05:00,75.64,74.64,71.25,73.96
2023-09-27T15:45:00-05:00,76.86,76.35,74.28,75.93
2023-09-27T16:00:00-05:00,75.52,75.2,73.56,74.9
2023-09-27T16:15:00-05:00,49.76,49.73,49.29,49.65
2023-09-27T16:30:00-05:00,35.87,35.86,35.68,35.83
2023-09-27T16:45:00-05:00,40.49,43.48,40.4,41.17
2023-09-27T17:00:00-05:00,31.55,36.63,31.46,32.78
2023-09-27T17:15:00-05:00,37.79,41.54,37.62,38.67
2023-09-27T17:30:00-05:00,32.36,35.83,32.05,33.18
2023-09-27T17:45:00-05:00,33.15,35.13,33.86,33.62
2023-09-27T18:00:00-05:00,29.49,30.66,30.17,29.79
2023-09-27T18:15:00-05:00,32.28,32.27,32.19,32.26
2023-09-27T18:30:00-05:00,32.39,32.39,32.3,32.37
2023-09-27T18:45:00-05:00,31.31,31.31,31.24,31.29
2023-09-27T19:00:00-05:00,27.99,27.97,27.77,27.96
2023-09-27T19:15:00-05:00,28.22,28.18,28.15,28.32
2023-09-27T19:30:00-05:00,30.85,30.6,30.92,31.86
2023-09-27T19:45:00-05:00,25.69,24.79,26.31,29.62
2023-09-27T20:00:00-05:00,24.62,23.91,25.12,27.74
2023-09-27T20:15:00-05:00,24.06,24.06,24.06,24.06
2023-09-27T20:30:00-05:00,24.52,24.52,24.52,24.52
2023-09-27T20:45:00-05:00,23.36,23.36,23.36,23.36
2023-09-27T21:00:00-05:00,22.98,22.98,22.98,22.98
2023-09-27T21:15:00-05:00,22.61,22.38,22.84,25.64
2023-09-27T21:30:00-05:00,22.36,21.47,23.03,27.58
2023-09-27T21:45:00-05:00,23.05,19.44,23.01,28.78
2023-09-27T22:00:00-05:00,22.84,20.84,24.17,31.25
2023-09-27T22:15:00-05:00,22.65,20.71,24.0,31.02
2023-09-27T22:30:00-05:00,21.56,19.7,22.85,29.55
2023-09-27T22:45:00-05:00,20.55,18.76,21.78,28.2
2023-09-27T23:00:00-05:00,18.36,16.74,19.48,25.28
2023-09-27T23:15:00-05:00,18.64,17.0,19.77,25.65
2023-09-27T23:30:00-05:00,17.87,15.83,18.62,24.02
2023-09-27T23:45:00-05:00,17.93,16.02,18.86,24.55
2023-09-28T00:00:00-05:00,18.44,16.81,19.55,25.34
2023-09-28T00:15:00-05:00,18.96,17.3,20.11,26.0
2023-09-28T00:30:00-05:00,18.82,17.17,19.96,25.79
2023-09-28T00:45:00-05:00,18.66,17.02,19.79,25.58
2023-09-28T01:00:00-05:00,18.11,16.51,19.2,24.84
2023-09-28T01:15:00-05:00,17.99,16.4,19.08,24.65
2023-09-28T01:30:00-05:00,17.35,15.82,18.41,23.8
2023-09-28T01:45:00-05:00,16.32,14.86,17.32,22.43
2023-09-28T02:00:00-05:00,15.9,14.48,16.88,21.87
2023-09-28T02:15:00-05:00,15.69,14.4,16.58,21.1
2023-09-28T02:30:00-05:00,15.56,14.38,16.36,20.53
2023-09-28T02:45:00-05:00,15.32,14.3,15.95,21.09
2023-09-28T03:00:00-05:00,15.29,14.85,15.54,17.89
2023-09-28T03:15:00-05:00,15.29,15.29,15.29,15.29
2023-09-28T03:30:00-05:00,15.36,15.3,15.93,15.28
2023-09-28T03:45:00-05:00,15.6,15.43,17.23,15.39
2023-09-28T04:00:00-05:00,15.86,15.81,16.34,15.79
2023-09-28T04:15:00-05:00,15.58,15.51,16.18,15.5
2023-09-28T04:30:00-05:00,15.93,15.7,18.05,15.64
2023-09-28T04:45:00-05:00,16.5,16.31,18.32,16.26
2023-09-28T05:00:00-05:00,17.34,17.29,17.75,17.28
2023-09-28T05:15:00-05:00,17.77,17.73,18.11,17.72
2023-09-28T05:30:00-05:00,17.98,17.93,18.46,17.92
2023-09-28T05:45:00-05:00,17.99,17.83,19.5,17.78
2023-09-28T06:00:00-05:00,18.5,18.28,20.53,18.22
2023-09-28T06:15:00-05:00,19.48,19.1,23.08,19.0
2023-09-28T06:30:00-05:00,19.74,19.3,23.99,19.18
2023-09-28T06:45:00-05:00,20.81,20.28,25.88,20.14
2023-09-28T07:00:00-05:00,22.47,20.13,36.6,19.84
2023-09-28T07:15:00-05:00,20.57,19.83,33.64,19.86
2023-09-28T07:30:00-05:00,18.8,18.75,21.9,18.78
2023-09-28T07:45:00-05:00,18.63,18.53,20.34,18.53
2023-09-28T08:00:00-05:00,17.95,18.08,19.24,18.13
2023-09-28T08:15:00-05:00,16.73,16.99,19.24,17.09
2023-09-28T08:30:00-05:00,15.82,15.83,15.93,15.84
2023-09-28T08:45:00-05:00,15.97,15.97,15.97,15.97
2023-09-28T09:00:00-05:00,17.44,17.44,17.44,17.44
2023-09-28T09:15:00-05:00,17.85,17.85,17.85,17.85
2023-09-28T09:30:00-05:00,18.77,18.8,19.06,18.81
2023-09-28T09:45:00-05:00,18.97,18.97,18.97,18.97
2023-09-28T10:00:00-05:00,20.77,19.2,19.74,19.33
2023-09-28T10:15:00-05:00,23.44,18.3,20.06,18.7
2023-09-28T10:30:00-05:00,24.43,18.48,22.7,19.06
2023-09-28T10:45:00-05:00,24.51,18.66,20.72,19.12
2023-09-28T11:00:00-05:00,24.27,18.66,20.76,19.09
2023-09-28T11:15:00-05:00,24.6,19.38,21.36,19.78
2023-09-28T11:30:00-05:00,26.04,19.45,22.21,19.92
2023-09-28T11:45:00-05:00,25.51,21.0,24.73,21.18
2023-09-28T12:00:00-05:00,29.27,23.02,25.22,23.51
2023-09-28T12:15:00-05:00,26.45,23.59,22.83,28.41
2023-09-28T12:30:00-05:00,26.23,23.82,22.3,30.44
2023-09-28T12:45:00-05:00,35.95,24.14,25.8,31.77
2023-09-28T13:00:00-05:00,202.48,27.01,48.83,40.1
2023-09-28T13:15:00-05:00,38.75,25.9,25.79,36.07
2023-09-28T13:30:00-05:00,65.6,33.67,38.91,50.69
2023-09-28T13:45:00-05:00,31.38,37.56,28.97,53.53
2023-09-28T14:00:00-05:00,32.36,36.57,28.1,51.26
2023-09-28T14:15:00-05:00,50.36,34.36,34.49,44.19
2023-09-28T14:30:00-05:00,38.81,32.12,29.47,40.56
2023-09-28T14:45:00-05:00,29.32,45.26,28.01,49.38
2023-09-28T15:00:00-05:00,38.41,39.35,30.3,48.38
2023-09-28T15:15:00-05:00,37.72,58.85,35.15,63.73
2023-09-28T15:30:00-05:00,40.41,49.44,33.07,57.42
2023-09-28T15:45:00-05:00,42.62,61.87,37.43,68.57
2023-09-28T16:00:00-05:00,40.35,62.36,37.15,68.83
2023-09-28T16:15:00-05:00,81.8,70.25,53.22,79.1
2023-09-28T16:30:00-05:00,72.99,42.25,48.77,54.41
2023-09-28T16:45:00-05:00,26.69,43.53,26.46,50.6
2023-09-28T17:00:00-05:00,24.39,37.69,23.85,44.62
2023-09-28T17:15:00-05:00,25.68,40.56,24.79,47.32
2023-09-28T17:30:00-05:00,26.86,38.23,26.22,44.41
2023-09-28T17:45:00-05:00,29.22,44.79,29.02,49.13
2023-09-28T18:00:00-05:00,30.31,35.54,30.4,35.03
2023-09-28T18:15:00-05:00,30.96,34.41,31.2,31.86
2023-09-28T18:30:00-05:00,32.25,35.53,32.48,33.11
2023-09-28T18:45:00-05:00,35.92,37.81,36.05,36.42
2023-09-28T19:00:00-05:00,40.49,41.3,41.23,44.67
2023-09-28T19:15:00-05:00,36.88,34.23,38.77,48.32
2023-09-28T19:30:00-05:00,32.77,30.15,34.63,43.94
2023-09-28T19:45:00-05:00,27.89,25.57,29.54,37.86
2023-09-28T20:00:00-05:00,26.09,23.73,27.82,39.65
2023-09-28T20:15:00-05:00,24.16,22.12,25.61,33.03
2023-09-28T20:30:00-05:00,23.4,21.42,24.8,31.91
2023-09-28T20:45:00-05:00,23.87,21.86,25.29,32.52
2023-09-28T21:00:00-05:00,23.6,21.61,25.01,32.13
2023-09-28T21:15:00-05:00,23.55,22.07,24.59,29.88
2023-09-28T21:30:00-05:00,22.93,21.96,23.6,27.05
2023-09-28T21:45:00-05:00,21.8,21.26,22.18,24.12
2023-09-28T22:00:00-05:00,21.14,21.13,21.15,21.19
2023-09-28T22:15:00-05:00,20.92,20.92,20.92,20.91
2023-09-28T22:30:00-05:00,20.2,19.74,20.68,19.2
2023-09-28T22:45:00-05:00,19.71,18.25,21.15,14.88
2023-09-28T23:00:00-05:00,19.93,19.41,19.8,7.69
2023-09-28T23:15:00-05:00,20.09,20.01,19.68,4.6
2023-09-28T23:30:00-05:00,19.81,19.33,20.37,1.21
2023-09-28T23:45:00-05:00,18.77,17.78,19.52,0.44
2023-09-29T00:00:00-05:00,19.15,18.16,19.98,0.07
2023-09-29T00:15:00-05:00,18.59,16.87,19.45,-0.42
2023-09-29T00:30:00-05:00,17.63,14.97,19.11,-0.14
2023-09-29T00:45:00-05:00,18.0,15.09,19.84,-0.31
2023-09-29T01:00:00-05:00,18.04,15.67,19.56,-0.12
2023-09-29T01:15:00-05:00,15.78,11.49,17.95,0.69
2023-09-29T01:30:00-05:00,15.94,11.58,17.99,0.72
2023-09-29T01:45:00-05:00,16.05,11.36,18.52,0.44
2023-09-29T02:00:00-05:00,15.72,11.15,17.98,0.76
2023-09-29T02:15:00-05:00,15.39,10.38,17.97,1.32
2023-09-29T02:30:00-05:00,14.94,10.42,16.71,1.43
2023-09-29T02:45:00-05:00,14.21,8.54,16.87,1.47
2023-09-29T03:00:00-05:00,14.69,9.1,18.61,2.55
2023-09-29T03:15:00-05:00,14.73,9.18,19.23,3.77
2023-09-29T03:30:00-05:00,14.35,9.05,18.99,3.89
2023-09-29T03:45:00-05:00,14.31,8.93,18.96,3.7
2023-09-29T04:00:00-05:00,13.99,10.4,18.06,7.02
2023-09-29T04:15:00-05:00,14.29,10.83,18.02,7.7
2023-09-29T04:30:00-05:00,15.09,11.97,18.47,9.13
2023-09-29T04:45:00-05:00,15.28,12.25,18.54,9.5
2023-09-29T05:00:00-05:00,16.07,13.25,19.11,10.69
2023-09-29T05:15:00-05:00,16.71,14.31,19.31,12.12
2023-09-29T05:30:00-05:00,17.01,14.64,19.58,12.48
2023-09-29T05:45:00-05:00,17.55,15.38,19.9,13.4
2023-09-29T06:00:00-05:00,18.6,17.08,20.25,15.69
2023-09-29T06:15:00-05:00,18.46,17.4,19.6,16.45
2023-09-29T06:30:00-05:00,16.71,18.35,46.8,18.55
2023-09-29T06:45:00-05:00,18.72,18.76,20.34,18.73
2023-09-29T07:00:00-05:00,18.97,18.89,20.64,18.87
2023-09-29T07:15:00-05:00,18.66,18.7,19.35,18.71
2023-09-29T07:30:00-05:00,18.9,18.85,19.32,18.84
2023-09-29T07:45:00-05:00,18.58,18.61,19.94,18.62
2023-09-29T08:00:00-05:00,18.53,18.54,18.98,18.55
2023-09-29T08:15:00-05:00,17.43,17.17,17.72,16.93
2023-09-29T08:30:00-05:00,16.36,15.67,17.1,15.05
2023-09-29T08:45:00-05:00,16.1,13.82,17.28,2.32
2023-09-29T09:00:00-05:00,17.09,14.89,17.9,0.47
2023-09-29T09:15:00-05:00,18.6,17.27,18.64,0.26
2023-09-29T09:30:00-05:00,18.93,17.45,19.16,0.1
2023-09-29T09:45:00-05:00,19.06,17.71,19.17,-0.1
2023-09-29T10:00:00-05:00,20.25,19.87,20.15,-0.17
2023-09-29T10:15:00-05:00,20.9,20.86,20.35,-0.14
2023-09-29T10:30:00-05:00,21.95,21.87,21.37,-0.07
2023-09-29T10:45:00-05:00,52.45,22.19,20.37,-0.02
2023-09-29T11:00:00-05:00,25.52,18.95,20.54,-0.01
2023-09-29T11:15:00-05:00,24.8,20.63,21.99,2.18
2023-09-29T11:30:00-05:00,26.71,21.34,22.56,7.2
2023-09-29T11:45:00-05:00,25.85,21.26,22.62,5.39
2023-09-29T12:00:00-05:00,26.15,21.16,23.63,4.71
2023-09-29T12:15:00-05:00,26.07,20.74,23.87,4.62
2023-09-29T12:30:00-05:00,26.79,20.51,25.45,9.85
2023-09-29T12:45:00-05:00,26.64,19.61,26.13,8.61
2023-09-29T13:00:00-05:00,39.79,21.5,35.31,13.1
2023-09-29T13:15:00-05:00,43.75,26.81,43.92,11.16
2023-09-29T13:30:00-05:00,29.65,26.21,32.64,7.67
2023-09-29T13:45:00-05:00,32.29,25.54,43.84,10.15
2023-09-29T14:00:00-05:00,28.9,27.09,44.06,13.94
2023-09-29T14:15:00-05:00,28.56,28.43,40.21,12.16
2023-09-29T14:30:00-05:00,36.65,29.57,65.02,16.22
2023-09-29T14:45:00-05:00,39.67,42.56,85.49,27.54
2023-09-29T15:00:00-05:00,23.66,36.82,31.6,19.95
2023-09-29T15:15:00-05:00,24.67,60.37,32.57,27.61
2023-09-29T15:30:00-05:00,25.97,50.8,38.23,23.02
2023-09-29T15:45:00-05:00,26.48,52.37,46.62,22.74
2023-09-29T16:00:00-05:00,29.51,28.75,47.66,18.81
2023-09-29T16:15:00-05:00,57.89,28.48,122.73,24.26
2023-09-29T16:30:00-05:00,26.23,30.18,40.93,24.11
2023-09-29T16:45:00-05:00,24.49,31.09,32.24,16.96
2023-09-29T17:00:00-05:00,28.49,29.48,46.22,16.29
2023-09-29T17:15:00-05:00,24.05,28.65,28.99,10.62
2023-09-29T17:30:00-05:00,24.08,28.76,27.57,8.73
2023-09-29T17:45:00-05:00,23.8,27.9,30.37,14.21
2023-09-29T18:00:00-05:00,23.59,23.91,27.71,22.16
2023-09-29T18:15:00-05:00,24.33,25.4,27.04,31.28
2023-09-29T18:30:00-05:00,23.92,23.17,26.41,24.89
2023-09-29T18:45:00-05:00,24.46,24.17,25.03,24.32
2023-09-29T19:00:00-05:00,24.64,24.64,24.64,24.64
2023-09-29T19:15:00-05:00,24.83,24.83,24.83,24.83
2023-09-29T19:30:00-05:00,24.8,24.8,24.8,24.8
2023-09-29T19:45:00-05:00,24.17,24.17,24.17,24.17
2023-09-29T20:00:00-05:00,23.35,23.35,23.35,23.35
2023-09-29T20:15:00-05:00,22.53,22.0,23.44,22.07
2023-09-29T20:30:00-05:00,21.96,21.25,23.16,21.34
2023-09-29T20:45:00-05:00,21.12,20.1,22.54,19.83
2023-09-29T21:00:00-05:00,21.02,19.06,24.01,18.91
2023-09-29T21:15:00-05:00,21.38,17.99,26.46,17.66
2023-09-29T21:30:00-05:00,21.65,16.39,29.64,16.07
2023-09-29T21:45:00-05:00,21.05,15.35,30.23,15.73
2023-09-29T22:00:00-05:00,19.82,16.42,25.45,16.86
2023-09-29T22:15:00-05:00,23.06,16.7,33.48,17.42
2023-09-29T22:30:00-05:00,24.43,16.6,37.3,17.61
2023-09-29T22:45:00-05:00,24.07,16.93,35.72,17.84
2023-09-29T23:00:00-05:00,25.76,20.73,33.13,26.15
2023-09-29T23:15:00-05:00,23.38,20.83,26.29,28.25
2023-09-29T23:30:00-05:00,22.86,20.59,24.92,30.08
2023-09-29T23:45:00-05:00,21.9,20.03,23.25,29.83
2023-09-30T00:00:00-05:00,21.6,19.77,22.87,29.46
2023-09-30T00:15:00-05:00,21.75,19.72,23.18,30.51
2023-09-30T00:30:00-05:00,21.76,19.84,23.1,30.04
2023-09-30T00:45:00-05:00,21.3,19.5,22.55,29.01
2023-09-30T01:00:00-05:00,21.88,19.96,23.22,30.12
2023-09-30T01:15:00-05:00,22.39,19.93,24.11,32.91
2023-09-30T01:30:00-05:00,23.89,20.97,25.79,38.97
2023-09-30T01:45:00-05:00,24.12,21.2,26.02,39.3
2023-09-30T02:00:00-05:00,23.59,21.43,24.97,35.29
2023-09-30T02:15:00-05:00,22.45,20.89,23.42,31.38
2023-09-30T02:30:00-05:00,21.6,21.44,21.61,24.34
2023-09-30T02:45:00-05:00,21.11,21.22,21.0,21.34
2023-09-30T03:00:00-05:00,21.39,21.57,21.22,21.75
2023-09-30T03:15:00-05:00,21.17,21.47,20.87,21.78
2023-09-30T03:30:00-05:00,22.48,17.39,27.17,54.55
2023-09-30T03:45:00-05:00,21.48,17.89,24.74,45.16
2023-09-30T04:00:00-05:00,22.79,14.86,29.62,76.56
2023-09-30T04:15:00-05:00,21.99,13.88,29.41,72.91
2023-09-30T04:30:00-05:00,22.54,13.83,30.52,77.42
2023-09-30T04:45:00-05:00,21.03,16.16,25.48,51.65
2023-09-30T05:00:00-05:00,20.0,15.69,23.93,47.19
2023-09-30T05:15:00-05:00,18.96,16.71,21.02,33.15
2023-09-30T05:30:00-05:00,18.66,18.66,18.66,18.68
2023-09-30T05:45:00-05:00,18.95,18.95,18.95,18.95
2023-09-30T06:00:00-05:00,20.22,20.22,20.22,20.22
2023-09-30T06:15:00-05:00,19.84,19.84,19.84,19.84
2023-09-30T06:30:00-05:00,19.34,19.34,19.34,19.34
2023-09-30T06:45:00-05:00,18.65,18.65,18.65,18.65
2023-09-30T07:00:00-05:00,18.49,18.49,18.49,18.49
2023-09-30T07:15:00-05:00,18.42,18.42,18.42,18.42
2023-09-30T07:30:00-05:00,18.38,18.38,18.38,18.38
2023-09-30T07:45:00-05:00,18.33,18.33,18.33,18.33
2023-09-30T08:00:00-05:00,18.27,18.27,18.27,18.27
2023-09-30T08:15:00-05:00,17.82,17.82,17.82,17.82
2023-09-30T08:30:00-05:00,15.9,15.9,15.9,15.9
2023-09-30T08:45:00-05:00,16.57,16.57,16.57,16.57
2023-09-30T09:00:00-05:00,16.62,16.62,16.62,16.62
2023-09-30T09:15:00-05:00,15.94,15.94,14.67,15.94
2023-09-30T09:30:00-05:00,15.96,14.22,16.83,12.03
2023-09-30T09:45:00-05:00,17.82,15.11,19.54,4.2
2023-09-30T10:00:00-05:00,20.53,19.45,21.15,0.81
2023-09-30T10:15:00-05:00,20.72,19.95,21.0,0.62
2023-09-30T10:30:00-05:00,20.45,19.72,20.71,0.49
2023-09-30T10:45:00-05:00,21.22,20.59,21.34,0.55
2023-09-30T11:00:00-05:00,21.08,20.26,21.45,0.52
2023-09-30T11:15:00-05:00,22.03,21.19,22.44,0.61
2023-09-30T11:30:00-05:00,23.96,21.72,22.78,0.71
2023-09-30T11:45:00-05:00,23.74,19.43,25.23,0.71
2023-09-30T12:00:00-05:00,29.97,18.38,43.09,5.77
2023-09-30T12:15:00-05:00,37.98,19.29,61.06,17.06
2023-09-30T12:30:00-05:00,42.07,21.92,66.38,29.4
2023-09-30T12:45:00-05:00,24.69,23.69,29.06,30.04
2023-09-30T13:00:00-05:00,23.05,22.88,24.47,25.58
2023-09-30T13:15:00-05:00,28.44,25.39,33.48,25.79
2023-09-30T13:30:00-05:00,25.8,23.35,30.28,24.22
2023-09-30T13:45:00-05:00,27.62,23.4,36.76,28.3
2023-09-30T14:00:00-05:00,26.52,22.51,33.71,23.8
2023-09-30T14:15:00-05:00,24.15,24.08,26.27,27.25
2023-09-30T14:30:00-05:00,24.52,25.05,23.44,30.16
2023-09-30T14:45:00-05:00,25.04,25.61,24.27,31.02
2023-09-30T15:00:00-05:00,25.87,26.2,23.19,31.35
2023-09-30T15:15:00-05:00,26.48,28.94,24.47,30.97
2023-09-30T15:30:00-05:00,30.48,41.18,27.2,34.08
2023-09-30T15:45:00-05:00,28.4,50.48,32.09,30.69
2023-09-30T16:00:00-05:00,28.7,59.47,39.05,29.0
2023-09-30T16:15:00-05:00,29.37,26.12,36.28,25.94
2023-09-30T16:30:00-05:00,25.49,24.01,28.33,24.67
2023-09-30T16:45:00-05:00,25.55,26.34,25.71,32.64
2023-09-30T17:00:00-05:00,26.89,23.79,24.45,23.94
2023-09-30T17:15:00-05:00,23.37,23.31,23.81,23.88
2023-09-30T17:30:00-05:00,23.64,23.63,23.82,23.86
2023-09-30T17:45:00-05:00,24.07,23.85,24.19,23.56
2023-09-30T18:00:00-05:00,24.37,24.4,24.37,24.46
2023-09-30T18:15:00-05:00,25.34,25.34,25.34,25.34
2023-09-30T18:30:00-05:00,28.49,28.49,28.49,28.49
2023-09-30T18:45:00-05:00,31.07,31.07,31.07,31.07
2023-09-30T19:00:00-05:00,31.0,31.0,31.0,31.0
2023-09-30T19:15:00-05:00,36.21,36.21,36.21,36.21
2023-09-30T19:30:00-05:00,32.51,32.51,32.51,32.51
2023-09-30T19:45:00-05:00,28.39,28.34,28.44,29.17
2023-09-30T20:00:00-05:00,25.09,25.01,25.18,26.45
2023-09-30T20:15:00-05:00,24.73,24.73,24.73,24.73
2023-09-30T20:30:00-05:00,23.7,23.7,23.7,23.7
2023-09-30T20:45:00-05:00,23.0,23.0,23.0,23.0
2023-09-30T21:00:00-05:00,22.29,22.29,22.29,22.29
2023-09-30T21:15:00-05:00,21.91,21.91,21.91,21.91
2023-09-30T21:30:00-05:00,20.86,20.86,20.86,20.86
2023-09-30T21:45:00-05:00,20.28,20.28,20.28,20.28
2023-09-30T22:00:00-05:00,20.85,20.85,20.85,20.85
2023-09-30T22:15:00-05:00,21.06,21.06,21.06,21.06
2023-09-30T22:30:00-05:00,20.35,20.35,20.35,20.35
2023-09-30T22:45:00-05:00,18.85,18.85,18.85,18.85
2023-09-30T23:00:00-05:00,19.86,19.86,19.86,19.86
2023-09-30T23:15:00-05:00,19.52,19.51,19.49,18.42
2023-09-30T23:30:00-05:00,18.58,18.58,18.52,16.24
2023-09-30T23:45:00-05:00,18.46,18.46,18.46,18.39
