hour_start_ct,LZ_HOUSTON,LZ_NORTH,LZ_SOUTH,LZ_WEST
2023-07-01T00:00:00-05:00,23.47,23.17,22.83,27.36
2023-07-01T01:00:00-05:00,20.27,19.92,20.07,24.39
2023-07-01T02:00:00-05:00,18.13,17.84,17.99,21.66
2023-07-01T03:00:00-05:00,16.96,16.69,16.93,20.66
2023-07-01T04:00:00-05:00,16.06,15.84,16.0,19.1
2023-07-01T05:00:00-05:00,15.75,15.59,15.69,18.55
2023-07-01T06:00:00-05:00,17.28,17.14,17.11,19.16
2023-07-01T07:00:00-05:00,17.26,17.16,17.05,18.63
2023-07-01T08:00:00-05:00,18.33,18.36,17.93,18.69
2023-07-01T09:00:00-05:00,18.78,18.88,18.2,19.06
2023-07-01T10:00:00-05:00,22.34,21.72,21.44,21.99
2023-07-01T11:00:00-05:00,29.3,26.83,27.63,27.28
2023-07-01T12:00:00-05:00,35.92,34.76,34.78,35.01
2023-07-01T13:00:00-05:00,42.57,41.79,41.9,42.0
2023-07-01T14:00:00-05:00,65.35,64.58,60.74,64.8
2023-07-01T15:00:00-05:00,103.29,101.91,91.86,102.3
2023-07-01T16:00:00-05:00,150.93,150.58,134.22,151.37
2023-07-01T17:00:00-05:00,147.56,148.76,125.23,150.02
2023-07-01T18:00:00-05:00,112.64,116.42,85.79,119.68
2023-07-01T19:00:00-05:00,107.55,112.42,76.04,118.06
2023-07-01T20:00:00-05:00,100.1,103.19,77.58,116.17
2023-07-01T21:00:00-05:00,49.71,50.1,44.06,59.38
2023-07-01T22:00:00-05:00,35.47,35.21,33.4,43.99
2023-07-01T23:00:00-05:00,31.84,31.43,30.75,39.09
2023-07-02T00:00:00-05:00,30.34,30.22,29.21,34.9
2023-07-02T01:00:00-05:00,27.55,27.24,27.05,33.6
2023-07-02T02:00:00-05:00,25.25,24.94,24.97,31.5
2023-07-02T03:00:00-05:00,23.85,23.41,23.95,31.58
2023-07-02T04:00:00-05:00,22.29,21.79,22.57,30.81
2023-07-02T05:00:00-05:00,21.99,21.38,22.47,31.13
2023-07-02T06:00:00-05:00,17.67,16.87,18.28,25.11
2023-07-02T07:00:00-05:00,17.94,17.42,18.29,22.32
2023-07-02T08:00:00-05:00,17.94,17.85,18.01,18.63
2023-07-02T09:00:00-05:00,19.01,19.02,19.04,19.09
2023-07-02T10:00:00-05:00,23.18,23.18,23.28,23.3
2023-07-02T11:00:00-05:00,28.99,28.99,29.2,29.11
2023-07-02T12:00:00-05:00,35.17,35.18,35.75,35.4
2023-07-02T13:00:00-05:00,64.12,64.01,64.77,64.38
2023-07-02T14:00:00-05:00,150.09,150.04,151.23,150.6
2023-07-02T15:00:00-05:00,236.66,236.5,238.84,237.2
2023-07-02T16:00:00-05:00,287.29,287.12,287.46,288.19
2023-07-02T17:00:00-05:00,260.42,261.62,256.14,263.08
2023-07-02T18:00:00-05:00,159.67,161.54,152.45,163.72
2023-07-02T19:00:00-05:00,151.64,153.32,139.82,157.92
2023-07-02T20:00:00-05:00,128.76,129.74,118.38,140.46
2023-07-02T21:00:00-05:00,60.29,59.78,58.69,69.78
2023-07-02T22:00:00-05:00,36.75,36.2,35.8,45.24
2023-07-02T23:00:00-05:00,30.85,30.41,30.32,37.8
2023-07-03T00:00:00-05:00,24.98,24.53,25.06,30.68
2023-07-03T01:00:00-05:00,22.37,21.97,22.54,27.17
2023-07-03T02:00:00-05:00,20.98,20.61,21.14,25.4
2023-07-03T03:00:00-05:00,20.37,19.99,20.62,24.55
2023-07-03T04:00:00-05:00,20.52,20.08,20.83,25.17
2023-07-03T05:00:00-05:00,22.2,21.74,22.52,26.82
2023-07-03T06:00:00-05:00,20.94,20.68,21.14,24.21
2023-07-03T07:00:00-05:00,21.11,20.89,21.21,23.33
2023-07-03T08:00:00-05:00,20.44,20.28,20.37,20.67
2023-07-03T09:00:00-05:00,23.0,21.35,22.09,21.64
2023-07-03T10:00:00-05:00,31.25,25.7,28.16,26.26
2023-07-03T11:00:00-05:00,39.18,30.29,34.1,31.12
2023-07-03T12:00:00-05:00,55.97,45.55,51.04,46.49
2023-07-03T13:00:00-05:00,101.26,99.39,100.92,99.66
2023-07-03T14:00:00-05:00,153.4,150.29,153.87,150.67
2023-07-03T15:00:00-05:00,249.74,246.94,250.55,247.26
2023-07-03T16:00:00-05:00,264.58,261.5,265.24,261.83
2023-07-03T17:00:00-05:00,175.7,174.01,170.19,174.9
2023-07-03T18:00:00-05:00,109.69,110.69,101.4,112.61
2023-07-03T19:00:00-05:00,103.19,104.43,95.17,108.02
2023-07-03T20:00:00-05:00,74.13,75.03,67.61,79.98
2023-07-03T21:00:00-05:00,35.89,35.79,34.57,41.04
2023-07-03T22:00:00-05:00,29.33,29.14,28.74,33.35
2023-07-03T23:00:00-05:00,25.47,25.24,25.34,28.88
2023-07-04T00:00:00-05:00,20.85,20.62,20.7,23.5
2023-07-04T01:00:00-05:00,18.7,18.44,18.72,21.5
2023-07-04T02:00:00-05:00,17.52,17.25,17.6,20.66
2023-07-04T03:00:00-05:00,17.15,16.9,17.27,19.68
2023-07-04T04:00:00-05:00,17.02,16.77,17.19,19.69
2023-07-04T05:00:00-05:00,17.15,16.91,17.31,19.62
2023-07-04T06:00:00-05:00,17.02,16.8,17.17,19.09
2023-07-04T07:00:00-05:00,17.04,16.92,17.12,18.15
2023-07-04T08:00:00-05:00,16.2,16.2,16.21,16.2
2023-07-04T09:00:00-05:00,17.01,17.02,17.05,17.02
2023-07-04T10:00:00-05:00,19.11,19.12,19.27,19.13
2023-07-04T11:00:00-05:00,25.84,23.56,24.54,23.69
2023-07-04T12:00:00-05:00,29.51,26.83,28.08,27.01
2023-07-04T13:00:00-05:00,32.65,30.1,31.23,30.24
2023-07-04T14:00:00-05:00,43.06,40.17,40.68,40.17
2023-07-04T15:00:00-05:00,48.01,45.69,46.39,45.6
2023-07-04T16:00:00-05:00,51.78,49.45,50.47,49.43
2023-07-04T17:00:00-05:00,43.85,40.94,36.23,40.81
2023-07-04T18:00:00-05:00,39.13,38.05,30.0,38.44
2023-07-04T19:00:00-05:00,37.79,37.42,30.01,39.19
2023-07-04T20:00:00-05:00,34.23,34.01,29.43,36.88
2023-07-04T21:00:00-05:00,26.11,25.64,24.9,29.15
2023-07-04T22:00:00-05:00,22.94,22.22,22.67,25.92
2023-07-04T23:00:00-05:00,23.12,22.43,22.85,26.05
2023-07-05T00:00:00-05:00,19.14,18.19,19.5,24.06
2023-07-05T01:00:00-05:00,18.14,17.28,18.52,22.55
2023-07-05T02:00:00-05:00,17.26,16.44,17.72,21.8
2023-07-05T03:00:00-05:00,16.63,15.98,17.03,20.44
2023-07-05T04:00:00-05:00,17.69,17.2,17.99,20.85
2023-07-05T05:00:00-05:00,18.7,18.43,18.88,21.2
2023-07-05T06:00:00-05:00,17.99,17.83,18.1,19.93
2023-07-05T07:00:00-05:00,17.58,17.5,17.63,18.34
2023-07-05T08:00:00-05:00,17.29,17.29,17.29,17.29
2023-07-05T09:00:00-05:00,16.79,16.72,16.88,16.61
2023-07-05T10:00:00-05:00,20.06,20.05,20.16,20.06
2023-07-05T11:00:00-05:00,28.42,27.7,27.88,27.77
2023-07-05T12:00:00-05:00,33.86,32.37,32.4,32.34
2023-07-05T13:00:00-05:00,48.77,48.08,48.88,48.23
2023-07-05T14:00:00-05:00,60.39,59.39,60.22,59.84
2023-07-05T15:00:00-05:00,75.87,75.7,73.09,76.13
2023-07-05T16:00:00-05:00,82.02,81.86,74.7,82.4
2023-07-05T17:00:00-05:00,53.79,54.88,46.66,56.33
2023-07-05T18:00:00-05:00,39.61,40.78,33.21,42.55
2023-07-05T19:00:00-05:00,38.65,39.52,32.04,41.67
2023-07-05T20:00:00-05:00,38.9,39.4,34.36,43.35
2023-07-05T21:00:00-05:00,27.76,27.46,27.69,31.09
2023-07-05T22:00:00-05:00,25.49,25.22,25.63,28.76
2023-07-05T23:00:00-05:00,23.01,22.77,23.16,25.92
2023-07-06T00:00:00-05:00,20.37,19.72,20.69,23.37
2023-07-06T01:00:00-05:00,19.29,18.48,19.68,22.39
2023-07-06T02:00:00-05:00,18.32,17.71,18.61,20.89
2023-07-06T03:00:00-05:00,18.14,17.72,18.34,20.34
2023-07-06T04:00:00-05:00,18.41,18.09,18.52,20.44
2023-07-06T05:00:00-05:00,20.33,20.06,20.29,22.43
2023-07-06T06:00:00-05:00,22.39,22.21,21.68,23.84
2023-07-06T07:00:00-05:00,22.92,22.8,22.28,23.81
2023-07-06T08:00:00-05:00,20.35,20.35,20.07,20.36
2023-07-06T09:00:00-05:00,20.87,20.86,20.62,20.88
2023-07-06T10:00:00-05:00,25.02,25.01,24.61,25.07
2023-07-06T11:00:00-05:00,30.04,29.53,29.03,29.59
2023-07-06T12:00:00-05:00,31.75,31.5,31.28,31.61
2023-07-06T13:00:00-05:00,31.27,31.23,30.61,31.37
2023-07-06T14:00:00-05:00,33.71,33.8,32.49,34.04
2023-07-06T15:00:00-05:00,40.94,41.5,39.21,41.76
2023-07-06T16:00:00-05:00,41.19,41.51,39.37,41.87
2023-07-06T17:00:00-05:00,34.51,34.98,32.34,35.45
2023-07-06T18:00:00-05:00,32.6,32.97,30.24,33.78
2023-07-06T19:00:00-05:00,33.06,33.23,31.02,35.54
2023-07-06T20:00:00-05:00,34.75,34.43,34.1,38.68
2023-07-06T21:00:00-05:00,26.55,25.77,26.89,31.05
2023-07-06T22:00:00-05:00,23.83,22.96,24.3,27.77
2023-07-06T23:00:00-05:00,20.2,19.3,20.72,23.7
2023-07-07T00:00:00-05:00,19.64,18.61,20.37,23.82
2023-07-07T01:00:00-05:00,17.92,17.0,18.45,22.03
2023-07-07T02:00:00-05:00,16.65,15.72,17.23,20.45
2023-07-07T03:00:00-05:00,16.58,15.63,17.11,20.7
2023-07-07T04:00:00-05:00,16.78,15.85,17.29,21.02
2023-07-07T05:00:00-05:00,18.81,17.94,19.29,22.95
2023-07-07T06:00:00-05:00,19.42,18.85,19.72,21.93
2023-07-07T07:00:00-05:00,18.9,18.55,19.08,19.89
2023-07-07T08:00:00-05:00,18.16,17.61,18.6,17.51
2023-07-07T09:00:00-05:00,18.72,17.05,20.07,13.72
2023-07-07T10:00:00-05:00,20.63,18.69,22.2,13.12
2023-07-07T11:00:00-05:00,24.48,22.44,25.87,16.34
2023-07-07T12:00:00-05:00,28.28,22.9,27.29,18.53
2023-07-07T13:00:00-05:00,34.96,23.93,31.38,21.61
2023-07-07T14:00:00-05:00,36.71,27.43,32.53,23.98
2023-07-07T15:00:00-05:00,42.89,31.0,36.13,26.08
2023-07-07T16:00:00-05:00,40.42,33.74,34.19,24.1
2023-07-07T17:00:00-05:00,33.57,30.62,30.6,19.56
2023-07-07T18:00:00-05:00,29.68,29.13,30.77,21.39
2023-07-07T19:00:00-05:00,38.65,38.15,38.13,37.97
2023-07-07T20:00:00-05:00,41.14,40.92,40.85,43.72
2023-07-07T21:00:00-05:00,30.62,30.22,30.69,33.07
2023-07-07T22:00:00-05:00,27.07,26.44,27.39,30.94
2023-07-07T23:00:00-05:00,21.93,21.3,22.33,25.95
2023-07-08T00:00:00-05:00,23.55,23.27,23.74,26.74
2023-07-08T01:00:00-05:00,21.07,20.8,21.22,24.21
2023-07-08T02:00:00-05:00,20.13,19.86,20.28,23.27
2023-07-08T03:00:00-05:00,20.62,20.41,20.73,23.35
2023-07-08T04:00:00-05:00,20.7,20.5,20.81,23.0
2023-07-08T05:00:00-05:00,21.39,21.25,21.5,23.94
2023-07-08T06:00:00-05:00,22.56,22.5,22.59,24.21
2023-07-08T07:00:00-05:00,21.83,21.77,21.82,22.38
2023-07-08T08:00:00-05:00,21.63,21.62,21.57,21.63
2023-07-08T09:00:00-05:00,20.05,20.05,19.83,20.06
2023-07-08T10:00:00-05:00,26.38,26.31,26.06,26.33
2023-07-08T11:00:00-05:00,30.75,30.01,29.48,29.98
2023-07-08T12:00:00-05:00,34.29,33.42,32.97,33.4
2023-07-08T13:00:00-05:00,38.43,37.58,37.24,37.66
2023-07-08T14:00:00-05:00,41.93,40.82,39.1,40.72
2023-07-08T15:00:00-05:00,52.85,51.67,48.06,51.57
2023-07-08T16:00:00-05:00,64.06,63.37,57.07,63.43
2023-07-08T17:00:00-05:00,61.86,62.22,53.42,62.55
2023-07-08T18:00:00-05:00,47.47,48.45,39.67,49.52
2023-07-08T19:00:00-05:00,62.71,65.36,48.0,68.18
2023-07-08T20:00:00-05:00,72.59,73.61,63.55,78.42
2023-07-08T21:00:00-05:00,36.34,36.28,34.02,40.26
2023-07-08T22:00:00-05:00,31.72,31.66,30.76,35.01
2023-07-08T23:00:00-05:00,27.4,27.17,27.18,30.89
2023-07-09T00:00:00-05:00,30.01,29.73,29.86,32.69
2023-07-09T01:00:00-05:00,24.99,24.72,24.93,27.74
2023-07-09T02:00:00-05:00,21.34,21.13,21.33,24.01
2023-07-09T03:00:00-05:00,20.11,19.95,20.09,22.6
2023-07-09T04:00:00-05:00,19.06,18.94,19.06,21.44
2023-07-09T05:00:00-05:00,18.78,18.66,18.75,21.28
2023-07-09T06:00:00-05:00,20.9,20.81,20.85,22.57
2023-07-09T07:00:00-05:00,17.48,17.42,17.39,18.2
2023-07-09T08:00:00-05:00,17.61,17.6,17.42,17.61
2023-07-09T09:00:00-05:00,19.35,19.35,18.96,19.36
2023-07-09T10:00:00-05:00,24.47,24.37,23.99,24.4
2023-07-09T11:00:00-05:00,30.29,30.01,29.49,30.09
2023-07-09T12:00:00-05:00,31.28,30.98,30.7,31.04
2023-07-09T13:00:00-05:00,33.35,32.15,31.41,32.14
2023-07-09T14:00:00-05:00,40.73,38.74,36.76,38.7
2023-07-09T15:00:00-05:00,52.05,50.23,46.32,50.0
2023-07-09T16:00:00-05:00,65.1,63.2,56.27,63.21
2023-07-09T17:00:00-05:00,64.2,64.49,53.79,65.33
2023-07-09T18:00:00-05:00,56.92,58.48,44.7,60.56
2023-07-09T19:00:00-05:00,70.17,71.85,56.88,74.79
2023-07-09T20:00:00-05:00,66.1,67.08,57.05,74.01
2023-07-09T21:00:00-05:00,34.5,34.48,31.57,40.4
2023-07-09T22:00:00-05:00,30.63,30.52,28.46,36.36
2023-07-09T23:00:00-05:00,26.4,26.15,25.3,29.83
2023-07-10T00:00:00-05:00,23.29,23.02,22.29,27.14
2023-07-10T01:00:00-05:00,22.91,22.66,22.48,26.51
2023-07-10T02:00:00-05:00,20.8,20.59,20.24,24.33
2023-07-10T03:00:00-05:00,20.78,20.54,20.32,24.77
2023-07-10T04:00:00-05:00,21.33,21.01,21.26,25.67
2023-07-10T05:00:00-05:00,24.62,24.29,24.74,29.07
2023-07-10T06:00:00-05:00,23.69,23.38,23.88,26.91
2023-07-10T07:00:00-05:00,23.45,23.31,23.52,25.28
2023-07-10T08:00:00-05:00,21.14,21.12,21.07,21.26
2023-07-10T09:00:00-05:00,22.1,22.02,21.93,21.96
2023-07-10T10:00:00-05:00,28.35,28.0,27.89,27.92
2023-07-10T11:00:00-05:00,33.4,32.59,32.54,32.47
2023-07-10T12:00:00-05:00,39.31,38.15,38.62,38.05
2023-07-10T13:00:00-05:00,43.57,40.27,43.63,40.67
2023-07-10T14:00:00-05:00,57.57,49.48,60.93,50.88
2023-07-10T15:00:00-05:00,75.77,67.19,79.62,69.19
2023-07-10T16:00:00-05:00,80.13,74.5,80.96,76.51
2023-07-10T17:00:00-05:00,70.68,69.35,57.06,70.58
2023-07-10T18:00:00-05:00,62.5,65.71,47.42,68.15
2023-07-10T19:00:00-05:00,80.28,83.84,58.2,88.39
2023-07-10T20:00:00-05:00,79.03,82.36,57.32,89.72
2023-07-10T21:00:00-05:00,37.2,37.35,32.46,44.22
2023-07-10T22:00:00-05:00,32.82,32.64,30.62,39.38
2023-07-10T23:00:00-05:00,26.37,25.99,26.1,30.92
2023-07-11T00:00:00-05:00,25.28,25.01,25.22,28.19
2023-07-11T01:00:00-05:00,23.0,22.61,23.12,26.6
2023-07-11T02:00:00-05:00,23.56,23.23,23.73,26.94
2023-07-11T03:00:00-05:00,21.71,21.41,21.87,24.47
2023-07-11T04:00:00-05:00,21.6,21.36,21.73,24.07
2023-07-11T05:00:00-05:00,22.4,22.18,22.54,25.02
2023-07-11T06:00:00-05:00,19.92,19.74,20.03,21.55
2023-07-11T07:00:00-05:00,18.43,18.33,18.49,19.01
2023-07-11T08:00:00-05:00,18.41,18.34,18.4,18.39
2023-07-11T09:00:00-05:00,18.87,18.09,18.54,17.43
2023-07-11T10:00:00-05:00,24.48,23.0,23.75,21.95
2023-07-11T11:00:00-05:00,30.58,26.21,28.6,25.05
2023-07-11T12:00:00-05:00,35.67,28.2,36.33,27.6
2023-07-11T13:00:00-05:00,45.02,32.18,45.64,32.13
2023-07-11T14:00:00-05:00,53.62,40.0,56.69,39.96
2023-07-11T15:00:00-05:00,62.26,51.68,70.03,51.26
2023-07-11T16:00:00-05:00,55.36,48.75,66.14,48.2
2023-07-11T17:00:00-05:00,45.72,40.32,55.84,40.45
2023-07-11T18:00:00-05:00,42.25,41.5,42.61,42.44
2023-07-11T19:00:00-05:00,55.72,57.35,50.9,60.27
2023-07-11T20:00:00-05:00,48.9,49.83,45.48,56.52
2023-07-11T21:00:00-05:00,35.51,35.01,35.15,40.24
2023-07-11T22:00:00-05:00,29.16,28.37,29.61,35.5
2023-07-11T23:00:00-05:00,22.4,21.63,23.06,27.39
2023-07-12T00:00:00-05:00,24.3,23.59,23.66,30.12
2023-07-12T01:00:00-05:00,22.04,21.31,21.62,27.04
2023-07-12T02:00:00-05:00,19.59,18.88,19.45,24.15
2023-07-12T03:00:00-05:00,19.14,18.41,19.21,23.83
2023-07-12T04:00:00-05:00,18.75,17.98,18.89,22.74
2023-07-12T05:00:00-05:00,19.29,18.43,19.39,23.36
2023-07-12T06:00:00-05:00,17.15,15.91,17.59,18.54
2023-07-12T07:00:00-05:00,17.05,15.61,17.26,17.45
2023-07-12T08:00:00-05:00,17.3,14.93,16.37,9.76
2023-07-12T09:00:00-05:00,20.65,16.45,16.96,6.73
2023-07-12T10:00:00-05:00,28.25,18.2,19.92,9.0
2023-07-12T11:00:00-05:00,35.48,23.44,25.05,13.58
2023-07-12T12:00:00-05:00,35.72,24.75,29.11,18.64
2023-07-12T13:00:00-05:00,45.33,31.62,36.11,27.26
2023-07-12T14:00:00-05:00,63.02,43.03,47.77,39.25
2023-07-12T15:00:00-05:00,78.47,63.14,60.96,59.48
2023-07-12T16:00:00-05:00,76.37,69.12,62.66,65.01
2023-07-12T17:00:00-05:00,74.95,71.15,55.33,68.9
2023-07-12T18:00:00-05:00,67.1,68.27,47.13,68.33
2023-07-12T19:00:00-05:00,83.82,87.31,61.65,90.7
2023-07-12T20:00:00-05:00,66.98,69.8,48.77,76.2
2023-07-12T21:00:00-05:00,34.11,34.12,30.32,38.88
2023-07-12T22:00:00-05:00,33.84,33.77,30.18,39.1
2023-07-12T23:00:00-05:00,26.04,25.73,24.68,31.29
2023-07-13T00:00:00-05:00,23.55,23.06,20.98,27.99
2023-07-13T01:00:00-05:00,21.02,20.46,19.27,24.93
2023-07-13T02:00:00-05:00,19.59,19.09,17.93,24.06
2023-07-13T03:00:00-05:00,18.61,18.2,17.17,22.56
2023-07-13T04:00:00-05:00,18.05,17.68,16.52,22.06
2023-07-13T05:00:00-05:00,19.08,18.72,17.78,22.19
2023-07-13T06:00:00-05:00,19.05,18.59,18.43,21.63
2023-07-13T07:00:00-05:00,19.12,18.76,18.37,19.68
2023-07-13T08:00:00-05:00,19.6,18.72,17.74,18.56
2023-07-13T09:00:00-05:00,23.61,19.99,18.07,19.08
2023-07-13T10:00:00-05:00,31.32,24.65,23.06,24.0
2023-07-13T11:00:00-05:00,39.71,29.95,27.35,29.16
2023-07-13T12:00:00-05:00,53.02,41.09,36.55,40.49
2023-07-13T13:00:00-05:00,123.31,103.94,88.88,103.47
2023-07-13T14:00:00-05:00,174.31,155.0,130.44,154.42
2023-07-13T15:00:00-05:00,258.21,227.25,197.72,226.83
2023-07-13T16:00:00-05:00,356.25,341.5,301.02,338.06
2023-07-13T17:00:00-05:00,265.71,258.77,209.4,256.18
2023-07-13T18:00:00-05:00,250.71,252.19,191.18,253.98
2023-07-13T19:00:00-05:00,239.76,247.09,176.49,252.1
2023-07-13T20:00:00-05:00,170.0,177.79,131.17,187.1
2023-07-13T21:00:00-05:00,62.14,63.32,48.93,70.1
2023-07-13T22:00:00-05:00,36.82,36.89,31.55,42.73
2023-07-13T23:00:00-05:00,28.92,28.96,25.24,33.88
2023-07-14T00:00:00-05:00,25.78,25.67,23.75,30.28
2023-07-14T01:00:00-05:00,23.57,23.45,21.78,28.23
2023-07-14T02:00:00-05:00,21.03,20.88,19.71,26.38
2023-07-14T03:00:00-05:00,19.12,19.02,18.14,23.71
2023-07-14T04:00:00-05:00,18.66,18.59,17.27,22.3
2023-07-14T05:00:00-05:00,19.29,19.22,18.28,22.73
2023-07-14T06:00:00-05:00,17.3,17.17,16.7,19.64
2023-07-14T07:00:00-05:00,17.74,17.65,16.94,18.3
2023-07-14T08:00:00-05:00,17.53,17.31,15.77,17.21
2023-07-14T09:00:00-05:00,20.13,18.0,14.66,16.83
2023-07-14T10:00:00-05:00,24.67,21.24,16.91,18.86
2023-07-14T11:00:00-05:00,31.21,26.58,20.85,24.81
2023-07-14T12:00:00-05:00,48.69,34.51,25.69,30.24
2023-07-14T13:00:00-05:00,91.5,62.98,42.0,61.07
2023-07-14T14:00:00-05:00,143.62,110.17,72.32,104.38
2023-07-14T15:00:00-05:00,201.69,161.58,95.53,149.75
2023-07-14T16:00:00-05:00,227.63,186.05,103.45,165.33
2023-07-14T17:00:00-05:00,186.57,156.6,91.27,132.58
2023-07-14T18:00:00-05:00,154.84,149.0,78.52,125.96
2023-07-14T19:00:00-05:00,182.36,194.71,101.95,189.36
2023-07-14T20:00:00-05:00,100.02,105.47,60.49,112.17
2023-07-14T21:00:00-05:00,45.43,46.73,34.11,51.47
2023-07-14T22:00:00-05:00,31.85,31.98,27.41,36.76
2023-07-14T23:00:00-05:00,27.46,27.39,24.64,31.81
2023-07-15T00:00:00-05:00,23.72,23.61,21.59,27.01
2023-07-15T01:00:00-05:00,23.42,23.27,21.85,26.23
2023-07-15T02:00:00-05:00,21.27,21.13,19.96,24.1
2023-07-15T03:00:00-05:00,19.73,19.6,18.72,22.16
2023-07-15T04:00:00-05:00,19.25,19.22,17.99,21.88
2023-07-15T05:00:00-05:00,19.18,19.14,17.92,21.82
2023-07-15T06:00:00-05:00,19.39,19.27,18.28,21.23
2023-07-15T07:00:00-05:00,19.44,19.44,18.28,20.07
2023-07-15T08:00:00-05:00,20.85,20.76,19.06,20.9
2023-07-15T09:00:00-05:00,22.31,20.21,17.81,19.96
2023-07-15T10:00:00-05:00,29.93,26.74,22.66,26.19
2023-07-15T11:00:00-05:00,39.39,34.32,25.75,33.37
2023-07-15T12:00:00-05:00,43.77,37.54,24.43,36.02
2023-07-15T13:00:00-05:00,95.64,77.47,43.35,75.02
2023-07-15T14:00:00-05:00,165.99,136.82,77.47,130.86
2023-07-15T15:00:00-05:00,284.4,247.58,165.0,239.0
2023-07-15T16:00:00-05:00,388.56,351.98,240.1,341.69
2023-07-15T17:00:00-05:00,343.75,316.81,206.4,307.59
2023-07-15T18:00:00-05:00,294.98,293.14,199.12,288.99
2023-07-15T19:00:00-05:00,315.37,323.21,221.21,325.66
2023-07-15T20:00:00-05:00,183.52,192.46,133.06,197.98
2023-07-15T21:00:00-05:00,67.92,70.31,50.9,75.28
2023-07-15T22:00:00-05:00,37.04,37.61,31.48,40.89
2023-07-15T23:00:00-05:00,31.86,31.9,29.57,34.39
2023-07-16T00:00:00-05:00,24.73,24.83,23.0,26.52
2023-07-16T01:00:00-05:00,24.0,24.11,22.6,25.74
2023-07-16T02:00:00-05:00,21.59,21.59,20.67,23.58
2023-07-16T03:00:00-05:00,20.5,20.51,19.74,22.6
2023-07-16T04:00:00-05:00,19.59,19.55,19.09,22.05
2023-07-16T05:00:00-05:00,19.19,19.09,18.89,22.25
2023-07-16T06:00:00-05:00,19.0,18.89,18.81,21.59
2023-07-16T07:00:00-05:00,18.98,18.92,18.76,20.32
2023-07-16T08:00:00-05:00,18.63,18.63,18.37,18.64
2023-07-16T09:00:00-05:00,21.06,20.0,19.46,19.93
2023-07-16T10:00:00-05:00,27.53,23.36,23.33,23.4
2023-07-16T11:00:00-05:00,34.75,26.2,27.25,26.44
2023-07-16T12:00:00-05:00,38.4,26.71,30.23,27.38
2023-07-16T13:00:00-05:00,51.39,28.76,40.74,30.85
2023-07-16T14:00:00-05:00,64.04,33.0,44.99,34.94
2023-07-16T15:00:00-05:00,110.12,73.66,89.43,76.28
2023-07-16T16:00:00-05:00,134.01,107.49,103.75,108.03
2023-07-16T17:00:00-05:00,142.19,130.62,118.73,129.74
2023-07-16T18:00:00-05:00,143.82,150.37,101.83,150.67
2023-07-16T19:00:00-05:00,208.88,224.19,134.16,227.56
2023-07-16T20:00:00-05:00,179.46,190.56,136.2,195.57
2023-07-16T21:00:00-05:00,53.11,54.3,47.92,57.31
2023-07-16T22:00:00-05:00,28.06,27.98,27.39,31.31
2023-07-16T23:00:00-05:00,22.89,22.82,22.12,24.67
2023-07-17T00:00:00-05:00,19.42,19.21,20.24,23.07
2023-07-17T01:00:00-05:00,17.99,17.74,18.57,20.96
2023-07-17T02:00:00-05:00,17.88,17.61,17.97,20.92
2023-07-17T03:00:00-05:00,17.07,16.86,17.31,19.32
2023-07-17T04:00:00-05:00,17.1,16.95,17.28,18.87
2023-07-17T05:00:00-05:00,17.64,17.5,17.92,19.84
2023-07-17T06:00:00-05:00,17.45,17.36,17.68,18.5
2023-07-17T07:00:00-05:00,17.2,17.17,17.39,17.44
2023-07-17T08:00:00-05:00,17.41,17.24,18.13,17.0
2023-07-17T09:00:00-05:00,17.88,16.82,18.52,15.66
2023-07-17T10:00:00-05:00,23.94,21.19,25.2,19.88
2023-07-17T11:00:00-05:00,29.94,26.63,27.91,25.22
2023-07-17T12:00:00-05:00,35.72,27.68,32.33,28.29
2023-07-17T13:00:00-05:00,67.16,59.94,63.36,60.1
2023-07-17T14:00:00-05:00,163.06,151.5,152.86,150.08
2023-07-17T15:00:00-05:00,258.55,242.88,246.74,240.32
2023-07-17T16:00:00-05:00,338.72,327.74,319.82,323.39
2023-07-17T17:00:00-05:00,254.06,255.16,227.58,250.6
2023-07-17T18:00:00-05:00,197.37,207.45,154.31,206.75
2023-07-17T19:00:00-05:00,320.41,335.69,255.48,339.35
2023-07-17T20:00:00-05:00,188.27,195.42,150.5,201.21
2023-07-17T21:00:00-05:00,41.31,41.39,35.61,45.94
2023-07-17T22:00:00-05:00,26.23,25.65,24.14,29.41
2023-07-17T23:00:00-05:00,20.83,19.94,20.59,23.19
2023-07-18T00:00:00-05:00,21.73,20.78,22.02,26.14
2023-07-18T01:00:00-05:00,18.59,17.73,18.95,23.63
2023-07-18T02:00:00-05:00,17.04,16.14,17.5,23.22
2023-07-18T03:00:00-05:00,15.64,14.79,16.06,19.01
2023-07-18T04:00:00-05:00,15.38,14.58,15.75,17.35
2023-07-18T05:00:00-05:00,16.11,15.32,16.51,19.08
2023-07-18T06:00:00-05:00,15.07,13.08,16.69,17.44
2023-07-18T07:00:00-05:00,15.2,13.24,16.7,15.08
2023-07-18T08:00:00-05:00,15.23,13.16,15.77,7.71
2023-07-18T09:00:00-05:00,17.85,15.31,17.14,2.61
2023-07-18T10:00:00-05:00,21.07,16.79,19.62,2.83
2023-07-18T11:00:00-05:00,25.99,21.0,24.33,5.29
2023-07-18T12:00:00-05:00,34.62,28.25,31.86,9.97
2023-07-18T13:00:00-05:00,60.19,44.53,52.45,16.19
2023-07-18T14:00:00-05:00,83.41,67.08,67.24,29.8
2023-07-18T15:00:00-05:00,102.23,79.97,94.13,40.39
2023-07-18T16:00:00-05:00,116.51,97.11,100.59,53.5
2023-07-18T17:00:00-05:00,102.28,91.68,87.96,51.47
2023-07-18T18:00:00-05:00,100.88,105.22,80.72,71.58
2023-07-18T19:00:00-05:00,128.86,142.14,84.7,125.88
2023-07-18T20:00:00-05:00,92.32,98.88,64.72,101.67
2023-07-18T21:00:00-05:00,36.43,36.11,30.66,42.86
2023-07-18T22:00:00-05:00,27.46,26.83,25.38,32.12
2023-07-18T23:00:00-05:00,23.55,22.62,22.77,28.25
2023-07-19T00:00:00-05:00,21.08,20.85,20.52,22.07
2023-07-19T01:00:00-05:00,19.4,18.88,18.91,22.32
2023-07-19T02:00:00-05:00,17.79,16.98,17.62,19.77
2023-07-19T03:00:00-05:00,16.67,15.91,16.51,17.5
2023-07-19T04:00:00-05:00,16.74,15.96,16.79,18.83
2023-07-19T05:00:00-05:00,16.82,16.08,16.88,20.29
2023-07-19T06:00:00-05:00,15.61,14.22,16.31,18.63
2023-07-19T07:00:00-05:00,15.49,14.37,15.77,15.55
2023-07-19T08:00:00-05:00,15.57,12.81,16.07,6.45
2023-07-19T09:00:00-05:00,17.77,14.02,16.82,1.87
2023-07-19T10:00:00-05:00,22.41,16.99,19.29,3.86
2023-07-19T11:00:00-05:00,30.48,23.88,24.97,9.51
2023-07-19T12:00:00-05:00,38.09,30.13,28.97,17.83
2023-07-19T13:00:00-05:00,48.17,38.79,36.34,24.98
2023-07-19T14:00:00-05:00,67.2,53.88,48.04,37.16
2023-07-19T15:00:00-05:00,90.06,71.12,57.96,50.16
2023-07-19T16:00:00-05:00,102.37,84.14,63.55,58.51
2023-07-19T17:00:00-05:00,92.67,81.55,63.51,55.97
2023-07-19T18:00:00-05:00,84.97,89.5,64.79,68.1
2023-07-19T19:00:00-05:00,115.83,125.28,78.97,118.66
2023-07-19T20:00:00-05:00,79.75,83.87,55.54,89.12
2023-07-19T21:00:00-05:00,32.26,31.73,28.25,36.98
2023-07-19T22:00:00-05:00,27.59,27.13,25.53,30.29
2023-07-19T23:00:00-05:00,23.5,22.84,22.63,26.52
2023-07-20T00:00:00-05:00,21.09,20.53,20.22,23.65
2023-07-20T01:00:00-05:00,18.96,18.58,18.39,21.11
2023-07-20T02:00:00-05:00,17.71,17.46,17.33,19.4
2023-07-20T03:00:00-05:00,17.23,17.12,16.7,18.68
2023-07-20T04:00:00-05:00,18.07,17.98,17.5,19.47
2023-07-20T05:00:00-05:00,20.04,19.99,19.4,22.49
2023-07-20T06:00:00-05:00,22.51,22.5,21.7,24.18
2023-07-20T07:00:00-05:00,22.56,22.66,21.57,22.97
2023-07-20T08:00:00-05:00,21.19,21.25,19.76,21.13
2023-07-20T09:00:00-05:00,23.13,22.5,20.18,22.09
2023-07-20T10:00:00-05:00,28.68,26.97,24.94,25.95
2023-07-20T11:00:00-05:00,36.09,33.46,30.31,32.05
2023-07-20T12:00:00-05:00,56.07,53.33,50.83,51.71
2023-07-20T13:00:00-05:00,80.64,73.41,64.35,71.34
2023-07-20T14:00:00-05:00,138.91,129.25,117.41,126.17
2023-07-20T15:00:00-05:00,261.93,249.81,222.67,245.03
2023-07-20T16:00:00-05:00,334.33,326.41,291.35,321.94
2023-07-20T17:00:00-05:00,307.19,310.26,267.94,308.36
2023-07-20T18:00:00-05:00,285.51,299.36,238.53,299.9
2023-07-20T19:00:00-05:00,465.42,483.43,375.44,489.55
2023-07-20T20:00:00-05:00,283.23,292.21,227.58,299.26
2023-07-20T21:00:00-05:00,61.95,62.76,53.28,69.58
2023-07-20T22:00:00-05:00,30.55,30.33,28.8,35.02
2023-07-20T23:00:00-05:00,26.17,25.92,25.12,28.98
2023-07-21T00:00:00-05:00,21.25,20.89,21.08,22.87
2023-07-21T01:00:00-05:00,19.09,18.75,19.04,21.15
2023-07-21T02:00:00-05:00,17.95,17.73,17.95,19.22
2023-07-21T03:00:00-05:00,17.33,17.18,17.3,18.51
2023-07-21T04:00:00-05:00,17.39,17.28,17.36,18.23
2023-07-21T05:00:00-05:00,18.34,18.28,18.27,18.89
2023-07-21T06:00:00-05:00,18.69,18.63,18.69,19.19
2023-07-21T07:00:00-05:00,19.32,19.31,19.27,19.31
2023-07-21T08:00:00-05:00,19.67,19.36,19.2,19.27
2023-07-21T09:00:00-05:00,22.16,21.17,20.81,21.0
2023-07-21T10:00:00-05:00,28.66,27.21,26.82,26.91
2023-07-21T11:00:00-05:00,34.32,32.5,32.12,32.25
2023-07-21T12:00:00-05:00,48.65,46.8,47.09,46.54
2023-07-21T13:00:00-05:00,95.73,94.41,95.8,93.96
2023-07-21T14:00:00-05:00,180.78,176.34,176.48,175.24
2023-07-21T15:00:00-05:00,298.08,293.71,300.75,292.27
2023-07-21T16:00:00-05:00,315.63,312.23,315.63,311.39
2023-07-21T17:00:00-05:00,235.44,238.23,234.1,238.06
2023-07-21T18:00:00-05:00,166.99,175.77,160.79,177.16
2023-07-21T19:00:00-05:00,209.44,218.62,175.45,222.22
2023-07-21T20:00:00-05:00,108.5,111.9,86.84,120.44
2023-07-21T21:00:00-05:00,40.64,39.96,39.19,48.17
2023-07-21T22:00:00-05:00,29.03,28.38,28.89,34.16
2023-07-21T23:00:00-05:00,25.03,24.47,25.01,28.27
2023-07-22T00:00:00-05:00,23.28,23.07,23.28,25.83
2023-07-22T01:00:00-05:00,22.29,22.1,22.33,24.88
2023-07-22T02:00:00-05:00,20.62,20.36,20.71,24.39
2023-07-22T03:00:00-05:00,20.47,20.22,20.62,24.49
2023-07-22T04:00:00-05:00,19.26,18.99,19.34,23.29
2023-07-22T05:00:00-05:00,19.61,19.37,19.77,23.94
2023-07-22T06:00:00-05:00,18.62,18.32,18.83,23.8
2023-07-22T07:00:00-05:00,18.29,18.09,18.4,20.93
2023-07-22T08:00:00-05:00,18.39,18.38,18.36,18.36
2023-07-22T09:00:00-05:00,20.06,20.0,19.97,19.86
2023-07-22T10:00:00-05:00,25.35,25.16,25.14,24.93
2023-07-22T11:00:00-05:00,30.01,29.47,30.78,29.34
2023-07-22T12:00:00-05:00,39.25,32.16,40.09,33.25
2023-07-22T13:00:00-05:00,54.64,46.0,56.01,47.6
2023-07-22T14:00:00-05:00,79.18,66.1,85.6,69.27
2023-07-22T15:00:00-05:00,138.33,125.89,149.61,128.88
2023-07-22T16:00:00-05:00,165.99,153.87,184.1,157.0
2023-07-22T17:00:00-05:00,155.59,151.3,172.74,153.26
2023-07-22T18:00:00-05:00,154.04,152.83,153.63,156.25
2023-07-22T19:00:00-05:00,222.9,229.88,195.3,236.51
2023-07-22T20:00:00-05:00,146.46,150.5,123.85,161.68
2023-07-22T21:00:00-05:00,41.63,40.01,39.74,55.11
2023-07-22T22:00:00-05:00,30.83,30.43,29.95,38.56
2023-07-22T23:00:00-05:00,26.22,25.81,26.01,31.76
2023-07-23T00:00:00-05:00,25.11,24.68,25.25,29.71
2023-07-23T01:00:00-05:00,23.21,22.77,23.42,28.64
2023-07-23T02:00:00-05:00,21.1,20.67,21.35,26.42
2023-07-23T03:00:00-05:00,19.69,19.26,19.98,24.55
2023-07-23T04:00:00-05:00,18.77,18.22,19.19,24.88
2023-07-23T05:00:00-05:00,19.03,18.53,19.4,24.79
2023-07-23T06:00:00-05:00,18.25,17.66,18.69,25.2
2023-07-23T07:00:00-05:00,18.26,17.96,18.5,21.87
2023-07-23T08:00:00-05:00,18.22,18.21,18.23,18.4
2023-07-23T09:00:00-05:00,20.01,20.0,20.03,20.16
2023-07-23T10:00:00-05:00,25.79,25.79,25.81,25.96
2023-07-23T11:00:00-05:00,30.06,30.0,30.54,30.15
2023-07-23T12:00:00-05:00,37.99,32.33,38.64,33.45
2023-07-23T13:00:00-05:00,56.05,52.27,57.73,53.17
2023-07-23T14:00:00-05:00,76.54,75.4,79.16,75.84
2023-07-23T15:00:00-05:00,150.45,150.8,154.21,150.84
2023-07-23T16:00:00-05:00,230.59,232.3,234.34,232.15
2023-07-23T17:00:00-05:00,216.49,220.87,216.25,221.53
2023-07-23T18:00:00-05:00,215.48,222.42,199.14,224.69
2023-07-23T19:00:00-05:00,292.35,304.1,247.45,312.06
2023-07-23T20:00:00-05:00,155.71,160.03,134.8,175.63
2023-07-23T21:00:00-05:00,40.14,39.01,40.48,56.26
2023-07-23T22:00:00-05:00,27.46,26.55,27.78,36.46
2023-07-23T23:00:00-05:00,23.98,23.24,24.32,29.78
2023-07-24T00:00:00-05:00,18.75,17.61,19.49,25.07
2023-07-24T01:00:00-05:00,17.38,16.28,18.1,23.09
2023-07-24T02:00:00-05:00,17.08,15.94,17.81,22.69
2023-07-24T03:00:00-05:00,16.51,15.45,17.18,21.79
2023-07-24T04:00:00-05:00,16.93,15.97,17.53,21.93
2023-07-24T05:00:00-05:00,17.78,16.94,18.33,23.21
2023-07-24T06:00:00-05:00,17.28,16.57,17.69,21.88
2023-07-24T07:00:00-05:00,17.43,17.18,17.58,19.18
2023-07-24T08:00:00-05:00,17.75,17.69,17.73,17.68
2023-07-24T09:00:00-05:00,18.9,18.78,18.9,18.69
2023-07-24T10:00:00-05:00,22.94,22.71,23.17,22.6
2023-07-24T11:00:00-05:00,29.54,28.86,30.16,28.77
2023-07-24T12:00:00-05:00,33.66,32.19,35.21,32.32
2023-07-24T13:00:00-05:00,55.18,54.73,56.02,54.72
2023-07-24T14:00:00-05:00,78.31,78.19,79.86,78.18
2023-07-24T15:00:00-05:00,149.97,150.41,151.09,150.54
2023-07-24T16:00:00-05:00,146.66,150.51,142.74,151.11
2023-07-24T17:00:00-05:00,141.93,146.74,142.85,147.66
2023-07-24T18:00:00-05:00,116.44,119.92,113.61,120.87
2023-07-24T19:00:00-05:00,154.25,157.44,144.87,164.0
2023-07-24T20:00:00-05:00,76.25,74.96,75.19,95.23
2023-07-24T21:00:00-05:00,32.3,30.09,34.14,45.89
2023-07-24T22:00:00-05:00,27.55,26.01,28.62,37.32
2023-07-24T23:00:00-05:00,21.24,19.91,22.22,29.48
2023-07-25T00:00:00-05:00,20.43,18.71,21.61,27.34
2023-07-25T01:00:00-05:00,18.0,16.47,18.98,24.23
2023-07-25T02:00:00-05:00,16.21,14.86,17.05,21.2
2023-07-25T03:00:00-05:00,15.5,14.27,16.28,19.11
2023-07-25T04:00:00-05:00,15.62,14.49,16.28,19.36
2023-07-25T05:00:00-05:00,16.98,15.98,17.52,20.81
2023-07-25T06:00:00-05:00,16.86,15.85,17.38,20.31
2023-07-25T07:00:00-05:00,16.41,15.43,16.99,18.82
2023-07-25T08:00:00-05:00,15.78,13.91,17.4,15.21
2023-07-25T09:00:00-05:00,17.39,14.43,18.05,13.44
2023-07-25T10:00:00-05:00,21.5,17.37,22.95,15.77
2023-07-25T11:00:00-05:00,28.18,23.87,28.22,23.51
2023-07-25T12:00:00-05:00,30.25,25.05,30.95,25.48
2023-07-25T13:00:00-05:00,33.89,27.44,33.57,28.82
2023-07-25T14:00:00-05:00,46.02,36.16,46.86,37.3
2023-07-25T15:00:00-05:00,62.38,52.22,70.59,50.44
2023-07-25T16:00:00-05:00,61.71,56.45,70.82,50.08
2023-07-25T17:00:00-05:00,48.67,46.26,58.2,40.33
2023-07-25T18:00:00-05:00,50.99,54.16,55.73,50.15
2023-07-25T19:00:00-05:00,79.28,83.84,70.16,86.82
2023-07-25T20:00:00-05:00,64.11,65.06,52.12,79.93
2023-07-25T21:00:00-05:00,31.36,29.96,31.37,40.46
2023-07-25T22:00:00-05:00,27.58,26.23,27.85,35.17
2023-07-25T23:00:00-05:00,21.69,20.42,22.02,27.57
2023-07-26T00:00:00-05:00,21.73,20.28,22.41,27.53
2023-07-26T01:00:00-05:00,19.75,18.45,20.38,24.48
2023-07-26T02:00:00-05:00,17.43,16.2,18.06,22.08
2023-07-26T03:00:00-05:00,17.26,16.17,17.81,21.07
2023-07-26T04:00:00-05:00,17.21,16.2,17.74,21.12
2023-07-26T05:00:00-05:00,18.49,17.55,18.98,21.88
2023-07-26T06:00:00-05:00,18.55,17.7,18.97,21.32
2023-07-26T07:00:00-05:00,17.69,17.09,17.96,19.23
2023-07-26T08:00:00-05:00,17.66,17.13,17.79,17.38
2023-07-26T09:00:00-05:00,19.27,16.92,18.55,16.13
2023-07-26T10:00:00-05:00,24.77,21.17,23.03,19.96
2023-07-26T11:00:00-05:00,35.18,27.08,29.19,26.15
2023-07-26T12:00:00-05:00,34.76,31.05,30.68,29.27
2023-07-26T13:00:00-05:00,49.92,44.71,42.14,41.18
2023-07-26T14:00:00-05:00,50.19,45.58,45.9,43.5
2023-07-26T15:00:00-05:00,71.72,65.73,68.0,61.81
2023-07-26T16:00:00-05:00,76.34,71.23,74.57,66.66
2023-07-26T17:00:00-05:00,68.06,69.18,67.89,66.0
2023-07-26T18:00:00-05:00,74.28,78.38,68.24,79.01
2023-07-26T19:00:00-05:00,97.12,101.79,72.69,106.46
2023-07-26T20:00:00-05:00,73.73,75.08,57.44,88.14
2023-07-26T21:00:00-05:00,35.41,33.94,33.14,47.29
2023-07-26T22:00:00-05:00,31.59,30.02,31.01,40.39
2023-07-26T23:00:00-05:00,26.5,25.14,26.71,32.69
2023-07-27T00:00:00-05:00,26.22,25.09,26.7,30.54
2023-07-27T01:00:00-05:00,24.49,23.54,24.87,27.83
2023-07-27T02:00:00-05:00,22.76,21.95,23.09,25.9
2023-07-27T03:00:00-05:00,20.78,20.07,21.13,23.36
2023-07-27T04:00:00-05:00,20.04,19.48,20.35,22.46
2023-07-27T05:00:00-05:00,21.27,20.83,21.54,23.27
2023-07-27T06:00:00-05:00,21.34,20.98,21.52,22.54
2023-07-27T07:00:00-05:00,20.35,20.13,20.46,20.9
2023-07-27T08:00:00-05:00,20.81,20.75,20.84,20.97
2023-07-27T09:00:00-05:00,20.0,19.66,19.63,19.51
2023-07-27T10:00:00-05:00,26.42,25.19,25.3,24.57
2023-07-27T11:00:00-05:00,30.9,29.94,29.69,29.6
2023-07-27T12:00:00-05:00,35.64,34.42,34.03,33.94
2023-07-27T13:00:00-05:00,51.09,49.11,49.54,48.01
2023-07-27T14:00:00-05:00,57.45,55.7,58.2,54.24
2023-07-27T15:00:00-05:00,77.8,75.72,82.05,73.08
2023-07-27T16:00:00-05:00,81.77,81.03,85.84,77.12
2023-07-27T17:00:00-05:00,66.06,67.26,69.93,65.09
2023-07-27T18:00:00-05:00,67.23,70.56,66.54,70.04
2023-07-27T19:00:00-05:00,102.98,107.06,79.64,110.49
2023-07-27T20:00:00-05:00,86.2,88.41,69.63,101.5
2023-07-27T21:00:00-05:00,40.3,39.04,41.05,50.24
2023-07-27T22:00:00-05:00,30.31,29.17,31.13,38.75
2023-07-27T23:00:00-05:00,27.49,26.47,27.77,32.44
2023-07-28T00:00:00-05:00,22.93,21.68,23.4,28.46
2023-07-28T01:00:00-05:00,21.38,20.27,21.91,26.3
2023-07-28T02:00:00-05:00,19.49,18.64,19.9,22.98
2023-07-28T03:00:00-05:00,18.45,17.67,18.88,22.32
2023-07-28T04:00:00-05:00,18.21,17.55,18.56,21.2
2023-07-28T05:00:00-05:00,18.71,18.2,19.01,21.72
2023-07-28T06:00:00-05:00,19.05,18.82,19.2,20.4
2023-07-28T07:00:00-05:00,18.81,18.72,18.87,19.16
2023-07-28T08:00:00-05:00,18.82,18.81,18.84,18.87
2023-07-28T09:00:00-05:00,19.17,19.04,19.14,18.97
2023-07-28T10:00:00-05:00,25.0,24.34,24.32,23.75
2023-07-28T11:00:00-05:00,29.0,28.56,28.76,28.12
2023-07-28T12:00:00-05:00,35.96,35.55,36.02,35.12
2023-07-28T13:00:00-05:00,52.11,52.24,52.63,50.21
2023-07-28T14:00:00-05:00,63.78,63.62,66.66,61.06
2023-07-28T15:00:00-05:00,74.67,75.38,80.83,72.28
2023-07-28T16:00:00-05:00,93.56,96.62,95.14,92.87
2023-07-28T17:00:00-05:00,71.86,76.8,67.83,72.66
2023-07-28T18:00:00-05:00,71.0,76.52,59.88,76.04
2023-07-28T19:00:00-05:00,123.53,130.84,90.39,134.95
2023-07-28T20:00:00-05:00,91.1,93.93,72.08,107.41
2023-07-28T21:00:00-05:00,37.48,36.28,35.71,49.31
2023-07-28T22:00:00-05:00,28.43,27.39,28.5,37.2
2023-07-28T23:00:00-05:00,24.06,23.04,24.4,30.21
2023-07-29T00:00:00-05:00,20.34,19.59,20.72,23.86
2023-07-29T01:00:00-05:00,19.42,18.81,19.74,22.76
2023-07-29T02:00:00-05:00,18.37,17.86,18.64,21.15
2023-07-29T03:00:00-05:00,17.68,17.24,17.9,20.34
2023-07-29T04:00:00-05:00,17.21,16.9,17.4,19.82
2023-07-29T05:00:00-05:00,17.32,17.06,17.49,19.8
2023-07-29T06:00:00-05:00,17.61,17.48,17.69,18.6
2023-07-29T07:00:00-05:00,17.07,17.03,17.1,17.32
2023-07-29T08:00:00-05:00,17.25,17.25,17.26,17.25
2023-07-29T09:00:00-05:00,17.77,17.76,17.8,17.74
2023-07-29T10:00:00-05:00,23.89,23.42,23.3,23.35
2023-07-29T11:00:00-05:00,31.02,30.66,30.6,30.63
2023-07-29T12:00:00-05:00,36.7,36.51,36.61,36.46
2023-07-29T13:00:00-05:00,48.38,48.12,47.13,47.64
2023-07-29T14:00:00-05:00,60.48,59.89,57.72,59.18
2023-07-29T15:00:00-05:00,86.5,87.55,82.82,86.67
2023-07-29T16:00:00-05:00,108.76,111.18,102.46,110.38
2023-07-29T17:00:00-05:00,96.63,100.44,80.63,100.14
2023-07-29T18:00:00-05:00,94.79,98.25,77.47,98.63
2023-07-29T19:00:00-05:00,157.06,164.45,125.68,167.36
2023-07-29T20:00:00-05:00,110.25,114.55,89.54,124.38
2023-07-29T21:00:00-05:00,40.25,39.83,39.05,49.04
2023-07-29T22:00:00-05:00,31.64,31.08,31.4,38.0
2023-07-29T23:00:00-05:00,25.92,25.46,25.95,29.81
2023-07-30T00:00:00-05:00,22.51,21.98,22.73,25.5
2023-07-30T01:00:00-05:00,18.88,18.5,19.06,21.31
2023-07-30T02:00:00-05:00,17.93,17.5,18.18,20.72
2023-07-30T03:00:00-05:00,17.14,16.78,17.36,20.03
2023-07-30T04:00:00-05:00,16.8,16.4,17.06,20.25
2023-07-30T05:00:00-05:00,16.39,16.08,16.6,19.36
2023-07-30T06:00:00-05:00,15.15,14.99,15.26,17.12
2023-07-30T07:00:00-05:00,15.05,15.0,15.08,15.36
2023-07-30T08:00:00-05:00,15.0,15.0,15.0,15.0
2023-07-30T09:00:00-05:00,16.48,16.48,16.49,16.48
2023-07-30T10:00:00-05:00,21.37,21.31,21.29,21.3
2023-07-30T11:00:00-05:00,27.72,27.55,27.56,27.53
2023-07-30T12:00:00-05:00,30.66,30.59,30.59,30.5
2023-07-30T13:00:00-05:00,47.19,47.04,46.95,46.81
2023-07-30T14:00:00-05:00,57.93,57.87,57.79,57.57
2023-07-30T15:00:00-05:00,86.5,87.17,87.24,86.78
2023-07-30T16:00:00-05:00,142.43,145.72,140.4,145.41
2023-07-30T17:00:00-05:00,127.03,131.88,117.68,131.92
2023-07-30T18:00:00-05:00,144.45,151.06,117.38,151.65
2023-07-30T19:00:00-05:00,288.86,302.71,229.64,305.88
2023-07-30T20:00:00-05:00,179.67,187.13,141.04,200.04
2023-07-30T21:00:00-05:00,50.28,50.14,46.86,63.15
2023-07-30T22:00:00-05:00,37.26,36.83,35.69,44.99
2023-07-30T23:00:00-05:00,28.96,28.47,28.37,35.21
2023-07-31T00:00:00-05:00,24.23,23.77,24.39,27.71
2023-07-31T01:00:00-05:00,21.98,21.54,22.2,25.11
2023-07-31T02:00:00-05:00,19.01,18.6,19.26,22.17
2023-07-31T03:00:00-05:00,18.14,17.81,18.35,21.18
2023-07-31T04:00:00-05:00,18.07,17.67,18.34,22.06
2023-07-31T05:00:00-05:00,18.83,18.53,19.03,21.93
2023-07-31T06:00:00-05:00,19.33,19.17,19.47,21.91
2023-07-31T07:00:00-05:00,19.08,19.0,19.14,19.98
2023-07-31T08:00:00-05:00,19.02,19.02,19.03,19.02
2023-07-31T09:00:00-05:00,22.03,22.02,22.02,22.01
2023-07-31T10:00:00-05:00,28.55,28.25,28.27,28.21
2023-07-31T11:00:00-05:00,45.04,44.76,45.16,44.71
2023-07-31T12:00:00-05:00,51.48,50.65,51.26,50.49
2023-07-31T13:00:00-05:00,86.43,83.61,86.44,83.6
2023-07-31T14:00:00-05:00,164.03,165.54,165.04,162.47
2023-07-31T15:00:00-05:00,275.89,279.37,282.28,274.91
2023-07-31T16:00:00-05:00,602.35,604.91,605.76,601.92
2023-07-31T17:00:00-05:00,425.06,434.6,421.47,428.82
2023-07-31T18:00:00-05:00,286.94,299.08,255.3,296.21
2023-07-31T19:00:00-05:00,1000.0,1019.38,906.86,1020.73
2023-07-31T20:00:00-05:00,478.29,488.82,411.48,500.61
2023-07-31T21:00:00-05:00,62.46,61.9,58.34,74.87
2023-07-31T22:00:00-05:00,35.09,34.43,34.14,42.72
2023-07-31T23:00:00-05:00,27.74,27.11,27.78,33.14
2023-08-01T00:00:00-05:00,25.45,24.6,25.77,28.91
2023-08-01T01:00:00-05:00,22.64,21.77,23.12,25.8
2023-08-01T02:00:00-05:00,18.93,18.1,19.37,22.0
2023-08-01T03:00:00-05:00,18.85,17.99,19.33,22.38
2023-08-01T04:00:00-05:00,18.7,17.94,19.12,21.63
2023-08-01T05:00:00-05:00,19.7,19.1,20.05,22.52
2023-08-01T06:00:00-05:00,17.69,17.0,18.19,19.86
2023-08-01T07:00:00-05:00,17.04,16.28,17.89,17.72
2023-08-01T08:00:00-05:00,17.72,17.0,18.51,17.03
2023-08-01T09:00:00-05:00,20.43,18.93,21.9,17.83
2023-08-01T10:00:00-05:00,24.83,22.2,26.14,20.11
2023-08-01T11:00:00-05:00,34.3,32.87,35.39,30.49
2023-08-01T12:00:00-05:00,52.24,45.29,51.44,43.93
2023-08-01T13:00:00-05:00,74.02,66.16,72.83,65.56
2023-08-01T14:00:00-05:00,102.06,96.76,102.86,95.46
2023-08-01T15:00:00-05:00,126.9,124.28,128.64,120.09
2023-08-01T16:00:00-05:00,141.22,140.1,132.12,134.56
2023-08-01T17:00:00-05:00,137.25,135.53,128.78,130.86
2023-08-01T18:00:00-05:00,105.8,111.07,85.94,105.6
2023-08-01T19:00:00-05:00,186.25,195.57,151.04,196.77
2023-08-01T20:00:00-05:00,137.43,141.86,116.49,147.94
2023-08-01T21:00:00-05:00,44.57,43.48,41.72,48.92
2023-08-01T22:00:00-05:00,34.03,33.49,34.01,37.36
2023-08-01T23:00:00-05:00,28.99,28.55,29.12,31.37
2023-08-02T00:00:00-05:00,23.5,22.58,24.12,26.65
2023-08-02T01:00:00-05:00,22.75,21.8,23.31,25.92
2023-08-02T02:00:00-05:00,20.92,20.04,21.4,24.3
2023-08-02T03:00:00-05:00,19.74,18.98,20.07,22.58
2023-08-02T04:00:00-05:00,20.19,19.47,20.58,23.13
2023-08-02T05:00:00-05:00,20.75,19.97,21.15,23.78
2023-08-02T06:00:00-05:00,19.85,19.0,20.34,22.59
2023-08-02T07:00:00-05:00,18.96,18.51,19.2,20.37
2023-08-02T08:00:00-05:00,19.29,18.67,19.8,18.81
2023-08-02T09:00:00-05:00,20.68,19.0,21.67,16.98
2023-08-02T10:00:00-05:00,28.96,24.11,27.51,21.49
2023-08-02T11:00:00-05:00,35.21,27.8,34.52,26.61
2023-08-02T12:00:00-05:00,41.96,37.86,41.72,35.58
2023-08-02T13:00:00-05:00,68.02,66.0,66.53,62.66
2023-08-02T14:00:00-05:00,93.92,91.91,92.15,87.84
2023-08-02T15:00:00-05:00,120.28,119.99,114.12,113.62
2023-08-02T16:00:00-05:00,141.31,140.86,126.92,134.77
2023-08-02T17:00:00-05:00,114.68,119.16,100.85,113.12
2023-08-02T18:00:00-05:00,117.84,126.86,95.11,121.36
2023-08-02T19:00:00-05:00,190.46,198.86,152.31,200.74
2023-08-02T20:00:00-05:00,135.32,139.72,108.65,146.91
2023-08-02T21:00:00-05:00,44.44,44.13,41.38,50.43
2023-08-02T22:00:00-05:00,30.59,30.0,30.31,35.39
2023-08-02T23:00:00-05:00,26.65,26.03,26.76,30.22
2023-08-03T00:00:00-05:00,25.13,24.7,25.55,28.09
2023-08-03T01:00:00-05:00,22.6,22.17,23.12,25.22
2023-08-03T02:00:00-05:00,21.28,20.66,21.82,23.9
2023-08-03T03:00:00-05:00,19.93,19.01,20.46,22.64
2023-08-03T04:00:00-05:00,19.88,18.97,20.38,22.98
2023-08-03T05:00:00-05:00,21.33,20.39,21.85,24.24
2023-08-03T06:00:00-05:00,20.99,20.03,21.51,23.8
2023-08-03T07:00:00-05:00,21.29,20.62,21.65,23.25
2023-08-03T08:00:00-05:00,21.16,20.63,21.57,21.38
2023-08-03T09:00:00-05:00,21.3,19.83,22.2,17.83
2023-08-03T10:00:00-05:00,26.69,23.5,27.63,21.39
2023-08-03T11:00:00-05:00,31.92,29.83,31.61,27.04
2023-08-03T12:00:00-05:00,44.66,43.65,45.51,41.76
2023-08-03T13:00:00-05:00,75.62,74.74,76.22,71.69
2023-08-03T14:00:00-05:00,150.32,151.24,150.68,146.21
2023-08-03T15:00:00-05:00,252.23,251.78,248.14,244.73
2023-08-03T16:00:00-05:00,302.94,301.81,289.37,293.56
2023-08-03T17:00:00-05:00,196.83,203.4,186.15,196.89
2023-08-03T18:00:00-05:00,190.95,201.51,153.44,197.88
2023-08-03T19:00:00-05:00,326.8,340.91,246.69,343.24
2023-08-03T20:00:00-05:00,184.14,192.44,135.27,198.76
2023-08-03T21:00:00-05:00,47.58,47.89,42.15,54.03
2023-08-03T22:00:00-05:00,33.53,33.3,30.62,39.23
2023-08-03T23:00:00-05:00,27.73,27.24,26.98,31.08
2023-08-04T00:00:00-05:00,24.43,23.74,24.43,27.42
2023-08-04T01:00:00-05:00,21.18,20.42,21.34,24.14
2023-08-04T02:00:00-05:00,19.08,18.21,19.42,22.05
2023-08-04T03:00:00-05:00,18.27,17.45,18.65,21.02
2023-08-04T04:00:00-05:00,18.49,17.77,18.83,21.11
2023-08-04T05:00:00-05:00,20.07,19.51,20.34,22.05
2023-08-04T06:00:00-05:00,19.97,19.43,20.25,22.16
2023-08-04T07:00:00-05:00,19.81,19.51,19.96,20.79
2023-08-04T08:00:00-05:00,19.87,19.79,19.83,20.0
2023-08-04T09:00:00-05:00,21.65,20.22,19.91,19.59
2023-08-04T10:00:00-05:00,25.7,23.9,23.4,22.22
2023-08-04T11:00:00-05:00,31.76,29.24,28.22,28.24
2023-08-04T12:00:00-05:00,53.23,50.34,49.79,49.84
2023-08-04T13:00:00-05:00,104.0,101.1,97.09,100.75
2023-08-04T14:00:00-05:00,260.32,257.01,245.13,256.92
2023-08-04T15:00:00-05:00,344.8,344.92,318.52,344.49
2023-08-04T16:00:00-05:00,430.56,435.26,386.02,434.86
2023-08-04T17:00:00-05:00,345.24,357.42,299.87,357.87
2023-08-04T18:00:00-05:00,372.5,389.23,299.99,391.53
2023-08-04T19:00:00-05:00,716.45,744.23,557.18,752.46
2023-08-04T20:00:00-05:00,337.45,355.66,237.41,366.95
2023-08-04T21:00:00-05:00,59.33,60.99,45.04,70.53
2023-08-04T22:00:00-05:00,35.28,35.0,31.37,42.97
2023-08-04T23:00:00-05:00,28.22,27.74,26.97,32.55
2023-08-05T00:00:00-05:00,24.71,24.16,24.43,27.59
2023-08-05T01:00:00-05:00,21.24,20.75,21.09,23.49
2023-08-05T02:00:00-05:00,18.21,17.66,18.28,20.64
2023-08-05T03:00:00-05:00,16.35,15.93,16.51,18.35
2023-08-05T04:00:00-05:00,15.94,15.52,16.12,17.94
2023-08-05T05:00:00-05:00,16.13,15.7,16.3,17.73
2023-08-05T06:00:00-05:00,14.32,13.89,14.54,15.87
2023-08-05T07:00:00-05:00,14.37,14.18,14.46,15.02
2023-08-05T08:00:00-05:00,14.88,14.62,14.54,14.86
2023-08-05T09:00:00-05:00,18.59,16.04,16.59,14.46
2023-08-05T10:00:00-05:00,25.41,20.78,21.08,18.42
2023-08-05T11:00:00-05:00,32.25,23.88,26.93,22.47
2023-08-05T12:00:00-05:00,38.15,34.13,32.23,32.43
2023-08-05T13:00:00-05:00,62.83,55.66,50.87,52.13
2023-08-05T14:00:00-05:00,109.8,95.37,84.92,91.55
2023-08-05T15:00:00-05:00,133.77,120.2,113.36,114.9
2023-08-05T16:00:00-05:00,162.6,152.47,132.97,146.28
2023-08-05T17:00:00-05:00,158.71,153.8,126.22,147.86
2023-08-05T18:00:00-05:00,164.04,170.87,114.24,168.21
2023-08-05T19:00:00-05:00,272.44,294.08,155.39,296.58
2023-08-05T20:00:00-05:00,166.98,178.8,101.93,188.99
2023-08-05T21:00:00-05:00,40.7,41.07,33.07,48.26
2023-08-05T22:00:00-05:00,30.13,29.22,29.57,36.48
2023-08-05T23:00:00-05:00,26.39,25.56,26.29,30.67
2023-08-06T00:00:00-05:00,22.71,22.04,22.75,27.54
2023-08-06T01:00:00-05:00,19.93,19.69,19.99,24.61
2023-08-06T02:00:00-05:00,17.37,16.46,17.73,22.72
2023-08-06T03:00:00-05:00,16.1,15.36,16.45,20.88
2023-08-06T04:00:00-05:00,15.92,15.46,16.14,19.98
2023-08-06T05:00:00-05:00,15.85,15.64,15.85,19.0
2023-08-06T06:00:00-05:00,15.4,15.23,15.37,18.26
2023-08-06T07:00:00-05:00,15.57,15.5,15.47,16.62
2023-08-06T08:00:00-05:00,16.08,15.99,15.79,16.0
2023-08-06T09:00:00-05:00,18.81,17.69,16.84,17.47
2023-08-06T10:00:00-05:00,23.35,21.45,19.8,20.9
2023-08-06T11:00:00-05:00,30.13,27.96,25.0,27.55
2023-08-06T12:00:00-05:00,40.0,38.11,30.5,37.28
2023-08-06T13:00:00-05:00,94.95,93.56,64.56,92.44
2023-08-06T14:00:00-05:00,227.94,225.62,149.55,223.07
2023-08-06T15:00:00-05:00,553.21,564.61,408.49,562.16
2023-08-06T16:00:00-05:00,1185.99,1205.5,964.63,1204.77
2023-08-06T17:00:00-05:00,1476.37,1523.05,1149.3,1527.8
2023-08-06T18:00:00-05:00,1932.54,2005.07,1512.64,2018.5
2023-08-06T19:00:00-05:00,2480.32,2581.54,1854.62,2599.96
2023-08-06T20:00:00-05:00,1390.44,1473.18,935.75,1497.63
2023-08-06T21:00:00-05:00,108.08,115.56,68.55,126.55
2023-08-06T22:00:00-05:00,35.88,36.27,29.76,44.53
2023-08-06T23:00:00-05:00,26.69,26.27,24.86,34.47
2023-08-07T00:00:00-05:00,22.72,22.2,22.55,27.96
2023-08-07T01:00:00-05:00,20.24,19.99,20.08,23.8
2023-08-07T02:00:00-05:00,18.77,18.55,18.69,23.34
2023-08-07T03:00:00-05:00,17.94,17.84,17.85,21.02
2023-08-07T04:00:00-05:00,18.34,18.24,18.25,21.42
2023-08-07T05:00:00-05:00,19.87,19.81,19.72,22.07
2023-08-07T06:00:00-05:00,22.13,22.07,21.97,23.58
2023-08-07T07:00:00-05:00,21.93,21.9,21.68,22.74
2023-08-07T08:00:00-05:00,21.26,20.33,19.41,20.27
2023-08-07T09:00:00-05:00,26.01,22.16,19.43,21.84
2023-08-07T10:00:00-05:00,28.98,25.41,23.01,23.7
2023-08-07T11:00:00-05:00,39.81,37.97,32.27,36.28
2023-08-07T12:00:00-05:00,61.96,60.6,50.05,58.17
2023-08-07T13:00:00-05:00,173.22,171.8,137.71,171.13
2023-08-07T14:00:00-05:00,539.0,532.99,400.85,529.83
2023-08-07T15:00:00-05:00,944.63,939.23,753.9,935.26
2023-08-07T16:00:00-05:00,605.9,596.01,423.34,592.89
2023-08-07T17:00:00-05:00,445.62,442.65,307.8,441.58
2023-08-07T18:00:00-05:00,307.86,320.39,214.88,322.28
2023-08-07T19:00:00-05:00,481.61,516.09,289.47,523.26
2023-08-07T20:00:00-05:00,176.98,188.89,100.52,196.55
2023-08-07T21:00:00-05:00,48.43,50.21,36.36,55.5
2023-08-07T22:00:00-05:00,28.59,28.2,27.83,35.12
2023-08-07T23:00:00-05:00,24.05,23.29,23.8,29.33
2023-08-08T00:00:00-05:00,26.27,25.66,24.12,30.41
2023-08-08T01:00:00-05:00,24.61,24.13,21.6,28.74
2023-08-08T02:00:00-05:00,23.49,23.07,21.17,28.08
2023-08-08T03:00:00-05:00,23.43,23.03,21.7,27.62
2023-08-08T04:00:00-05:00,21.27,20.97,19.76,24.72
2023-08-08T05:00:00-05:00,21.63,21.42,20.17,24.08
2023-08-08T06:00:00-05:00,21.57,21.36,20.53,23.97
2023-08-08T07:00:00-05:00,20.06,19.95,19.2,20.98
2023-08-08T08:00:00-05:00,19.94,19.78,18.63,19.78
2023-08-08T09:00:00-05:00,21.51,20.02,17.3,19.64
2023-08-08T10:00:00-05:00,24.1,21.56,18.66,19.54
2023-08-08T11:00:00-05:00,30.59,26.4,24.6,23.88
2023-08-08T12:00:00-05:00,35.89,32.44,26.15,30.09
2023-08-08T13:00:00-05:00,60.1,55.54,36.32,53.2
2023-08-08T14:00:00-05:00,124.31,117.1,80.11,112.46
2023-08-08T15:00:00-05:00,191.15,187.83,136.14,182.57
2023-08-08T16:00:00-05:00,216.05,216.3,155.06,211.26
2023-08-08T17:00:00-05:00,201.92,207.86,133.14,202.25
2023-08-08T18:00:00-05:00,183.52,197.31,116.22,194.19
2023-08-08T19:00:00-05:00,283.36,306.49,179.5,307.36
2023-08-08T20:00:00-05:00,104.36,113.01,62.35,118.01
2023-08-08T21:00:00-05:00,36.27,36.81,29.23,41.67
2023-08-08T22:00:00-05:00,28.51,28.58,25.96,32.68
2023-08-08T23:00:00-05:00,24.59,24.25,23.33,27.97
2023-08-09T00:00:00-05:00,22.45,22.12,21.5,26.27
2023-08-09T01:00:00-05:00,20.43,20.17,19.66,24.06
2023-08-09T02:00:00-05:00,20.1,19.64,19.73,24.35
2023-08-09T03:00:00-05:00,19.28,18.64,18.96,22.96
2023-08-09T04:00:00-05:00,19.2,18.59,18.84,23.01
2023-08-09T05:00:00-05:00,19.73,18.96,19.42,24.1
2023-08-09T06:00:00-05:00,18.58,17.72,18.26,22.58
2023-08-09T07:00:00-05:00,18.4,17.85,17.86,21.85
2023-08-09T08:00:00-05:00,18.11,17.85,15.38,13.91
2023-08-09T09:00:00-05:00,20.2,17.9,13.82,8.26
2023-08-09T10:00:00-05:00,24.29,21.15,16.0,12.7
2023-08-09T11:00:00-05:00,32.74,29.5,20.26,22.37
2023-08-09T12:00:00-05:00,46.96,31.23,24.97,29.04
2023-08-09T13:00:00-05:00,76.1,65.73,38.91,62.39
2023-08-09T14:00:00-05:00,155.41,134.13,82.47,127.24
2023-08-09T15:00:00-05:00,226.84,215.39,124.32,208.47
2023-08-09T16:00:00-05:00,325.93,321.87,175.98,316.81
2023-08-09T17:00:00-05:00,356.6,362.47,199.7,359.95
2023-08-09T18:00:00-05:00,438.41,467.05,256.38,471.15
2023-08-09T19:00:00-05:00,717.23,771.93,430.57,786.02
2023-08-09T20:00:00-05:00,261.13,282.97,148.03,298.87
2023-08-09T21:00:00-05:00,52.59,54.39,35.4,65.92
2023-08-09T22:00:00-05:00,37.08,37.12,29.79,45.6
2023-08-09T23:00:00-05:00,30.03,29.75,25.66,37.05
2023-08-10T00:00:00-05:00,26.59,26.49,23.07,30.95
2023-08-10T01:00:00-05:00,24.54,24.44,21.66,28.34
2023-08-10T02:00:00-05:00,23.73,23.68,21.04,27.87
2023-08-10T03:00:00-05:00,22.1,22.05,20.17,26.36
2023-08-10T04:00:00-05:00,21.87,21.9,19.93,26.23
2023-08-10T05:00:00-05:00,22.35,22.34,20.76,26.79
2023-08-10T06:00:00-05:00,22.27,22.33,20.63,25.69
2023-08-10T07:00:00-05:00,22.32,22.43,20.62,24.59
2023-08-10T08:00:00-05:00,20.97,21.0,19.7,21.13
2023-08-10T09:00:00-05:00,22.66,22.0,18.74,21.95
2023-08-10T10:00:00-05:00,33.65,30.68,25.34,29.96
2023-08-10T11:00:00-05:00,44.85,41.85,32.42,41.19
2023-08-10T12:00:00-05:00,71.57,70.15,51.15,69.63
2023-08-10T13:00:00-05:00,197.74,193.85,113.27,191.4
2023-08-10T14:00:00-05:00,527.53,518.81,310.92,511.82
2023-08-10T15:00:00-05:00,1047.79,1047.11,712.47,1039.08
2023-08-10T16:00:00-05:00,1536.54,1558.96,1072.4,1553.22
2023-08-10T17:00:00-05:00,1660.27,1680.61,1249.06,1676.18
2023-08-10T18:00:00-05:00,1543.15,1603.66,1109.19,1609.57
2023-08-10T19:00:00-05:00,2487.26,2589.71,1842.52,2605.63
2023-08-10T20:00:00-05:00,724.63,785.18,424.17,805.78
2023-08-10T21:00:00-05:00,94.63,100.36,64.76,108.9
2023-08-10T22:00:00-05:00,35.98,35.8,30.94,43.62
2023-08-10T23:00:00-05:00,28.8,28.43,27.13,33.96
2023-08-11T00:00:00-05:00,27.24,26.43,26.48,31.21
2023-08-11T01:00:00-05:00,24.37,23.53,23.92,28.23
2023-08-11T02:00:00-05:00,20.38,19.55,20.25,24.43
2023-08-11T03:00:00-05:00,19.2,18.4,19.3,22.92
2023-08-11T04:00:00-05:00,18.89,18.27,18.93,22.05
2023-08-11T05:00:00-05:00,20.41,19.67,20.58,24.11
2023-08-11T06:00:00-05:00,20.46,19.84,20.56,23.14
2023-08-11T07:00:00-05:00,20.13,19.69,20.12,21.83
2023-08-11T08:00:00-05:00,18.5,18.11,18.1,18.39
2023-08-11T09:00:00-05:00,20.2,17.56,17.58,14.77
2023-08-11T10:00:00-05:00,23.86,19.97,19.22,18.27
2023-08-11T11:00:00-05:00,34.65,28.69,24.29,26.42
2023-08-11T12:00:00-05:00,46.51,42.26,31.1,38.44
2023-08-11T13:00:00-05:00,72.03,67.79,44.15,63.61
2023-08-11T14:00:00-05:00,206.02,194.16,126.87,183.74
2023-08-11T15:00:00-05:00,347.14,343.96,211.91,329.02
2023-08-11T16:00:00-05:00,491.82,494.21,319.8,480.58
2023-08-11T17:00:00-05:00,400.63,411.21,256.33,398.52
2023-08-11T18:00:00-05:00,376.81,410.0,239.63,407.59
2023-08-11T19:00:00-05:00,682.71,742.08,423.79,750.75
2023-08-11T20:00:00-05:00,238.8,260.33,139.05,274.51
2023-08-11T21:00:00-05:00,51.87,53.14,38.94,62.64
2023-08-11T22:00:00-05:00,32.82,32.58,29.77,40.54
2023-08-11T23:00:00-05:00,28.46,27.94,27.41,32.79
2023-08-12T00:00:00-05:00,27.2,26.66,26.92,30.16
2023-08-12T01:00:00-05:00,24.15,23.65,23.87,26.72
2023-08-12T02:00:00-05:00,19.66,19.15,19.65,22.64
2023-08-12T03:00:00-05:00,19.01,18.52,19.18,21.96
2023-08-12T04:00:00-05:00,19.16,18.71,19.37,23.24
2023-08-12T05:00:00-05:00,17.96,17.44,18.24,21.92
2023-08-12T06:00:00-05:00,17.32,16.89,17.53,20.24
2023-08-12T07:00:00-05:00,17.29,17.12,17.26,18.42
2023-08-12T08:00:00-05:00,17.33,17.21,17.04,17.39
2023-08-12T09:00:00-05:00,18.09,16.65,16.44,15.34
2023-08-12T10:00:00-05:00,22.05,19.41,18.06,18.05
2023-08-12T11:00:00-05:00,32.36,28.36,23.54,26.36
2023-08-12T12:00:00-05:00,37.32,36.63,25.78,33.41
2023-08-12T13:00:00-05:00,71.06,69.11,39.04,64.2
2023-08-12T14:00:00-05:00,157.59,148.05,74.6,137.74
2023-08-12T15:00:00-05:00,274.77,268.63,145.87,252.42
2023-08-12T16:00:00-05:00,376.59,370.84,197.84,349.34
2023-08-12T17:00:00-05:00,324.96,332.12,180.2,313.55
2023-08-12T18:00:00-05:00,288.91,319.01,167.26,303.02
2023-08-12T19:00:00-05:00,547.45,601.15,313.87,599.69
2023-08-12T20:00:00-05:00,197.37,214.92,126.03,220.71
2023-08-12T21:00:00-05:00,50.58,53.4,37.58,58.03
2023-08-12T22:00:00-05:00,36.49,36.78,32.22,42.59
2023-08-12T23:00:00-05:00,27.78,27.58,26.6,31.8
2023-08-13T00:00:00-05:00,27.05,26.87,26.68,29.2
2023-08-13T01:00:00-05:00,23.23,23.11,22.85,25.23
2023-08-13T02:00:00-05:00,22.36,22.23,22.11,24.81
2023-08-13T03:00:00-05:00,20.87,20.78,20.78,23.0
2023-08-13T04:00:00-05:00,19.04,18.96,18.99,20.58
2023-08-13T05:00:00-05:00,18.15,18.0,18.23,20.57
2023-08-13T06:00:00-05:00,17.13,16.98,17.19,19.0
2023-08-13T07:00:00-05:00,16.92,16.81,16.9,17.97
2023-08-13T08:00:00-05:00,16.39,16.13,16.34,15.93
2023-08-13T09:00:00-05:00,16.86,15.66,16.17,12.35
2023-08-13T10:00:00-05:00,19.79,18.16,17.78,14.19
2023-08-13T11:00:00-05:00,28.19,25.77,23.46,21.72
2023-08-13T12:00:00-05:00,37.28,34.51,28.56,30.58
2023-08-13T13:00:00-05:00,67.06,60.62,40.64,55.28
2023-08-13T14:00:00-05:00,138.48,119.96,63.49,109.15
2023-08-13T15:00:00-05:00,304.39,275.48,149.88,254.78
2023-08-13T16:00:00-05:00,398.0,378.87,211.2,354.27
2023-08-13T17:00:00-05:00,378.87,372.71,194.65,351.32
2023-08-13T18:00:00-05:00,363.0,389.02,210.54,373.04
2023-08-13T19:00:00-05:00,735.32,793.09,440.9,792.84
2023-08-13T20:00:00-05:00,274.57,297.59,163.17,303.14
2023-08-13T21:00:00-05:00,48.75,51.29,37.84,54.69
2023-08-13T22:00:00-05:00,32.62,32.71,30.38,37.33
2023-08-13T23:00:00-05:00,27.61,27.25,26.94,31.21
2023-08-14T00:00:00-05:00,25.44,24.93,25.45,29.29
2023-08-14T01:00:00-05:00,23.17,22.63,23.24,26.75
2023-08-14T02:00:00-05:00,20.69,20.19,20.94,24.72
2023-08-14T03:00:00-05:00,20.7,20.25,21.0,24.18
2023-08-14T04:00:00-05:00,21.23,20.59,21.67,25.66
2023-08-14T05:00:00-05:00,22.78,22.02,23.3,27.41
2023-08-14T06:00:00-05:00,24.09,23.19,24.74,29.8
2023-08-14T07:00:00-05:00,23.08,22.27,23.66,27.23
2023-08-14T08:00:00-05:00,21.07,19.8,22.07,19.25
2023-08-14T09:00:00-05:00,23.28,18.69,24.95,13.54
2023-08-14T10:00:00-05:00,33.12,26.08,29.84,21.6
2023-08-14T11:00:00-05:00,34.97,31.72,32.79,23.68
2023-08-14T12:00:00-05:00,46.37,36.68,42.08,25.9
2023-08-14T13:00:00-05:00,81.73,65.57,71.88,53.81
2023-08-14T14:00:00-05:00,206.02,152.49,164.83,139.29
2023-08-14T15:00:00-05:00,372.99,304.43,294.01,284.51
2023-08-14T16:00:00-05:00,442.1,376.96,310.63,343.25
2023-08-14T17:00:00-05:00,387.38,326.65,284.33,302.02
2023-08-14T18:00:00-05:00,389.33,393.79,300.21,377.51
2023-08-14T19:00:00-05:00,999.13,1031.27,834.78,1029.09
2023-08-14T20:00:00-05:00,310.59,322.69,256.01,327.41
2023-08-14T21:00:00-05:00,71.61,71.96,67.21,76.95
2023-08-14T22:00:00-05:00,35.24,34.89,34.89,37.69
2023-08-14T23:00:00-05:00,30.68,30.57,29.5,33.25
2023-08-15T00:00:00-05:00,27.69,27.46,27.88,30.6
2023-08-15T01:00:00-05:00,24.67,24.4,24.89,27.61
2023-08-15T02:00:00-05:00,23.39,23.08,23.65,26.53
2023-08-15T03:00:00-05:00,23.29,23.02,23.52,26.5
2023-08-15T04:00:00-05:00,23.11,22.85,23.34,26.54
2023-08-15T05:00:00-05:00,24.27,23.93,24.57,28.47
2023-08-15T06:00:00-05:00,25.49,25.18,25.75,29.03
2023-08-15T07:00:00-05:00,25.8,25.46,26.1,29.44
2023-08-15T08:00:00-05:00,24.33,24.31,24.58,24.6
2023-08-15T09:00:00-05:00,25.15,24.72,25.09,24.73
2023-08-15T10:00:00-05:00,33.52,29.87,31.08,30.05
2023-08-15T11:00:00-05:00,48.36,43.9,46.96,44.05
2023-08-15T12:00:00-05:00,56.06,52.13,57.53,51.74
2023-08-15T13:00:00-05:00,183.61,170.99,187.27,172.61
2023-08-15T14:00:00-05:00,438.2,404.05,430.41,404.65
2023-08-15T15:00:00-05:00,1098.71,1046.35,1063.97,1043.89
2023-08-15T16:00:00-05:00,1622.65,1562.78,1575.7,1559.99
2023-08-15T17:00:00-05:00,2060.4,2012.49,1980.4,2008.29
2023-08-15T18:00:00-05:00,2487.35,2501.25,2410.82,2500.0
2023-08-15T19:00:00-05:00,3278.27,3316.39,3075.83,3323.67
2023-08-15T20:00:00-05:00,1484.77,1497.09,1403.84,1516.25
2023-08-15T21:00:00-05:00,73.0,69.98,74.98,91.03
2023-08-15T22:00:00-05:00,34.15,32.44,36.52,48.99
2023-08-15T23:00:00-05:00,28.84,27.48,30.16,39.06
2023-08-16T00:00:00-05:00,25.34,24.37,26.06,31.87
2023-08-16T01:00:00-05:00,22.38,21.28,23.17,29.32
2023-08-16T02:00:00-05:00,19.95,19.05,20.6,25.69
2023-08-16T03:00:00-05:00,19.45,18.84,19.9,24.5
2023-08-16T04:00:00-05:00,18.99,18.41,19.43,24.17
2023-08-16T05:00:00-05:00,19.57,18.97,20.02,24.7
2023-08-16T06:00:00-05:00,19.57,18.98,20.03,24.16
2023-08-16T07:00:00-05:00,19.55,19.0,19.96,23.26
2023-08-16T08:00:00-05:00,19.11,18.99,19.31,19.62
2023-08-16T09:00:00-05:00,19.22,19.01,19.3,19.39
2023-08-16T10:00:00-05:00,22.01,20.06,23.85,20.93
2023-08-16T11:00:00-05:00,27.01,25.0,30.91,26.06
2023-08-16T12:00:00-05:00,31.22,30.3,39.72,32.1
2023-08-16T13:00:00-05:00,59.01,52.37,73.61,54.55
2023-08-16T14:00:00-05:00,115.5,104.33,138.16,105.57
2023-08-16T15:00:00-05:00,364.2,334.59,373.53,335.38
2023-08-16T16:00:00-05:00,531.52,499.97,529.13,498.0
2023-08-16T17:00:00-05:00,932.57,918.66,919.37,915.82
2023-08-16T18:00:00-05:00,1104.41,1123.55,1029.15,1126.41
2023-08-16T19:00:00-05:00,1961.19,2000.01,1769.14,2015.4
2023-08-16T20:00:00-05:00,578.16,587.23,537.12,608.7
2023-08-16T21:00:00-05:00,39.84,37.8,43.23,58.35
2023-08-16T22:00:00-05:00,26.17,24.66,27.58,41.41
2023-08-16T23:00:00-05:00,23.71,22.67,24.51,32.19
2023-08-17T00:00:00-05:00,19.02,17.95,19.78,25.19
2023-08-17T01:00:00-05:00,16.75,15.71,17.49,22.84
2023-08-17T02:00:00-05:00,16.05,15.09,16.73,22.14
2023-08-17T03:00:00-05:00,15.33,14.58,15.86,20.75
2023-08-17T04:00:00-05:00,15.62,14.97,16.09,20.94
2023-08-17T05:00:00-05:00,16.98,16.39,17.42,21.78
2023-08-17T06:00:00-05:00,17.54,17.0,17.95,22.01
2023-08-17T07:00:00-05:00,17.39,16.93,17.75,21.32
2023-08-17T08:00:00-05:00,17.71,17.54,17.91,18.88
2023-08-17T09:00:00-05:00,17.79,17.53,17.82,17.73
2023-08-17T10:00:00-05:00,24.51,22.15,22.95,22.38
2023-08-17T11:00:00-05:00,33.01,33.45,33.13,32.78
2023-08-17T12:00:00-05:00,51.17,54.95,51.55,51.61
2023-08-17T13:00:00-05:00,276.73,279.04,275.54,275.48
2023-08-17T14:00:00-05:00,813.77,821.23,796.5,808.09
2023-08-17T15:00:00-05:00,1911.47,1899.85,1822.86,1882.6
2023-08-17T16:00:00-05:00,2251.45,2243.89,2075.07,2224.57
2023-08-17T17:00:00-05:00,2608.57,2625.75,2376.07,2610.66
2023-08-17T18:00:00-05:00,2935.1,3018.87,2559.26,3021.22
2023-08-17T19:00:00-05:00,3254.59,3357.07,2767.75,3376.16
2023-08-17T20:00:00-05:00,1457.34,1516.99,1170.22,1544.44
2023-08-17T21:00:00-05:00,64.08,66.66,49.8,83.59
2023-08-17T22:00:00-05:00,36.17,35.21,32.42,50.08
2023-08-17T23:00:00-05:00,27.59,26.87,27.32,38.33
2023-08-18T00:00:00-05:00,24.44,24.06,24.06,28.18
2023-08-18T01:00:00-05:00,21.08,20.8,20.82,24.1
2023-08-18T02:00:00-05:00,18.87,18.53,18.76,22.35
2023-08-18T03:00:00-05:00,17.93,17.74,18.01,20.89
2023-08-18T04:00:00-05:00,18.77,18.58,18.85,21.61
2023-08-18T05:00:00-05:00,20.39,20.2,20.48,23.37
2023-08-18T06:00:00-05:00,20.21,19.99,20.4,23.76
2023-08-18T07:00:00-05:00,19.5,19.29,19.7,22.41
2023-08-18T08:00:00-05:00,18.47,18.44,18.53,18.6
2023-08-18T09:00:00-05:00,21.15,21.09,20.87,21.6
2023-08-18T10:00:00-05:00,29.56,29.42,28.99,30.19
2023-08-18T11:00:00-05:00,42.21,43.97,42.78,42.37
2023-08-18T12:00:00-05:00,73.05,79.99,72.72,73.72
2023-08-18T13:00:00-05:00,216.02,221.01,209.12,212.63
2023-08-18T14:00:00-05:00,636.69,641.86,611.12,622.21
2023-08-18T15:00:00-05:00,1106.56,1109.95,1040.68,1080.72
2023-08-18T16:00:00-05:00,929.78,937.74,808.36,909.24
2023-08-18T17:00:00-05:00,793.17,809.26,659.35,783.25
2023-08-18T18:00:00-05:00,713.69,764.17,520.46,747.32
2023-08-18T19:00:00-05:00,883.05,944.85,632.49,943.67
2023-08-18T20:00:00-05:00,307.97,323.45,238.51,335.54
2023-08-18T21:00:00-05:00,48.5,49.25,41.38,61.35
2023-08-18T22:00:00-05:00,32.82,31.95,31.95,40.66
2023-08-18T23:00:00-05:00,26.81,25.83,27.02,33.11
2023-08-19T00:00:00-05:00,22.85,21.92,23.41,26.65
2023-08-19T01:00:00-05:00,20.13,19.17,20.75,23.94
2023-08-19T02:00:00-05:00,17.73,16.77,18.36,21.76
2023-08-19T03:00:00-05:00,16.59,15.64,17.22,20.66
2023-08-19T04:00:00-05:00,16.71,15.87,17.28,20.73
2023-08-19T05:00:00-05:00,17.24,16.49,17.76,20.99
2023-08-19T06:00:00-05:00,15.75,14.96,16.29,19.71
2023-08-19T07:00:00-05:00,15.56,14.98,16.02,18.53
2023-08-19T08:00:00-05:00,15.57,15.48,15.63,15.89
2023-08-19T09:00:00-05:00,17.3,17.29,17.3,17.35
2023-08-19T10:00:00-05:00,21.11,21.02,21.02,21.09
2023-08-19T11:00:00-05:00,30.39,30.66,30.22,30.37
2023-08-19T12:00:00-05:00,40.97,41.93,41.04,41.2
2023-08-19T13:00:00-05:00,79.09,78.03,74.83,75.77
2023-08-19T14:00:00-05:00,132.44,129.95,115.93,121.63
2023-08-19T15:00:00-05:00,220.66,217.37,183.06,202.88
2023-08-19T16:00:00-05:00,284.29,282.4,237.7,263.35
2023-08-19T17:00:00-05:00,222.86,229.23,168.42,205.51
2023-08-19T18:00:00-05:00,242.74,263.64,177.0,247.7
2023-08-19T19:00:00-05:00,424.99,457.24,271.96,461.89
2023-08-19T20:00:00-05:00,175.49,188.8,118.85,197.9
2023-08-19T21:00:00-05:00,44.0,44.92,37.71,51.27
2023-08-19T22:00:00-05:00,35.9,35.49,35.42,39.37
2023-08-19T23:00:00-05:00,27.81,27.24,28.1,31.07
2023-08-20T00:00:00-05:00,23.05,22.38,23.48,26.42
2023-08-20T01:00:00-05:00,21.09,20.43,21.53,24.34
2023-08-20T02:00:00-05:00,19.76,19.14,20.19,23.02
2023-08-20T03:00:00-05:00,18.65,18.11,19.04,21.85
2023-08-20T04:00:00-05:00,18.24,17.72,18.61,21.72
2023-08-20T05:00:00-05:00,18.66,18.17,19.03,22.73
2023-08-20T06:00:00-05:00,16.39,15.88,16.8,20.57
2023-08-20T07:00:00-05:00,16.74,16.32,17.09,21.14
2023-08-20T08:00:00-05:00,16.83,16.81,16.85,16.94
2023-08-20T09:00:00-05:00,19.06,19.05,19.05,19.13
2023-08-20T10:00:00-05:00,22.83,22.87,22.77,22.98
2023-08-20T11:00:00-05:00,32.04,33.14,32.18,32.46
2023-08-20T12:00:00-05:00,45.43,47.1,45.49,45.89
2023-08-20T13:00:00-05:00,72.32,76.05,71.53,71.23
2023-08-20T14:00:00-05:00,108.25,106.45,103.23,96.95
2023-08-20T15:00:00-05:00,217.19,211.93,186.7,194.05
2023-08-20T16:00:00-05:00,262.24,262.38,213.49,235.06
2023-08-20T17:00:00-05:00,293.51,298.62,244.55,266.37
2023-08-20T18:00:00-05:00,312.25,330.92,258.92,305.8
2023-08-20T19:00:00-05:00,964.03,1008.16,756.97,1005.5
2023-08-20T20:00:00-05:00,658.56,681.6,556.25,692.0
2023-08-20T21:00:00-05:00,128.46,131.4,119.03,142.5
2023-08-20T22:00:00-05:00,59.34,59.37,58.44,65.25
2023-08-20T23:00:00-05:00,42.19,41.9,42.18,47.45
2023-08-21T00:00:00-05:00,44.53,44.03,45.11,50.53
2023-08-21T01:00:00-05:00,33.66,33.14,34.12,39.95
2023-08-21T02:00:00-05:00,31.82,31.17,32.37,38.53
2023-08-21T03:00:00-05:00,28.44,27.71,29.01,36.18
2023-08-21T04:00:00-05:00,29.73,29.02,30.33,38.45
2023-08-21T05:00:00-05:00,33.28,32.63,33.84,42.17
2023-08-21T06:00:00-05:00,29.28,28.45,29.97,38.38
2023-08-21T07:00:00-05:00,27.83,27.17,28.41,35.35
2023-08-21T08:00:00-05:00,25.51,25.36,25.65,27.65
2023-08-21T09:00:00-05:00,26.34,26.32,26.36,26.49
2023-08-21T10:00:00-05:00,35.66,35.87,35.91,35.86
2023-08-21T11:00:00-05:00,50.26,54.2,50.48,51.03
2023-08-21T12:00:00-05:00,35.18,43.44,34.88,36.51
2023-08-21T13:00:00-05:00,51.93,56.78,52.28,45.63
2023-08-21T14:00:00-05:00,88.66,92.06,74.72,63.27
2023-08-21T15:00:00-05:00,104.34,95.74,78.19,58.25
2023-08-21T16:00:00-05:00,113.96,109.35,88.16,66.79
2023-08-21T17:00:00-05:00,94.59,103.49,80.71,60.48
2023-08-21T18:00:00-05:00,109.81,122.94,94.53,81.84
2023-08-21T19:00:00-05:00,170.51,187.19,151.9,169.99
2023-08-21T20:00:00-05:00,119.73,124.83,118.01,126.0
2023-08-21T21:00:00-05:00,40.35,40.99,41.4,46.47
2023-08-21T22:00:00-05:00,44.53,44.07,45.32,50.43
2023-08-21T23:00:00-05:00,31.54,31.09,31.99,37.21
2023-08-22T00:00:00-05:00,30.31,29.35,31.11,39.63
2023-08-22T01:00:00-05:00,28.88,28.0,29.59,37.84
2023-08-22T02:00:00-05:00,26.78,25.84,27.35,36.65
2023-08-22T03:00:00-05:00,26.27,25.29,26.64,37.49
2023-08-22T04:00:00-05:00,25.94,24.96,25.88,38.17
2023-08-22T05:00:00-05:00,27.35,26.65,25.16,41.26
2023-08-22T06:00:00-05:00,28.4,27.88,23.13,48.06
2023-08-22T07:00:00-05:00,27.84,27.99,20.89,41.79
2023-08-22T08:00:00-05:00,25.37,26.34,17.42,29.11
2023-08-22T09:00:00-05:00,28.82,30.1,17.93,30.75
2023-08-22T10:00:00-05:00,41.23,41.81,24.16,41.4
2023-08-22T11:00:00-05:00,38.6,45.84,22.59,41.51
2023-08-22T12:00:00-05:00,53.94,60.24,25.34,52.03
2023-08-22T13:00:00-05:00,82.69,86.85,38.11,77.09
2023-08-22T14:00:00-05:00,116.7,114.38,45.15,95.92
2023-08-22T15:00:00-05:00,142.75,142.36,56.41,110.77
2023-08-22T16:00:00-05:00,145.36,149.43,58.19,112.68
2023-08-22T17:00:00-05:00,128.54,140.58,56.78,102.56
2023-08-22T18:00:00-05:00,101.71,122.79,58.07,91.57
2023-08-22T19:00:00-05:00,141.01,157.66,94.87,149.26
2023-08-22T20:00:00-05:00,107.15,115.02,89.21,117.72
2023-08-22T21:00:00-05:00,52.57,53.82,48.17,60.16
2023-08-22T22:00:00-05:00,39.14,39.08,37.8,46.59
2023-08-22T23:00:00-05:00,31.06,30.4,31.52,39.58
2023-08-23T00:00:00-05:00,29.26,28.81,28.3,34.77
2023-08-23T01:00:00-05:00,27.16,26.71,25.62,32.64
2023-08-23T02:00:00-05:00,24.49,23.63,24.29,32.71
2023-08-23T03:00:00-05:00,24.05,23.26,23.91,31.26
2023-08-23T04:00:00-05:00,24.76,23.97,24.95,31.57
2023-08-23T05:00:00-05:00,26.93,26.12,27.25,34.07
2023-08-23T06:00:00-05:00,33.47,32.65,34.05,40.84
2023-08-23T07:00:00-05:00,31.67,31.13,32.03,36.28
2023-08-23T08:00:00-05:00,29.55,29.54,29.67,30.04
2023-08-23T09:00:00-05:00,30.05,30.07,30.12,30.11
2023-08-23T10:00:00-05:00,41.58,41.67,41.15,41.37
2023-08-23T11:00:00-05:00,40.39,41.55,39.94,40.41
2023-08-23T12:00:00-05:00,53.47,59.31,53.17,53.38
2023-08-23T13:00:00-05:00,89.79,92.82,83.69,80.74
2023-08-23T14:00:00-05:00,143.16,144.16,134.73,123.52
2023-08-23T15:00:00-05:00,235.78,233.07,215.81,198.99
2023-08-23T16:00:00-05:00,293.45,294.31,274.36,248.5
2023-08-23T17:00:00-05:00,356.87,361.6,339.37,315.74
2023-08-23T18:00:00-05:00,732.49,749.59,707.88,711.11
2023-08-23T19:00:00-05:00,1182.2,1196.87,1154.57,1189.85
2023-08-23T20:00:00-05:00,769.14,773.87,761.25,779.73
2023-08-23T21:00:00-05:00,126.0,126.16,126.99,135.8
2023-08-23T22:00:00-05:00,49.0,47.91,50.51,59.64
2023-08-23T23:00:00-05:00,41.04,39.75,42.23,51.53
2023-08-24T00:00:00-05:00,31.86,30.61,32.9,42.02
2023-08-24T01:00:00-05:00,28.1,26.98,29.03,37.83
2023-08-24T02:00:00-05:00,24.75,23.64,25.68,34.63
2023-08-24T03:00:00-05:00,24.11,22.96,25.07,34.18
2023-08-24T04:00:00-05:00,25.07,23.98,25.98,34.86
2023-08-24T05:00:00-05:00,27.26,26.01,28.31,38.62
2023-08-24T06:00:00-05:00,25.6,24.26,26.7,37.27
2023-08-24T07:00:00-05:00,26.45,25.38,27.35,35.78
2023-08-24T08:00:00-05:00,24.72,24.51,24.89,26.26
2023-08-24T09:00:00-05:00,27.11,27.01,27.13,27.23
2023-08-24T10:00:00-05:00,30.78,31.02,31.0,30.81
2023-08-24T11:00:00-05:00,46.19,49.5,46.37,46.47
2023-08-24T12:00:00-05:00,79.34,88.26,80.59,80.48
2023-08-24T13:00:00-05:00,228.88,227.71,222.81,214.27
2023-08-24T14:00:00-05:00,673.96,645.43,650.0,628.13
2023-08-24T15:00:00-05:00,1168.65,1138.89,1136.43,1109.74
2023-08-24T16:00:00-05:00,2431.67,2403.41,2408.31,2370.46
2023-08-24T17:00:00-05:00,3000.84,2983.53,2985.1,2948.87
2023-08-24T18:00:00-05:00,3265.81,3276.51,3247.77,3251.82
2023-08-24T19:00:00-05:00,3896.22,3917.57,3869.46,3910.75
2023-08-24T20:00:00-05:00,3533.48,3540.37,3522.88,3550.39
2023-08-24T21:00:00-05:00,443.55,443.01,444.26,456.32
2023-08-24T22:00:00-05:00,46.75,45.58,48.86,56.51
2023-08-24T23:00:00-05:00,34.28,33.05,35.31,44.06
2023-08-25T00:00:00-05:00,30.21,29.24,31.08,37.76
2023-08-25T01:00:00-05:00,27.32,26.32,28.26,35.1
2023-08-25T02:00:00-05:00,24.38,23.36,25.06,32.06
2023-08-25T03:00:00-05:00,23.89,22.96,24.3,31.31
2023-08-25T04:00:00-05:00,25.52,24.66,25.73,32.57
2023-08-25T05:00:00-05:00,27.25,26.24,27.23,35.58
2023-08-25T06:00:00-05:00,27.29,26.14,28.2,36.4
2023-08-25T07:00:00-05:00,27.55,26.8,28.1,33.7
2023-08-25T08:00:00-05:00,25.82,25.72,25.91,26.53
2023-08-25T09:00:00-05:00,27.74,27.71,27.75,27.88
2023-08-25T10:00:00-05:00,33.76,34.34,34.27,33.98
2023-08-25T11:00:00-05:00,56.61,60.76,57.55,57.04
2023-08-25T12:00:00-05:00,105.92,112.99,112.27,102.58
2023-08-25T13:00:00-05:00,637.58,643.09,626.7,630.81
2023-08-25T14:00:00-05:00,1515.27,1495.2,1479.24,1479.57
2023-08-25T15:00:00-05:00,3017.71,3004.13,2960.16,2971.32
2023-08-25T16:00:00-05:00,3749.3,3730.45,3702.67,3701.41
2023-08-25T17:00:00-05:00,4051.97,4055.77,4000.0,4025.72
2023-08-25T18:00:00-05:00,4040.06,4061.97,4000.01,4043.62
2023-08-25T19:00:00-05:00,4187.92,4213.39,4138.02,4214.18
2023-08-25T20:00:00-05:00,3638.6,3645.14,3627.69,3660.15
2023-08-25T21:00:00-05:00,559.66,559.92,559.38,572.51
2023-08-25T22:00:00-05:00,72.3,71.18,73.44,82.93
2023-08-25T23:00:00-05:00,39.86,38.73,40.98,49.29
2023-08-26T00:00:00-05:00,31.89,31.11,32.56,38.92
2023-08-26T01:00:00-05:00,29.84,29.14,30.45,36.69
2023-08-26T02:00:00-05:00,26.75,26.13,27.33,33.32
2023-08-26T03:00:00-05:00,24.7,24.0,25.33,32.19
2023-08-26T04:00:00-05:00,26.63,26.0,27.18,33.36
2023-08-26T05:00:00-05:00,26.8,26.0,27.54,35.07
2023-08-26T06:00:00-05:00,24.13,23.17,24.95,32.49
2023-08-26T07:00:00-05:00,23.73,22.98,24.37,30.11
2023-08-26T08:00:00-05:00,23.28,23.15,23.4,24.26
2023-08-26T09:00:00-05:00,25.73,25.73,25.74,25.78
2023-08-26T10:00:00-05:00,29.24,29.4,29.35,29.37
2023-08-26T11:00:00-05:00,41.49,45.38,42.49,42.56
2023-08-26T12:00:00-05:00,89.26,95.77,90.23,91.23
2023-08-26T13:00:00-05:00,229.08,237.81,227.8,230.27
2023-08-26T14:00:00-05:00,810.59,815.81,802.42,807.53
2023-08-26T15:00:00-05:00,2109.79,2110.2,2092.65,2099.27
2023-08-26T16:00:00-05:00,3003.01,3011.16,2985.63,2996.5
2023-08-26T17:00:00-05:00,3084.11,3097.04,3064.24,3082.81
2023-08-26T18:00:00-05:00,3177.03,3195.21,3155.34,3185.53
2023-08-26T19:00:00-05:00,3160.35,3176.22,3150.1,3177.38
2023-08-26T20:00:00-05:00,1000.1,1003.06,998.98,1013.87
2023-08-26T21:00:00-05:00,106.35,99.75,107.36,119.94
2023-08-26T22:00:00-05:00,50.31,48.59,51.7,63.63
2023-08-26T23:00:00-05:00,31.8,30.17,33.15,44.41
2023-08-27T00:00:00-05:00,32.32,30.14,34.24,50.54
2023-08-27T01:00:00-05:00,27.86,26.05,29.45,43.26
2023-08-27T02:00:00-05:00,23.38,21.64,24.9,38.34
2023-08-27T03:00:00-05:00,22.16,20.45,23.65,36.98
2023-08-27T04:00:00-05:00,22.36,20.84,23.58,35.96
2023-08-27T05:00:00-05:00,22.32,20.83,23.04,35.82
2023-08-27T06:00:00-05:00,19.46,17.98,20.69,31.55
2023-08-27T07:00:00-05:00,18.15,17.02,19.02,27.64
2023-08-27T08:00:00-05:00,17.25,17.01,17.45,18.98
2023-08-27T09:00:00-05:00,19.21,19.25,19.27,19.3
2023-08-27T10:00:00-05:00,25.2,25.0,25.22,25.08
2023-08-27T11:00:00-05:00,32.9,30.52,33.26,31.25
2023-08-27T12:00:00-05:00,60.31,60.83,60.32,60.27
2023-08-27T13:00:00-05:00,187.62,177.07,189.14,177.42
2023-08-27T14:00:00-05:00,507.05,470.11,510.01,473.16
2023-08-27T15:00:00-05:00,1105.76,1062.26,1097.13,1062.85
2023-08-27T16:00:00-05:00,2027.09,1991.44,2021.02,1990.94
2023-08-27T17:00:00-05:00,2449.69,2424.35,2443.76,2422.64
2023-08-27T18:00:00-05:00,2501.2,2496.28,2504.16,2495.2
2023-08-27T19:00:00-05:00,2630.95,2631.13,2624.41,2635.24
2023-08-27T20:00:00-05:00,920.1,920.88,920.73,931.22
2023-08-27T21:00:00-05:00,103.93,100.0,105.03,115.99
2023-08-27T22:00:00-05:00,48.86,47.49,50.29,61.12
2023-08-27T23:00:00-05:00,32.01,30.65,33.26,44.5
2023-08-28T00:00:00-05:00,27.64,24.15,29.8,56.03
2023-08-28T01:00:00-05:00,25.55,23.58,26.47,43.52
2023-08-28T02:00:00-05:00,23.55,21.94,23.6,39.28
2023-08-28T03:00:00-05:00,23.37,21.99,22.99,36.72
2023-08-28T04:00:00-05:00,24.59,23.32,23.96,37.71
2023-08-28T05:00:00-05:00,26.85,25.44,26.29,40.53
2023-08-28T06:00:00-05:00,27.7,26.36,28.1,40.74
2023-08-28T07:00:00-05:00,27.98,27.1,28.04,36.64
2023-08-28T08:00:00-05:00,25.11,24.94,25.27,26.47
2023-08-28T09:00:00-05:00,26.69,26.64,26.63,26.69
2023-08-28T10:00:00-05:00,29.45,29.11,29.04,29.22
2023-08-28T11:00:00-05:00,43.1,41.14,41.93,41.13
2023-08-28T12:00:00-05:00,63.1,55.62,59.47,55.47
2023-08-28T13:00:00-05:00,132.02,119.1,142.65,122.86
2023-08-28T14:00:00-05:00,269.47,250.0,287.56,255.01
2023-08-28T15:00:00-05:00,380.89,352.56,409.81,360.55
2023-08-28T16:00:00-05:00,601.11,570.84,625.18,577.32
2023-08-28T17:00:00-05:00,715.6,691.87,739.74,697.77
2023-08-28T18:00:00-05:00,929.68,915.55,942.21,919.07
2023-08-28T19:00:00-05:00,485.45,483.25,483.43,488.79
2023-08-28T20:00:00-05:00,301.46,300.3,303.89,312.2
2023-08-28T21:00:00-05:00,56.21,53.57,58.2,73.07
2023-08-28T22:00:00-05:00,36.56,34.15,38.88,56.93
2023-08-28T23:00:00-05:00,28.1,25.67,30.32,48.34
2023-08-29T00:00:00-05:00,28.6,25.72,31.02,50.63
2023-08-29T01:00:00-05:00,26.56,24.24,28.59,45.73
2023-08-29T02:00:00-05:00,24.87,22.83,26.45,41.29
2023-08-29T03:00:00-05:00,23.88,22.27,24.68,37.59
2023-08-29T04:00:00-05:00,23.98,22.37,25.43,37.92
2023-08-29T05:00:00-05:00,25.85,24.11,27.4,41.14
2023-08-29T06:00:00-05:00,27.58,25.62,29.27,43.19
2023-08-29T07:00:00-05:00,26.45,24.94,27.83,39.58
2023-08-29T08:00:00-05:00,25.42,25.13,25.57,27.43
2023-08-29T09:00:00-05:00,27.21,26.81,26.68,26.87
2023-08-29T10:00:00-05:00,28.39,28.16,28.11,28.34
2023-08-29T11:00:00-05:00,30.91,27.89,29.49,28.78
2023-08-29T12:00:00-05:00,32.55,30.9,32.54,31.06
2023-08-29T13:00:00-05:00,47.77,43.79,50.64,44.63
2023-08-29T14:00:00-05:00,74.07,64.82,88.67,68.34
2023-08-29T15:00:00-05:00,103.84,98.25,118.44,100.64
2023-08-29T16:00:00-05:00,99.95,91.28,119.28,94.97
2023-08-29T17:00:00-05:00,133.69,127.75,149.37,130.27
2023-08-29T18:00:00-05:00,219.15,219.53,224.56,220.6
2023-08-29T19:00:00-05:00,448.79,450.68,449.86,453.83
2023-08-29T20:00:00-05:00,189.17,188.48,192.19,199.8
2023-08-29T21:00:00-05:00,69.89,67.57,72.63,82.85
2023-08-29T22:00:00-05:00,41.42,39.6,43.2,56.77
2023-08-29T23:00:00-05:00,32.18,30.22,33.95,48.78
2023-08-30T00:00:00-05:00,35.0,31.98,37.53,58.25
2023-08-30T01:00:00-05:00,31.85,28.95,33.95,54.7
2023-08-30T02:00:00-05:00,27.64,24.9,28.83,50.0
2023-08-30T03:00:00-05:00,26.02,23.41,26.8,47.44
2023-08-30T04:00:00-05:00,26.16,23.56,26.69,47.6
2023-08-30T05:00:00-05:00,28.04,25.4,28.17,49.46
2023-08-30T06:00:00-05:00,29.39,26.83,31.15,50.0
2023-08-30T07:00:00-05:00,28.07,26.01,28.59,45.04
2023-08-30T08:00:00-05:00,25.78,25.49,25.97,28.14
2023-08-30T09:00:00-05:00,26.9,26.97,27.04,27.05
2023-08-30T10:00:00-05:00,30.88,30.87,30.91,31.01
2023-08-30T11:00:00-05:00,30.05,30.18,30.15,30.39
2023-08-30T12:00:00-05:00,44.61,44.52,45.41,44.79
2023-08-30T13:00:00-05:00,107.42,108.45,110.41,107.71
2023-08-30T14:00:00-05:00,225.0,214.91,237.24,218.91
2023-08-30T15:00:00-05:00,399.91,386.01,410.06,391.08
2023-08-30T16:00:00-05:00,466.49,439.44,474.35,445.54
2023-08-30T17:00:00-05:00,609.76,594.09,625.12,599.6
2023-08-30T18:00:00-05:00,1757.64,1758.07,1765.01,1759.68
2023-08-30T19:00:00-05:00,2572.37,2574.68,2572.9,2579.44
2023-08-30T20:00:00-05:00,828.81,827.43,830.42,847.43
2023-08-30T21:00:00-05:00,119.08,108.7,123.28,155.7
2023-08-30T22:00:00-05:00,43.87,37.98,49.51,86.86
2023-08-30T23:00:00-05:00,36.99,32.67,40.76,68.71
2023-08-31T00:00:00-05:00,27.4,24.27,30.0,51.18
2023-08-31T01:00:00-05:00,24.62,21.73,26.98,46.73
2023-08-31T02:00:00-05:00,23.12,20.46,25.19,43.66
2023-08-31T03:00:00-05:00,22.06,19.6,23.95,40.95
2023-08-31T04:00:00-05:00,22.33,19.95,24.15,41.03
2023-08-31T05:00:00-05:00,24.09,21.98,24.86,40.72
2023-08-31T06:00:00-05:00,26.26,23.87,27.89,44.23
2023-08-31T07:00:00-05:00,25.16,23.33,26.16,38.81
2023-08-31T08:00:00-05:00,22.63,22.23,22.91,25.24
2023-08-31T09:00:00-05:00,23.98,23.88,23.95,23.96
2023-08-31T10:00:00-05:00,25.77,25.64,25.71,25.77
2023-08-31T11:00:00-05:00,31.14,29.99,31.26,30.53
2023-08-31T12:00:00-05:00,45.07,40.87,48.02,42.32
2023-08-31T13:00:00-05:00,75.24,64.08,86.77,67.82
2023-08-31T14:00:00-05:00,139.43,125.79,156.79,130.82
2023-08-31T15:00:00-05:00,227.36,218.96,243.82,222.36
2023-08-31T16:00:00-05:00,341.75,336.13,357.54,338.56
2023-08-31T17:00:00-05:00,333.48,329.32,343.99,331.85
2023-08-31T18:00:00-05:00,493.47,500.83,477.03,503.01
2023-08-31T19:00:00-05:00,549.41,561.84,491.3,576.26
2023-08-31T20:00:00-05:00,168.04,168.44,144.88,211.25
2023-08-31T21:00:00-05:00,40.41,36.08,38.32,78.92
2023-08-31T22:00:00-05:00,26.76,23.01,28.65,56.2
2023-08-31T23:00:00-05:00,23.75,20.77,25.45,46.76
2023-09-01T00:00:00-05:00,20.14,17.27,22.41,38.34
2023-09-01T01:00:00-05:00,17.55,14.93,19.61,34.28
2023-09-01T02:00:00-05:00,16.74,14.19,18.7,33.42
2023-09-01T03:00:00-05:00,16.72,14.11,18.75,34.25
2023-09-01T04:00:00-05:00,17.66,15.16,19.61,34.64
2023-09-01T05:00:00-05:00,19.29,16.92,21.08,36.39
2023-09-01T06:00:00-05:00,21.32,18.91,23.28,38.84
2023-09-01T07:00:00-05:00,21.31,19.73,22.7,34.15
2023-09-01T08:00:00-05:00,19.35,19.25,19.38,19.46
2023-09-01T09:00:00-05:00,21.3,20.98,21.48,20.8
2023-09-01T10:00:00-05:00,26.88,26.15,27.41,25.62
2023-09-01T11:00:00-05:00,36.67,35.31,38.31,34.93
2023-09-01T12:00:00-05:00,52.4,49.45,56.76,49.78
2023-09-01T13:00:00-05:00,88.97,86.16,95.32,87.51
2023-09-01T14:00:00-05:00,133.13,128.69,142.63,130.5
2023-09-01T15:00:00-05:00,215.55,216.22,218.46,216.55
2023-09-01T16:00:00-05:00,261.35,261.86,264.45,262.42
2023-09-01T17:00:00-05:00,215.84,217.37,206.41,217.53
2023-09-01T18:00:00-05:00,261.87,269.12,242.25,270.81
2023-09-01T19:00:00-05:00,376.24,385.2,331.78,397.95
2023-09-01T20:00:00-05:00,97.91,96.03,90.75,126.51
2023-09-01T21:00:00-05:00,32.92,29.05,35.76,57.26
2023-09-01T22:00:00-05:00,26.39,22.81,29.22,49.79
2023-09-01T23:00:00-05:00,22.65,19.5,25.14,43.07
2023-09-02T00:00:00-05:00,18.84,16.4,20.76,35.05
2023-09-02T01:00:00-05:00,17.66,15.15,19.62,34.41
2023-09-02T02:00:00-05:00,16.44,13.98,18.36,32.64
2023-09-02T03:00:00-05:00,15.79,13.26,17.78,33.12
2023-09-02T04:00:00-05:00,16.35,13.95,18.27,33.36
2023-09-02T05:00:00-05:00,16.95,14.84,18.66,32.43
2023-09-02T06:00:00-05:00,17.53,15.61,19.12,31.72
2023-09-02T07:00:00-05:00,18.21,16.94,19.27,28.5
2023-09-02T08:00:00-05:00,17.91,17.8,18.01,18.71
2023-09-02T09:00:00-05:00,19.22,19.21,19.22,19.24
2023-09-02T10:00:00-05:00,23.42,22.75,23.63,23.02
2023-09-02T11:00:00-05:00,33.41,33.12,34.24,33.26
2023-09-02T12:00:00-05:00,43.09,39.92,45.0,41.16
2023-09-02T13:00:00-05:00,59.31,57.41,61.92,58.23
2023-09-02T14:00:00-05:00,82.12,81.38,84.99,81.93
2023-09-02T15:00:00-05:00,136.35,136.31,138.21,136.67
2023-09-02T16:00:00-05:00,204.96,205.04,207.97,205.5
2023-09-02T17:00:00-05:00,181.85,183.92,182.15,183.85
2023-09-02T18:00:00-05:00,248.89,252.24,241.4,254.66
2023-09-02T19:00:00-05:00,322.95,327.58,303.59,337.62
2023-09-02T20:00:00-05:00,79.11,76.0,76.03,113.82
2023-09-02T21:00:00-05:00,39.0,34.38,43.04,70.84
2023-09-02T22:00:00-05:00,25.49,21.74,28.49,50.67
2023-09-02T23:00:00-05:00,21.21,17.75,23.93,43.8
2023-09-03T00:00:00-05:00,19.57,17.12,21.44,34.03
2023-09-03T01:00:00-05:00,17.32,15.04,19.1,31.45
2023-09-03T02:00:00-05:00,16.53,14.36,18.18,29.8
2023-09-03T03:00:00-05:00,15.98,13.81,17.67,30.2
2023-09-03T04:00:00-05:00,16.38,14.5,17.89,30.06
2023-09-03T05:00:00-05:00,16.58,15.26,17.73,26.97
2023-09-03T06:00:00-05:00,16.07,15.0,16.94,23.83
2023-09-03T07:00:00-05:00,16.68,16.12,17.14,20.96
2023-09-03T08:00:00-05:00,16.87,16.84,16.9,17.07
2023-09-03T09:00:00-05:00,18.37,18.37,18.37,18.37
2023-09-03T10:00:00-05:00,20.76,19.57,20.82,19.97
2023-09-03T11:00:00-05:00,27.43,24.17,27.61,25.22
2023-09-03T12:00:00-05:00,35.52,26.62,39.13,29.67
2023-09-03T13:00:00-05:00,55.81,41.12,58.33,45.93
2023-09-03T14:00:00-05:00,60.34,55.38,65.13,56.91
2023-09-03T15:00:00-05:00,88.7,83.21,93.94,84.96
2023-09-03T16:00:00-05:00,110.35,106.88,116.2,108.42
2023-09-03T17:00:00-05:00,85.47,81.08,91.56,83.2
2023-09-03T18:00:00-05:00,128.45,127.72,120.67,130.56
2023-09-03T19:00:00-05:00,178.65,187.25,142.11,193.41
2023-09-03T20:00:00-05:00,55.12,54.7,49.06,70.05
2023-09-03T21:00:00-05:00,29.4,27.52,29.5,41.95
2023-09-03T22:00:00-05:00,21.37,19.63,22.4,31.39
2023-09-03T23:00:00-05:00,18.21,16.92,18.99,24.86
2023-09-04T00:00:00-05:00,15.96,15.44,16.76,20.89
2023-09-04T01:00:00-05:00,15.24,14.1,16.12,19.95
2023-09-04T02:00:00-05:00,13.92,12.86,14.72,16.41
2023-09-04T03:00:00-05:00,11.49,10.55,12.22,13.99
2023-09-04T04:00:00-05:00,12.51,11.6,13.17,14.43
2023-09-04T05:00:00-05:00,13.34,12.48,13.93,15.29
2023-09-04T06:00:00-05:00,13.92,13.05,14.52,16.66
2023-09-04T07:00:00-05:00,13.94,13.19,14.48,17.11
2023-09-04T08:00:00-05:00,13.47,12.96,13.74,10.75
2023-09-04T09:00:00-05:00,14.07,13.08,14.67,5.29
2023-09-04T10:00:00-05:00,15.69,14.28,17.04,4.8
2023-09-04T11:00:00-05:00,18.99,17.09,21.89,6.16
2023-09-04T12:00:00-05:00,20.97,17.84,28.89,10.64
2023-09-04T13:00:00-05:00,28.52,21.48,34.41,16.3
2023-09-04T14:00:00-05:00,31.21,26.59,35.33,17.01
2023-09-04T15:00:00-05:00,34.15,32.37,43.36,17.75
2023-09-04T16:00:00-05:00,40.91,36.95,39.58,21.25
2023-09-04T17:00:00-05:00,38.2,38.83,35.97,25.52
2023-09-04T18:00:00-05:00,49.46,58.14,37.29,48.37
2023-09-04T19:00:00-05:00,77.09,83.11,50.06,89.66
2023-09-04T20:00:00-05:00,38.4,39.11,26.46,49.84
2023-09-04T21:00:00-05:00,25.29,25.07,20.58,32.46
2023-09-04T22:00:00-05:00,18.65,19.7,17.8,22.57
2023-09-04T23:00:00-05:00,16.94,18.14,15.96,20.2
2023-09-05T00:00:00-05:00,14.13,13.13,14.22,14.24
2023-09-05T01:00:00-05:00,13.24,12.24,12.93,14.83
2023-09-05T02:00:00-05:00,10.51,9.5,10.47,12.23
2023-09-05T03:00:00-05:00,8.66,7.75,8.68,11.28
2023-09-05T04:00:00-05:00,11.48,10.77,11.36,13.34
2023-09-05T05:00:00-05:00,13.77,13.11,13.57,16.74
2023-09-05T06:00:00-05:00,15.43,14.98,13.38,19.13
2023-09-05T07:00:00-05:00,15.79,15.38,14.45,18.97
2023-09-05T08:00:00-05:00,15.13,15.05,13.93,15.2
2023-09-05T09:00:00-05:00,15.14,15.17,13.56,10.26
2023-09-05T10:00:00-05:00,17.65,16.2,18.77,9.68
2023-09-05T11:00:00-05:00,24.7,22.68,23.51,14.36
2023-09-05T12:00:00-05:00,29.75,28.48,26.2,20.19
2023-09-05T13:00:00-05:00,34.02,34.13,28.21,30.73
2023-09-05T14:00:00-05:00,41.73,41.21,35.65,38.79
2023-09-05T15:00:00-05:00,70.32,69.92,50.52,67.22
2023-09-05T16:00:00-05:00,84.99,82.61,55.22,79.67
2023-09-05T17:00:00-05:00,89.42,95.16,69.42,94.7
2023-09-05T18:00:00-05:00,106.13,120.04,67.0,121.64
2023-09-05T19:00:00-05:00,129.32,142.69,72.76,149.46
2023-09-05T20:00:00-05:00,37.01,39.43,22.7,47.93
2023-09-05T21:00:00-05:00,30.22,29.98,28.49,35.72
2023-09-05T22:00:00-05:00,22.18,21.52,22.08,27.34
2023-09-05T23:00:00-05:00,21.87,21.26,21.68,25.84
2023-09-06T00:00:00-05:00,22.38,21.52,22.19,27.88
2023-09-06T01:00:00-05:00,21.38,20.61,21.25,27.05
2023-09-06T02:00:00-05:00,20.24,19.51,20.45,24.94
2023-09-06T03:00:00-05:00,20.13,19.51,20.49,24.71
2023-09-06T04:00:00-05:00,21.46,20.9,21.81,26.31
2023-09-06T05:00:00-05:00,23.32,22.79,23.69,27.25
2023-09-06T06:00:00-05:00,24.06,23.57,24.45,27.93
2023-09-06T07:00:00-05:00,22.52,22.06,22.92,26.15
2023-09-06T08:00:00-05:00,22.07,22.03,22.16,22.27
2023-09-06T09:00:00-05:00,21.47,21.49,21.52,21.51
2023-09-06T10:00:00-05:00,25.76,25.64,25.9,25.73
2023-09-06T11:00:00-05:00,34.42,36.35,35.16,35.07
2023-09-06T12:00:00-05:00,60.77,64.62,62.04,62.42
2023-09-06T13:00:00-05:00,106.59,112.6,108.31,109.31
2023-09-06T14:00:00-05:00,204.52,207.16,202.52,203.87
2023-09-06T15:00:00-05:00,312.13,318.23,307.48,315.81
2023-09-06T16:00:00-05:00,472.0,476.51,448.0,471.22
2023-09-06T17:00:00-05:00,424.98,430.33,337.07,428.25
2023-09-06T18:00:00-05:00,661.86,691.27,472.08,695.67
2023-09-06T19:00:00-05:00,1271.22,1309.69,1040.9,1322.24
2023-09-06T20:00:00-05:00,257.72,269.99,193.68,287.7
2023-09-06T21:00:00-05:00,38.04,37.28,38.69,50.57
2023-09-06T22:00:00-05:00,30.0,28.46,30.84,40.03
2023-09-06T23:00:00-05:00,25.13,23.74,26.03,33.94
2023-09-07T00:00:00-05:00,22.57,21.45,23.31,28.43
2023-09-07T01:00:00-05:00,21.08,20.13,21.74,26.12
2023-09-07T02:00:00-05:00,18.86,18.07,19.42,23.21
2023-09-07T03:00:00-05:00,18.09,17.47,18.52,21.69
2023-09-07T04:00:00-05:00,18.74,18.23,19.11,22.22
2023-09-07T05:00:00-05:00,20.3,19.86,20.63,23.4
2023-09-07T06:00:00-05:00,21.64,21.15,22.0,24.88
2023-09-07T07:00:00-05:00,20.96,20.57,21.26,23.89
2023-09-07T08:00:00-05:00,18.74,18.66,18.82,19.01
2023-09-07T09:00:00-05:00,20.84,20.65,20.97,20.55
2023-09-07T10:00:00-05:00,23.8,23.07,24.54,22.78
2023-09-07T11:00:00-05:00,31.23,29.79,34.91,28.96
2023-09-07T12:00:00-05:00,52.58,54.65,60.43,50.59
2023-09-07T13:00:00-05:00,107.35,112.84,122.22,108.17
2023-09-07T14:00:00-05:00,260.06,261.71,267.58,256.45
2023-09-07T15:00:00-05:00,611.24,616.63,610.98,608.26
2023-09-07T16:00:00-05:00,937.25,954.93,926.79,946.87
2023-09-07T17:00:00-05:00,1043.66,1065.07,983.17,1057.08
2023-09-07T18:00:00-05:00,2204.61,2246.35,2032.09,2248.68
2023-09-07T19:00:00-05:00,2718.94,2763.82,2474.63,2775.0
2023-09-07T20:00:00-05:00,392.3,405.07,334.73,419.92
2023-09-07T21:00:00-05:00,41.0,40.16,39.53,52.37
2023-09-07T22:00:00-05:00,25.31,23.67,26.5,37.65
2023-09-07T23:00:00-05:00,20.73,19.33,21.59,30.12
2023-09-08T00:00:00-05:00,18.55,17.54,19.28,26.15
2023-09-08T01:00:00-05:00,16.77,15.73,17.52,23.89
2023-09-08T02:00:00-05:00,15.71,14.76,16.4,22.3
2023-09-08T03:00:00-05:00,14.87,13.91,15.57,20.81
2023-09-08T04:00:00-05:00,16.0,15.1,16.6,22.5
2023-09-08T05:00:00-05:00,16.61,15.78,17.18,23.52
2023-09-08T06:00:00-05:00,18.18,17.36,18.75,23.99
2023-09-08T07:00:00-05:00,18.27,17.56,18.76,22.72
2023-09-08T08:00:00-05:00,17.83,17.62,17.97,18.54
2023-09-08T09:00:00-05:00,18.89,18.64,19.15,18.94
2023-09-08T10:00:00-05:00,23.66,22.31,24.82,21.9
2023-09-08T11:00:00-05:00,29.78,33.58,31.61,28.71
2023-09-08T12:00:00-05:00,48.93,57.17,54.03,46.84
2023-09-08T13:00:00-05:00,250.0,257.1,263.5,250.59
2023-09-08T14:00:00-05:00,462.68,475.87,474.5,467.12
2023-09-08T15:00:00-05:00,1001.78,1013.6,1005.2,1004.63
2023-09-08T16:00:00-05:00,1479.96,1498.88,1462.99,1489.15
2023-09-08T17:00:00-05:00,1556.22,1578.91,1498.54,1570.46
2023-09-08T18:00:00-05:00,1961.32,2009.45,1737.76,2012.09
2023-09-08T19:00:00-05:00,2396.14,2444.01,2045.53,2455.22
2023-09-08T20:00:00-05:00,349.36,368.48,258.96,384.23
2023-09-08T21:00:00-05:00,37.13,37.02,34.73,47.35
2023-09-08T22:00:00-05:00,27.8,27.04,28.23,35.58
2023-09-08T23:00:00-05:00,23.05,22.24,23.61,30.58
2023-09-09T00:00:00-05:00,21.12,20.34,21.76,27.49
2023-09-09T01:00:00-05:00,18.95,18.29,19.48,24.46
2023-09-09T02:00:00-05:00,17.96,17.41,18.42,22.87
2023-09-09T03:00:00-05:00,17.64,17.22,17.99,22.01
2023-09-09T04:00:00-05:00,17.73,17.2,18.15,22.36
2023-09-09T05:00:00-05:00,18.15,17.64,18.59,22.92
2023-09-09T06:00:00-05:00,18.01,17.22,18.66,24.18
2023-09-09T07:00:00-05:00,18.39,17.63,19.01,24.08
2023-09-09T08:00:00-05:00,17.76,17.41,18.05,20.41
2023-09-09T09:00:00-05:00,18.55,18.54,18.55,18.55
2023-09-09T10:00:00-05:00,22.99,22.93,23.11,23.04
2023-09-09T11:00:00-05:00,28.64,28.64,29.3,28.75
2023-09-09T12:00:00-05:00,38.15,37.32,42.41,37.44
2023-09-09T13:00:00-05:00,53.34,52.01,60.25,52.54
2023-09-09T14:00:00-05:00,72.16,72.27,82.99,72.52
2023-09-09T15:00:00-05:00,149.77,155.96,158.66,153.89
2023-09-09T16:00:00-05:00,193.8,209.01,196.29,202.33
2023-09-09T17:00:00-05:00,138.15,149.56,131.92,148.84
2023-09-09T18:00:00-05:00,161.27,173.63,132.27,177.12
2023-09-09T19:00:00-05:00,176.79,189.55,132.03,197.4
2023-09-09T20:00:00-05:00,44.18,44.57,40.44,57.42
2023-09-09T21:00:00-05:00,28.16,26.61,29.59,39.67
2023-09-09T22:00:00-05:00,26.9,25.96,27.83,34.15
2023-09-09T23:00:00-05:00,22.67,21.84,23.31,28.87
2023-09-10T00:00:00-05:00,21.03,20.52,21.44,25.53
2023-09-10T01:00:00-05:00,19.18,18.67,19.6,23.91
2023-09-10T02:00:00-05:00,18.19,17.62,18.65,23.25
2023-09-10T03:00:00-05:00,17.96,17.43,18.38,22.75
2023-09-10T04:00:00-05:00,18.08,17.43,18.61,23.71
2023-09-10T05:00:00-05:00,19.42,18.85,19.9,24.57
2023-09-10T06:00:00-05:00,18.11,17.31,18.76,24.74
2023-09-10T07:00:00-05:00,17.79,17.1,18.34,23.94
2023-09-10T08:00:00-05:00,17.3,17.19,17.4,18.3
2023-09-10T09:00:00-05:00,16.66,16.67,16.67,16.69
2023-09-10T10:00:00-05:00,18.15,18.06,18.33,18.19
2023-09-10T11:00:00-05:00,23.77,23.25,24.98,23.68
2023-09-10T12:00:00-05:00,27.13,24.7,31.87,25.95
2023-09-10T13:00:00-05:00,33.2,27.19,43.66,29.98
2023-09-10T14:00:00-05:00,40.31,32.02,55.0,36.06
2023-09-10T15:00:00-05:00,51.21,37.98,75.72,43.98
2023-09-10T16:00:00-05:00,57.09,46.27,77.57,51.62
2023-09-10T17:00:00-05:00,47.03,38.1,64.16,42.43
2023-09-10T18:00:00-05:00,63.97,56.93,77.06,61.65
2023-09-10T19:00:00-05:00,74.71,75.0,74.09,84.16
2023-09-10T20:00:00-05:00,34.86,33.59,36.3,45.71
2023-09-10T21:00:00-05:00,26.29,25.09,27.24,35.46
2023-09-10T22:00:00-05:00,23.69,22.88,24.37,31.19
2023-09-10T23:00:00-05:00,19.87,19.15,20.47,27.24
2023-09-11T00:00:00-05:00,18.64,18.03,19.18,24.77
2023-09-11T01:00:00-05:00,17.79,17.24,18.26,23.79
2023-09-11T02:00:00-05:00,17.08,16.55,17.54,22.87
2023-09-11T03:00:00-05:00,16.79,16.41,17.12,21.43
2023-09-11T04:00:00-05:00,17.24,16.96,17.48,20.43
2023-09-11T05:00:00-05:00,18.59,18.26,18.87,21.92
2023-09-11T06:00:00-05:00,22.73,22.6,21.81,25.09
2023-09-11T07:00:00-05:00,22.33,22.28,21.28,23.62
2023-09-11T08:00:00-05:00,21.48,21.48,21.47,21.5
2023-09-11T09:00:00-05:00,20.33,20.33,20.39,20.32
2023-09-11T10:00:00-05:00,21.23,20.94,21.68,19.64
2023-09-11T11:00:00-05:00,24.8,24.26,25.4,22.36
2023-09-11T12:00:00-05:00,28.44,27.99,29.64,26.14
2023-09-11T13:00:00-05:00,34.62,31.17,40.5,30.53
2023-09-11T14:00:00-05:00,45.69,40.77,56.01,41.38
2023-09-11T15:00:00-05:00,61.84,57.6,75.19,60.85
2023-09-11T16:00:00-05:00,70.45,65.2,83.74,68.13
2023-09-11T17:00:00-05:00,49.78,48.27,58.4,50.79
2023-09-11T18:00:00-05:00,49.97,50.55,54.93,54.29
2023-09-11T19:00:00-05:00,63.17,65.8,58.38,74.43
2023-09-11T20:00:00-05:00,41.11,41.32,39.23,50.37
2023-09-11T21:00:00-05:00,33.69,33.22,32.34,39.81
2023-09-11T22:00:00-05:00,26.84,25.95,27.18,34.44
2023-09-11T23:00:00-05:00,23.05,22.31,23.31,29.4
2023-09-12T00:00:00-05:00,21.2,20.69,21.18,25.56
2023-09-12T01:00:00-05:00,20.02,19.52,19.91,24.78
2023-09-12T02:00:00-05:00,19.46,18.92,19.1,23.87
2023-09-12T03:00:00-05:00,19.2,18.66,18.5,23.59
2023-09-12T04:00:00-05:00,20.06,19.44,19.28,24.82
2023-09-12T05:00:00-05:00,22.48,21.65,21.48,28.7
2023-09-12T06:00:00-05:00,24.53,23.59,23.48,31.86
2023-09-12T07:00:00-05:00,24.22,23.34,23.26,31.35
2023-09-12T08:00:00-05:00,23.04,22.65,22.04,26.27
2023-09-12T09:00:00-05:00,22.67,22.61,22.77,23.16
2023-09-12T10:00:00-05:00,24.61,24.03,24.54,24.66
2023-09-12T11:00:00-05:00,30.05,27.18,28.99,28.05
2023-09-12T12:00:00-05:00,35.63,31.73,36.31,33.33
2023-09-12T13:00:00-05:00,45.51,35.08,47.22,38.67
2023-09-12T14:00:00-05:00,54.3,39.39,57.54,43.87
2023-09-12T15:00:00-05:00,67.73,47.62,71.71,53.03
2023-09-12T16:00:00-05:00,85.32,69.35,85.73,74.24
2023-09-12T17:00:00-05:00,75.87,67.45,74.59,71.62
2023-09-12T18:00:00-05:00,66.01,64.01,61.99,71.55
2023-09-12T19:00:00-05:00,67.29,68.89,61.48,80.29
2023-09-12T20:00:00-05:00,52.15,52.53,47.55,63.07
2023-09-12T21:00:00-05:00,36.39,35.63,35.29,46.91
2023-09-12T22:00:00-05:00,31.04,29.52,31.8,43.67
2023-09-12T23:00:00-05:00,23.69,21.93,25.03,36.91
2023-09-13T00:00:00-05:00,24.05,21.78,24.46,42.79
2023-09-13T01:00:00-05:00,23.22,21.17,23.63,40.66
2023-09-13T02:00:00-05:00,22.12,19.62,22.83,42.78
2023-09-13T03:00:00-05:00,21.72,19.42,22.35,40.69
2023-09-13T04:00:00-05:00,22.5,20.51,22.92,39.48
2023-09-13T05:00:00-05:00,23.38,21.23,23.64,41.36
2023-09-13T06:00:00-05:00,28.95,26.5,28.84,48.77
2023-09-13T07:00:00-05:00,27.01,25.11,27.95,43.9
2023-09-13T08:00:00-05:00,23.8,23.0,23.85,30.79
2023-09-13T09:00:00-05:00,24.9,24.47,25.25,28.48
2023-09-13T10:00:00-05:00,25.79,25.45,26.01,28.17
2023-09-13T11:00:00-05:00,28.76,28.02,28.69,29.58
2023-09-13T12:00:00-05:00,33.98,29.21,33.27,32.51
2023-09-13T13:00:00-05:00,39.55,29.19,37.05,32.83
2023-09-13T14:00:00-05:00,43.5,32.25,41.38,36.56
2023-09-13T15:00:00-05:00,49.6,37.75,46.67,41.4
2023-09-13T16:00:00-05:00,52.64,43.61,49.99,46.96
2023-09-13T17:00:00-05:00,46.04,40.81,44.94,44.41
2023-09-13T18:00:00-05:00,43.21,43.66,41.65,53.95
2023-09-13T19:00:00-05:00,56.73,57.36,47.71,77.9
2023-09-13T20:00:00-05:00,37.89,37.0,32.87,59.07
2023-09-13T21:00:00-05:00,31.47,30.45,29.32,46.44
2023-09-13T22:00:00-05:00,25.91,24.68,26.21,37.96
2023-09-13T23:00:00-05:00,21.8,20.37,22.69,33.96
2023-09-14T00:00:00-05:00,22.21,20.47,23.18,35.93
2023-09-14T01:00:00-05:00,21.41,19.88,21.93,33.12
2023-09-14T02:00:00-05:00,20.82,19.12,21.19,34.02
2023-09-14T03:00:00-05:00,20.57,18.67,21.14,34.96
2023-09-14T04:00:00-05:00,21.59,19.85,22.01,35.19
2023-09-14T05:00:00-05:00,23.36,21.65,24.16,36.81
2023-09-14T06:00:00-05:00,27.11,25.16,27.63,42.43
2023-09-14T07:00:00-05:00,26.5,25.01,27.57,39.21
2023-09-14T08:00:00-05:00,23.45,23.09,23.77,26.78
2023-09-14T09:00:00-05:00,23.02,22.94,23.09,23.66
2023-09-14T10:00:00-05:00,23.7,23.65,23.76,24.32
2023-09-14T11:00:00-05:00,26.01,26.01,26.05,26.16
2023-09-14T12:00:00-05:00,30.33,29.05,30.61,29.78
2023-09-14T13:00:00-05:00,35.03,30.19,35.49,32.3
2023-09-14T14:00:00-05:00,33.14,30.31,35.68,32.55
2023-09-14T15:00:00-05:00,35.64,33.66,39.69,35.81
2023-09-14T16:00:00-05:00,36.92,37.41,38.7,39.41
2023-09-14T17:00:00-05:00,33.25,34.07,33.5,36.16
2023-09-14T18:00:00-05:00,35.32,36.0,30.85,43.98
2023-09-14T19:00:00-05:00,45.71,45.81,36.07,69.4
2023-09-14T20:00:00-05:00,34.92,33.84,29.24,57.6
2023-09-14T21:00:00-05:00,30.65,29.05,28.83,49.29
2023-09-14T22:00:00-05:00,26.54,24.51,26.89,43.59
2023-09-14T23:00:00-05:00,22.65,20.61,23.34,38.2
2023-09-15T00:00:00-05:00,22.4,21.29,22.2,31.93
2023-09-15T01:00:00-05:00,22.14,21.02,21.96,36.63
2023-09-15T02:00:00-05:00,22.47,21.27,22.68,38.75
2023-09-15T03:00:00-05:00,22.39,21.0,23.0,41.28
2023-09-15T04:00:00-05:00,22.91,21.38,23.58,43.71
2023-09-15T05:00:00-05:00,23.78,22.14,24.93,45.62
2023-09-15T06:00:00-05:00,28.89,27.03,29.73,52.83
2023-09-15T07:00:00-05:00,27.87,26.3,28.34,46.55
2023-09-15T08:00:00-05:00,23.81,23.58,23.62,28.9
2023-09-15T09:00:00-05:00,23.85,23.86,23.42,23.9
2023-09-15T10:00:00-05:00,23.86,23.87,23.88,24.32
2023-09-15T11:00:00-05:00,26.62,26.56,26.65,26.6
2023-09-15T12:00:00-05:00,28.69,28.69,28.85,28.75
2023-09-15T13:00:00-05:00,32.93,30.24,33.42,31.2
2023-09-15T14:00:00-05:00,35.97,36.08,38.0,36.29
2023-09-15T15:00:00-05:00,40.1,40.24,42.45,40.44
2023-09-15T16:00:00-05:00,40.79,41.3,40.99,41.63
2023-09-15T17:00:00-05:00,39.83,40.93,35.13,41.54
2023-09-15T18:00:00-05:00,42.38,43.61,32.96,47.87
2023-09-15T19:00:00-05:00,50.72,51.58,38.96,63.81
2023-09-15T20:00:00-05:00,35.15,34.31,30.68,49.97
2023-09-15T21:00:00-05:00,30.77,29.95,29.38,39.87
2023-09-15T22:00:00-05:00,26.85,25.58,27.36,37.31
2023-09-15T23:00:00-05:00,23.97,22.65,24.86,33.8
2023-09-16T00:00:00-05:00,24.43,23.64,24.93,32.51
2023-09-16T01:00:00-05:00,23.94,23.16,24.45,31.83
2023-09-16T02:00:00-05:00,23.1,22.18,23.88,32.09
2023-09-16T03:00:00-05:00,22.19,20.92,23.21,34.05
2023-09-16T04:00:00-05:00,21.64,20.38,22.75,33.5
2023-09-16T05:00:00-05:00,21.75,20.42,22.92,34.72
2023-09-16T06:00:00-05:00,23.77,22.49,25.22,49.44
2023-09-16T07:00:00-05:00,23.62,22.72,24.94,51.46
2023-09-16T08:00:00-05:00,23.16,22.77,23.74,35.5
2023-09-16T09:00:00-05:00,23.27,23.23,23.49,26.72
2023-09-16T10:00:00-05:00,23.56,23.56,23.83,25.14
2023-09-16T11:00:00-05:00,24.23,24.22,24.36,24.82
2023-09-16T12:00:00-05:00,28.05,28.05,28.15,28.24
2023-09-16T13:00:00-05:00,30.0,29.88,30.06,30.04
2023-09-16T14:00:00-05:00,29.07,28.38,29.09,29.15
2023-09-16T15:00:00-05:00,29.81,29.79,29.85,30.39
2023-09-16T16:00:00-05:00,28.99,29.0,29.1,29.73
2023-09-16T17:00:00-05:00,28.62,28.66,28.84,30.44
2023-09-16T18:00:00-05:00,40.41,39.92,40.99,46.91
2023-09-16T19:00:00-05:00,69.33,66.95,71.83,93.88
2023-09-16T20:00:00-05:00,39.92,36.91,42.96,70.79
2023-09-16T21:00:00-05:00,32.98,30.6,35.4,57.52
2023-09-16T22:00:00-05:00,30.01,27.31,32.66,56.96
2023-09-16T23:00:00-05:00,25.41,23.28,27.69,49.7
2023-09-17T00:00:00-05:00,28.46,26.67,30.12,45.34
2023-09-17T01:00:00-05:00,26.07,24.38,27.62,42.2
2023-09-17T02:00:00-05:00,24.34,22.52,26.0,41.72
2023-09-17T03:00:00-05:00,23.47,21.74,24.93,40.29
2023-09-17T04:00:00-05:00,22.87,21.38,23.93,37.69
2023-09-17T05:00:00-05:00,22.47,20.96,23.56,38.05
2023-09-17T06:00:00-05:00,23.4,21.81,24.84,39.81
2023-09-17T07:00:00-05:00,22.81,21.73,23.82,38.2
2023-09-17T08:00:00-05:00,19.91,19.72,20.08,21.95
2023-09-17T09:00:00-05:00,19.85,19.86,19.85,19.89
2023-09-17T10:00:00-05:00,21.88,21.9,21.87,21.96
2023-09-17T11:00:00-05:00,22.8,22.82,22.78,22.93
2023-09-17T12:00:00-05:00,26.4,26.43,26.41,26.54
2023-09-17T13:00:00-05:00,30.35,30.45,30.4,30.62
2023-09-17T14:00:00-05:00,31.76,31.97,31.89,32.26
2023-09-17T15:00:00-05:00,37.29,37.54,37.41,37.9
2023-09-17T16:00:00-05:00,39.87,40.22,39.97,40.78
2023-09-17T17:00:00-05:00,50.28,50.7,50.36,51.43
2023-09-17T18:00:00-05:00,104.55,104.47,105.37,113.25
2023-09-17T19:00:00-05:00,140.92,138.88,143.97,176.79
2023-09-17T20:00:00-05:00,42.68,39.4,46.13,80.37
2023-09-17T21:00:00-05:00,33.34,29.55,36.97,71.81
2023-09-17T22:00:00-05:00,28.21,25.81,30.49,54.0
2023-09-17T23:00:00-05:00,24.1,22.54,25.55,41.71
2023-09-18T00:00:00-05:00,20.25,19.58,20.87,30.11
2023-09-18T01:00:00-05:00,17.83,17.16,18.43,27.62
2023-09-18T02:00:00-05:00,16.59,15.87,17.24,26.93
2023-09-18T03:00:00-05:00,16.04,15.29,16.71,26.37
2023-09-18T04:00:00-05:00,16.02,15.3,16.64,26.11
2023-09-18T05:00:00-05:00,16.74,16.05,17.36,26.71
2023-09-18T06:00:00-05:00,19.58,18.85,20.02,28.73
2023-09-18T07:00:00-05:00,19.4,19.12,19.89,28.0
2023-09-18T08:00:00-05:00,17.68,17.92,17.8,19.34
2023-09-18T09:00:00-05:00,17.03,17.27,17.18,18.31
2023-09-18T10:00:00-05:00,17.85,18.56,18.01,20.38
2023-09-18T11:00:00-05:00,19.83,20.45,20.35,22.61
2023-09-18T12:00:00-05:00,24.59,25.9,27.55,29.69
2023-09-18T13:00:00-05:00,29.9,31.44,30.49,37.25
2023-09-18T14:00:00-05:00,35.02,36.52,35.75,42.03
2023-09-18T15:00:00-05:00,44.41,46.33,44.29,51.59
2023-09-18T16:00:00-05:00,50.17,52.12,49.48,57.23
2023-09-18T17:00:00-05:00,51.68,56.67,47.68,64.08
2023-09-18T18:00:00-05:00,64.89,65.16,63.84,75.33
2023-09-18T19:00:00-05:00,59.83,57.92,63.66,93.32
2023-09-18T20:00:00-05:00,28.93,26.81,31.4,55.73
2023-09-18T21:00:00-05:00,24.71,22.9,26.4,40.64
2023-09-18T22:00:00-05:00,20.03,18.87,21.12,30.64
2023-09-18T23:00:00-05:00,16.97,15.93,18.13,25.91
2023-09-19T00:00:00-05:00,14.7,13.89,15.48,13.94
2023-09-19T01:00:00-05:00,12.74,11.46,14.02,11.17
2023-09-19T02:00:00-05:00,8.09,7.31,8.86,7.01
2023-09-19T03:00:00-05:00,7.85,7.39,8.29,7.59
2023-09-19T04:00:00-05:00,11.47,11.0,11.89,10.88
2023-09-19T05:00:00-05:00,14.98,14.49,15.46,16.12
2023-09-19T06:00:00-05:00,18.72,18.47,18.9,19.97
2023-09-19T07:00:00-05:00,19.41,19.6,19.86,21.38
2023-09-19T08:00:00-05:00,17.26,16.77,18.14,14.07
2023-09-19T09:00:00-05:00,17.27,16.28,18.09,10.25
2023-09-19T10:00:00-05:00,20.06,18.01,20.58,12.46
2023-09-19T11:00:00-05:00,24.48,18.84,23.93,15.96
2023-09-19T12:00:00-05:00,30.0,22.6,29.03,22.94
2023-09-19T13:00:00-05:00,38.81,26.44,31.16,29.09
2023-09-19T14:00:00-05:00,41.38,28.62,31.95,32.11
2023-09-19T15:00:00-05:00,44.52,35.58,37.33,39.68
2023-09-19T16:00:00-05:00,53.29,46.04,45.32,50.28
2023-09-19T17:00:00-05:00,51.79,52.07,45.62,54.68
2023-09-19T18:00:00-05:00,63.52,66.84,58.4,69.9
2023-09-19T19:00:00-05:00,49.7,50.11,46.77,85.79
2023-09-19T20:00:00-05:00,28.75,28.85,27.56,45.05
2023-09-19T21:00:00-05:00,23.78,24.06,23.37,31.48
2023-09-19T22:00:00-05:00,21.59,21.78,21.43,27.18
2023-09-19T23:00:00-05:00,18.43,18.32,18.54,24.16
2023-09-20T00:00:00-05:00,16.43,15.44,16.97,18.2
2023-09-20T01:00:00-05:00,12.23,11.37,12.64,13.79
2023-09-20T02:00:00-05:00,9.4,8.86,9.77,12.61
2023-09-20T03:00:00-05:00,8.5,7.97,8.88,11.89
2023-09-20T04:00:00-05:00,10.63,10.06,11.06,13.35
2023-09-20T05:00:00-05:00,14.74,14.25,15.14,17.6
2023-09-20T06:00:00-05:00,18.48,18.47,18.61,23.7
2023-09-20T07:00:00-05:00,18.85,18.66,19.43,22.95
2023-09-20T08:00:00-05:00,17.46,16.83,19.29,17.29
2023-09-20T09:00:00-05:00,17.83,16.21,19.49,14.36
2023-09-20T10:00:00-05:00,21.88,18.47,22.12,17.5
2023-09-20T11:00:00-05:00,27.03,24.16,27.04,24.69
2023-09-20T12:00:00-05:00,30.04,30.15,38.12,31.15
2023-09-20T13:00:00-05:00,47.26,47.32,50.22,48.92
2023-09-20T14:00:00-05:00,63.29,63.47,65.36,65.18
2023-09-20T15:00:00-05:00,109.84,110.92,110.36,112.48
2023-09-20T16:00:00-05:00,222.97,225.96,223.92,227.31
2023-09-20T17:00:00-05:00,222.02,226.76,220.12,228.14
2023-09-20T18:00:00-05:00,499.18,513.01,475.73,524.4
2023-09-20T19:00:00-05:00,289.01,301.13,275.63,341.66
2023-09-20T20:00:00-05:00,57.18,58.89,61.41,92.73
2023-09-20T21:00:00-05:00,29.07,28.45,30.11,42.65
2023-09-20T22:00:00-05:00,24.3,23.86,24.45,31.93
2023-09-20T23:00:00-05:00,22.21,22.08,22.24,28.27
2023-09-21T00:00:00-05:00,20.28,20.16,20.36,23.43
2023-09-21T01:00:00-05:00,17.89,17.84,17.99,21.25
2023-09-21T02:00:00-05:00,16.69,16.63,16.81,19.99
2023-09-21T03:00:00-05:00,16.61,16.54,16.73,20.21
2023-09-21T04:00:00-05:00,18.12,18.04,18.22,21.82
2023-09-21T05:00:00-05:00,20.21,20.11,20.32,23.62
2023-09-21T06:00:00-05:00,23.37,23.18,23.64,26.94
2023-09-21T07:00:00-05:00,23.26,23.04,23.53,26.28
2023-09-21T08:00:00-05:00,22.51,22.51,22.56,22.7
2023-09-21T09:00:00-05:00,23.07,23.09,23.18,23.1
2023-09-21T10:00:00-05:00,23.38,23.29,23.52,23.25
2023-09-21T11:00:00-05:00,27.14,27.11,27.32,27.3
2023-09-21T12:00:00-05:00,32.14,31.75,32.98,32.28
2023-09-21T13:00:00-05:00,45.83,44.9,49.77,46.59
2023-09-21T14:00:00-05:00,52.9,48.69,58.7,52.34
2023-09-21T15:00:00-05:00,57.86,59.24,59.56,54.73
2023-09-21T16:00:00-05:00,58.24,60.86,57.91,52.71
2023-09-21T17:00:00-05:00,52.86,58.59,52.95,52.7
2023-09-21T18:00:00-05:00,65.69,68.51,63.94,77.53
2023-09-21T19:00:00-05:00,57.43,58.44,53.43,99.49
2023-09-21T20:00:00-05:00,37.74,37.74,36.0,68.57
2023-09-21T21:00:00-05:00,27.1,26.0,27.49,40.71
2023-09-21T22:00:00-05:00,27.24,26.29,27.79,35.3
2023-09-21T23:00:00-05:00,22.6,22.03,22.98,28.38
2023-09-22T00:00:00-05:00,22.3,21.86,22.68,30.33
2023-09-22T01:00:00-05:00,21.39,21.03,21.73,28.42
2023-09-22T02:00:00-05:00,20.12,19.72,20.53,27.74
2023-09-22T03:00:00-05:00,19.86,19.47,20.22,26.45
2023-09-22T04:00:00-05:00,21.01,20.62,21.37,27.21
2023-09-22T05:00:00-05:00,21.64,21.21,22.06,28.14
2023-09-22T06:00:00-05:00,25.01,24.47,25.55,32.71
2023-09-22T07:00:00-05:00,24.91,24.31,25.5,32.37
2023-09-22T08:00:00-05:00,21.77,21.64,21.91,23.27
2023-09-22T09:00:00-05:00,19.7,19.4,20.0,19.1
2023-09-22T10:00:00-05:00,19.55,18.1,21.09,16.66
2023-09-22T11:00:00-05:00,23.51,21.11,25.73,19.74
2023-09-22T12:00:00-05:00,27.25,23.51,32.37,23.45
2023-09-22T13:00:00-05:00,38.85,34.28,44.18,35.47
2023-09-22T14:00:00-05:00,51.84,46.68,60.04,48.98
2023-09-22T15:00:00-05:00,61.52,56.91,73.8,58.94
2023-09-22T16:00:00-05:00,55.91,54.28,70.37,56.32
2023-09-22T17:00:00-05:00,49.48,52.24,61.76,53.84
2023-09-22T18:00:00-05:00,69.34,74.48,77.44,92.77
2023-09-22T19:00:00-05:00,50.77,52.31,53.9,96.46
2023-09-22T20:00:00-05:00,28.96,28.31,33.96,61.18
2023-09-22T21:00:00-05:00,24.84,23.59,26.1,42.26
2023-09-22T22:00:00-05:00,23.99,23.3,24.52,32.72
2023-09-22T23:00:00-05:00,21.42,21.0,21.69,28.36
2023-09-23T00:00:00-05:00,20.35,19.97,20.85,28.78
2023-09-23T01:00:00-05:00,18.57,18.19,19.07,25.85
2023-09-23T02:00:00-05:00,17.58,17.21,18.01,26.32
2023-09-23T03:00:00-05:00,16.48,16.07,16.93,25.37
2023-09-23T04:00:00-05:00,17.98,17.56,18.44,26.87
2023-09-23T05:00:00-05:00,17.93,17.5,18.39,27.84
2023-09-23T06:00:00-05:00,16.21,15.77,16.75,25.57
2023-09-23T07:00:00-05:00,17.0,16.66,17.52,24.93
2023-09-23T08:00:00-05:00,16.64,16.51,17.27,19.14
2023-09-23T09:00:00-05:00,16.11,15.09,17.22,14.04
2023-09-23T10:00:00-05:00,19.2,17.6,20.78,15.97
2023-09-23T11:00:00-05:00,26.17,25.72,27.27,25.46
2023-09-23T12:00:00-05:00,26.07,24.17,30.35,24.13
2023-09-23T13:00:00-05:00,41.13,39.25,45.29,39.88
2023-09-23T14:00:00-05:00,56.01,55.53,60.73,55.88
2023-09-23T15:00:00-05:00,75.53,69.48,85.87,71.44
2023-09-23T16:00:00-05:00,100.53,104.13,117.27,105.35
2023-09-23T17:00:00-05:00,96.98,102.46,119.59,104.38
2023-09-23T18:00:00-05:00,142.15,148.26,152.21,164.01
2023-09-23T19:00:00-05:00,84.04,85.03,86.19,128.33
2023-09-23T20:00:00-05:00,32.32,31.72,38.71,66.27
2023-09-23T21:00:00-05:00,23.67,22.81,25.43,40.38
2023-09-23T22:00:00-05:00,25.18,24.99,25.7,34.97
2023-09-23T23:00:00-05:00,22.03,21.79,22.53,29.31
2023-09-24T00:00:00-05:00,21.9,21.5,22.31,32.07
2023-09-24T01:00:00-05:00,22.11,21.73,22.53,31.54
2023-09-24T02:00:00-05:00,20.35,19.93,20.81,31.31
2023-09-24T03:00:00-05:00,18.65,18.17,19.15,29.2
2023-09-24T04:00:00-05:00,19.83,19.37,20.34,30.98
2023-09-24T05:00:00-05:00,19.74,19.3,20.25,32.05
2023-09-24T06:00:00-05:00,18.45,17.99,18.96,29.46
2023-09-24T07:00:00-05:00,19.32,18.83,19.83,28.53
2023-09-24T08:00:00-05:00,17.97,17.88,18.08,20.94
2023-09-24T09:00:00-05:00,18.18,17.94,17.9,17.98
2023-09-24T10:00:00-05:00,22.29,21.42,21.33,21.52
2023-09-24T11:00:00-05:00,27.86,26.42,26.39,26.69
2023-09-24T12:00:00-05:00,37.82,35.82,37.53,36.21
2023-09-24T13:00:00-05:00,51.83,51.33,57.22,51.7
2023-09-24T14:00:00-05:00,70.45,74.17,83.48,72.4
2023-09-24T15:00:00-05:00,106.82,110.23,136.97,110.56
2023-09-24T16:00:00-05:00,177.95,185.17,206.55,185.12
2023-09-24T17:00:00-05:00,204.14,215.09,222.79,215.19
2023-09-24T18:00:00-05:00,281.79,296.32,273.98,315.25
2023-09-24T19:00:00-05:00,170.69,175.42,151.83,216.18
2023-09-24T20:00:00-05:00,39.64,37.39,42.21,77.48
2023-09-24T21:00:00-05:00,25.69,23.49,28.83,51.86
2023-09-24T22:00:00-05:00,27.77,26.57,29.5,43.37
2023-09-24T23:00:00-05:00,23.45,22.39,24.92,37.79
2023-09-25T00:00:00-05:00,22.13,21.38,22.76,33.44
2023-09-25T01:00:00-05:00,20.42,19.95,20.81,31.95
2023-09-25T02:00:00-05:00,20.54,20.05,20.98,30.65
2023-09-25T03:00:00-05:00,20.45,20.06,20.85,29.4
2023-09-25T04:00:00-05:00,21.57,21.27,21.9,29.39
2023-09-25T05:00:00-05:00,23.58,23.26,23.95,31.1
2023-09-25T06:00:00-05:00,28.35,27.93,28.79,36.47
2023-09-25T07:00:00-05:00,29.07,28.39,29.82,37.99
2023-09-25T08:00:00-05:00,23.85,23.53,24.51,27.08
2023-09-25T09:00:00-05:00,23.34,23.17,23.53,23.16
2023-09-25T10:00:00-05:00,26.46,25.74,26.08,25.76
2023-09-25T11:00:00-05:00,29.14,27.74,28.55,27.78
2023-09-25T12:00:00-05:00,33.8,30.31,34.84,30.47
2023-09-25T13:00:00-05:00,45.28,41.98,55.58,42.36
2023-09-25T14:00:00-05:00,57.35,52.24,67.17,52.32
2023-09-25T15:00:00-05:00,73.69,72.33,109.97,72.19
2023-09-25T16:00:00-05:00,85.85,83.01,130.12,82.87
2023-09-25T17:00:00-05:00,85.67,86.35,127.47,87.12
2023-09-25T18:00:00-05:00,131.29,132.02,163.39,140.73
2023-09-25T19:00:00-05:00,115.64,116.8,134.58,135.31
2023-09-25T20:00:00-05:00,41.27,39.83,47.11,65.54
2023-09-25T21:00:00-05:00,32.08,30.01,34.31,51.52
2023-09-25T22:00:00-05:00,27.12,25.26,28.91,44.9
2023-09-25T23:00:00-05:00,22.28,21.07,23.48,35.03
2023-09-26T00:00:00-05:00,22.85,21.04,24.52,40.66
2023-09-26T01:00:00-05:00,21.78,20.03,23.38,39.29
2023-09-26T02:00:00-05:00,21.28,19.64,22.76,37.89
2023-09-26T03:00:00-05:00,21.09,19.47,22.54,36.89
2023-09-26T04:00:00-05:00,21.56,20.02,22.98,37.36
2023-09-26T05:00:00-05:00,25.11,23.53,26.68,43.01
2023-09-26T06:00:00-05:00,32.57,30.39,34.77,53.88
2023-09-26T07:00:00-05:00,32.33,30.14,34.71,54.84
2023-09-26T08:00:00-05:00,24.45,23.92,25.12,31.19
2023-09-26T09:00:00-05:00,23.71,23.7,24.24,24.43
2023-09-26T10:00:00-05:00,25.2,24.72,25.58,25.13
2023-09-26T11:00:00-05:00,31.14,26.93,30.54,27.78
2023-09-26T12:00:00-05:00,36.64,33.16,38.73,34.33
2023-09-26T13:00:00-05:00,51.99,51.33,55.57,52.78
2023-09-26T14:00:00-05:00,65.89,65.16,72.33,67.55
2023-09-26T15:00:00-05:00,99.55,101.04,118.82,105.88
2023-09-26T16:00:00-05:00,161.09,159.01,179.58,164.73
2023-09-26T17:00:00-05:00,185.39,183.87,204.36,192.03
2023-09-26T18:00:00-05:00,283.54,284.95,297.06,301.25
2023-09-26T19:00:00-05:00,213.62,210.56,218.45,242.47
2023-09-26T20:00:00-05:00,47.74,43.2,51.58,79.78
2023-09-26T21:00:00-05:00,30.21,26.66,32.96,53.58
2023-09-26T22:00:00-05:00,25.62,23.76,27.14,40.88
2023-09-26T23:00:00-05:00,21.97,20.48,23.25,35.17
2023-09-27T00:00:00-05:00,20.99,18.7,22.91,37.04
2023-09-27T01:00:00-05:00,18.6,16.46,20.4,33.87
2023-09-27T02:00:00-05:00,17.01,14.96,18.7,31.99
2023-09-27T03:00:00-05:00,16.61,14.62,18.19,30.86
2023-09-27T04:00:00-05:00,17.34,15.44,18.85,31.2
2023-09-27T05:00:00-05:00,19.29,17.19,20.96,34.39
2023-09-27T06:00:00-05:00,22.89,20.58,24.73,39.57
2023-09-27T07:00:00-05:00,23.18,21.03,24.97,38.01
2023-09-27T08:00:00-05:00,19.25,18.83,19.59,21.78
2023-09-27T09:00:00-05:00,20.51,20.48,20.82,20.63
2023-09-27T10:00:00-05:00,26.15,23.54,24.71,23.84
2023-09-27T11:00:00-05:00,31.2,25.13,28.69,25.58
2023-09-27T12:00:00-05:00,40.32,36.94,39.3,35.75
2023-09-27T13:00:00-05:00,66.04,66.49,66.02,63.98
2023-09-27T14:00:00-05:00,113.71,116.41,118.42,114.27
2023-09-27T15:00:00-05:00,205.22,213.94,215.46,211.16
2023-09-27T16:00:00-05:00,367.92,381.54,384.27,378.28
2023-09-27T17:00:00-05:00,303.55,317.51,317.46,316.59
2023-09-27T18:00:00-05:00,450.3,457.45,457.38,478.84
2023-09-27T19:00:00-05:00,244.71,244.21,247.45,283.3
2023-09-27T20:00:00-05:00,49.07,45.69,52.23,74.22
2023-09-27T21:00:00-05:00,29.17,26.08,31.74,48.02
2023-09-27T22:00:00-05:00,24.13,21.7,26.22,39.18
2023-09-27T23:00:00-05:00,20.25,18.18,22.02,33.51
2023-09-28T00:00:00-05:00,16.99,15.0,18.45,27.91
2023-09-28T01:00:00-05:00,16.15,14.27,17.52,26.42
2023-09-28T02:00:00-05:00,15.26,13.5,16.63,25.3
2023-09-28T03:00:00-05:00,15.42,13.81,16.56,24.28
2023-09-28T04:00:00-05:00,16.24,14.71,17.52,25.21
2023-09-28T05:00:00-05:00,17.34,15.81,18.67,26.47
2023-09-28T06:00:00-05:00,19.16,17.48,20.74,28.69
2023-09-28T07:00:00-05:00,19.65,18.32,21.47,27.56
2023-09-28T08:00:00-05:00,17.49,17.01,18.69,19.87
2023-09-28T09:00:00-05:00,17.66,16.65,19.83,17.84
2023-09-28T10:00:00-05:00,20.83,17.51,23.67,18.72
2023-09-28T11:00:00-05:00,31.92,21.69,30.34,23.61
2023-09-28T12:00:00-05:00,36.64,25.33,40.06,29.39
2023-09-28T13:00:00-05:00,48.82,35.34,50.23,42.09
2023-09-28T14:00:00-05:00,58.0,43.11,62.4,53.49
2023-09-28T15:00:00-05:00,73.69,56.97,90.37,71.67
2023-09-28T16:00:00-05:00,90.03,77.82,117.77,93.0
2023-09-28T17:00:00-05:00,87.8,88.75,103.21,105.77
2023-09-28T18:00:00-05:00,125.04,128.76,130.14,155.49
2023-09-28T19:00:00-05:00,71.16,70.58,72.74,98.89
2023-09-28T20:00:00-05:00,31.79,28.99,34.6,50.7
2023-09-28T21:00:00-05:00,26.84,24.35,29.11,40.45
2023-09-28T22:00:00-05:00,22.43,19.79,25.17,33.16
2023-09-28T23:00:00-05:00,19.99,17.25,22.75,28.07
2023-09-29T00:00:00-05:00,17.41,15.91,20.2,18.83
2023-09-29T01:00:00-05:00,16.2,14.69,18.29,15.8
2023-09-29T02:00:00-05:00,14.71,12.93,16.87,13.4
2023-09-29T03:00:00-05:00,14.14,12.43,16.53,13.52
2023-09-29T04:00:00-05:00,13.95,12.4,16.24,15.25
2023-09-29T05:00:00-05:00,15.87,14.64,18.36,18.79
2023-09-29T06:00:00-05:00,18.53,17.72,20.82,21.75
2023-09-29T07:00:00-05:00,18.93,18.35,21.35,21.8
2023-09-29T08:00:00-05:00,18.05,17.06,20.58,16.01
2023-09-29T09:00:00-05:00,18.46,16.71,21.69,10.95
2023-09-29T10:00:00-05:00,21.63,17.5,28.89,8.12
2023-09-29T11:00:00-05:00,25.02,17.26,32.11,9.96
2023-09-29T12:00:00-05:00,36.7,24.79,44.56,17.63
2023-09-29T13:00:00-05:00,40.25,27.93,50.17,23.15
2023-09-29T14:00:00-05:00,42.29,34.68,53.42,25.86
2023-09-29T15:00:00-05:00,46.82,43.83,65.45,30.92
2023-09-29T16:00:00-05:00,48.28,48.25,64.39,34.96
2023-09-29T17:00:00-05:00,45.6,41.13,63.59,38.38
2023-09-29T18:00:00-05:00,70.4,73.75,81.68,81.12
2023-09-29T19:00:00-05:00,53.8,56.02,57.51,71.16
2023-09-29T20:00:00-05:00,31.47,29.69,33.12,44.74
2023-09-29T21:00:00-05:00,24.95,23.32,26.3,34.81
2023-09-29T22:00:00-05:00,22.55,21.0,23.98,30.96
2023-09-29T23:00:00-05:00,19.33,17.23,21.75,25.42
2023-09-30T00:00:00-05:00,18.21,17.29,20.66,14.94
2023-09-30T01:00:00-05:00,16.44,15.43,18.66,13.82
2023-09-30T02:00:00-05:00,15.39,14.15,17.78,12.47
2023-09-30T03:00:00-05:00,14.11,12.75,16.76,12.74
2023-09-30T04:00:00-05:00,14.3,13.12,16.54,14.08
2023-09-30T05:00:00-05:00,15.08,14.04,16.47,15.64
2023-09-30T06:00:00-05:00,16.28,15.77,17.85,18.62
2023-09-30T07:00:00-05:00,17.12,17.0,18.8,19.89
2023-09-30T08:00:00-05:00,18.46,18.57,19.46,18.96
2023-09-30T09:00:00-05:00,18.55,17.71,21.02,15.27
2023-09-30T10:00:00-05:00,20.65,18.34,24.68,13.1
2023-09-30T11:00:00-05:00,27.06,21.43,30.22,14.85
2023-09-30T12:00:00-05:00,34.44,22.16,37.32,17.97
2023-09-30T13:00:00-05:00,41.47,26.13,39.83,26.05
2023-09-30T14:00:00-05:00,36.31,26.16,39.2,28.17
2023-09-30T15:00:00-05:00,41.23,28.4,49.37,31.0
2023-09-30T16:00:00-05:00,37.8,32.52,46.7,32.41
2023-09-30T17:00:00-05:00,39.31,32.46,44.06,30.48
2023-09-30T18:00:00-05:00,50.4,52.43,52.39,57.43
2023-09-30T19:00:00-05:00,45.7,45.44,46.82,54.96
2023-09-30T20:00:00-05:00,30.03,29.29,30.84,39.21
2023-09-30T21:00:00-05:00,25.07,24.45,25.71,31.63
2023-09-30T22:00:00-05:00,24.97,24.39,25.63,30.19
2023-09-30T23:00:00-05:00,22.61,22.04,23.24,26.77
