interval_start_ct,LZ_HOUSTON,LZ_NORTH,LZ_SOUTH,LZ_WEST
2023-07-01T00:00:00-05:00,0.594,0.557,0.541,0.514
2023-07-01T00:15:00-05:00,0.572,0.54,0.523,0.495
2023-07-01T00:30:00-05:00,0.553,0.526,0.507,0.479
2023-07-01T00:45:00-05:00,0.534,0.512,0.49,0.463
2023-07-01T01:00:00-05:00,0.506,0.497,0.468,0.438
2023-07-01T01:15:00-05:00,0.49,0.485,0.454,0.425
2023-07-01T01:30:00-05:00,0.475,0.474,0.441,0.414
2023-07-01T01:45:00-05:00,0.464,0.466,0.431,0.405
2023-07-01T02:00:00-05:00,0.45,0.451,0.419,0.399
2023-07-01T02:15:00-05:00,0.441,0.443,0.409,0.392
2023-07-01T02:30:00-05:00,0.432,0.434,0.398,0.384
2023-07-01T02:45:00-05:00,0.427,0.43,0.392,0.38
2023-07-01T03:00:00-05:00,0.422,0.422,0.376,0.372
2023-07-01T03:15:00-05:00,0.414,0.415,0.368,0.364
2023-07-01T03:30:00-05:00,0.41,0.411,0.364,0.36
2023-07-01T03:45:00-05:00,0.406,0.408,0.359,0.356
2023-07-01T04:00:00-05:00,0.387,0.394,0.355,0.339
2023-07-01T04:15:00-05:00,0.383,0.39,0.352,0.336
2023-07-01T04:30:00-05:00,0.379,0.387,0.35,0.333
2023-07-01T04:45:00-05:00,0.375,0.383,0.347,0.33
2023-07-01T05:00:00-05:00,0.376,0.379,0.336,0.332
2023-07-01T05:15:00-05:00,0.378,0.379,0.336,0.335
2023-07-01T05:30:00-05:00,0.375,0.375,0.333,0.334
2023-07-01T05:45:00-05:00,0.372,0.371,0.332,0.332
2023-07-01T06:00:00-05:00,0.364,0.364,0.337,0.329
2023-07-01T06:15:00-05:00,0.357,0.358,0.339,0.325
2023-07-01T06:30:00-05:00,0.35,0.352,0.339,0.319
2023-07-01T06:45:00-05:00,0.351,0.355,0.345,0.316
2023-07-01T07:00:00-05:00,0.351,0.365,0.351,0.315
2023-07-01T07:15:00-05:00,0.356,0.371,0.357,0.313
2023-07-01T07:30:00-05:00,0.371,0.381,0.365,0.313
2023-07-01T07:45:00-05:00,0.392,0.395,0.375,0.32
2023-07-01T08:00:00-05:00,0.414,0.409,0.384,0.329
2023-07-01T08:15:00-05:00,0.437,0.426,0.398,0.342
2023-07-01T08:30:00-05:00,0.454,0.437,0.408,0.352
2023-07-01T08:45:00-05:00,0.476,0.453,0.423,0.368
2023-07-01T09:00:00-05:00,0.505,0.471,0.441,0.388
2023-07-01T09:15:00-05:00,0.531,0.49,0.459,0.408
2023-07-01T09:30:00-05:00,0.548,0.505,0.474,0.424
2023-07-01T09:45:00-05:00,0.56,0.516,0.487,0.438
2023-07-01T10:00:00-05:00,0.566,0.532,0.502,0.461
2023-07-01T10:15:00-05:00,0.581,0.547,0.518,0.477
2023-07-01T10:30:00-05:00,0.601,0.56,0.534,0.486
2023-07-01T10:45:00-05:00,0.621,0.572,0.549,0.493
2023-07-01T11:00:00-05:00,0.651,0.587,0.564,0.495
2023-07-01T11:15:00-05:00,0.675,0.603,0.582,0.503
2023-07-01T11:30:00-05:00,0.694,0.615,0.6,0.51
2023-07-01T11:45:00-05:00,0.711,0.626,0.619,0.516
2023-07-01T12:00:00-05:00,0.723,0.641,0.644,0.524
2023-07-01T12:15:00-05:00,0.741,0.654,0.665,0.533
2023-07-01T12:30:00-05:00,0.757,0.659,0.68,0.538
2023-07-01T12:45:00-05:00,0.773,0.661,0.693,0.543
2023-07-01T13:00:00-05:00,0.791,0.654,0.701,0.548
2023-07-01T13:15:00-05:00,0.807,0.656,0.713,0.552
2023-07-01T13:30:00-05:00,0.819,0.657,0.723,0.554
2023-07-01T13:45:00-05:00,0.828,0.658,0.732,0.554
2023-07-01T14:00:00-05:00,0.837,0.662,0.743,0.555
2023-07-01T14:15:00-05:00,0.844,0.663,0.75,0.554
2023-07-01T14:30:00-05:00,0.852,0.666,0.759,0.552
2023-07-01T14:45:00-05:00,0.858,0.669,0.767,0.548
2023-07-01T15:00:00-05:00,0.867,0.681,0.778,0.543
2023-07-01T15:15:00-05:00,0.875,0.686,0.787,0.543
2023-07-01T15:30:00-05:00,0.885,0.688,0.798,0.547
2023-07-01T15:45:00-05:00,0.891,0.683,0.806,0.549
2023-07-01T16:00:00-05:00,0.902,0.671,0.819,0.561
2023-07-01T16:15:00-05:00,0.908,0.664,0.826,0.566
2023-07-01T16:30:00-05:00,0.909,0.661,0.829,0.569
2023-07-01T16:45:00-05:00,0.915,0.665,0.834,0.573
2023-07-01T17:00:00-05:00,0.914,0.675,0.828,0.582
2023-07-01T17:15:00-05:00,0.918,0.679,0.833,0.586
2023-07-01T17:30:00-05:00,0.92,0.681,0.838,0.584
2023-07-01T17:45:00-05:00,0.916,0.676,0.841,0.573
2023-07-01T18:00:00-05:00,0.915,0.668,0.848,0.552
2023-07-01T18:15:00-05:00,0.907,0.661,0.848,0.539
2023-07-01T18:30:00-05:00,0.898,0.655,0.846,0.53
2023-07-01T18:45:00-05:00,0.881,0.645,0.839,0.521
2023-07-01T19:00:00-05:00,0.87,0.643,0.842,0.524
2023-07-01T19:15:00-05:00,0.852,0.633,0.834,0.514
2023-07-01T19:30:00-05:00,0.832,0.621,0.821,0.5
2023-07-01T19:45:00-05:00,0.81,0.607,0.804,0.484
2023-07-01T20:00:00-05:00,0.785,0.594,0.78,0.464
2023-07-01T20:15:00-05:00,0.768,0.582,0.766,0.449
2023-07-01T20:30:00-05:00,0.758,0.573,0.756,0.438
2023-07-01T20:45:00-05:00,0.751,0.564,0.748,0.43
2023-07-01T21:00:00-05:00,0.757,0.556,0.743,0.423
2023-07-01T21:15:00-05:00,0.751,0.548,0.735,0.415
2023-07-01T21:30:00-05:00,0.745,0.539,0.732,0.41
2023-07-01T21:45:00-05:00,0.733,0.53,0.726,0.406
2023-07-01T22:00:00-05:00,0.729,0.526,0.737,0.409
2023-07-01T22:15:00-05:00,0.719,0.519,0.733,0.407
2023-07-01T22:30:00-05:00,0.702,0.509,0.717,0.401
2023-07-01T22:45:00-05:00,0.681,0.498,0.693,0.394
2023-07-01T23:00:00-05:00,0.658,0.489,0.661,0.388
2023-07-01T23:15:00-05:00,0.638,0.477,0.638,0.38
2023-07-01T23:30:00-05:00,0.618,0.464,0.617,0.37
2023-07-01T23:45:00-05:00,0.599,0.451,0.597,0.36
2023-07-02T00:00:00-05:00,0.556,0.463,0.512,0.429
2023-07-02T00:15:00-05:00,0.54,0.448,0.495,0.415
2023-07-02T00:30:00-05:00,0.528,0.436,0.48,0.403
2023-07-02T00:45:00-05:00,0.516,0.424,0.465,0.391
2023-07-02T01:00:00-05:00,0.509,0.411,0.446,0.377
2023-07-02T01:15:00-05:00,0.497,0.4,0.433,0.367
2023-07-02T01:30:00-05:00,0.484,0.389,0.419,0.357
2023-07-02T01:45:00-05:00,0.476,0.382,0.41,0.35
2023-07-02T02:00:00-05:00,0.45,0.368,0.391,0.339
2023-07-02T02:15:00-05:00,0.44,0.36,0.382,0.331
2023-07-02T02:30:00-05:00,0.43,0.352,0.373,0.324
2023-07-02T02:45:00-05:00,0.423,0.347,0.366,0.319
2023-07-02T03:00:00-05:00,0.42,0.339,0.358,0.309
2023-07-02T03:15:00-05:00,0.411,0.334,0.353,0.303
2023-07-02T03:30:00-05:00,0.406,0.33,0.349,0.299
2023-07-02T03:45:00-05:00,0.401,0.327,0.346,0.296
2023-07-02T04:00:00-05:00,0.377,0.317,0.346,0.29
2023-07-02T04:15:00-05:00,0.371,0.315,0.342,0.287
2023-07-02T04:30:00-05:00,0.364,0.313,0.34,0.285
2023-07-02T04:45:00-05:00,0.356,0.31,0.335,0.281
2023-07-02T05:00:00-05:00,0.343,0.308,0.314,0.272
2023-07-02T05:15:00-05:00,0.339,0.309,0.31,0.271
2023-07-02T05:30:00-05:00,0.335,0.308,0.305,0.269
2023-07-02T05:45:00-05:00,0.332,0.305,0.303,0.268
2023-07-02T06:00:00-05:00,0.341,0.302,0.313,0.274
2023-07-02T06:15:00-05:00,0.343,0.298,0.317,0.276
2023-07-02T06:30:00-05:00,0.342,0.294,0.319,0.276
2023-07-02T06:45:00-05:00,0.344,0.297,0.325,0.279
2023-07-02T07:00:00-05:00,0.344,0.297,0.326,0.273
2023-07-02T07:15:00-05:00,0.346,0.303,0.332,0.277
2023-07-02T07:30:00-05:00,0.351,0.316,0.344,0.289
2023-07-02T07:45:00-05:00,0.361,0.335,0.358,0.306
2023-07-02T08:00:00-05:00,0.364,0.354,0.37,0.327
2023-07-02T08:15:00-05:00,0.38,0.373,0.388,0.345
2023-07-02T08:30:00-05:00,0.397,0.386,0.401,0.355
2023-07-02T08:45:00-05:00,0.423,0.403,0.421,0.369
2023-07-02T09:00:00-05:00,0.46,0.422,0.447,0.377
2023-07-02T09:15:00-05:00,0.492,0.442,0.47,0.394
2023-07-02T09:30:00-05:00,0.522,0.457,0.488,0.411
2023-07-02T09:45:00-05:00,0.547,0.469,0.501,0.428
2023-07-02T10:00:00-05:00,0.584,0.481,0.519,0.459
2023-07-02T10:15:00-05:00,0.613,0.496,0.535,0.478
2023-07-02T10:30:00-05:00,0.636,0.511,0.548,0.491
2023-07-02T10:45:00-05:00,0.656,0.526,0.559,0.501
2023-07-02T11:00:00-05:00,0.672,0.543,0.567,0.502
2023-07-02T11:15:00-05:00,0.693,0.561,0.581,0.513
2023-07-02T11:30:00-05:00,0.711,0.576,0.594,0.525
2023-07-02T11:45:00-05:00,0.726,0.591,0.607,0.537
2023-07-02T12:00:00-05:00,0.741,0.607,0.617,0.551
2023-07-02T12:15:00-05:00,0.758,0.622,0.633,0.566
2023-07-02T12:30:00-05:00,0.772,0.635,0.649,0.58
2023-07-02T12:45:00-05:00,0.786,0.646,0.669,0.597
2023-07-02T13:00:00-05:00,0.8,0.657,0.698,0.617
2023-07-02T13:15:00-05:00,0.814,0.668,0.718,0.633
2023-07-02T13:30:00-05:00,0.825,0.675,0.731,0.645
2023-07-02T13:45:00-05:00,0.834,0.679,0.738,0.655
2023-07-02T14:00:00-05:00,0.848,0.682,0.744,0.667
2023-07-02T14:15:00-05:00,0.855,0.685,0.75,0.675
2023-07-02T14:30:00-05:00,0.859,0.69,0.754,0.681
2023-07-02T14:45:00-05:00,0.858,0.695,0.757,0.685
2023-07-02T15:00:00-05:00,0.861,0.706,0.763,0.686
2023-07-02T15:15:00-05:00,0.863,0.712,0.767,0.691
2023-07-02T15:30:00-05:00,0.862,0.717,0.771,0.698
2023-07-02T15:45:00-05:00,0.854,0.716,0.77,0.703
2023-07-02T16:00:00-05:00,0.841,0.708,0.768,0.711
2023-07-02T16:15:00-05:00,0.831,0.706,0.766,0.716
2023-07-02T16:30:00-05:00,0.823,0.709,0.764,0.721
2023-07-02T16:45:00-05:00,0.824,0.719,0.767,0.729
2023-07-02T17:00:00-05:00,0.834,0.739,0.763,0.74
2023-07-02T17:15:00-05:00,0.829,0.753,0.768,0.751
2023-07-02T17:30:00-05:00,0.817,0.76,0.773,0.757
2023-07-02T17:45:00-05:00,0.795,0.758,0.776,0.755
2023-07-02T18:00:00-05:00,0.752,0.748,0.788,0.746
2023-07-02T18:15:00-05:00,0.729,0.742,0.789,0.741
2023-07-02T18:30:00-05:00,0.716,0.736,0.787,0.737
2023-07-02T18:45:00-05:00,0.709,0.727,0.78,0.732
2023-07-02T19:00:00-05:00,0.725,0.724,0.771,0.739
2023-07-02T19:15:00-05:00,0.719,0.713,0.764,0.733
2023-07-02T19:30:00-05:00,0.711,0.701,0.759,0.724
2023-07-02T19:45:00-05:00,0.698,0.687,0.753,0.71
2023-07-02T20:00:00-05:00,0.684,0.672,0.76,0.693
2023-07-02T20:15:00-05:00,0.676,0.661,0.76,0.684
2023-07-02T20:30:00-05:00,0.669,0.654,0.757,0.677
2023-07-02T20:45:00-05:00,0.663,0.648,0.751,0.672
2023-07-02T21:00:00-05:00,0.666,0.656,0.746,0.678
2023-07-02T21:15:00-05:00,0.66,0.65,0.738,0.673
2023-07-02T21:30:00-05:00,0.648,0.636,0.727,0.663
2023-07-02T21:45:00-05:00,0.632,0.615,0.711,0.647
2023-07-02T22:00:00-05:00,0.621,0.593,0.707,0.639
2023-07-02T22:15:00-05:00,0.605,0.574,0.691,0.623
2023-07-02T22:30:00-05:00,0.584,0.553,0.666,0.602
2023-07-02T22:45:00-05:00,0.558,0.532,0.634,0.574
2023-07-02T23:00:00-05:00,0.529,0.513,0.592,0.541
2023-07-02T23:15:00-05:00,0.507,0.494,0.565,0.517
2023-07-02T23:30:00-05:00,0.488,0.477,0.542,0.497
2023-07-02T23:45:00-05:00,0.47,0.461,0.522,0.479
2023-07-03T00:00:00-05:00,0.515,0.457,0.498,0.421
2023-07-03T00:15:00-05:00,0.498,0.442,0.481,0.409
2023-07-03T00:30:00-05:00,0.484,0.43,0.465,0.398
2023-07-03T00:45:00-05:00,0.47,0.417,0.45,0.388
2023-07-03T01:00:00-05:00,0.453,0.401,0.43,0.379
2023-07-03T01:15:00-05:00,0.44,0.391,0.416,0.369
2023-07-03T01:30:00-05:00,0.428,0.382,0.401,0.36
2023-07-03T01:45:00-05:00,0.419,0.375,0.392,0.353
2023-07-03T02:00:00-05:00,0.403,0.369,0.368,0.337
2023-07-03T02:15:00-05:00,0.395,0.364,0.361,0.33
2023-07-03T02:30:00-05:00,0.386,0.357,0.354,0.322
2023-07-03T02:45:00-05:00,0.38,0.355,0.347,0.317
2023-07-03T03:00:00-05:00,0.371,0.348,0.349,0.31
2023-07-03T03:15:00-05:00,0.365,0.345,0.345,0.303
2023-07-03T03:30:00-05:00,0.361,0.342,0.343,0.299
2023-07-03T03:45:00-05:00,0.358,0.34,0.342,0.295
2023-07-03T04:00:00-05:00,0.347,0.333,0.334,0.278
2023-07-03T04:15:00-05:00,0.345,0.331,0.331,0.276
2023-07-03T04:30:00-05:00,0.345,0.332,0.33,0.274
2023-07-03T04:45:00-05:00,0.344,0.333,0.328,0.272
2023-07-03T05:00:00-05:00,0.354,0.339,0.319,0.278
2023-07-03T05:15:00-05:00,0.36,0.346,0.321,0.284
2023-07-03T05:30:00-05:00,0.362,0.35,0.324,0.288
2023-07-03T05:45:00-05:00,0.363,0.354,0.331,0.295
2023-07-03T06:00:00-05:00,0.362,0.365,0.366,0.313
2023-07-03T06:15:00-05:00,0.362,0.374,0.387,0.329
2023-07-03T06:30:00-05:00,0.356,0.377,0.395,0.337
2023-07-03T06:45:00-05:00,0.353,0.38,0.397,0.345
2023-07-03T07:00:00-05:00,0.351,0.376,0.382,0.342
2023-07-03T07:15:00-05:00,0.346,0.375,0.372,0.343
2023-07-03T07:30:00-05:00,0.344,0.375,0.357,0.341
2023-07-03T07:45:00-05:00,0.347,0.379,0.347,0.341
2023-07-03T08:00:00-05:00,0.356,0.386,0.345,0.343
2023-07-03T08:15:00-05:00,0.366,0.397,0.346,0.349
2023-07-03T08:30:00-05:00,0.375,0.405,0.349,0.352
2023-07-03T08:45:00-05:00,0.388,0.419,0.356,0.359
2023-07-03T09:00:00-05:00,0.404,0.436,0.369,0.359
2023-07-03T09:15:00-05:00,0.422,0.452,0.381,0.369
2023-07-03T09:30:00-05:00,0.439,0.465,0.391,0.382
2023-07-03T09:45:00-05:00,0.454,0.476,0.4,0.397
2023-07-03T10:00:00-05:00,0.474,0.487,0.409,0.426
2023-07-03T10:15:00-05:00,0.493,0.501,0.421,0.445
2023-07-03T10:30:00-05:00,0.514,0.517,0.437,0.461
2023-07-03T10:45:00-05:00,0.535,0.533,0.453,0.476
2023-07-03T11:00:00-05:00,0.561,0.555,0.476,0.489
2023-07-03T11:15:00-05:00,0.585,0.574,0.495,0.505
2023-07-03T11:30:00-05:00,0.605,0.59,0.512,0.52
2023-07-03T11:45:00-05:00,0.623,0.605,0.527,0.533
2023-07-03T12:00:00-05:00,0.642,0.619,0.542,0.548
2023-07-03T12:15:00-05:00,0.661,0.634,0.558,0.563
2023-07-03T12:30:00-05:00,0.675,0.647,0.572,0.574
2023-07-03T12:45:00-05:00,0.686,0.66,0.587,0.585
2023-07-03T13:00:00-05:00,0.698,0.67,0.602,0.592
2023-07-03T13:15:00-05:00,0.707,0.683,0.616,0.603
2023-07-03T13:30:00-05:00,0.712,0.694,0.627,0.613
2023-07-03T13:45:00-05:00,0.711,0.705,0.635,0.622
2023-07-03T14:00:00-05:00,0.7,0.717,0.639,0.635
2023-07-03T14:15:00-05:00,0.699,0.726,0.646,0.643
2023-07-03T14:30:00-05:00,0.705,0.737,0.655,0.651
2023-07-03T14:45:00-05:00,0.715,0.748,0.667,0.658
2023-07-03T15:00:00-05:00,0.74,0.761,0.683,0.665
2023-07-03T15:15:00-05:00,0.752,0.773,0.695,0.673
2023-07-03T15:30:00-05:00,0.763,0.786,0.707,0.682
2023-07-03T15:45:00-05:00,0.768,0.798,0.717,0.688
2023-07-03T16:00:00-05:00,0.767,0.81,0.722,0.694
2023-07-03T16:15:00-05:00,0.77,0.821,0.731,0.701
2023-07-03T16:30:00-05:00,0.774,0.83,0.74,0.707
2023-07-03T16:45:00-05:00,0.783,0.842,0.753,0.717
2023-07-03T17:00:00-05:00,0.797,0.853,0.765,0.73
2023-07-03T17:15:00-05:00,0.809,0.871,0.787,0.746
2023-07-03T17:30:00-05:00,0.815,0.882,0.804,0.756
2023-07-03T17:45:00-05:00,0.812,0.886,0.816,0.759
2023-07-03T18:00:00-05:00,0.801,0.89,0.832,0.759
2023-07-03T18:15:00-05:00,0.796,0.89,0.84,0.759
2023-07-03T18:30:00-05:00,0.792,0.886,0.843,0.756
2023-07-03T18:45:00-05:00,0.788,0.875,0.839,0.749
2023-07-03T19:00:00-05:00,0.794,0.866,0.833,0.747
2023-07-03T19:15:00-05:00,0.79,0.853,0.828,0.739
2023-07-03T19:30:00-05:00,0.784,0.84,0.825,0.728
2023-07-03T19:45:00-05:00,0.774,0.824,0.819,0.714
2023-07-03T20:00:00-05:00,0.769,0.811,0.821,0.698
2023-07-03T20:15:00-05:00,0.763,0.801,0.821,0.688
2023-07-03T20:30:00-05:00,0.756,0.793,0.821,0.683
2023-07-03T20:45:00-05:00,0.747,0.786,0.818,0.679
2023-07-03T21:00:00-05:00,0.742,0.791,0.826,0.691
2023-07-03T21:15:00-05:00,0.732,0.783,0.823,0.688
2023-07-03T21:30:00-05:00,0.718,0.769,0.812,0.679
2023-07-03T21:45:00-05:00,0.698,0.746,0.791,0.662
2023-07-03T22:00:00-05:00,0.679,0.725,0.776,0.647
2023-07-03T22:15:00-05:00,0.663,0.705,0.756,0.631
2023-07-03T22:30:00-05:00,0.645,0.682,0.728,0.61
2023-07-03T22:45:00-05:00,0.627,0.656,0.692,0.585
2023-07-03T23:00:00-05:00,0.615,0.632,0.65,0.558
2023-07-03T23:15:00-05:00,0.599,0.61,0.62,0.536
2023-07-03T23:30:00-05:00,0.581,0.589,0.596,0.516
2023-07-03T23:45:00-05:00,0.564,0.57,0.573,0.499
2023-07-04T00:00:00-05:00,0.55,0.501,0.519,0.47
2023-07-04T00:15:00-05:00,0.533,0.486,0.501,0.455
2023-07-04T00:30:00-05:00,0.518,0.473,0.486,0.442
2023-07-04T00:45:00-05:00,0.504,0.461,0.471,0.43
2023-07-04T01:00:00-05:00,0.488,0.448,0.452,0.415
2023-07-04T01:15:00-05:00,0.476,0.437,0.439,0.404
2023-07-04T01:30:00-05:00,0.464,0.427,0.426,0.393
2023-07-04T01:45:00-05:00,0.455,0.42,0.417,0.386
2023-07-04T02:00:00-05:00,0.441,0.409,0.402,0.376
2023-07-04T02:15:00-05:00,0.431,0.401,0.393,0.368
2023-07-04T02:30:00-05:00,0.421,0.391,0.384,0.359
2023-07-04T02:45:00-05:00,0.416,0.387,0.378,0.355
2023-07-04T03:00:00-05:00,0.404,0.373,0.367,0.343
2023-07-04T03:15:00-05:00,0.396,0.366,0.361,0.336
2023-07-04T03:30:00-05:00,0.391,0.361,0.358,0.332
2023-07-04T03:45:00-05:00,0.386,0.357,0.354,0.328
2023-07-04T04:00:00-05:00,0.372,0.349,0.354,0.321
2023-07-04T04:15:00-05:00,0.368,0.345,0.351,0.317
2023-07-04T04:30:00-05:00,0.365,0.343,0.349,0.315
2023-07-04T04:45:00-05:00,0.36,0.338,0.344,0.31
2023-07-04T05:00:00-05:00,0.356,0.329,0.327,0.301
2023-07-04T05:15:00-05:00,0.356,0.328,0.323,0.299
2023-07-04T05:30:00-05:00,0.354,0.325,0.319,0.296
2023-07-04T05:45:00-05:00,0.351,0.322,0.315,0.294
2023-07-04T06:00:00-05:00,0.35,0.326,0.32,0.298
2023-07-04T06:15:00-05:00,0.347,0.325,0.32,0.297
2023-07-04T06:30:00-05:00,0.343,0.323,0.32,0.295
2023-07-04T06:45:00-05:00,0.344,0.325,0.326,0.297
2023-07-04T07:00:00-05:00,0.35,0.316,0.33,0.291
2023-07-04T07:15:00-05:00,0.353,0.322,0.337,0.295
2023-07-04T07:30:00-05:00,0.358,0.338,0.35,0.307
2023-07-04T07:45:00-05:00,0.367,0.362,0.366,0.325
2023-07-04T08:00:00-05:00,0.37,0.388,0.38,0.346
2023-07-04T08:15:00-05:00,0.385,0.412,0.398,0.365
2023-07-04T08:30:00-05:00,0.401,0.428,0.411,0.377
2023-07-04T08:45:00-05:00,0.425,0.448,0.429,0.392
2023-07-04T09:00:00-05:00,0.465,0.468,0.451,0.405
2023-07-04T09:15:00-05:00,0.493,0.491,0.473,0.424
2023-07-04T09:30:00-05:00,0.513,0.511,0.489,0.44
2023-07-04T09:45:00-05:00,0.526,0.528,0.501,0.455
2023-07-04T10:00:00-05:00,0.531,0.55,0.517,0.479
2023-07-04T10:15:00-05:00,0.547,0.571,0.532,0.497
2023-07-04T10:30:00-05:00,0.568,0.591,0.545,0.511
2023-07-04T10:45:00-05:00,0.589,0.61,0.556,0.523
2023-07-04T11:00:00-05:00,0.621,0.629,0.565,0.532
2023-07-04T11:15:00-05:00,0.646,0.651,0.58,0.547
2023-07-04T11:30:00-05:00,0.666,0.671,0.594,0.56
2023-07-04T11:45:00-05:00,0.684,0.691,0.608,0.574
2023-07-04T12:00:00-05:00,0.703,0.713,0.625,0.589
2023-07-04T12:15:00-05:00,0.721,0.735,0.641,0.604
2023-07-04T12:30:00-05:00,0.733,0.753,0.657,0.619
2023-07-04T12:45:00-05:00,0.744,0.772,0.674,0.635
2023-07-04T13:00:00-05:00,0.75,0.791,0.695,0.651
2023-07-04T13:15:00-05:00,0.759,0.809,0.711,0.667
2023-07-04T13:30:00-05:00,0.765,0.822,0.723,0.68
2023-07-04T13:45:00-05:00,0.768,0.831,0.731,0.691
2023-07-04T14:00:00-05:00,0.772,0.842,0.742,0.708
2023-07-04T14:15:00-05:00,0.774,0.849,0.748,0.718
2023-07-04T14:30:00-05:00,0.776,0.855,0.752,0.724
2023-07-04T14:45:00-05:00,0.776,0.858,0.752,0.726
2023-07-04T15:00:00-05:00,0.777,0.862,0.752,0.724
2023-07-04T15:15:00-05:00,0.781,0.867,0.755,0.728
2023-07-04T15:30:00-05:00,0.786,0.873,0.759,0.735
2023-07-04T15:45:00-05:00,0.789,0.874,0.76,0.738
2023-07-04T16:00:00-05:00,0.797,0.876,0.765,0.746
2023-07-04T16:15:00-05:00,0.801,0.877,0.766,0.75
2023-07-04T16:30:00-05:00,0.804,0.877,0.765,0.754
2023-07-04T16:45:00-05:00,0.811,0.883,0.769,0.761
2023-07-04T17:00:00-05:00,0.824,0.888,0.76,0.769
2023-07-04T17:15:00-05:00,0.832,0.894,0.765,0.778
2023-07-04T17:30:00-05:00,0.833,0.896,0.772,0.783
2023-07-04T17:45:00-05:00,0.824,0.891,0.779,0.78
2023-07-04T18:00:00-05:00,0.807,0.882,0.8,0.774
2023-07-04T18:15:00-05:00,0.794,0.874,0.805,0.769
2023-07-04T18:30:00-05:00,0.784,0.867,0.806,0.764
2023-07-04T18:45:00-05:00,0.772,0.857,0.801,0.757
2023-07-04T19:00:00-05:00,0.762,0.857,0.795,0.757
2023-07-04T19:15:00-05:00,0.75,0.846,0.789,0.749
2023-07-04T19:30:00-05:00,0.74,0.832,0.785,0.739
2023-07-04T19:45:00-05:00,0.731,0.815,0.779,0.726
2023-07-04T20:00:00-05:00,0.733,0.795,0.784,0.715
2023-07-04T20:15:00-05:00,0.73,0.782,0.784,0.707
2023-07-04T20:30:00-05:00,0.728,0.774,0.781,0.701
2023-07-04T20:45:00-05:00,0.723,0.766,0.774,0.694
2023-07-04T21:00:00-05:00,0.725,0.773,0.766,0.695
2023-07-04T21:15:00-05:00,0.721,0.766,0.758,0.689
2023-07-04T21:30:00-05:00,0.712,0.751,0.749,0.68
2023-07-04T21:45:00-05:00,0.697,0.728,0.735,0.666
2023-07-04T22:00:00-05:00,0.685,0.707,0.736,0.661
2023-07-04T22:15:00-05:00,0.672,0.686,0.722,0.647
2023-07-04T22:30:00-05:00,0.653,0.663,0.698,0.627
2023-07-04T22:45:00-05:00,0.632,0.637,0.665,0.601
2023-07-04T23:00:00-05:00,0.612,0.612,0.622,0.569
2023-07-04T23:15:00-05:00,0.592,0.59,0.593,0.546
2023-07-04T23:30:00-05:00,0.573,0.569,0.569,0.526
2023-07-04T23:45:00-05:00,0.555,0.55,0.548,0.508
2023-07-05T00:00:00-05:00,0.536,0.557,0.516,0.472
2023-07-05T00:15:00-05:00,0.519,0.539,0.498,0.458
2023-07-05T00:30:00-05:00,0.505,0.525,0.483,0.447
2023-07-05T00:45:00-05:00,0.49,0.51,0.467,0.436
2023-07-05T01:00:00-05:00,0.474,0.494,0.446,0.426
2023-07-05T01:15:00-05:00,0.461,0.481,0.433,0.416
2023-07-05T01:30:00-05:00,0.448,0.47,0.421,0.407
2023-07-05T01:45:00-05:00,0.439,0.462,0.413,0.4
2023-07-05T02:00:00-05:00,0.421,0.449,0.403,0.387
2023-07-05T02:15:00-05:00,0.411,0.442,0.396,0.379
2023-07-05T02:30:00-05:00,0.401,0.433,0.387,0.37
2023-07-05T02:45:00-05:00,0.395,0.428,0.383,0.366
2023-07-05T03:00:00-05:00,0.383,0.418,0.373,0.356
2023-07-05T03:15:00-05:00,0.378,0.413,0.367,0.35
2023-07-05T03:30:00-05:00,0.374,0.41,0.364,0.345
2023-07-05T03:45:00-05:00,0.37,0.407,0.36,0.342
2023-07-05T04:00:00-05:00,0.367,0.403,0.354,0.331
2023-07-05T04:15:00-05:00,0.365,0.4,0.351,0.328
2023-07-05T04:30:00-05:00,0.365,0.4,0.351,0.327
2023-07-05T04:45:00-05:00,0.365,0.398,0.349,0.325
2023-07-05T05:00:00-05:00,0.368,0.395,0.345,0.324
2023-07-05T05:15:00-05:00,0.372,0.398,0.348,0.328
2023-07-05T05:30:00-05:00,0.373,0.398,0.351,0.33
2023-07-05T05:45:00-05:00,0.374,0.397,0.356,0.335
2023-07-05T06:00:00-05:00,0.376,0.403,0.379,0.353
2023-07-05T06:15:00-05:00,0.377,0.405,0.394,0.365
2023-07-05T06:30:00-05:00,0.373,0.401,0.398,0.368
2023-07-05T06:45:00-05:00,0.372,0.401,0.4,0.371
2023-07-05T07:00:00-05:00,0.378,0.401,0.393,0.359
2023-07-05T07:15:00-05:00,0.373,0.398,0.385,0.356
2023-07-05T07:30:00-05:00,0.367,0.396,0.372,0.354
2023-07-05T07:45:00-05:00,0.364,0.4,0.364,0.359
2023-07-05T08:00:00-05:00,0.361,0.408,0.364,0.373
2023-07-05T08:15:00-05:00,0.367,0.419,0.365,0.383
2023-07-05T08:30:00-05:00,0.376,0.427,0.367,0.387
2023-07-05T08:45:00-05:00,0.393,0.441,0.372,0.394
2023-07-05T09:00:00-05:00,0.421,0.457,0.378,0.39
2023-07-05T09:15:00-05:00,0.442,0.475,0.388,0.4
2023-07-05T09:30:00-05:00,0.458,0.491,0.397,0.415
2023-07-05T09:45:00-05:00,0.47,0.504,0.406,0.431
2023-07-05T10:00:00-05:00,0.48,0.523,0.42,0.465
2023-07-05T10:15:00-05:00,0.496,0.54,0.433,0.486
2023-07-05T10:30:00-05:00,0.515,0.556,0.445,0.5
2023-07-05T10:45:00-05:00,0.535,0.571,0.457,0.512
2023-07-05T11:00:00-05:00,0.566,0.587,0.471,0.516
2023-07-05T11:15:00-05:00,0.589,0.606,0.486,0.53
2023-07-05T11:30:00-05:00,0.606,0.623,0.499,0.545
2023-07-05T11:45:00-05:00,0.619,0.64,0.512,0.561
2023-07-05T12:00:00-05:00,0.634,0.662,0.525,0.584
2023-07-05T12:15:00-05:00,0.648,0.681,0.539,0.602
2023-07-05T12:30:00-05:00,0.653,0.695,0.551,0.616
2023-07-05T12:45:00-05:00,0.656,0.708,0.563,0.63
2023-07-05T13:00:00-05:00,0.646,0.714,0.573,0.638
2023-07-05T13:15:00-05:00,0.648,0.727,0.584,0.651
2023-07-05T13:30:00-05:00,0.65,0.737,0.593,0.662
2023-07-05T13:45:00-05:00,0.653,0.747,0.602,0.673
2023-07-05T14:00:00-05:00,0.661,0.761,0.61,0.688
2023-07-05T14:15:00-05:00,0.663,0.77,0.618,0.698
2023-07-05T14:30:00-05:00,0.667,0.778,0.627,0.708
2023-07-05T14:45:00-05:00,0.67,0.785,0.638,0.716
2023-07-05T15:00:00-05:00,0.677,0.791,0.651,0.725
2023-07-05T15:15:00-05:00,0.682,0.799,0.662,0.734
2023-07-05T15:30:00-05:00,0.688,0.81,0.674,0.746
2023-07-05T15:45:00-05:00,0.69,0.82,0.685,0.756
2023-07-05T16:00:00-05:00,0.691,0.834,0.696,0.768
2023-07-05T16:15:00-05:00,0.692,0.844,0.706,0.778
2023-07-05T16:30:00-05:00,0.694,0.851,0.714,0.786
2023-07-05T16:45:00-05:00,0.701,0.86,0.724,0.796
2023-07-05T17:00:00-05:00,0.706,0.861,0.729,0.809
2023-07-05T17:15:00-05:00,0.715,0.875,0.744,0.824
2023-07-05T17:30:00-05:00,0.723,0.886,0.755,0.832
2023-07-05T17:45:00-05:00,0.726,0.893,0.762,0.831
2023-07-05T18:00:00-05:00,0.731,0.91,0.769,0.825
2023-07-05T18:15:00-05:00,0.731,0.913,0.772,0.82
2023-07-05T18:30:00-05:00,0.73,0.911,0.775,0.815
2023-07-05T18:45:00-05:00,0.724,0.899,0.773,0.805
2023-07-05T19:00:00-05:00,0.72,0.889,0.78,0.803
2023-07-05T19:15:00-05:00,0.714,0.876,0.778,0.792
2023-07-05T19:30:00-05:00,0.708,0.86,0.774,0.778
2023-07-05T19:45:00-05:00,0.7,0.842,0.765,0.76
2023-07-05T20:00:00-05:00,0.694,0.824,0.753,0.737
2023-07-05T20:15:00-05:00,0.692,0.811,0.749,0.724
2023-07-05T20:30:00-05:00,0.693,0.802,0.748,0.716
2023-07-05T20:45:00-05:00,0.693,0.794,0.746,0.711
2023-07-05T21:00:00-05:00,0.707,0.798,0.759,0.723
2023-07-05T21:15:00-05:00,0.708,0.791,0.758,0.719
2023-07-05T21:30:00-05:00,0.704,0.779,0.751,0.709
2023-07-05T21:45:00-05:00,0.691,0.76,0.734,0.69
2023-07-05T22:00:00-05:00,0.678,0.745,0.721,0.676
2023-07-05T22:15:00-05:00,0.666,0.729,0.705,0.659
2023-07-05T22:30:00-05:00,0.649,0.709,0.684,0.635
2023-07-05T22:45:00-05:00,0.629,0.686,0.657,0.606
2023-07-05T23:00:00-05:00,0.61,0.665,0.627,0.573
2023-07-05T23:15:00-05:00,0.591,0.644,0.604,0.549
2023-07-05T23:30:00-05:00,0.573,0.623,0.583,0.528
2023-07-05T23:45:00-05:00,0.555,0.603,0.563,0.509
2023-07-06T00:00:00-05:00,0.485,0.555,0.507,0.505
2023-07-06T00:15:00-05:00,0.47,0.538,0.489,0.49
2023-07-06T00:30:00-05:00,0.457,0.524,0.473,0.478
2023-07-06T00:45:00-05:00,0.445,0.51,0.457,0.466
2023-07-06T01:00:00-05:00,0.435,0.495,0.432,0.456
2023-07-06T01:15:00-05:00,0.423,0.483,0.419,0.445
2023-07-06T01:30:00-05:00,0.41,0.471,0.409,0.434
2023-07-06T01:45:00-05:00,0.402,0.463,0.4,0.427
2023-07-06T02:00:00-05:00,0.38,0.447,0.398,0.411
2023-07-06T02:15:00-05:00,0.37,0.438,0.391,0.402
2023-07-06T02:30:00-05:00,0.361,0.429,0.383,0.393
2023-07-06T02:45:00-05:00,0.354,0.424,0.379,0.387
2023-07-06T03:00:00-05:00,0.341,0.415,0.365,0.377
2023-07-06T03:15:00-05:00,0.337,0.41,0.359,0.37
2023-07-06T03:30:00-05:00,0.334,0.407,0.355,0.365
2023-07-06T03:45:00-05:00,0.331,0.404,0.352,0.361
2023-07-06T04:00:00-05:00,0.334,0.4,0.346,0.346
2023-07-06T04:15:00-05:00,0.334,0.397,0.343,0.343
2023-07-06T04:30:00-05:00,0.337,0.396,0.343,0.341
2023-07-06T04:45:00-05:00,0.341,0.394,0.342,0.337
2023-07-06T05:00:00-05:00,0.35,0.388,0.342,0.334
2023-07-06T05:15:00-05:00,0.36,0.39,0.346,0.337
2023-07-06T05:30:00-05:00,0.365,0.388,0.349,0.338
2023-07-06T05:45:00-05:00,0.37,0.387,0.352,0.342
2023-07-06T06:00:00-05:00,0.382,0.39,0.368,0.362
2023-07-06T06:15:00-05:00,0.39,0.39,0.378,0.375
2023-07-06T06:30:00-05:00,0.388,0.386,0.381,0.379
2023-07-06T06:45:00-05:00,0.384,0.387,0.383,0.382
2023-07-06T07:00:00-05:00,0.375,0.394,0.384,0.371
2023-07-06T07:15:00-05:00,0.363,0.393,0.378,0.369
2023-07-06T07:30:00-05:00,0.349,0.391,0.366,0.368
2023-07-06T07:45:00-05:00,0.34,0.392,0.357,0.374
2023-07-06T08:00:00-05:00,0.342,0.395,0.355,0.389
2023-07-06T08:15:00-05:00,0.345,0.404,0.355,0.399
2023-07-06T08:30:00-05:00,0.348,0.411,0.354,0.403
2023-07-06T08:45:00-05:00,0.357,0.424,0.356,0.41
2023-07-06T09:00:00-05:00,0.369,0.442,0.355,0.409
2023-07-06T09:15:00-05:00,0.382,0.458,0.36,0.419
2023-07-06T09:30:00-05:00,0.392,0.472,0.367,0.431
2023-07-06T09:45:00-05:00,0.401,0.483,0.375,0.445
2023-07-06T10:00:00-05:00,0.409,0.498,0.39,0.469
2023-07-06T10:15:00-05:00,0.421,0.513,0.401,0.487
2023-07-06T10:30:00-05:00,0.438,0.526,0.412,0.502
2023-07-06T10:45:00-05:00,0.457,0.539,0.422,0.516
2023-07-06T11:00:00-05:00,0.491,0.551,0.436,0.529
2023-07-06T11:15:00-05:00,0.512,0.567,0.449,0.546
2023-07-06T11:30:00-05:00,0.523,0.583,0.458,0.561
2023-07-06T11:45:00-05:00,0.529,0.6,0.466,0.577
2023-07-06T12:00:00-05:00,0.53,0.621,0.473,0.598
2023-07-06T12:15:00-05:00,0.536,0.639,0.482,0.615
2023-07-06T12:30:00-05:00,0.534,0.654,0.489,0.626
2023-07-06T12:45:00-05:00,0.529,0.667,0.495,0.636
2023-07-06T13:00:00-05:00,0.515,0.676,0.498,0.636
2023-07-06T13:15:00-05:00,0.51,0.689,0.505,0.645
2023-07-06T13:30:00-05:00,0.506,0.7,0.511,0.653
2023-07-06T13:45:00-05:00,0.502,0.711,0.518,0.661
2023-07-06T14:00:00-05:00,0.498,0.724,0.529,0.672
2023-07-06T14:15:00-05:00,0.495,0.734,0.535,0.679
2023-07-06T14:30:00-05:00,0.495,0.744,0.541,0.689
2023-07-06T14:45:00-05:00,0.496,0.753,0.546,0.699
2023-07-06T15:00:00-05:00,0.503,0.763,0.547,0.712
2023-07-06T15:15:00-05:00,0.507,0.773,0.553,0.723
2023-07-06T15:30:00-05:00,0.512,0.785,0.562,0.734
2023-07-06T15:45:00-05:00,0.516,0.795,0.571,0.743
2023-07-06T16:00:00-05:00,0.522,0.806,0.586,0.752
2023-07-06T16:15:00-05:00,0.525,0.816,0.596,0.76
2023-07-06T16:30:00-05:00,0.527,0.823,0.604,0.766
2023-07-06T16:45:00-05:00,0.532,0.833,0.613,0.776
2023-07-06T17:00:00-05:00,0.534,0.838,0.618,0.786
2023-07-06T17:15:00-05:00,0.54,0.853,0.633,0.798
2023-07-06T17:30:00-05:00,0.544,0.866,0.644,0.804
2023-07-06T17:45:00-05:00,0.544,0.873,0.651,0.803
2023-07-06T18:00:00-05:00,0.543,0.888,0.658,0.795
2023-07-06T18:15:00-05:00,0.541,0.89,0.663,0.791
2023-07-06T18:30:00-05:00,0.541,0.889,0.667,0.787
2023-07-06T18:45:00-05:00,0.54,0.877,0.67,0.781
2023-07-06T19:00:00-05:00,0.543,0.866,0.684,0.787
2023-07-06T19:15:00-05:00,0.542,0.853,0.685,0.78
2023-07-06T19:30:00-05:00,0.541,0.837,0.681,0.768
2023-07-06T19:45:00-05:00,0.538,0.82,0.669,0.751
2023-07-06T20:00:00-05:00,0.536,0.8,0.645,0.728
2023-07-06T20:15:00-05:00,0.537,0.787,0.638,0.715
2023-07-06T20:30:00-05:00,0.539,0.779,0.636,0.706
2023-07-06T20:45:00-05:00,0.541,0.772,0.638,0.7
2023-07-06T21:00:00-05:00,0.559,0.778,0.663,0.708
2023-07-06T21:15:00-05:00,0.561,0.772,0.666,0.703
2023-07-06T21:30:00-05:00,0.554,0.76,0.66,0.693
2023-07-06T21:45:00-05:00,0.536,0.741,0.642,0.677
2023-07-06T22:00:00-05:00,0.511,0.725,0.621,0.668
2023-07-06T22:15:00-05:00,0.495,0.709,0.605,0.653
2023-07-06T22:30:00-05:00,0.479,0.689,0.585,0.631
2023-07-06T22:45:00-05:00,0.462,0.666,0.563,0.603
2023-07-06T23:00:00-05:00,0.448,0.645,0.542,0.57
2023-07-06T23:15:00-05:00,0.434,0.625,0.522,0.545
2023-07-06T23:30:00-05:00,0.419,0.605,0.505,0.525
2023-07-06T23:45:00-05:00,0.406,0.585,0.488,0.506
2023-07-07T00:00:00-05:00,0.439,0.537,0.459,0.507
2023-07-07T00:15:00-05:00,0.425,0.522,0.441,0.491
2023-07-07T00:30:00-05:00,0.414,0.509,0.425,0.477
2023-07-07T00:45:00-05:00,0.402,0.497,0.409,0.464
2023-07-07T01:00:00-05:00,0.391,0.486,0.383,0.447
2023-07-07T01:15:00-05:00,0.381,0.475,0.37,0.435
2023-07-07T01:30:00-05:00,0.369,0.465,0.357,0.424
2023-07-07T01:45:00-05:00,0.362,0.458,0.349,0.416
2023-07-07T02:00:00-05:00,0.343,0.446,0.341,0.405
2023-07-07T02:15:00-05:00,0.334,0.438,0.333,0.397
2023-07-07T02:30:00-05:00,0.324,0.428,0.325,0.388
2023-07-07T02:45:00-05:00,0.318,0.423,0.321,0.383
2023-07-07T03:00:00-05:00,0.303,0.407,0.31,0.371
2023-07-07T03:15:00-05:00,0.299,0.401,0.305,0.364
2023-07-07T03:30:00-05:00,0.296,0.397,0.302,0.36
2023-07-07T03:45:00-05:00,0.292,0.393,0.299,0.356
2023-07-07T04:00:00-05:00,0.296,0.39,0.298,0.346
2023-07-07T04:15:00-05:00,0.296,0.388,0.297,0.343
2023-07-07T04:30:00-05:00,0.299,0.388,0.297,0.342
2023-07-07T04:45:00-05:00,0.302,0.386,0.297,0.339
2023-07-07T05:00:00-05:00,0.31,0.384,0.297,0.336
2023-07-07T05:15:00-05:00,0.319,0.387,0.301,0.339
2023-07-07T05:30:00-05:00,0.324,0.387,0.305,0.341
2023-07-07T05:45:00-05:00,0.33,0.386,0.311,0.346
2023-07-07T06:00:00-05:00,0.344,0.387,0.332,0.367
2023-07-07T06:15:00-05:00,0.354,0.388,0.346,0.38
2023-07-07T06:30:00-05:00,0.355,0.386,0.353,0.382
2023-07-07T06:45:00-05:00,0.353,0.39,0.357,0.383
2023-07-07T07:00:00-05:00,0.342,0.404,0.355,0.37
2023-07-07T07:15:00-05:00,0.333,0.405,0.35,0.363
2023-07-07T07:30:00-05:00,0.322,0.403,0.341,0.356
2023-07-07T07:45:00-05:00,0.317,0.401,0.333,0.355
2023-07-07T08:00:00-05:00,0.319,0.4,0.33,0.364
2023-07-07T08:15:00-05:00,0.324,0.406,0.331,0.372
2023-07-07T08:30:00-05:00,0.329,0.412,0.332,0.376
2023-07-07T08:45:00-05:00,0.339,0.422,0.337,0.384
2023-07-07T09:00:00-05:00,0.355,0.435,0.343,0.394
2023-07-07T09:15:00-05:00,0.369,0.45,0.351,0.405
2023-07-07T09:30:00-05:00,0.381,0.463,0.359,0.413
2023-07-07T09:45:00-05:00,0.391,0.475,0.366,0.421
2023-07-07T10:00:00-05:00,0.401,0.496,0.378,0.433
2023-07-07T10:15:00-05:00,0.414,0.512,0.388,0.443
2023-07-07T10:30:00-05:00,0.429,0.523,0.398,0.452
2023-07-07T10:45:00-05:00,0.445,0.532,0.409,0.461
2023-07-07T11:00:00-05:00,0.469,0.538,0.424,0.469
2023-07-07T11:15:00-05:00,0.487,0.55,0.436,0.48
2023-07-07T11:30:00-05:00,0.499,0.561,0.446,0.492
2023-07-07T11:45:00-05:00,0.508,0.573,0.454,0.504
2023-07-07T12:00:00-05:00,0.513,0.59,0.458,0.519
2023-07-07T12:15:00-05:00,0.523,0.604,0.468,0.533
2023-07-07T12:30:00-05:00,0.529,0.614,0.475,0.545
2023-07-07T12:45:00-05:00,0.536,0.623,0.484,0.556
2023-07-07T13:00:00-05:00,0.546,0.625,0.492,0.563
2023-07-07T13:15:00-05:00,0.552,0.635,0.502,0.574
2023-07-07T13:30:00-05:00,0.553,0.644,0.511,0.585
2023-07-07T13:45:00-05:00,0.549,0.655,0.521,0.597
2023-07-07T14:00:00-05:00,0.534,0.671,0.533,0.615
2023-07-07T14:15:00-05:00,0.531,0.681,0.542,0.625
2023-07-07T14:30:00-05:00,0.535,0.691,0.554,0.635
2023-07-07T14:45:00-05:00,0.544,0.701,0.567,0.642
2023-07-07T15:00:00-05:00,0.565,0.708,0.582,0.647
2023-07-07T15:15:00-05:00,0.576,0.718,0.594,0.654
2023-07-07T15:30:00-05:00,0.589,0.732,0.606,0.664
2023-07-07T15:45:00-05:00,0.601,0.746,0.618,0.673
2023-07-07T16:00:00-05:00,0.616,0.766,0.627,0.685
2023-07-07T16:15:00-05:00,0.627,0.781,0.638,0.694
2023-07-07T16:30:00-05:00,0.633,0.793,0.646,0.7
2023-07-07T16:45:00-05:00,0.64,0.806,0.656,0.709
2023-07-07T17:00:00-05:00,0.645,0.82,0.665,0.716
2023-07-07T17:15:00-05:00,0.653,0.838,0.68,0.728
2023-07-07T17:30:00-05:00,0.656,0.848,0.69,0.735
2023-07-07T17:45:00-05:00,0.653,0.849,0.694,0.736
2023-07-07T18:00:00-05:00,0.644,0.844,0.7,0.736
2023-07-07T18:15:00-05:00,0.638,0.84,0.7,0.733
2023-07-07T18:30:00-05:00,0.633,0.835,0.697,0.729
2023-07-07T18:45:00-05:00,0.628,0.823,0.687,0.721
2023-07-07T19:00:00-05:00,0.627,0.817,0.677,0.719
2023-07-07T19:15:00-05:00,0.622,0.805,0.665,0.709
2023-07-07T19:30:00-05:00,0.616,0.789,0.653,0.695
2023-07-07T19:45:00-05:00,0.609,0.771,0.64,0.678
2023-07-07T20:00:00-05:00,0.607,0.752,0.625,0.654
2023-07-07T20:15:00-05:00,0.604,0.738,0.617,0.64
2023-07-07T20:30:00-05:00,0.602,0.728,0.612,0.63
2023-07-07T20:45:00-05:00,0.599,0.72,0.609,0.624
2023-07-07T21:00:00-05:00,0.604,0.722,0.62,0.628
2023-07-07T21:15:00-05:00,0.601,0.714,0.618,0.623
2023-07-07T21:30:00-05:00,0.593,0.705,0.612,0.615
2023-07-07T21:45:00-05:00,0.579,0.691,0.6,0.603
2023-07-07T22:00:00-05:00,0.561,0.683,0.588,0.593
2023-07-07T22:15:00-05:00,0.55,0.672,0.578,0.584
2023-07-07T22:30:00-05:00,0.537,0.656,0.563,0.571
2023-07-07T22:45:00-05:00,0.526,0.637,0.547,0.557
2023-07-07T23:00:00-05:00,0.521,0.62,0.533,0.546
2023-07-07T23:15:00-05:00,0.509,0.602,0.518,0.532
2023-07-07T23:30:00-05:00,0.495,0.584,0.503,0.517
2023-07-07T23:45:00-05:00,0.481,0.566,0.487,0.501
2023-07-08T00:00:00-05:00,0.474,0.543,0.498,0.52
2023-07-08T00:15:00-05:00,0.456,0.527,0.48,0.503
2023-07-08T00:30:00-05:00,0.44,0.514,0.464,0.488
2023-07-08T00:45:00-05:00,0.423,0.502,0.448,0.474
2023-07-08T01:00:00-05:00,0.397,0.491,0.424,0.456
2023-07-08T01:15:00-05:00,0.383,0.48,0.411,0.443
2023-07-08T01:30:00-05:00,0.371,0.469,0.4,0.431
2023-07-08T01:45:00-05:00,0.362,0.461,0.392,0.423
2023-07-08T02:00:00-05:00,0.356,0.443,0.391,0.409
2023-07-08T02:15:00-05:00,0.348,0.435,0.382,0.401
2023-07-08T02:30:00-05:00,0.34,0.426,0.373,0.393
2023-07-08T02:45:00-05:00,0.335,0.42,0.369,0.388
2023-07-08T03:00:00-05:00,0.322,0.413,0.349,0.38
2023-07-08T03:15:00-05:00,0.316,0.406,0.342,0.374
2023-07-08T03:30:00-05:00,0.312,0.401,0.338,0.37
2023-07-08T03:45:00-05:00,0.308,0.398,0.333,0.367
2023-07-08T04:00:00-05:00,0.303,0.384,0.333,0.356
2023-07-08T04:15:00-05:00,0.301,0.38,0.33,0.352
2023-07-08T04:30:00-05:00,0.301,0.377,0.329,0.349
2023-07-08T04:45:00-05:00,0.301,0.372,0.326,0.344
2023-07-08T05:00:00-05:00,0.306,0.365,0.314,0.335
2023-07-08T05:15:00-05:00,0.311,0.364,0.314,0.333
2023-07-08T05:30:00-05:00,0.312,0.361,0.312,0.33
2023-07-08T05:45:00-05:00,0.313,0.358,0.313,0.328
2023-07-08T06:00:00-05:00,0.312,0.358,0.326,0.332
2023-07-08T06:15:00-05:00,0.313,0.356,0.334,0.332
2023-07-08T06:30:00-05:00,0.31,0.354,0.338,0.329
2023-07-08T06:45:00-05:00,0.311,0.36,0.347,0.331
2023-07-08T07:00:00-05:00,0.302,0.363,0.347,0.327
2023-07-08T07:15:00-05:00,0.305,0.372,0.353,0.331
2023-07-08T07:30:00-05:00,0.317,0.389,0.362,0.342
2023-07-08T07:45:00-05:00,0.337,0.41,0.373,0.359
2023-07-08T08:00:00-05:00,0.359,0.433,0.382,0.382
2023-07-08T08:15:00-05:00,0.38,0.455,0.397,0.4
2023-07-08T08:30:00-05:00,0.394,0.466,0.408,0.41
2023-07-08T08:45:00-05:00,0.414,0.481,0.426,0.424
2023-07-08T09:00:00-05:00,0.435,0.489,0.449,0.423
2023-07-08T09:15:00-05:00,0.457,0.507,0.47,0.441
2023-07-08T09:30:00-05:00,0.474,0.523,0.486,0.464
2023-07-08T09:45:00-05:00,0.487,0.537,0.498,0.489
2023-07-08T10:00:00-05:00,0.499,0.559,0.51,0.546
2023-07-08T10:15:00-05:00,0.515,0.578,0.526,0.575
2023-07-08T10:30:00-05:00,0.532,0.596,0.544,0.588
2023-07-08T10:45:00-05:00,0.55,0.612,0.562,0.594
2023-07-08T11:00:00-05:00,0.573,0.631,0.583,0.578
2023-07-08T11:15:00-05:00,0.593,0.651,0.605,0.584
2023-07-08T11:30:00-05:00,0.61,0.668,0.625,0.592
2023-07-08T11:45:00-05:00,0.624,0.683,0.644,0.603
2023-07-08T12:00:00-05:00,0.634,0.698,0.669,0.616
2023-07-08T12:15:00-05:00,0.65,0.716,0.689,0.631
2023-07-08T12:30:00-05:00,0.664,0.73,0.703,0.645
2023-07-08T12:45:00-05:00,0.68,0.744,0.714,0.663
2023-07-08T13:00:00-05:00,0.7,0.757,0.717,0.684
2023-07-08T13:15:00-05:00,0.715,0.771,0.727,0.703
2023-07-08T13:30:00-05:00,0.725,0.782,0.736,0.718
2023-07-08T13:45:00-05:00,0.73,0.791,0.745,0.732
2023-07-08T14:00:00-05:00,0.73,0.802,0.76,0.751
2023-07-08T14:15:00-05:00,0.734,0.809,0.767,0.762
2023-07-08T14:30:00-05:00,0.739,0.817,0.772,0.772
2023-07-08T14:45:00-05:00,0.745,0.824,0.773,0.779
2023-07-08T15:00:00-05:00,0.754,0.836,0.772,0.781
2023-07-08T15:15:00-05:00,0.761,0.844,0.776,0.789
2023-07-08T15:30:00-05:00,0.771,0.851,0.783,0.799
2023-07-08T15:45:00-05:00,0.779,0.852,0.788,0.807
2023-07-08T16:00:00-05:00,0.793,0.848,0.798,0.824
2023-07-08T16:15:00-05:00,0.8,0.847,0.803,0.832
2023-07-08T16:30:00-05:00,0.804,0.848,0.807,0.835
2023-07-08T16:45:00-05:00,0.809,0.855,0.814,0.84
2023-07-08T17:00:00-05:00,0.809,0.865,0.819,0.84
2023-07-08T17:15:00-05:00,0.814,0.874,0.83,0.842
2023-07-08T17:30:00-05:00,0.817,0.88,0.837,0.841
2023-07-08T17:45:00-05:00,0.814,0.879,0.838,0.832
2023-07-08T18:00:00-05:00,0.813,0.877,0.838,0.815
2023-07-08T18:15:00-05:00,0.807,0.872,0.836,0.804
2023-07-08T18:30:00-05:00,0.799,0.866,0.834,0.798
2023-07-08T18:45:00-05:00,0.785,0.855,0.828,0.792
2023-07-08T19:00:00-05:00,0.773,0.848,0.833,0.808
2023-07-08T19:15:00-05:00,0.758,0.836,0.827,0.801
2023-07-08T19:30:00-05:00,0.743,0.822,0.816,0.785
2023-07-08T19:45:00-05:00,0.727,0.807,0.8,0.762
2023-07-08T20:00:00-05:00,0.715,0.796,0.779,0.722
2023-07-08T20:15:00-05:00,0.704,0.784,0.768,0.702
2023-07-08T20:30:00-05:00,0.696,0.773,0.761,0.689
2023-07-08T20:45:00-05:00,0.688,0.761,0.756,0.682
2023-07-08T21:00:00-05:00,0.688,0.749,0.76,0.693
2023-07-08T21:15:00-05:00,0.681,0.737,0.755,0.688
2023-07-08T21:30:00-05:00,0.673,0.726,0.751,0.679
2023-07-08T21:45:00-05:00,0.661,0.714,0.74,0.663
2023-07-08T22:00:00-05:00,0.654,0.71,0.742,0.649
2023-07-08T22:15:00-05:00,0.645,0.702,0.733,0.637
2023-07-08T22:30:00-05:00,0.63,0.687,0.713,0.622
2023-07-08T22:45:00-05:00,0.613,0.67,0.686,0.605
2023-07-08T23:00:00-05:00,0.596,0.655,0.651,0.593
2023-07-08T23:15:00-05:00,0.579,0.638,0.626,0.577
2023-07-08T23:30:00-05:00,0.562,0.62,0.604,0.561
2023-07-08T23:45:00-05:00,0.545,0.602,0.583,0.544
2023-07-09T00:00:00-05:00,0.525,0.543,0.536,0.538
2023-07-09T00:15:00-05:00,0.508,0.527,0.518,0.521
2023-07-09T00:30:00-05:00,0.494,0.514,0.503,0.508
2023-07-09T00:45:00-05:00,0.48,0.5,0.488,0.495
2023-07-09T01:00:00-05:00,0.463,0.488,0.469,0.481
2023-07-09T01:15:00-05:00,0.45,0.476,0.456,0.47
2023-07-09T01:30:00-05:00,0.439,0.465,0.444,0.459
2023-07-09T01:45:00-05:00,0.431,0.457,0.435,0.451
2023-07-09T02:00:00-05:00,0.42,0.442,0.424,0.439
2023-07-09T02:15:00-05:00,0.411,0.433,0.415,0.43
2023-07-09T02:30:00-05:00,0.401,0.423,0.405,0.421
2023-07-09T02:45:00-05:00,0.395,0.417,0.4,0.416
2023-07-09T03:00:00-05:00,0.38,0.406,0.383,0.404
2023-07-09T03:15:00-05:00,0.372,0.398,0.377,0.397
2023-07-09T03:30:00-05:00,0.367,0.393,0.374,0.392
2023-07-09T03:45:00-05:00,0.362,0.389,0.37,0.388
2023-07-09T04:00:00-05:00,0.349,0.377,0.373,0.381
2023-07-09T04:15:00-05:00,0.346,0.373,0.369,0.376
2023-07-09T04:30:00-05:00,0.344,0.37,0.367,0.372
2023-07-09T04:45:00-05:00,0.341,0.364,0.363,0.365
2023-07-09T05:00:00-05:00,0.343,0.356,0.343,0.345
2023-07-09T05:15:00-05:00,0.346,0.354,0.338,0.339
2023-07-09T05:30:00-05:00,0.346,0.35,0.332,0.333
2023-07-09T05:45:00-05:00,0.345,0.345,0.326,0.327
2023-07-09T06:00:00-05:00,0.344,0.341,0.325,0.33
2023-07-09T06:15:00-05:00,0.343,0.336,0.321,0.326
2023-07-09T06:30:00-05:00,0.34,0.33,0.318,0.322
2023-07-09T06:45:00-05:00,0.341,0.332,0.323,0.323
2023-07-09T07:00:00-05:00,0.341,0.333,0.33,0.322
2023-07-09T07:15:00-05:00,0.343,0.339,0.339,0.327
2023-07-09T07:30:00-05:00,0.35,0.353,0.354,0.34
2023-07-09T07:45:00-05:00,0.361,0.372,0.372,0.359
2023-07-09T08:00:00-05:00,0.37,0.393,0.386,0.382
2023-07-09T08:15:00-05:00,0.386,0.414,0.406,0.402
2023-07-09T08:30:00-05:00,0.402,0.428,0.421,0.414
2023-07-09T08:45:00-05:00,0.425,0.447,0.442,0.43
2023-07-09T09:00:00-05:00,0.46,0.468,0.469,0.437
2023-07-09T09:15:00-05:00,0.488,0.491,0.494,0.457
2023-07-09T09:30:00-05:00,0.509,0.51,0.512,0.479
2023-07-09T09:45:00-05:00,0.524,0.525,0.525,0.5
2023-07-09T10:00:00-05:00,0.535,0.543,0.538,0.544
2023-07-09T10:15:00-05:00,0.553,0.562,0.554,0.569
2023-07-09T10:30:00-05:00,0.577,0.58,0.572,0.585
2023-07-09T10:45:00-05:00,0.602,0.598,0.589,0.596
2023-07-09T11:00:00-05:00,0.637,0.618,0.608,0.591
2023-07-09T11:15:00-05:00,0.666,0.639,0.63,0.604
2023-07-09T11:30:00-05:00,0.689,0.658,0.65,0.619
2023-07-09T11:45:00-05:00,0.711,0.675,0.671,0.636
2023-07-09T12:00:00-05:00,0.732,0.693,0.695,0.658
2023-07-09T12:15:00-05:00,0.753,0.712,0.717,0.678
2023-07-09T12:30:00-05:00,0.77,0.727,0.736,0.696
2023-07-09T12:45:00-05:00,0.784,0.742,0.754,0.717
2023-07-09T13:00:00-05:00,0.798,0.758,0.768,0.737
2023-07-09T13:15:00-05:00,0.81,0.771,0.785,0.757
2023-07-09T13:30:00-05:00,0.817,0.78,0.798,0.774
2023-07-09T13:45:00-05:00,0.819,0.784,0.811,0.79
2023-07-09T14:00:00-05:00,0.818,0.785,0.831,0.816
2023-07-09T14:15:00-05:00,0.818,0.788,0.841,0.829
2023-07-09T14:30:00-05:00,0.82,0.792,0.845,0.836
2023-07-09T14:45:00-05:00,0.821,0.795,0.843,0.836
2023-07-09T15:00:00-05:00,0.825,0.804,0.834,0.824
2023-07-09T15:15:00-05:00,0.829,0.81,0.835,0.827
2023-07-09T15:30:00-05:00,0.836,0.815,0.839,0.834
2023-07-09T15:45:00-05:00,0.84,0.814,0.839,0.841
2023-07-09T16:00:00-05:00,0.849,0.808,0.846,0.861
2023-07-09T16:15:00-05:00,0.854,0.807,0.847,0.87
2023-07-09T16:30:00-05:00,0.858,0.809,0.848,0.876
2023-07-09T16:45:00-05:00,0.866,0.819,0.854,0.883
2023-07-09T17:00:00-05:00,0.88,0.838,0.851,0.888
2023-07-09T17:15:00-05:00,0.889,0.852,0.86,0.896
2023-07-09T17:30:00-05:00,0.89,0.859,0.869,0.9
2023-07-09T17:45:00-05:00,0.88,0.856,0.875,0.895
2023-07-09T18:00:00-05:00,0.86,0.846,0.891,0.885
2023-07-09T18:15:00-05:00,0.846,0.84,0.895,0.878
2023-07-09T18:30:00-05:00,0.835,0.834,0.897,0.873
2023-07-09T18:45:00-05:00,0.821,0.824,0.894,0.866
2023-07-09T19:00:00-05:00,0.811,0.823,0.896,0.873
2023-07-09T19:15:00-05:00,0.798,0.812,0.893,0.865
2023-07-09T19:30:00-05:00,0.787,0.8,0.889,0.852
2023-07-09T19:45:00-05:00,0.776,0.785,0.88,0.834
2023-07-09T20:00:00-05:00,0.779,0.77,0.88,0.808
2023-07-09T20:15:00-05:00,0.775,0.759,0.877,0.794
2023-07-09T20:30:00-05:00,0.768,0.751,0.872,0.786
2023-07-09T20:45:00-05:00,0.759,0.744,0.864,0.781
2023-07-09T21:00:00-05:00,0.751,0.75,0.857,0.794
2023-07-09T21:15:00-05:00,0.741,0.743,0.847,0.789
2023-07-09T21:30:00-05:00,0.728,0.729,0.834,0.778
2023-07-09T21:45:00-05:00,0.71,0.706,0.815,0.758
2023-07-09T22:00:00-05:00,0.697,0.682,0.812,0.741
2023-07-09T22:15:00-05:00,0.683,0.663,0.794,0.722
2023-07-09T22:30:00-05:00,0.665,0.642,0.765,0.699
2023-07-09T22:45:00-05:00,0.646,0.622,0.727,0.672
2023-07-09T23:00:00-05:00,0.632,0.607,0.678,0.643
2023-07-09T23:15:00-05:00,0.614,0.589,0.645,0.619
2023-07-09T23:30:00-05:00,0.596,0.571,0.619,0.598
2023-07-09T23:45:00-05:00,0.578,0.553,0.596,0.578
2023-07-10T00:00:00-05:00,0.529,0.506,0.546,0.533
2023-07-10T00:15:00-05:00,0.512,0.491,0.526,0.518
2023-07-10T00:30:00-05:00,0.498,0.478,0.509,0.505
2023-07-10T00:45:00-05:00,0.483,0.466,0.492,0.493
2023-07-10T01:00:00-05:00,0.466,0.453,0.467,0.485
2023-07-10T01:15:00-05:00,0.454,0.442,0.452,0.474
2023-07-10T01:30:00-05:00,0.442,0.433,0.437,0.462
2023-07-10T01:45:00-05:00,0.434,0.427,0.427,0.454
2023-07-10T02:00:00-05:00,0.421,0.417,0.41,0.434
2023-07-10T02:15:00-05:00,0.412,0.411,0.403,0.423
2023-07-10T02:30:00-05:00,0.402,0.403,0.394,0.412
2023-07-10T02:45:00-05:00,0.397,0.4,0.389,0.405
2023-07-10T03:00:00-05:00,0.384,0.392,0.384,0.391
2023-07-10T03:15:00-05:00,0.378,0.388,0.38,0.382
2023-07-10T03:30:00-05:00,0.373,0.385,0.377,0.376
2023-07-10T03:45:00-05:00,0.369,0.382,0.376,0.37
2023-07-10T04:00:00-05:00,0.358,0.377,0.374,0.352
2023-07-10T04:15:00-05:00,0.356,0.374,0.371,0.348
2023-07-10T04:30:00-05:00,0.357,0.374,0.371,0.345
2023-07-10T04:45:00-05:00,0.357,0.373,0.37,0.34
2023-07-10T05:00:00-05:00,0.372,0.372,0.361,0.337
2023-07-10T05:15:00-05:00,0.38,0.376,0.363,0.339
2023-07-10T05:30:00-05:00,0.383,0.376,0.363,0.339
2023-07-10T05:45:00-05:00,0.385,0.376,0.365,0.341
2023-07-10T06:00:00-05:00,0.383,0.38,0.382,0.356
2023-07-10T06:15:00-05:00,0.381,0.382,0.391,0.364
2023-07-10T06:30:00-05:00,0.373,0.381,0.39,0.366
2023-07-10T06:45:00-05:00,0.367,0.383,0.389,0.37
2023-07-10T07:00:00-05:00,0.358,0.386,0.389,0.365
2023-07-10T07:15:00-05:00,0.351,0.386,0.379,0.363
2023-07-10T07:30:00-05:00,0.347,0.387,0.364,0.363
2023-07-10T07:45:00-05:00,0.353,0.391,0.353,0.367
2023-07-10T08:00:00-05:00,0.367,0.397,0.349,0.377
2023-07-10T08:15:00-05:00,0.379,0.408,0.349,0.387
2023-07-10T08:30:00-05:00,0.389,0.418,0.35,0.392
2023-07-10T08:45:00-05:00,0.404,0.433,0.357,0.401
2023-07-10T09:00:00-05:00,0.42,0.455,0.365,0.399
2023-07-10T09:15:00-05:00,0.439,0.474,0.376,0.412
2023-07-10T09:30:00-05:00,0.459,0.488,0.388,0.431
2023-07-10T09:45:00-05:00,0.476,0.497,0.4,0.452
2023-07-10T10:00:00-05:00,0.502,0.507,0.415,0.491
2023-07-10T10:15:00-05:00,0.524,0.521,0.431,0.516
2023-07-10T10:30:00-05:00,0.544,0.534,0.452,0.538
2023-07-10T10:45:00-05:00,0.564,0.546,0.474,0.558
2023-07-10T11:00:00-05:00,0.586,0.56,0.501,0.571
2023-07-10T11:15:00-05:00,0.608,0.577,0.526,0.593
2023-07-10T11:30:00-05:00,0.626,0.593,0.55,0.615
2023-07-10T11:45:00-05:00,0.642,0.61,0.575,0.639
2023-07-10T12:00:00-05:00,0.657,0.63,0.602,0.67
2023-07-10T12:15:00-05:00,0.674,0.649,0.626,0.694
2023-07-10T12:30:00-05:00,0.687,0.665,0.647,0.714
2023-07-10T12:45:00-05:00,0.699,0.68,0.666,0.732
2023-07-10T13:00:00-05:00,0.714,0.692,0.681,0.742
2023-07-10T13:15:00-05:00,0.725,0.708,0.699,0.759
2023-07-10T13:30:00-05:00,0.73,0.721,0.713,0.774
2023-07-10T13:45:00-05:00,0.729,0.735,0.726,0.789
2023-07-10T14:00:00-05:00,0.714,0.747,0.735,0.81
2023-07-10T14:15:00-05:00,0.714,0.759,0.746,0.823
2023-07-10T14:30:00-05:00,0.722,0.775,0.76,0.833
2023-07-10T14:45:00-05:00,0.738,0.793,0.777,0.84
2023-07-10T15:00:00-05:00,0.77,0.818,0.8,0.841
2023-07-10T15:15:00-05:00,0.786,0.835,0.816,0.85
2023-07-10T15:30:00-05:00,0.802,0.853,0.832,0.863
2023-07-10T15:45:00-05:00,0.814,0.867,0.845,0.875
2023-07-10T16:00:00-05:00,0.818,0.874,0.856,0.898
2023-07-10T16:15:00-05:00,0.827,0.886,0.867,0.912
2023-07-10T16:30:00-05:00,0.836,0.898,0.875,0.921
2023-07-10T16:45:00-05:00,0.848,0.913,0.886,0.931
2023-07-10T17:00:00-05:00,0.861,0.934,0.887,0.936
2023-07-10T17:15:00-05:00,0.879,0.956,0.904,0.95
2023-07-10T17:30:00-05:00,0.89,0.97,0.92,0.96
2023-07-10T17:45:00-05:00,0.893,0.973,0.932,0.962
2023-07-10T18:00:00-05:00,0.893,0.971,0.955,0.965
2023-07-10T18:15:00-05:00,0.891,0.968,0.963,0.963
2023-07-10T18:30:00-05:00,0.89,0.963,0.967,0.958
2023-07-10T18:45:00-05:00,0.883,0.95,0.963,0.945
2023-07-10T19:00:00-05:00,0.881,0.94,0.96,0.94
2023-07-10T19:15:00-05:00,0.875,0.925,0.955,0.925
2023-07-10T19:30:00-05:00,0.868,0.909,0.948,0.907
2023-07-10T19:45:00-05:00,0.857,0.891,0.937,0.884
2023-07-10T20:00:00-05:00,0.859,0.875,0.935,0.857
2023-07-10T20:15:00-05:00,0.853,0.862,0.93,0.839
2023-07-10T20:30:00-05:00,0.844,0.853,0.922,0.827
2023-07-10T20:45:00-05:00,0.831,0.844,0.91,0.818
2023-07-10T21:00:00-05:00,0.815,0.849,0.897,0.826
2023-07-10T21:15:00-05:00,0.801,0.841,0.885,0.818
2023-07-10T21:30:00-05:00,0.782,0.824,0.869,0.801
2023-07-10T21:45:00-05:00,0.76,0.799,0.85,0.776
2023-07-10T22:00:00-05:00,0.741,0.775,0.846,0.75
2023-07-10T22:15:00-05:00,0.723,0.753,0.827,0.728
2023-07-10T22:30:00-05:00,0.705,0.729,0.8,0.704
2023-07-10T22:45:00-05:00,0.687,0.703,0.763,0.679
2023-07-10T23:00:00-05:00,0.677,0.681,0.719,0.659
2023-07-10T23:15:00-05:00,0.66,0.658,0.688,0.637
2023-07-10T23:30:00-05:00,0.641,0.636,0.661,0.616
2023-07-10T23:45:00-05:00,0.622,0.616,0.637,0.596
2023-07-11T00:00:00-05:00,0.572,0.55,0.568,0.568
2023-07-11T00:15:00-05:00,0.553,0.534,0.548,0.552
2023-07-11T00:30:00-05:00,0.537,0.521,0.531,0.539
2023-07-11T00:45:00-05:00,0.521,0.508,0.515,0.527
2023-07-11T01:00:00-05:00,0.503,0.496,0.493,0.518
2023-07-11T01:15:00-05:00,0.489,0.485,0.478,0.507
2023-07-11T01:30:00-05:00,0.475,0.475,0.463,0.495
2023-07-11T01:45:00-05:00,0.466,0.468,0.453,0.487
2023-07-11T02:00:00-05:00,0.449,0.454,0.434,0.469
2023-07-11T02:15:00-05:00,0.439,0.447,0.425,0.458
2023-07-11T02:30:00-05:00,0.428,0.439,0.416,0.447
2023-07-11T02:45:00-05:00,0.422,0.435,0.41,0.441
2023-07-11T03:00:00-05:00,0.408,0.427,0.404,0.425
2023-07-11T03:15:00-05:00,0.402,0.422,0.399,0.417
2023-07-11T03:30:00-05:00,0.397,0.419,0.395,0.411
2023-07-11T03:45:00-05:00,0.393,0.416,0.393,0.406
2023-07-11T04:00:00-05:00,0.385,0.41,0.385,0.394
2023-07-11T04:15:00-05:00,0.384,0.407,0.382,0.39
2023-07-11T04:30:00-05:00,0.385,0.408,0.38,0.387
2023-07-11T04:45:00-05:00,0.385,0.407,0.377,0.382
2023-07-11T05:00:00-05:00,0.398,0.409,0.37,0.372
2023-07-11T05:15:00-05:00,0.407,0.414,0.371,0.372
2023-07-11T05:30:00-05:00,0.41,0.415,0.371,0.371
2023-07-11T05:45:00-05:00,0.411,0.415,0.373,0.371
2023-07-11T06:00:00-05:00,0.408,0.416,0.392,0.387
2023-07-11T06:15:00-05:00,0.406,0.416,0.401,0.394
2023-07-11T06:30:00-05:00,0.399,0.411,0.4,0.393
2023-07-11T06:45:00-05:00,0.395,0.411,0.397,0.393
2023-07-11T07:00:00-05:00,0.394,0.412,0.392,0.381
2023-07-11T07:15:00-05:00,0.388,0.409,0.382,0.377
2023-07-11T07:30:00-05:00,0.382,0.408,0.368,0.377
2023-07-11T07:45:00-05:00,0.383,0.413,0.359,0.384
2023-07-11T08:00:00-05:00,0.39,0.423,0.361,0.403
2023-07-11T08:15:00-05:00,0.401,0.435,0.363,0.416
2023-07-11T08:30:00-05:00,0.41,0.444,0.365,0.42
2023-07-11T08:45:00-05:00,0.426,0.457,0.371,0.428
2023-07-11T09:00:00-05:00,0.447,0.477,0.378,0.423
2023-07-11T09:15:00-05:00,0.467,0.494,0.388,0.434
2023-07-11T09:30:00-05:00,0.486,0.504,0.4,0.449
2023-07-11T09:45:00-05:00,0.502,0.512,0.411,0.467
2023-07-11T10:00:00-05:00,0.52,0.519,0.428,0.501
2023-07-11T10:15:00-05:00,0.539,0.53,0.444,0.523
2023-07-11T10:30:00-05:00,0.563,0.538,0.461,0.54
2023-07-11T10:45:00-05:00,0.588,0.545,0.479,0.555
2023-07-11T11:00:00-05:00,0.622,0.552,0.498,0.56
2023-07-11T11:15:00-05:00,0.65,0.563,0.519,0.577
2023-07-11T11:30:00-05:00,0.67,0.576,0.539,0.597
2023-07-11T11:45:00-05:00,0.687,0.59,0.56,0.619
2023-07-11T12:00:00-05:00,0.703,0.61,0.586,0.653
2023-07-11T12:15:00-05:00,0.721,0.626,0.608,0.676
2023-07-11T12:30:00-05:00,0.73,0.638,0.626,0.695
2023-07-11T12:45:00-05:00,0.737,0.65,0.642,0.711
2023-07-11T13:00:00-05:00,0.737,0.655,0.653,0.717
2023-07-11T13:15:00-05:00,0.743,0.666,0.668,0.731
2023-07-11T13:30:00-05:00,0.746,0.677,0.681,0.745
2023-07-11T13:45:00-05:00,0.747,0.689,0.692,0.759
2023-07-11T14:00:00-05:00,0.745,0.705,0.7,0.777
2023-07-11T14:15:00-05:00,0.746,0.716,0.71,0.789
2023-07-11T14:30:00-05:00,0.752,0.728,0.725,0.802
2023-07-11T14:45:00-05:00,0.762,0.739,0.742,0.814
2023-07-11T15:00:00-05:00,0.781,0.753,0.765,0.823
2023-07-11T15:15:00-05:00,0.792,0.764,0.781,0.835
2023-07-11T15:30:00-05:00,0.803,0.778,0.799,0.851
2023-07-11T15:45:00-05:00,0.811,0.789,0.815,0.868
2023-07-11T16:00:00-05:00,0.815,0.8,0.832,0.892
2023-07-11T16:15:00-05:00,0.822,0.811,0.847,0.909
2023-07-11T16:30:00-05:00,0.829,0.821,0.857,0.92
2023-07-11T16:45:00-05:00,0.84,0.833,0.867,0.93
2023-07-11T17:00:00-05:00,0.855,0.842,0.868,0.938
2023-07-11T17:15:00-05:00,0.871,0.861,0.883,0.952
2023-07-11T17:30:00-05:00,0.882,0.876,0.896,0.96
2023-07-11T17:45:00-05:00,0.884,0.885,0.903,0.958
2023-07-11T18:00:00-05:00,0.882,0.9,0.914,0.954
2023-07-11T18:15:00-05:00,0.88,0.904,0.918,0.948
2023-07-11T18:30:00-05:00,0.878,0.903,0.92,0.943
2023-07-11T18:45:00-05:00,0.871,0.893,0.917,0.932
2023-07-11T19:00:00-05:00,0.871,0.883,0.92,0.935
2023-07-11T19:15:00-05:00,0.864,0.871,0.917,0.922
2023-07-11T19:30:00-05:00,0.856,0.857,0.911,0.904
2023-07-11T19:45:00-05:00,0.844,0.841,0.901,0.88
2023-07-11T20:00:00-05:00,0.837,0.827,0.895,0.848
2023-07-11T20:15:00-05:00,0.831,0.816,0.891,0.828
2023-07-11T20:30:00-05:00,0.826,0.807,0.887,0.814
2023-07-11T20:45:00-05:00,0.819,0.799,0.88,0.804
2023-07-11T21:00:00-05:00,0.82,0.801,0.878,0.811
2023-07-11T21:15:00-05:00,0.813,0.792,0.871,0.802
2023-07-11T21:30:00-05:00,0.801,0.779,0.862,0.785
2023-07-11T21:45:00-05:00,0.782,0.759,0.847,0.762
2023-07-11T22:00:00-05:00,0.762,0.743,0.843,0.743
2023-07-11T22:15:00-05:00,0.747,0.726,0.829,0.721
2023-07-11T22:30:00-05:00,0.729,0.705,0.806,0.697
2023-07-11T22:45:00-05:00,0.711,0.68,0.775,0.669
2023-07-11T23:00:00-05:00,0.699,0.658,0.739,0.642
2023-07-11T23:15:00-05:00,0.681,0.636,0.711,0.618
2023-07-11T23:30:00-05:00,0.662,0.616,0.686,0.596
2023-07-11T23:45:00-05:00,0.643,0.596,0.663,0.576
2023-07-12T00:00:00-05:00,0.588,0.579,0.572,0.591
2023-07-12T00:15:00-05:00,0.568,0.562,0.553,0.575
2023-07-12T00:30:00-05:00,0.551,0.547,0.537,0.562
2023-07-12T00:45:00-05:00,0.534,0.533,0.52,0.549
2023-07-12T01:00:00-05:00,0.512,0.517,0.501,0.542
2023-07-12T01:15:00-05:00,0.497,0.505,0.486,0.53
2023-07-12T01:30:00-05:00,0.483,0.495,0.472,0.518
2023-07-12T01:45:00-05:00,0.473,0.487,0.462,0.51
2023-07-12T02:00:00-05:00,0.459,0.479,0.441,0.492
2023-07-12T02:15:00-05:00,0.449,0.471,0.432,0.481
2023-07-12T02:30:00-05:00,0.439,0.462,0.423,0.469
2023-07-12T02:45:00-05:00,0.433,0.458,0.416,0.463
2023-07-12T03:00:00-05:00,0.419,0.446,0.411,0.446
2023-07-12T03:15:00-05:00,0.412,0.44,0.406,0.437
2023-07-12T03:30:00-05:00,0.408,0.435,0.402,0.431
2023-07-12T03:45:00-05:00,0.403,0.432,0.399,0.426
2023-07-12T04:00:00-05:00,0.394,0.421,0.391,0.414
2023-07-12T04:15:00-05:00,0.393,0.418,0.388,0.41
2023-07-12T04:30:00-05:00,0.394,0.416,0.387,0.406
2023-07-12T04:45:00-05:00,0.395,0.413,0.384,0.4
2023-07-12T05:00:00-05:00,0.408,0.409,0.378,0.389
2023-07-12T05:15:00-05:00,0.417,0.411,0.38,0.388
2023-07-12T05:30:00-05:00,0.419,0.411,0.38,0.386
2023-07-12T05:45:00-05:00,0.419,0.41,0.381,0.386
2023-07-12T06:00:00-05:00,0.412,0.418,0.396,0.401
2023-07-12T06:15:00-05:00,0.407,0.421,0.403,0.406
2023-07-12T06:30:00-05:00,0.399,0.419,0.401,0.404
2023-07-12T06:45:00-05:00,0.395,0.419,0.4,0.403
2023-07-12T07:00:00-05:00,0.397,0.418,0.399,0.394
2023-07-12T07:15:00-05:00,0.393,0.415,0.39,0.39
2023-07-12T07:30:00-05:00,0.39,0.415,0.377,0.388
2023-07-12T07:45:00-05:00,0.394,0.42,0.368,0.394
2023-07-12T08:00:00-05:00,0.407,0.431,0.368,0.411
2023-07-12T08:15:00-05:00,0.418,0.444,0.369,0.423
2023-07-12T08:30:00-05:00,0.424,0.452,0.371,0.428
2023-07-12T08:45:00-05:00,0.436,0.466,0.377,0.436
2023-07-12T09:00:00-05:00,0.444,0.482,0.383,0.435
2023-07-12T09:15:00-05:00,0.46,0.501,0.393,0.447
2023-07-12T09:30:00-05:00,0.477,0.516,0.404,0.462
2023-07-12T09:45:00-05:00,0.493,0.529,0.415,0.479
2023-07-12T10:00:00-05:00,0.516,0.547,0.433,0.512
2023-07-12T10:15:00-05:00,0.536,0.564,0.448,0.533
2023-07-12T10:30:00-05:00,0.559,0.58,0.465,0.55
2023-07-12T10:45:00-05:00,0.583,0.595,0.482,0.564
2023-07-12T11:00:00-05:00,0.614,0.608,0.501,0.568
2023-07-12T11:15:00-05:00,0.641,0.627,0.521,0.584
2023-07-12T11:30:00-05:00,0.66,0.646,0.541,0.605
2023-07-12T11:45:00-05:00,0.676,0.666,0.561,0.628
2023-07-12T12:00:00-05:00,0.691,0.69,0.585,0.663
2023-07-12T12:15:00-05:00,0.708,0.712,0.606,0.688
2023-07-12T12:30:00-05:00,0.717,0.73,0.624,0.708
2023-07-12T12:45:00-05:00,0.724,0.747,0.642,0.726
2023-07-12T13:00:00-05:00,0.725,0.759,0.657,0.735
2023-07-12T13:15:00-05:00,0.731,0.776,0.673,0.752
2023-07-12T13:30:00-05:00,0.732,0.793,0.687,0.768
2023-07-12T13:45:00-05:00,0.731,0.81,0.699,0.784
2023-07-12T14:00:00-05:00,0.721,0.833,0.706,0.804
2023-07-12T14:15:00-05:00,0.72,0.848,0.717,0.818
2023-07-12T14:30:00-05:00,0.724,0.863,0.733,0.832
2023-07-12T14:45:00-05:00,0.733,0.876,0.751,0.845
2023-07-12T15:00:00-05:00,0.753,0.888,0.775,0.854
2023-07-12T15:15:00-05:00,0.764,0.901,0.792,0.867
2023-07-12T15:30:00-05:00,0.775,0.916,0.813,0.884
2023-07-12T15:45:00-05:00,0.782,0.929,0.832,0.901
2023-07-12T16:00:00-05:00,0.785,0.945,0.856,0.926
2023-07-12T16:15:00-05:00,0.792,0.958,0.874,0.944
2023-07-12T16:30:00-05:00,0.8,0.968,0.884,0.955
2023-07-12T16:45:00-05:00,0.814,0.98,0.893,0.966
2023-07-12T17:00:00-05:00,0.837,0.987,0.886,0.971
2023-07-12T17:15:00-05:00,0.858,1.006,0.898,0.986
2023-07-12T17:30:00-05:00,0.871,1.02,0.911,0.995
2023-07-12T17:45:00-05:00,0.873,1.027,0.92,0.996
2023-07-12T18:00:00-05:00,0.865,1.041,0.936,0.996
2023-07-12T18:15:00-05:00,0.863,1.043,0.942,0.992
2023-07-12T18:30:00-05:00,0.863,1.04,0.946,0.987
2023-07-12T18:45:00-05:00,0.861,1.027,0.945,0.976
2023-07-12T19:00:00-05:00,0.869,1.015,0.949,0.976
2023-07-12T19:15:00-05:00,0.867,1.0,0.947,0.962
2023-07-12T19:30:00-05:00,0.862,0.984,0.942,0.942
2023-07-12T19:45:00-05:00,0.853,0.965,0.932,0.918
2023-07-12T20:00:00-05:00,0.847,0.951,0.925,0.884
2023-07-12T20:15:00-05:00,0.842,0.938,0.92,0.863
2023-07-12T20:30:00-05:00,0.837,0.927,0.913,0.85
2023-07-12T20:45:00-05:00,0.829,0.915,0.903,0.84
2023-07-12T21:00:00-05:00,0.826,0.911,0.894,0.848
2023-07-12T21:15:00-05:00,0.818,0.9,0.884,0.84
2023-07-12T21:30:00-05:00,0.805,0.885,0.873,0.824
2023-07-12T21:45:00-05:00,0.786,0.864,0.859,0.8
2023-07-12T22:00:00-05:00,0.766,0.848,0.859,0.778
2023-07-12T22:15:00-05:00,0.752,0.83,0.846,0.757
2023-07-12T22:30:00-05:00,0.736,0.808,0.822,0.732
2023-07-12T22:45:00-05:00,0.72,0.783,0.791,0.705
2023-07-12T23:00:00-05:00,0.713,0.762,0.752,0.679
2023-07-12T23:15:00-05:00,0.697,0.739,0.724,0.655
2023-07-12T23:30:00-05:00,0.679,0.716,0.699,0.633
2023-07-12T23:45:00-05:00,0.66,0.694,0.675,0.612
2023-07-13T00:00:00-05:00,0.598,0.633,0.579,0.62
2023-07-13T00:15:00-05:00,0.578,0.614,0.559,0.603
2023-07-13T00:30:00-05:00,0.561,0.599,0.542,0.588
2023-07-13T00:45:00-05:00,0.544,0.584,0.526,0.575
2023-07-13T01:00:00-05:00,0.523,0.571,0.505,0.566
2023-07-13T01:15:00-05:00,0.508,0.558,0.49,0.553
2023-07-13T01:30:00-05:00,0.494,0.547,0.474,0.541
2023-07-13T01:45:00-05:00,0.484,0.538,0.464,0.532
2023-07-13T02:00:00-05:00,0.467,0.526,0.439,0.514
2023-07-13T02:15:00-05:00,0.458,0.517,0.431,0.502
2023-07-13T02:30:00-05:00,0.447,0.507,0.421,0.49
2023-07-13T02:45:00-05:00,0.441,0.502,0.414,0.483
2023-07-13T03:00:00-05:00,0.429,0.488,0.411,0.466
2023-07-13T03:15:00-05:00,0.422,0.481,0.406,0.456
2023-07-13T03:30:00-05:00,0.417,0.476,0.402,0.45
2023-07-13T03:45:00-05:00,0.413,0.472,0.4,0.444
2023-07-13T04:00:00-05:00,0.402,0.462,0.391,0.43
2023-07-13T04:15:00-05:00,0.4,0.458,0.387,0.425
2023-07-13T04:30:00-05:00,0.4,0.455,0.386,0.421
2023-07-13T04:45:00-05:00,0.4,0.45,0.383,0.414
2023-07-13T05:00:00-05:00,0.411,0.439,0.376,0.401
2023-07-13T05:15:00-05:00,0.419,0.438,0.378,0.399
2023-07-13T05:30:00-05:00,0.42,0.434,0.377,0.395
2023-07-13T05:45:00-05:00,0.42,0.431,0.379,0.394
2023-07-13T06:00:00-05:00,0.413,0.436,0.394,0.408
2023-07-13T06:15:00-05:00,0.409,0.435,0.401,0.412
2023-07-13T06:30:00-05:00,0.401,0.43,0.399,0.408
2023-07-13T06:45:00-05:00,0.398,0.43,0.396,0.404
2023-07-13T07:00:00-05:00,0.402,0.435,0.393,0.391
2023-07-13T07:15:00-05:00,0.399,0.433,0.383,0.385
2023-07-13T07:30:00-05:00,0.396,0.43,0.369,0.383
2023-07-13T07:45:00-05:00,0.398,0.432,0.36,0.391
2023-07-13T08:00:00-05:00,0.406,0.438,0.362,0.412
2023-07-13T08:15:00-05:00,0.416,0.448,0.364,0.425
2023-07-13T08:30:00-05:00,0.425,0.457,0.365,0.431
2023-07-13T08:45:00-05:00,0.439,0.471,0.371,0.441
2023-07-13T09:00:00-05:00,0.455,0.491,0.375,0.44
2023-07-13T09:15:00-05:00,0.474,0.51,0.385,0.454
2023-07-13T09:30:00-05:00,0.491,0.526,0.396,0.472
2023-07-13T09:45:00-05:00,0.507,0.538,0.407,0.491
2023-07-13T10:00:00-05:00,0.526,0.556,0.425,0.527
2023-07-13T10:15:00-05:00,0.546,0.573,0.44,0.551
2023-07-13T10:30:00-05:00,0.569,0.587,0.458,0.57
2023-07-13T10:45:00-05:00,0.593,0.6,0.475,0.586
2023-07-13T11:00:00-05:00,0.627,0.611,0.494,0.591
2023-07-13T11:15:00-05:00,0.654,0.628,0.515,0.61
2023-07-13T11:30:00-05:00,0.674,0.646,0.535,0.633
2023-07-13T11:45:00-05:00,0.691,0.666,0.557,0.659
2023-07-13T12:00:00-05:00,0.707,0.692,0.584,0.698
2023-07-13T12:15:00-05:00,0.724,0.714,0.607,0.725
2023-07-13T12:30:00-05:00,0.733,0.732,0.625,0.747
2023-07-13T12:45:00-05:00,0.74,0.75,0.643,0.766
2023-07-13T13:00:00-05:00,0.74,0.764,0.655,0.776
2023-07-13T13:15:00-05:00,0.745,0.781,0.671,0.793
2023-07-13T13:30:00-05:00,0.748,0.797,0.684,0.809
2023-07-13T13:45:00-05:00,0.749,0.813,0.696,0.824
2023-07-13T14:00:00-05:00,0.746,0.833,0.702,0.845
2023-07-13T14:15:00-05:00,0.747,0.846,0.713,0.858
2023-07-13T14:30:00-05:00,0.752,0.86,0.729,0.87
2023-07-13T14:45:00-05:00,0.761,0.873,0.749,0.881
2023-07-13T15:00:00-05:00,0.78,0.886,0.776,0.886
2023-07-13T15:15:00-05:00,0.79,0.898,0.794,0.897
2023-07-13T15:30:00-05:00,0.801,0.914,0.816,0.914
2023-07-13T15:45:00-05:00,0.807,0.927,0.836,0.93
2023-07-13T16:00:00-05:00,0.809,0.943,0.86,0.957
2023-07-13T16:15:00-05:00,0.815,0.956,0.879,0.974
2023-07-13T16:30:00-05:00,0.823,0.966,0.89,0.984
2023-07-13T16:45:00-05:00,0.835,0.977,0.899,0.994
2023-07-13T17:00:00-05:00,0.853,0.983,0.894,0.997
2023-07-13T17:15:00-05:00,0.872,1.0,0.908,1.009
2023-07-13T17:30:00-05:00,0.884,1.014,0.921,1.016
2023-07-13T17:45:00-05:00,0.887,1.022,0.931,1.015
2023-07-13T18:00:00-05:00,0.884,1.036,0.948,1.012
2023-07-13T18:15:00-05:00,0.883,1.038,0.955,1.006
2023-07-13T18:30:00-05:00,0.881,1.036,0.959,1.0
2023-07-13T18:45:00-05:00,0.877,1.023,0.956,0.987
2023-07-13T19:00:00-05:00,0.88,1.012,0.958,0.987
2023-07-13T19:15:00-05:00,0.875,0.997,0.954,0.972
2023-07-13T19:30:00-05:00,0.868,0.981,0.949,0.95
2023-07-13T19:45:00-05:00,0.857,0.962,0.939,0.924
2023-07-13T20:00:00-05:00,0.851,0.946,0.935,0.888
2023-07-13T20:15:00-05:00,0.845,0.933,0.931,0.865
2023-07-13T20:30:00-05:00,0.841,0.923,0.925,0.85
2023-07-13T20:45:00-05:00,0.834,0.913,0.916,0.839
2023-07-13T21:00:00-05:00,0.834,0.912,0.906,0.847
2023-07-13T21:15:00-05:00,0.827,0.903,0.897,0.838
2023-07-13T21:30:00-05:00,0.816,0.888,0.887,0.82
2023-07-13T21:45:00-05:00,0.798,0.867,0.874,0.796
2023-07-13T22:00:00-05:00,0.781,0.849,0.876,0.775
2023-07-13T22:15:00-05:00,0.767,0.832,0.864,0.753
2023-07-13T22:30:00-05:00,0.75,0.811,0.84,0.728
2023-07-13T22:45:00-05:00,0.733,0.788,0.809,0.701
2023-07-13T23:00:00-05:00,0.722,0.771,0.769,0.676
2023-07-13T23:15:00-05:00,0.704,0.749,0.74,0.653
2023-07-13T23:30:00-05:00,0.685,0.727,0.714,0.631
2023-07-13T23:45:00-05:00,0.665,0.705,0.69,0.61
2023-07-14T00:00:00-05:00,0.591,0.662,0.596,0.669
2023-07-14T00:15:00-05:00,0.572,0.644,0.575,0.647
2023-07-14T00:30:00-05:00,0.556,0.63,0.556,0.628
2023-07-14T00:45:00-05:00,0.54,0.616,0.537,0.61
2023-07-14T01:00:00-05:00,0.523,0.607,0.513,0.588
2023-07-14T01:15:00-05:00,0.509,0.594,0.496,0.572
2023-07-14T01:30:00-05:00,0.495,0.583,0.478,0.556
2023-07-14T01:45:00-05:00,0.485,0.576,0.466,0.545
2023-07-14T02:00:00-05:00,0.466,0.562,0.437,0.528
2023-07-14T02:15:00-05:00,0.455,0.551,0.428,0.516
2023-07-14T02:30:00-05:00,0.444,0.539,0.418,0.504
2023-07-14T02:45:00-05:00,0.437,0.533,0.41,0.496
2023-07-14T03:00:00-05:00,0.424,0.513,0.409,0.48
2023-07-14T03:15:00-05:00,0.417,0.503,0.404,0.469
2023-07-14T03:30:00-05:00,0.412,0.497,0.401,0.462
2023-07-14T03:45:00-05:00,0.408,0.491,0.398,0.456
2023-07-14T04:00:00-05:00,0.398,0.483,0.39,0.437
2023-07-14T04:15:00-05:00,0.396,0.478,0.387,0.431
2023-07-14T04:30:00-05:00,0.396,0.475,0.385,0.426
2023-07-14T04:45:00-05:00,0.396,0.468,0.382,0.418
2023-07-14T05:00:00-05:00,0.404,0.454,0.375,0.406
2023-07-14T05:15:00-05:00,0.412,0.452,0.377,0.404
2023-07-14T05:30:00-05:00,0.414,0.447,0.376,0.401
2023-07-14T05:45:00-05:00,0.415,0.442,0.378,0.401
2023-07-14T06:00:00-05:00,0.417,0.444,0.393,0.423
2023-07-14T06:15:00-05:00,0.418,0.44,0.401,0.43
2023-07-14T06:30:00-05:00,0.413,0.433,0.4,0.426
2023-07-14T06:45:00-05:00,0.41,0.433,0.4,0.419
2023-07-14T07:00:00-05:00,0.412,0.444,0.401,0.4
2023-07-14T07:15:00-05:00,0.406,0.443,0.394,0.387
2023-07-14T07:30:00-05:00,0.398,0.441,0.38,0.377
2023-07-14T07:45:00-05:00,0.396,0.443,0.371,0.378
2023-07-14T08:00:00-05:00,0.398,0.448,0.367,0.39
2023-07-14T08:15:00-05:00,0.406,0.458,0.369,0.4
2023-07-14T08:30:00-05:00,0.414,0.467,0.371,0.41
2023-07-14T08:45:00-05:00,0.43,0.481,0.378,0.426
2023-07-14T09:00:00-05:00,0.452,0.498,0.389,0.451
2023-07-14T09:15:00-05:00,0.472,0.518,0.4,0.472
2023-07-14T09:30:00-05:00,0.49,0.536,0.412,0.487
2023-07-14T09:45:00-05:00,0.505,0.552,0.423,0.498
2023-07-14T10:00:00-05:00,0.521,0.579,0.439,0.506
2023-07-14T10:15:00-05:00,0.54,0.6,0.453,0.52
2023-07-14T10:30:00-05:00,0.563,0.616,0.471,0.539
2023-07-14T10:45:00-05:00,0.587,0.63,0.488,0.558
2023-07-14T11:00:00-05:00,0.62,0.641,0.509,0.58
2023-07-14T11:15:00-05:00,0.647,0.658,0.53,0.604
2023-07-14T11:30:00-05:00,0.668,0.674,0.548,0.628
2023-07-14T11:45:00-05:00,0.687,0.69,0.567,0.654
2023-07-14T12:00:00-05:00,0.704,0.71,0.586,0.686
2023-07-14T12:15:00-05:00,0.723,0.728,0.605,0.712
2023-07-14T12:30:00-05:00,0.737,0.743,0.622,0.735
2023-07-14T12:45:00-05:00,0.75,0.758,0.64,0.756
2023-07-14T13:00:00-05:00,0.764,0.769,0.654,0.77
2023-07-14T13:15:00-05:00,0.775,0.785,0.671,0.79
2023-07-14T13:30:00-05:00,0.779,0.799,0.687,0.807
2023-07-14T13:45:00-05:00,0.778,0.813,0.702,0.825
2023-07-14T14:00:00-05:00,0.765,0.833,0.718,0.852
2023-07-14T14:15:00-05:00,0.763,0.845,0.732,0.867
2023-07-14T14:30:00-05:00,0.77,0.857,0.749,0.878
2023-07-14T14:45:00-05:00,0.781,0.866,0.767,0.883
2023-07-14T15:00:00-05:00,0.806,0.872,0.788,0.88
2023-07-14T15:15:00-05:00,0.819,0.883,0.805,0.887
2023-07-14T15:30:00-05:00,0.833,0.897,0.824,0.897
2023-07-14T15:45:00-05:00,0.843,0.91,0.841,0.905
2023-07-14T16:00:00-05:00,0.853,0.932,0.862,0.925
2023-07-14T16:15:00-05:00,0.862,0.945,0.877,0.934
2023-07-14T16:30:00-05:00,0.868,0.953,0.885,0.936
2023-07-14T16:45:00-05:00,0.877,0.962,0.892,0.94
2023-07-14T17:00:00-05:00,0.887,0.963,0.883,0.931
2023-07-14T17:15:00-05:00,0.898,0.974,0.892,0.934
2023-07-14T17:30:00-05:00,0.903,0.981,0.9,0.935
2023-07-14T17:45:00-05:00,0.898,0.982,0.907,0.933
2023-07-14T18:00:00-05:00,0.886,0.986,0.926,0.937
2023-07-14T18:15:00-05:00,0.878,0.982,0.928,0.932
2023-07-14T18:30:00-05:00,0.87,0.977,0.925,0.925
2023-07-14T18:45:00-05:00,0.859,0.964,0.911,0.911
2023-07-14T19:00:00-05:00,0.856,0.956,0.893,0.906
2023-07-14T19:15:00-05:00,0.845,0.941,0.877,0.89
2023-07-14T19:30:00-05:00,0.833,0.924,0.862,0.868
2023-07-14T19:45:00-05:00,0.819,0.904,0.846,0.843
2023-07-14T20:00:00-05:00,0.81,0.885,0.839,0.812
2023-07-14T20:15:00-05:00,0.802,0.871,0.828,0.79
2023-07-14T20:30:00-05:00,0.794,0.859,0.818,0.774
2023-07-14T20:45:00-05:00,0.785,0.848,0.807,0.761
2023-07-14T21:00:00-05:00,0.779,0.844,0.794,0.756
2023-07-14T21:15:00-05:00,0.77,0.834,0.782,0.745
2023-07-14T21:30:00-05:00,0.761,0.822,0.774,0.734
2023-07-14T21:45:00-05:00,0.749,0.806,0.765,0.721
2023-07-14T22:00:00-05:00,0.74,0.792,0.769,0.713
2023-07-14T22:15:00-05:00,0.733,0.781,0.763,0.705
2023-07-14T22:30:00-05:00,0.721,0.766,0.748,0.692
2023-07-14T22:45:00-05:00,0.71,0.751,0.73,0.679
2023-07-14T23:00:00-05:00,0.707,0.745,0.71,0.672
2023-07-14T23:15:00-05:00,0.693,0.729,0.691,0.658
2023-07-14T23:30:00-05:00,0.677,0.71,0.671,0.641
2023-07-14T23:45:00-05:00,0.658,0.69,0.651,0.623
2023-07-15T00:00:00-05:00,0.621,0.653,0.598,0.653
2023-07-15T00:15:00-05:00,0.598,0.635,0.578,0.631
2023-07-15T00:30:00-05:00,0.577,0.62,0.561,0.612
2023-07-15T00:45:00-05:00,0.556,0.606,0.544,0.593
2023-07-15T01:00:00-05:00,0.521,0.596,0.524,0.569
2023-07-15T01:15:00-05:00,0.504,0.583,0.509,0.553
2023-07-15T01:30:00-05:00,0.488,0.571,0.493,0.538
2023-07-15T01:45:00-05:00,0.477,0.562,0.482,0.527
2023-07-15T02:00:00-05:00,0.469,0.544,0.459,0.512
2023-07-15T02:15:00-05:00,0.46,0.533,0.447,0.502
2023-07-15T02:30:00-05:00,0.451,0.522,0.436,0.49
2023-07-15T02:45:00-05:00,0.446,0.516,0.428,0.484
2023-07-15T03:00:00-05:00,0.437,0.501,0.416,0.473
2023-07-15T03:15:00-05:00,0.43,0.492,0.408,0.463
2023-07-15T03:30:00-05:00,0.425,0.486,0.403,0.457
2023-07-15T03:45:00-05:00,0.421,0.481,0.398,0.452
2023-07-15T04:00:00-05:00,0.401,0.468,0.391,0.433
2023-07-15T04:15:00-05:00,0.398,0.462,0.386,0.427
2023-07-15T04:30:00-05:00,0.396,0.457,0.383,0.421
2023-07-15T04:45:00-05:00,0.393,0.449,0.378,0.412
2023-07-15T05:00:00-05:00,0.404,0.433,0.365,0.396
2023-07-15T05:15:00-05:00,0.41,0.428,0.362,0.39
2023-07-15T05:30:00-05:00,0.409,0.42,0.358,0.383
2023-07-15T05:45:00-05:00,0.406,0.411,0.353,0.375
2023-07-15T06:00:00-05:00,0.39,0.401,0.352,0.374
2023-07-15T06:15:00-05:00,0.38,0.388,0.348,0.366
2023-07-15T06:30:00-05:00,0.369,0.379,0.345,0.355
2023-07-15T06:45:00-05:00,0.367,0.38,0.349,0.35
2023-07-15T07:00:00-05:00,0.365,0.392,0.36,0.341
2023-07-15T07:15:00-05:00,0.37,0.4,0.365,0.341
2023-07-15T07:30:00-05:00,0.386,0.415,0.372,0.351
2023-07-15T07:45:00-05:00,0.412,0.435,0.382,0.371
2023-07-15T08:00:00-05:00,0.445,0.456,0.39,0.398
2023-07-15T08:15:00-05:00,0.471,0.478,0.404,0.42
2023-07-15T08:30:00-05:00,0.484,0.493,0.414,0.435
2023-07-15T08:45:00-05:00,0.501,0.513,0.429,0.456
2023-07-15T09:00:00-05:00,0.512,0.531,0.446,0.469
2023-07-15T09:15:00-05:00,0.531,0.555,0.466,0.494
2023-07-15T09:30:00-05:00,0.547,0.577,0.483,0.522
2023-07-15T09:45:00-05:00,0.562,0.596,0.498,0.549
2023-07-15T10:00:00-05:00,0.578,0.625,0.515,0.602
2023-07-15T10:15:00-05:00,0.596,0.649,0.534,0.634
2023-07-15T10:30:00-05:00,0.619,0.668,0.555,0.652
2023-07-15T10:45:00-05:00,0.641,0.686,0.576,0.665
2023-07-15T11:00:00-05:00,0.673,0.7,0.599,0.657
2023-07-15T11:15:00-05:00,0.699,0.72,0.623,0.671
2023-07-15T11:30:00-05:00,0.72,0.74,0.647,0.688
2023-07-15T11:45:00-05:00,0.738,0.758,0.672,0.708
2023-07-15T12:00:00-05:00,0.751,0.782,0.704,0.737
2023-07-15T12:15:00-05:00,0.77,0.803,0.729,0.76
2023-07-15T12:30:00-05:00,0.786,0.818,0.748,0.781
2023-07-15T12:45:00-05:00,0.804,0.832,0.763,0.801
2023-07-15T13:00:00-05:00,0.827,0.842,0.767,0.82
2023-07-15T13:15:00-05:00,0.842,0.854,0.781,0.84
2023-07-15T13:30:00-05:00,0.851,0.863,0.794,0.856
2023-07-15T13:45:00-05:00,0.854,0.869,0.807,0.869
2023-07-15T14:00:00-05:00,0.849,0.874,0.825,0.889
2023-07-15T14:15:00-05:00,0.85,0.879,0.837,0.899
2023-07-15T14:30:00-05:00,0.854,0.886,0.848,0.907
2023-07-15T14:45:00-05:00,0.86,0.892,0.858,0.91
2023-07-15T15:00:00-05:00,0.872,0.907,0.868,0.906
2023-07-15T15:15:00-05:00,0.88,0.916,0.878,0.911
2023-07-15T15:30:00-05:00,0.891,0.922,0.891,0.92
2023-07-15T15:45:00-05:00,0.898,0.922,0.9,0.926
2023-07-15T16:00:00-05:00,0.908,0.915,0.916,0.946
2023-07-15T16:15:00-05:00,0.915,0.912,0.925,0.953
2023-07-15T16:30:00-05:00,0.921,0.911,0.927,0.952
2023-07-15T16:45:00-05:00,0.93,0.918,0.931,0.953
2023-07-15T17:00:00-05:00,0.942,0.926,0.922,0.943
2023-07-15T17:15:00-05:00,0.953,0.933,0.925,0.937
2023-07-15T17:30:00-05:00,0.958,0.935,0.928,0.93
2023-07-15T17:45:00-05:00,0.952,0.929,0.928,0.916
2023-07-15T18:00:00-05:00,0.938,0.92,0.934,0.898
2023-07-15T18:15:00-05:00,0.928,0.91,0.932,0.883
2023-07-15T18:30:00-05:00,0.919,0.901,0.93,0.872
2023-07-15T18:45:00-05:00,0.907,0.889,0.923,0.861
2023-07-15T19:00:00-05:00,0.906,0.884,0.931,0.871
2023-07-15T19:15:00-05:00,0.893,0.871,0.923,0.859
2023-07-15T19:30:00-05:00,0.877,0.854,0.907,0.836
2023-07-15T19:45:00-05:00,0.857,0.836,0.886,0.809
2023-07-15T20:00:00-05:00,0.838,0.822,0.854,0.765
2023-07-15T20:15:00-05:00,0.823,0.807,0.835,0.739
2023-07-15T20:30:00-05:00,0.811,0.793,0.822,0.721
2023-07-15T20:45:00-05:00,0.8,0.778,0.812,0.708
2023-07-15T21:00:00-05:00,0.792,0.761,0.809,0.709
2023-07-15T21:15:00-05:00,0.782,0.747,0.8,0.698
2023-07-15T21:30:00-05:00,0.77,0.734,0.793,0.686
2023-07-15T21:45:00-05:00,0.757,0.721,0.782,0.672
2023-07-15T22:00:00-05:00,0.75,0.718,0.785,0.661
2023-07-15T22:15:00-05:00,0.74,0.709,0.777,0.651
2023-07-15T22:30:00-05:00,0.725,0.696,0.758,0.638
2023-07-15T22:45:00-05:00,0.709,0.682,0.734,0.625
2023-07-15T23:00:00-05:00,0.697,0.672,0.704,0.62
2023-07-15T23:15:00-05:00,0.68,0.657,0.68,0.607
2023-07-15T23:30:00-05:00,0.661,0.639,0.658,0.591
2023-07-15T23:45:00-05:00,0.642,0.621,0.637,0.575
2023-07-16T00:00:00-05:00,0.581,0.602,0.581,0.604
2023-07-16T00:15:00-05:00,0.561,0.584,0.562,0.585
2023-07-16T00:30:00-05:00,0.545,0.57,0.546,0.568
2023-07-16T00:45:00-05:00,0.528,0.556,0.531,0.551
2023-07-16T01:00:00-05:00,0.506,0.544,0.515,0.53
2023-07-16T01:15:00-05:00,0.492,0.531,0.5,0.515
2023-07-16T01:30:00-05:00,0.478,0.52,0.484,0.502
2023-07-16T01:45:00-05:00,0.468,0.512,0.474,0.492
2023-07-16T02:00:00-05:00,0.454,0.497,0.448,0.481
2023-07-16T02:15:00-05:00,0.444,0.488,0.437,0.47
2023-07-16T02:30:00-05:00,0.433,0.478,0.426,0.458
2023-07-16T02:45:00-05:00,0.427,0.473,0.418,0.452
2023-07-16T03:00:00-05:00,0.413,0.461,0.409,0.432
2023-07-16T03:15:00-05:00,0.405,0.453,0.403,0.423
2023-07-16T03:30:00-05:00,0.399,0.448,0.4,0.417
2023-07-16T03:45:00-05:00,0.394,0.443,0.396,0.411
2023-07-16T04:00:00-05:00,0.381,0.429,0.396,0.406
2023-07-16T04:15:00-05:00,0.378,0.425,0.391,0.4
2023-07-16T04:30:00-05:00,0.376,0.421,0.388,0.395
2023-07-16T04:45:00-05:00,0.374,0.416,0.382,0.386
2023-07-16T05:00:00-05:00,0.38,0.411,0.36,0.361
2023-07-16T05:15:00-05:00,0.384,0.41,0.353,0.353
2023-07-16T05:30:00-05:00,0.383,0.405,0.345,0.344
2023-07-16T05:45:00-05:00,0.38,0.397,0.337,0.336
2023-07-16T06:00:00-05:00,0.371,0.384,0.332,0.34
2023-07-16T06:15:00-05:00,0.363,0.37,0.323,0.333
2023-07-16T06:30:00-05:00,0.354,0.358,0.317,0.325
2023-07-16T06:45:00-05:00,0.351,0.355,0.32,0.322
2023-07-16T07:00:00-05:00,0.351,0.359,0.331,0.315
2023-07-16T07:15:00-05:00,0.352,0.362,0.339,0.316
2023-07-16T07:30:00-05:00,0.358,0.375,0.352,0.327
2023-07-16T07:45:00-05:00,0.372,0.396,0.369,0.347
2023-07-16T08:00:00-05:00,0.389,0.419,0.382,0.373
2023-07-16T08:15:00-05:00,0.407,0.442,0.401,0.394
2023-07-16T08:30:00-05:00,0.42,0.459,0.415,0.408
2023-07-16T08:45:00-05:00,0.439,0.482,0.435,0.427
2023-07-16T09:00:00-05:00,0.46,0.511,0.46,0.443
2023-07-16T09:15:00-05:00,0.483,0.537,0.484,0.465
2023-07-16T09:30:00-05:00,0.504,0.556,0.503,0.486
2023-07-16T09:45:00-05:00,0.522,0.57,0.518,0.506
2023-07-16T10:00:00-05:00,0.538,0.585,0.536,0.539
2023-07-16T10:15:00-05:00,0.56,0.602,0.554,0.562
2023-07-16T10:30:00-05:00,0.589,0.618,0.573,0.578
2023-07-16T10:45:00-05:00,0.62,0.632,0.592,0.592
2023-07-16T11:00:00-05:00,0.663,0.648,0.61,0.593
2023-07-16T11:15:00-05:00,0.698,0.666,0.632,0.61
2023-07-16T11:30:00-05:00,0.726,0.684,0.653,0.629
2023-07-16T11:45:00-05:00,0.751,0.701,0.674,0.652
2023-07-16T12:00:00-05:00,0.774,0.725,0.698,0.681
2023-07-16T12:15:00-05:00,0.799,0.744,0.721,0.706
2023-07-16T12:30:00-05:00,0.819,0.757,0.742,0.73
2023-07-16T12:45:00-05:00,0.837,0.768,0.764,0.755
2023-07-16T13:00:00-05:00,0.858,0.774,0.784,0.781
2023-07-16T13:15:00-05:00,0.873,0.783,0.805,0.805
2023-07-16T13:30:00-05:00,0.88,0.788,0.822,0.823
2023-07-16T13:45:00-05:00,0.878,0.79,0.837,0.839
2023-07-16T14:00:00-05:00,0.865,0.786,0.857,0.86
2023-07-16T14:15:00-05:00,0.862,0.787,0.869,0.872
2023-07-16T14:30:00-05:00,0.864,0.792,0.878,0.879
2023-07-16T14:45:00-05:00,0.867,0.798,0.883,0.881
2023-07-16T15:00:00-05:00,0.879,0.818,0.885,0.873
2023-07-16T15:15:00-05:00,0.887,0.827,0.891,0.877
2023-07-16T15:30:00-05:00,0.898,0.831,0.899,0.885
2023-07-16T15:45:00-05:00,0.907,0.828,0.901,0.892
2023-07-16T16:00:00-05:00,0.92,0.81,0.908,0.912
2023-07-16T16:15:00-05:00,0.93,0.804,0.91,0.921
2023-07-16T16:30:00-05:00,0.938,0.806,0.91,0.924
2023-07-16T16:45:00-05:00,0.951,0.818,0.914,0.93
2023-07-16T17:00:00-05:00,0.976,0.847,0.907,0.928
2023-07-16T17:15:00-05:00,0.989,0.864,0.912,0.934
2023-07-16T17:30:00-05:00,0.99,0.872,0.918,0.937
2023-07-16T17:45:00-05:00,0.975,0.867,0.922,0.935
2023-07-16T18:00:00-05:00,0.937,0.85,0.935,0.931
2023-07-16T18:15:00-05:00,0.917,0.84,0.936,0.925
2023-07-16T18:30:00-05:00,0.902,0.833,0.937,0.921
2023-07-16T18:45:00-05:00,0.888,0.822,0.931,0.914
2023-07-16T19:00:00-05:00,0.884,0.82,0.933,0.921
2023-07-16T19:15:00-05:00,0.869,0.809,0.928,0.912
2023-07-16T19:30:00-05:00,0.855,0.796,0.92,0.898
2023-07-16T19:45:00-05:00,0.841,0.781,0.909,0.877
2023-07-16T20:00:00-05:00,0.838,0.769,0.903,0.849
2023-07-16T20:15:00-05:00,0.829,0.758,0.897,0.833
2023-07-16T20:30:00-05:00,0.819,0.749,0.889,0.82
2023-07-16T20:45:00-05:00,0.807,0.738,0.878,0.81
2023-07-16T21:00:00-05:00,0.797,0.737,0.87,0.813
2023-07-16T21:15:00-05:00,0.785,0.727,0.859,0.804
2023-07-16T21:30:00-05:00,0.767,0.708,0.842,0.79
2023-07-16T21:45:00-05:00,0.745,0.683,0.82,0.77
2023-07-16T22:00:00-05:00,0.725,0.654,0.811,0.759
2023-07-16T22:15:00-05:00,0.708,0.633,0.79,0.741
2023-07-16T22:30:00-05:00,0.689,0.613,0.761,0.718
2023-07-16T22:45:00-05:00,0.671,0.595,0.725,0.69
2023-07-16T23:00:00-05:00,0.661,0.586,0.681,0.66
2023-07-16T23:15:00-05:00,0.644,0.569,0.65,0.635
2023-07-16T23:30:00-05:00,0.626,0.552,0.624,0.613
2023-07-16T23:45:00-05:00,0.607,0.536,0.601,0.592
2023-07-17T00:00:00-05:00,0.556,0.516,0.574,0.589
2023-07-17T00:15:00-05:00,0.538,0.5,0.552,0.571
2023-07-17T00:30:00-05:00,0.522,0.487,0.534,0.556
2023-07-17T00:45:00-05:00,0.507,0.473,0.514,0.541
2023-07-17T01:00:00-05:00,0.487,0.457,0.487,0.528
2023-07-17T01:15:00-05:00,0.474,0.446,0.47,0.514
2023-07-17T01:30:00-05:00,0.461,0.438,0.453,0.501
2023-07-17T01:45:00-05:00,0.452,0.431,0.441,0.492
2023-07-17T02:00:00-05:00,0.438,0.426,0.418,0.474
2023-07-17T02:15:00-05:00,0.43,0.419,0.41,0.463
2023-07-17T02:30:00-05:00,0.42,0.411,0.402,0.451
2023-07-17T02:45:00-05:00,0.415,0.408,0.396,0.445
2023-07-17T03:00:00-05:00,0.404,0.397,0.396,0.431
2023-07-17T03:15:00-05:00,0.397,0.39,0.393,0.421
2023-07-17T03:30:00-05:00,0.392,0.385,0.39,0.414
2023-07-17T03:45:00-05:00,0.388,0.381,0.389,0.408
2023-07-17T04:00:00-05:00,0.373,0.368,0.384,0.385
2023-07-17T04:15:00-05:00,0.371,0.364,0.381,0.38
2023-07-17T04:30:00-05:00,0.371,0.362,0.379,0.374
2023-07-17T04:45:00-05:00,0.371,0.359,0.376,0.366
2023-07-17T05:00:00-05:00,0.386,0.357,0.363,0.358
2023-07-17T05:15:00-05:00,0.394,0.359,0.363,0.357
2023-07-17T05:30:00-05:00,0.397,0.359,0.363,0.355
2023-07-17T05:45:00-05:00,0.397,0.359,0.365,0.356
2023-07-17T06:00:00-05:00,0.392,0.365,0.389,0.372
2023-07-17T06:15:00-05:00,0.388,0.369,0.401,0.379
2023-07-17T06:30:00-05:00,0.379,0.37,0.402,0.38
2023-07-17T06:45:00-05:00,0.372,0.376,0.4,0.382
2023-07-17T07:00:00-05:00,0.365,0.385,0.398,0.381
2023-07-17T07:15:00-05:00,0.359,0.387,0.387,0.378
2023-07-17T07:30:00-05:00,0.356,0.388,0.368,0.374
2023-07-17T07:45:00-05:00,0.362,0.39,0.354,0.375
2023-07-17T08:00:00-05:00,0.377,0.389,0.346,0.38
2023-07-17T08:15:00-05:00,0.39,0.399,0.344,0.388
2023-07-17T08:30:00-05:00,0.4,0.408,0.345,0.394
2023-07-17T08:45:00-05:00,0.414,0.423,0.351,0.404
2023-07-17T09:00:00-05:00,0.427,0.445,0.36,0.411
2023-07-17T09:15:00-05:00,0.446,0.465,0.371,0.426
2023-07-17T09:30:00-05:00,0.466,0.482,0.384,0.444
2023-07-17T09:45:00-05:00,0.484,0.495,0.397,0.463
2023-07-17T10:00:00-05:00,0.512,0.512,0.415,0.496
2023-07-17T10:15:00-05:00,0.534,0.529,0.432,0.519
2023-07-17T10:30:00-05:00,0.557,0.547,0.454,0.539
2023-07-17T10:45:00-05:00,0.578,0.564,0.478,0.557
2023-07-17T11:00:00-05:00,0.602,0.582,0.507,0.567
2023-07-17T11:15:00-05:00,0.626,0.603,0.533,0.588
2023-07-17T11:30:00-05:00,0.645,0.623,0.558,0.61
2023-07-17T11:45:00-05:00,0.663,0.643,0.583,0.635
2023-07-17T12:00:00-05:00,0.681,0.666,0.609,0.673
2023-07-17T12:15:00-05:00,0.699,0.687,0.634,0.698
2023-07-17T12:30:00-05:00,0.714,0.708,0.655,0.717
2023-07-17T12:45:00-05:00,0.728,0.729,0.675,0.732
2023-07-17T13:00:00-05:00,0.745,0.746,0.692,0.734
2023-07-17T13:15:00-05:00,0.757,0.767,0.71,0.747
2023-07-17T13:30:00-05:00,0.763,0.786,0.726,0.759
2023-07-17T13:45:00-05:00,0.763,0.805,0.739,0.772
2023-07-17T14:00:00-05:00,0.747,0.825,0.751,0.792
2023-07-17T14:15:00-05:00,0.746,0.842,0.762,0.803
2023-07-17T14:30:00-05:00,0.756,0.862,0.776,0.811
2023-07-17T14:45:00-05:00,0.772,0.883,0.791,0.816
2023-07-17T15:00:00-05:00,0.807,0.907,0.809,0.814
2023-07-17T15:15:00-05:00,0.824,0.926,0.823,0.821
2023-07-17T15:30:00-05:00,0.84,0.946,0.84,0.832
2023-07-17T15:45:00-05:00,0.851,0.964,0.854,0.843
2023-07-17T16:00:00-05:00,0.854,0.977,0.871,0.863
2023-07-17T16:15:00-05:00,0.863,0.994,0.883,0.875
2023-07-17T16:30:00-05:00,0.871,1.008,0.891,0.885
2023-07-17T16:45:00-05:00,0.884,1.025,0.899,0.897
2023-07-17T17:00:00-05:00,0.902,1.049,0.892,0.906
2023-07-17T17:15:00-05:00,0.921,1.075,0.906,0.923
2023-07-17T17:30:00-05:00,0.932,1.089,0.92,0.935
2023-07-17T17:45:00-05:00,0.932,1.091,0.933,0.939
2023-07-17T18:00:00-05:00,0.924,1.084,0.961,0.944
2023-07-17T18:15:00-05:00,0.92,1.079,0.97,0.943
2023-07-17T18:30:00-05:00,0.917,1.072,0.974,0.94
2023-07-17T18:45:00-05:00,0.91,1.057,0.969,0.929
2023-07-17T19:00:00-05:00,0.911,1.045,0.962,0.925
2023-07-17T19:15:00-05:00,0.904,1.029,0.955,0.912
2023-07-17T19:30:00-05:00,0.897,1.011,0.948,0.893
2023-07-17T19:45:00-05:00,0.886,0.992,0.937,0.871
2023-07-17T20:00:00-05:00,0.887,0.979,0.936,0.841
2023-07-17T20:15:00-05:00,0.881,0.966,0.93,0.823
2023-07-17T20:30:00-05:00,0.871,0.954,0.922,0.811
2023-07-17T20:45:00-05:00,0.857,0.94,0.909,0.803
2023-07-17T21:00:00-05:00,0.84,0.936,0.894,0.814
2023-07-17T21:15:00-05:00,0.825,0.924,0.881,0.807
2023-07-17T21:30:00-05:00,0.805,0.903,0.863,0.793
2023-07-17T21:45:00-05:00,0.783,0.875,0.842,0.77
2023-07-17T22:00:00-05:00,0.763,0.851,0.836,0.75
2023-07-17T22:15:00-05:00,0.745,0.827,0.816,0.73
2023-07-17T22:30:00-05:00,0.725,0.801,0.788,0.706
2023-07-17T22:45:00-05:00,0.707,0.773,0.751,0.681
2023-07-17T23:00:00-05:00,0.697,0.749,0.707,0.657
2023-07-17T23:15:00-05:00,0.679,0.724,0.676,0.634
2023-07-17T23:30:00-05:00,0.66,0.701,0.65,0.613
2023-07-17T23:45:00-05:00,0.64,0.678,0.626,0.593
2023-07-18T00:00:00-05:00,0.571,0.616,0.586,0.601
2023-07-18T00:15:00-05:00,0.552,0.597,0.565,0.583
2023-07-18T00:30:00-05:00,0.535,0.581,0.547,0.567
2023-07-18T00:45:00-05:00,0.519,0.566,0.529,0.552
2023-07-18T01:00:00-05:00,0.499,0.548,0.504,0.537
2023-07-18T01:15:00-05:00,0.485,0.535,0.488,0.523
2023-07-18T01:30:00-05:00,0.471,0.524,0.472,0.51
2023-07-18T01:45:00-05:00,0.461,0.516,0.46,0.501
2023-07-18T02:00:00-05:00,0.444,0.508,0.439,0.485
2023-07-18T02:15:00-05:00,0.434,0.499,0.43,0.474
2023-07-18T02:30:00-05:00,0.423,0.489,0.421,0.462
2023-07-18T02:45:00-05:00,0.417,0.484,0.414,0.456
2023-07-18T03:00:00-05:00,0.403,0.471,0.411,0.438
2023-07-18T03:15:00-05:00,0.396,0.462,0.406,0.429
2023-07-18T03:30:00-05:00,0.392,0.456,0.402,0.423
2023-07-18T03:45:00-05:00,0.388,0.451,0.4,0.417
2023-07-18T04:00:00-05:00,0.379,0.432,0.392,0.406
2023-07-18T04:15:00-05:00,0.378,0.428,0.388,0.401
2023-07-18T04:30:00-05:00,0.38,0.424,0.387,0.398
2023-07-18T04:45:00-05:00,0.382,0.419,0.383,0.392
2023-07-18T05:00:00-05:00,0.399,0.415,0.374,0.381
2023-07-18T05:15:00-05:00,0.41,0.416,0.375,0.38
2023-07-18T05:30:00-05:00,0.414,0.415,0.375,0.378
2023-07-18T05:45:00-05:00,0.416,0.415,0.376,0.377
2023-07-18T06:00:00-05:00,0.411,0.425,0.393,0.394
2023-07-18T06:15:00-05:00,0.409,0.43,0.401,0.4
2023-07-18T06:30:00-05:00,0.4,0.429,0.399,0.398
2023-07-18T06:45:00-05:00,0.394,0.431,0.396,0.397
2023-07-18T07:00:00-05:00,0.387,0.433,0.394,0.39
2023-07-18T07:15:00-05:00,0.379,0.431,0.383,0.384
2023-07-18T07:30:00-05:00,0.373,0.428,0.368,0.377
2023-07-18T07:45:00-05:00,0.376,0.429,0.357,0.377
2023-07-18T08:00:00-05:00,0.387,0.433,0.356,0.387
2023-07-18T08:15:00-05:00,0.398,0.443,0.357,0.395
2023-07-18T08:30:00-05:00,0.407,0.451,0.358,0.399
2023-07-18T08:45:00-05:00,0.422,0.465,0.364,0.409
2023-07-18T09:00:00-05:00,0.439,0.482,0.368,0.415
2023-07-18T09:15:00-05:00,0.459,0.501,0.378,0.428
2023-07-18T09:30:00-05:00,0.478,0.516,0.39,0.442
2023-07-18T09:45:00-05:00,0.496,0.53,0.403,0.455
2023-07-18T10:00:00-05:00,0.518,0.549,0.422,0.479
2023-07-18T10:15:00-05:00,0.539,0.566,0.439,0.496
2023-07-18T10:30:00-05:00,0.565,0.584,0.459,0.513
2023-07-18T10:45:00-05:00,0.591,0.602,0.48,0.528
2023-07-18T11:00:00-05:00,0.627,0.621,0.504,0.537
2023-07-18T11:15:00-05:00,0.655,0.642,0.528,0.556
2023-07-18T11:30:00-05:00,0.677,0.662,0.55,0.578
2023-07-18T11:45:00-05:00,0.695,0.681,0.573,0.603
2023-07-18T12:00:00-05:00,0.712,0.702,0.6,0.64
2023-07-18T12:15:00-05:00,0.73,0.723,0.623,0.666
2023-07-18T12:30:00-05:00,0.741,0.742,0.641,0.687
2023-07-18T12:45:00-05:00,0.751,0.763,0.658,0.706
2023-07-18T13:00:00-05:00,0.755,0.781,0.668,0.716
2023-07-18T13:15:00-05:00,0.763,0.801,0.683,0.734
2023-07-18T13:30:00-05:00,0.767,0.819,0.696,0.75
2023-07-18T13:45:00-05:00,0.768,0.837,0.708,0.767
2023-07-18T14:00:00-05:00,0.76,0.861,0.718,0.789
2023-07-18T14:15:00-05:00,0.761,0.876,0.729,0.803
2023-07-18T14:30:00-05:00,0.769,0.889,0.744,0.817
2023-07-18T14:45:00-05:00,0.781,0.898,0.761,0.828
2023-07-18T15:00:00-05:00,0.807,0.902,0.781,0.835
2023-07-18T15:15:00-05:00,0.821,0.912,0.798,0.846
2023-07-18T15:30:00-05:00,0.836,0.925,0.818,0.863
2023-07-18T15:45:00-05:00,0.847,0.938,0.837,0.879
2023-07-18T16:00:00-05:00,0.854,0.958,0.861,0.904
2023-07-18T16:15:00-05:00,0.864,0.97,0.88,0.921
2023-07-18T16:30:00-05:00,0.873,0.977,0.892,0.932
2023-07-18T16:45:00-05:00,0.887,0.987,0.902,0.944
2023-07-18T17:00:00-05:00,0.907,0.985,0.901,0.949
2023-07-18T17:15:00-05:00,0.926,0.998,0.916,0.964
2023-07-18T17:30:00-05:00,0.936,1.009,0.929,0.975
2023-07-18T17:45:00-05:00,0.936,1.016,0.938,0.977
2023-07-18T18:00:00-05:00,0.925,1.034,0.95,0.98
2023-07-18T18:15:00-05:00,0.919,1.036,0.955,0.978
2023-07-18T18:30:00-05:00,0.915,1.034,0.958,0.974
2023-07-18T18:45:00-05:00,0.908,1.022,0.955,0.962
2023-07-18T19:00:00-05:00,0.909,1.008,0.959,0.959
2023-07-18T19:15:00-05:00,0.902,0.994,0.956,0.946
2023-07-18T19:30:00-05:00,0.893,0.98,0.95,0.927
2023-07-18T19:45:00-05:00,0.881,0.964,0.939,0.904
2023-07-18T20:00:00-05:00,0.875,0.956,0.932,0.877
2023-07-18T20:15:00-05:00,0.869,0.946,0.927,0.858
2023-07-18T20:30:00-05:00,0.862,0.936,0.921,0.844
2023-07-18T20:45:00-05:00,0.852,0.923,0.913,0.832
2023-07-18T21:00:00-05:00,0.85,0.916,0.91,0.832
2023-07-18T21:15:00-05:00,0.84,0.903,0.902,0.822
2023-07-18T21:30:00-05:00,0.825,0.886,0.89,0.806
2023-07-18T21:45:00-05:00,0.802,0.863,0.872,0.786
2023-07-18T22:00:00-05:00,0.779,0.844,0.866,0.774
2023-07-18T22:15:00-05:00,0.761,0.825,0.849,0.755
2023-07-18T22:30:00-05:00,0.741,0.803,0.824,0.731
2023-07-18T22:45:00-05:00,0.723,0.779,0.791,0.702
2023-07-18T23:00:00-05:00,0.713,0.76,0.753,0.671
2023-07-18T23:15:00-05:00,0.695,0.738,0.724,0.645
2023-07-18T23:30:00-05:00,0.675,0.715,0.698,0.623
2023-07-18T23:45:00-05:00,0.656,0.693,0.674,0.601
2023-07-19T00:00:00-05:00,0.572,0.666,0.596,0.631
2023-07-19T00:15:00-05:00,0.553,0.646,0.574,0.612
2023-07-19T00:30:00-05:00,0.536,0.63,0.556,0.596
2023-07-19T00:45:00-05:00,0.52,0.614,0.537,0.58
2023-07-19T01:00:00-05:00,0.5,0.599,0.512,0.565
2023-07-19T01:15:00-05:00,0.485,0.585,0.496,0.551
2023-07-19T01:30:00-05:00,0.471,0.573,0.48,0.537
2023-07-19T01:45:00-05:00,0.462,0.564,0.469,0.528
2023-07-19T02:00:00-05:00,0.445,0.552,0.448,0.512
2023-07-19T02:15:00-05:00,0.435,0.542,0.44,0.501
2023-07-19T02:30:00-05:00,0.425,0.53,0.43,0.489
2023-07-19T02:45:00-05:00,0.419,0.525,0.424,0.482
2023-07-19T03:00:00-05:00,0.405,0.508,0.421,0.465
2023-07-19T03:15:00-05:00,0.398,0.498,0.415,0.455
2023-07-19T03:30:00-05:00,0.394,0.492,0.412,0.449
2023-07-19T03:45:00-05:00,0.389,0.487,0.409,0.443
2023-07-19T04:00:00-05:00,0.38,0.471,0.4,0.428
2023-07-19T04:15:00-05:00,0.379,0.466,0.397,0.423
2023-07-19T04:30:00-05:00,0.381,0.462,0.395,0.419
2023-07-19T04:45:00-05:00,0.382,0.456,0.391,0.412
2023-07-19T05:00:00-05:00,0.399,0.448,0.383,0.399
2023-07-19T05:15:00-05:00,0.409,0.448,0.383,0.397
2023-07-19T05:30:00-05:00,0.413,0.444,0.383,0.394
2023-07-19T05:45:00-05:00,0.414,0.44,0.384,0.393
2023-07-19T06:00:00-05:00,0.41,0.442,0.401,0.411
2023-07-19T06:15:00-05:00,0.407,0.438,0.408,0.417
2023-07-19T06:30:00-05:00,0.398,0.432,0.406,0.414
2023-07-19T06:45:00-05:00,0.391,0.43,0.403,0.411
2023-07-19T07:00:00-05:00,0.386,0.441,0.401,0.402
2023-07-19T07:15:00-05:00,0.378,0.438,0.391,0.395
2023-07-19T07:30:00-05:00,0.373,0.433,0.375,0.389
2023-07-19T07:45:00-05:00,0.376,0.432,0.364,0.39
2023-07-19T08:00:00-05:00,0.387,0.433,0.363,0.402
2023-07-19T08:15:00-05:00,0.399,0.442,0.363,0.411
2023-07-19T08:30:00-05:00,0.408,0.451,0.364,0.417
2023-07-19T08:45:00-05:00,0.423,0.468,0.369,0.428
2023-07-19T09:00:00-05:00,0.441,0.493,0.373,0.436
2023-07-19T09:15:00-05:00,0.461,0.514,0.382,0.45
2023-07-19T09:30:00-05:00,0.48,0.531,0.394,0.465
2023-07-19T09:45:00-05:00,0.498,0.545,0.407,0.48
2023-07-19T10:00:00-05:00,0.52,0.565,0.426,0.504
2023-07-19T10:15:00-05:00,0.542,0.582,0.442,0.523
2023-07-19T10:30:00-05:00,0.567,0.598,0.463,0.54
2023-07-19T10:45:00-05:00,0.592,0.613,0.483,0.555
2023-07-19T11:00:00-05:00,0.625,0.625,0.506,0.563
2023-07-19T11:15:00-05:00,0.653,0.643,0.529,0.582
2023-07-19T11:30:00-05:00,0.674,0.662,0.552,0.603
2023-07-19T11:45:00-05:00,0.692,0.682,0.574,0.628
2023-07-19T12:00:00-05:00,0.71,0.706,0.602,0.665
2023-07-19T12:15:00-05:00,0.729,0.728,0.625,0.691
2023-07-19T12:30:00-05:00,0.741,0.747,0.643,0.711
2023-07-19T12:45:00-05:00,0.75,0.766,0.659,0.728
2023-07-19T13:00:00-05:00,0.754,0.782,0.667,0.736
2023-07-19T13:15:00-05:00,0.762,0.801,0.682,0.751
2023-07-19T13:30:00-05:00,0.766,0.817,0.695,0.765
2023-07-19T13:45:00-05:00,0.768,0.831,0.707,0.777
2023-07-19T14:00:00-05:00,0.761,0.85,0.719,0.794
2023-07-19T14:15:00-05:00,0.762,0.862,0.73,0.805
2023-07-19T14:30:00-05:00,0.77,0.874,0.744,0.816
2023-07-19T14:45:00-05:00,0.783,0.884,0.759,0.825
2023-07-19T15:00:00-05:00,0.809,0.893,0.776,0.832
2023-07-19T15:15:00-05:00,0.823,0.904,0.79,0.842
2023-07-19T15:30:00-05:00,0.837,0.918,0.809,0.857
2023-07-19T15:45:00-05:00,0.848,0.93,0.828,0.871
2023-07-19T16:00:00-05:00,0.853,0.948,0.853,0.893
2023-07-19T16:15:00-05:00,0.863,0.96,0.871,0.907
2023-07-19T16:30:00-05:00,0.872,0.968,0.882,0.916
2023-07-19T16:45:00-05:00,0.885,0.978,0.891,0.926
2023-07-19T17:00:00-05:00,0.906,0.979,0.885,0.93
2023-07-19T17:15:00-05:00,0.925,0.993,0.898,0.943
2023-07-19T17:30:00-05:00,0.936,1.004,0.911,0.952
2023-07-19T17:45:00-05:00,0.936,1.01,0.92,0.953
2023-07-19T18:00:00-05:00,0.926,1.024,0.936,0.953
2023-07-19T18:15:00-05:00,0.921,1.025,0.942,0.95
2023-07-19T18:30:00-05:00,0.917,1.021,0.946,0.946
2023-07-19T18:45:00-05:00,0.91,1.008,0.943,0.935
2023-07-19T19:00:00-05:00,0.911,0.995,0.947,0.936
2023-07-19T19:15:00-05:00,0.904,0.98,0.944,0.923
2023-07-19T19:30:00-05:00,0.895,0.964,0.938,0.905
2023-07-19T19:45:00-05:00,0.884,0.947,0.927,0.881
2023-07-19T20:00:00-05:00,0.878,0.936,0.92,0.849
2023-07-19T20:15:00-05:00,0.872,0.924,0.915,0.829
2023-07-19T20:30:00-05:00,0.865,0.912,0.909,0.815
2023-07-19T20:45:00-05:00,0.856,0.9,0.901,0.805
2023-07-19T21:00:00-05:00,0.853,0.894,0.898,0.809
2023-07-19T21:15:00-05:00,0.844,0.882,0.889,0.8
2023-07-19T21:30:00-05:00,0.828,0.863,0.878,0.786
2023-07-19T21:45:00-05:00,0.807,0.839,0.861,0.766
2023-07-19T22:00:00-05:00,0.784,0.819,0.856,0.754
2023-07-19T22:15:00-05:00,0.767,0.799,0.841,0.736
2023-07-19T22:30:00-05:00,0.747,0.776,0.816,0.712
2023-07-19T22:45:00-05:00,0.728,0.752,0.785,0.684
2023-07-19T23:00:00-05:00,0.718,0.734,0.748,0.655
2023-07-19T23:15:00-05:00,0.699,0.713,0.719,0.63
2023-07-19T23:30:00-05:00,0.68,0.691,0.694,0.608
2023-07-19T23:45:00-05:00,0.66,0.67,0.671,0.588
2023-07-20T00:00:00-05:00,0.569,0.664,0.584,0.622
2023-07-20T00:15:00-05:00,0.55,0.645,0.564,0.602
2023-07-20T00:30:00-05:00,0.534,0.629,0.546,0.586
2023-07-20T00:45:00-05:00,0.518,0.614,0.528,0.57
2023-07-20T01:00:00-05:00,0.499,0.601,0.505,0.553
2023-07-20T01:15:00-05:00,0.485,0.587,0.489,0.538
2023-07-20T01:30:00-05:00,0.47,0.574,0.474,0.524
2023-07-20T01:45:00-05:00,0.461,0.565,0.463,0.515
2023-07-20T02:00:00-05:00,0.443,0.55,0.443,0.498
2023-07-20T02:15:00-05:00,0.433,0.539,0.434,0.486
2023-07-20T02:30:00-05:00,0.422,0.528,0.425,0.474
2023-07-20T02:45:00-05:00,0.416,0.522,0.419,0.467
2023-07-20T03:00:00-05:00,0.404,0.508,0.414,0.45
2023-07-20T03:15:00-05:00,0.397,0.499,0.408,0.44
2023-07-20T03:30:00-05:00,0.393,0.493,0.405,0.434
2023-07-20T03:45:00-05:00,0.389,0.488,0.402,0.428
2023-07-20T04:00:00-05:00,0.38,0.475,0.394,0.414
2023-07-20T04:15:00-05:00,0.378,0.471,0.391,0.409
2023-07-20T04:30:00-05:00,0.379,0.467,0.389,0.405
2023-07-20T04:45:00-05:00,0.38,0.461,0.386,0.398
2023-07-20T05:00:00-05:00,0.394,0.452,0.378,0.386
2023-07-20T05:15:00-05:00,0.403,0.451,0.379,0.385
2023-07-20T05:30:00-05:00,0.406,0.446,0.379,0.382
2023-07-20T05:45:00-05:00,0.408,0.441,0.38,0.382
2023-07-20T06:00:00-05:00,0.405,0.44,0.398,0.4
2023-07-20T06:15:00-05:00,0.403,0.433,0.406,0.407
2023-07-20T06:30:00-05:00,0.395,0.424,0.405,0.405
2023-07-20T06:45:00-05:00,0.389,0.422,0.403,0.403
2023-07-20T07:00:00-05:00,0.386,0.432,0.402,0.392
2023-07-20T07:15:00-05:00,0.378,0.43,0.392,0.385
2023-07-20T07:30:00-05:00,0.371,0.426,0.377,0.379
2023-07-20T07:45:00-05:00,0.372,0.427,0.366,0.38
2023-07-20T08:00:00-05:00,0.38,0.43,0.364,0.392
2023-07-20T08:15:00-05:00,0.39,0.44,0.364,0.401
2023-07-20T08:30:00-05:00,0.399,0.45,0.365,0.407
2023-07-20T08:45:00-05:00,0.415,0.467,0.37,0.417
2023-07-20T09:00:00-05:00,0.436,0.493,0.374,0.426
2023-07-20T09:15:00-05:00,0.457,0.515,0.383,0.44
2023-07-20T09:30:00-05:00,0.476,0.531,0.395,0.455
2023-07-20T09:45:00-05:00,0.492,0.544,0.407,0.47
2023-07-20T10:00:00-05:00,0.511,0.56,0.427,0.493
2023-07-20T10:15:00-05:00,0.531,0.577,0.443,0.511
2023-07-20T10:30:00-05:00,0.556,0.591,0.461,0.53
2023-07-20T10:45:00-05:00,0.58,0.604,0.478,0.547
2023-07-20T11:00:00-05:00,0.614,0.615,0.498,0.561
2023-07-20T11:15:00-05:00,0.642,0.633,0.519,0.582
2023-07-20T11:30:00-05:00,0.662,0.65,0.538,0.605
2023-07-20T11:45:00-05:00,0.68,0.669,0.558,0.631
2023-07-20T12:00:00-05:00,0.696,0.693,0.579,0.668
2023-07-20T12:15:00-05:00,0.713,0.714,0.599,0.694
2023-07-20T12:30:00-05:00,0.724,0.733,0.616,0.715
2023-07-20T12:45:00-05:00,0.732,0.751,0.632,0.732
2023-07-20T13:00:00-05:00,0.734,0.767,0.645,0.741
2023-07-20T13:15:00-05:00,0.741,0.785,0.661,0.756
2023-07-20T13:30:00-05:00,0.745,0.8,0.674,0.77
2023-07-20T13:45:00-05:00,0.748,0.813,0.686,0.782
2023-07-20T14:00:00-05:00,0.745,0.828,0.696,0.797
2023-07-20T14:15:00-05:00,0.747,0.839,0.707,0.808
2023-07-20T14:30:00-05:00,0.756,0.851,0.721,0.819
2023-07-20T14:45:00-05:00,0.767,0.861,0.737,0.828
2023-07-20T15:00:00-05:00,0.791,0.872,0.756,0.835
2023-07-20T15:15:00-05:00,0.804,0.883,0.771,0.846
2023-07-20T15:30:00-05:00,0.817,0.895,0.789,0.86
2023-07-20T15:45:00-05:00,0.827,0.906,0.807,0.874
2023-07-20T16:00:00-05:00,0.833,0.919,0.829,0.897
2023-07-20T16:15:00-05:00,0.841,0.928,0.845,0.911
2023-07-20T16:30:00-05:00,0.849,0.934,0.855,0.92
2023-07-20T16:45:00-05:00,0.861,0.943,0.864,0.929
2023-07-20T17:00:00-05:00,0.878,0.943,0.862,0.931
2023-07-20T17:15:00-05:00,0.895,0.955,0.876,0.942
2023-07-20T17:30:00-05:00,0.904,0.966,0.887,0.949
2023-07-20T17:45:00-05:00,0.904,0.972,0.894,0.948
2023-07-20T18:00:00-05:00,0.896,0.988,0.905,0.947
2023-07-20T18:15:00-05:00,0.891,0.99,0.909,0.943
2023-07-20T18:30:00-05:00,0.887,0.987,0.912,0.938
2023-07-20T18:45:00-05:00,0.879,0.974,0.91,0.928
2023-07-20T19:00:00-05:00,0.877,0.961,0.916,0.93
2023-07-20T19:15:00-05:00,0.868,0.947,0.913,0.918
2023-07-20T19:30:00-05:00,0.86,0.931,0.907,0.899
2023-07-20T19:45:00-05:00,0.849,0.913,0.896,0.876
2023-07-20T20:00:00-05:00,0.844,0.9,0.886,0.845
2023-07-20T20:15:00-05:00,0.838,0.888,0.879,0.825
2023-07-20T20:30:00-05:00,0.834,0.877,0.874,0.811
2023-07-20T20:45:00-05:00,0.827,0.866,0.867,0.798
2023-07-20T21:00:00-05:00,0.829,0.863,0.868,0.797
2023-07-20T21:15:00-05:00,0.822,0.852,0.861,0.786
2023-07-20T21:30:00-05:00,0.809,0.835,0.849,0.771
2023-07-20T21:45:00-05:00,0.789,0.811,0.83,0.751
2023-07-20T22:00:00-05:00,0.768,0.79,0.819,0.742
2023-07-20T22:15:00-05:00,0.751,0.77,0.802,0.724
2023-07-20T22:30:00-05:00,0.731,0.748,0.777,0.701
2023-07-20T22:45:00-05:00,0.71,0.726,0.747,0.672
2023-07-20T23:00:00-05:00,0.696,0.71,0.713,0.64
2023-07-20T23:15:00-05:00,0.677,0.689,0.686,0.615
2023-07-20T23:30:00-05:00,0.657,0.669,0.662,0.593
2023-07-20T23:45:00-05:00,0.637,0.648,0.64,0.572
2023-07-21T00:00:00-05:00,0.555,0.617,0.583,0.621
2023-07-21T00:15:00-05:00,0.538,0.6,0.561,0.6
2023-07-21T00:30:00-05:00,0.523,0.586,0.541,0.583
2023-07-21T00:45:00-05:00,0.509,0.573,0.52,0.565
2023-07-21T01:00:00-05:00,0.495,0.562,0.49,0.543
2023-07-21T01:15:00-05:00,0.482,0.55,0.473,0.528
2023-07-21T01:30:00-05:00,0.468,0.539,0.454,0.514
2023-07-21T01:45:00-05:00,0.459,0.531,0.441,0.504
2023-07-21T02:00:00-05:00,0.436,0.518,0.417,0.489
2023-07-21T02:15:00-05:00,0.425,0.507,0.408,0.479
2023-07-21T02:30:00-05:00,0.415,0.496,0.398,0.467
2023-07-21T02:45:00-05:00,0.407,0.49,0.391,0.461
2023-07-21T03:00:00-05:00,0.395,0.472,0.389,0.447
2023-07-21T03:15:00-05:00,0.388,0.463,0.384,0.438
2023-07-21T03:30:00-05:00,0.384,0.458,0.381,0.432
2023-07-21T03:45:00-05:00,0.38,0.453,0.379,0.426
2023-07-21T04:00:00-05:00,0.371,0.445,0.374,0.411
2023-07-21T04:15:00-05:00,0.37,0.441,0.371,0.406
2023-07-21T04:30:00-05:00,0.37,0.438,0.37,0.401
2023-07-21T04:45:00-05:00,0.37,0.433,0.367,0.395
2023-07-21T05:00:00-05:00,0.38,0.425,0.356,0.381
2023-07-21T05:15:00-05:00,0.387,0.424,0.357,0.38
2023-07-21T05:30:00-05:00,0.39,0.42,0.357,0.378
2023-07-21T05:45:00-05:00,0.393,0.416,0.359,0.378
2023-07-21T06:00:00-05:00,0.4,0.413,0.38,0.4
2023-07-21T06:15:00-05:00,0.404,0.407,0.391,0.409
2023-07-21T06:30:00-05:00,0.399,0.401,0.392,0.407
2023-07-21T06:45:00-05:00,0.394,0.402,0.393,0.402
2023-07-21T07:00:00-05:00,0.388,0.418,0.392,0.385
2023-07-21T07:15:00-05:00,0.378,0.419,0.384,0.375
2023-07-21T07:30:00-05:00,0.367,0.419,0.369,0.366
2023-07-21T07:45:00-05:00,0.363,0.42,0.358,0.366
2023-07-21T08:00:00-05:00,0.361,0.422,0.352,0.378
2023-07-21T08:15:00-05:00,0.368,0.432,0.352,0.387
2023-07-21T08:30:00-05:00,0.38,0.439,0.354,0.395
2023-07-21T08:45:00-05:00,0.399,0.453,0.361,0.409
2023-07-21T09:00:00-05:00,0.434,0.47,0.37,0.427
2023-07-21T09:15:00-05:00,0.459,0.489,0.382,0.445
2023-07-21T09:30:00-05:00,0.479,0.506,0.395,0.459
2023-07-21T09:45:00-05:00,0.495,0.521,0.407,0.472
2023-07-21T10:00:00-05:00,0.508,0.545,0.425,0.488
2023-07-21T10:15:00-05:00,0.527,0.564,0.441,0.504
2023-07-21T10:30:00-05:00,0.55,0.579,0.46,0.52
2023-07-21T10:45:00-05:00,0.573,0.592,0.479,0.534
2023-07-21T11:00:00-05:00,0.606,0.6,0.504,0.545
2023-07-21T11:15:00-05:00,0.633,0.615,0.526,0.563
2023-07-21T11:30:00-05:00,0.653,0.631,0.544,0.585
2023-07-21T11:45:00-05:00,0.671,0.648,0.561,0.61
2023-07-21T12:00:00-05:00,0.685,0.669,0.575,0.646
2023-07-21T12:15:00-05:00,0.703,0.688,0.592,0.671
2023-07-21T12:30:00-05:00,0.718,0.704,0.607,0.691
2023-07-21T12:45:00-05:00,0.734,0.721,0.624,0.708
2023-07-21T13:00:00-05:00,0.752,0.733,0.637,0.712
2023-07-21T13:15:00-05:00,0.765,0.75,0.653,0.728
2023-07-21T13:30:00-05:00,0.773,0.764,0.668,0.742
2023-07-21T13:45:00-05:00,0.776,0.779,0.683,0.758
2023-07-21T14:00:00-05:00,0.766,0.797,0.701,0.785
2023-07-21T14:15:00-05:00,0.768,0.81,0.714,0.798
2023-07-21T14:30:00-05:00,0.78,0.824,0.73,0.808
2023-07-21T14:45:00-05:00,0.798,0.837,0.747,0.812
2023-07-21T15:00:00-05:00,0.83,0.849,0.764,0.807
2023-07-21T15:15:00-05:00,0.849,0.862,0.779,0.812
2023-07-21T15:30:00-05:00,0.868,0.877,0.796,0.823
2023-07-21T15:45:00-05:00,0.885,0.89,0.811,0.833
2023-07-21T16:00:00-05:00,0.901,0.905,0.828,0.855
2023-07-21T16:15:00-05:00,0.916,0.917,0.842,0.866
2023-07-21T16:30:00-05:00,0.924,0.926,0.85,0.872
2023-07-21T16:45:00-05:00,0.932,0.936,0.86,0.879
2023-07-21T17:00:00-05:00,0.938,0.946,0.863,0.88
2023-07-21T17:15:00-05:00,0.948,0.96,0.876,0.888
2023-07-21T17:30:00-05:00,0.951,0.967,0.885,0.893
2023-07-21T17:45:00-05:00,0.944,0.965,0.887,0.892
2023-07-21T18:00:00-05:00,0.933,0.961,0.893,0.893
2023-07-21T18:15:00-05:00,0.923,0.954,0.891,0.887
2023-07-21T18:30:00-05:00,0.912,0.946,0.886,0.88
2023-07-21T18:45:00-05:00,0.895,0.931,0.871,0.866
2023-07-21T19:00:00-05:00,0.881,0.92,0.856,0.861
2023-07-21T19:15:00-05:00,0.864,0.903,0.84,0.844
2023-07-21T19:30:00-05:00,0.848,0.885,0.824,0.823
2023-07-21T19:45:00-05:00,0.833,0.866,0.807,0.799
2023-07-21T20:00:00-05:00,0.825,0.85,0.794,0.767
2023-07-21T20:15:00-05:00,0.816,0.835,0.782,0.746
2023-07-21T20:30:00-05:00,0.808,0.823,0.774,0.731
2023-07-21T20:45:00-05:00,0.8,0.811,0.766,0.72
2023-07-21T21:00:00-05:00,0.799,0.804,0.767,0.719
2023-07-21T21:15:00-05:00,0.791,0.793,0.759,0.71
2023-07-21T21:30:00-05:00,0.781,0.778,0.749,0.697
2023-07-21T21:45:00-05:00,0.766,0.76,0.732,0.682
2023-07-21T22:00:00-05:00,0.754,0.745,0.719,0.671
2023-07-21T22:15:00-05:00,0.743,0.731,0.706,0.66
2023-07-21T22:30:00-05:00,0.727,0.713,0.688,0.644
2023-07-21T22:45:00-05:00,0.712,0.695,0.669,0.627
2023-07-21T23:00:00-05:00,0.701,0.684,0.654,0.615
2023-07-21T23:15:00-05:00,0.685,0.667,0.635,0.599
2023-07-21T23:30:00-05:00,0.666,0.648,0.617,0.582
2023-07-21T23:45:00-05:00,0.647,0.629,0.598,0.565
2023-07-22T00:00:00-05:00,0.599,0.578,0.578,0.599
2023-07-22T00:15:00-05:00,0.575,0.562,0.558,0.578
2023-07-22T00:30:00-05:00,0.555,0.549,0.541,0.559
2023-07-22T00:45:00-05:00,0.534,0.536,0.524,0.541
2023-07-22T01:00:00-05:00,0.5,0.526,0.503,0.515
2023-07-22T01:15:00-05:00,0.483,0.514,0.487,0.499
2023-07-22T01:30:00-05:00,0.467,0.502,0.471,0.484
2023-07-22T01:45:00-05:00,0.456,0.495,0.461,0.474
2023-07-22T02:00:00-05:00,0.447,0.478,0.439,0.461
2023-07-22T02:15:00-05:00,0.438,0.468,0.429,0.451
2023-07-22T02:30:00-05:00,0.429,0.458,0.418,0.441
2023-07-22T02:45:00-05:00,0.424,0.452,0.41,0.435
2023-07-22T03:00:00-05:00,0.415,0.439,0.4,0.422
2023-07-22T03:15:00-05:00,0.408,0.43,0.393,0.414
2023-07-22T03:30:00-05:00,0.403,0.425,0.389,0.409
2023-07-22T03:45:00-05:00,0.399,0.42,0.384,0.404
2023-07-22T04:00:00-05:00,0.381,0.405,0.378,0.393
2023-07-22T04:15:00-05:00,0.379,0.401,0.373,0.389
2023-07-22T04:30:00-05:00,0.378,0.397,0.37,0.385
2023-07-22T04:45:00-05:00,0.377,0.392,0.364,0.378
2023-07-22T05:00:00-05:00,0.391,0.387,0.345,0.364
2023-07-22T05:15:00-05:00,0.398,0.386,0.341,0.361
2023-07-22T05:30:00-05:00,0.399,0.382,0.336,0.356
2023-07-22T05:45:00-05:00,0.397,0.377,0.334,0.351
2023-07-22T06:00:00-05:00,0.384,0.367,0.345,0.356
2023-07-22T06:15:00-05:00,0.375,0.359,0.349,0.354
2023-07-22T06:30:00-05:00,0.365,0.353,0.35,0.349
2023-07-22T06:45:00-05:00,0.362,0.359,0.354,0.348
2023-07-22T07:00:00-05:00,0.354,0.374,0.355,0.343
2023-07-22T07:15:00-05:00,0.357,0.383,0.359,0.343
2023-07-22T07:30:00-05:00,0.371,0.397,0.365,0.351
2023-07-22T07:45:00-05:00,0.396,0.413,0.374,0.365
2023-07-22T08:00:00-05:00,0.429,0.426,0.382,0.385
2023-07-22T08:15:00-05:00,0.454,0.445,0.396,0.404
2023-07-22T08:30:00-05:00,0.468,0.456,0.408,0.415
2023-07-22T08:45:00-05:00,0.487,0.473,0.426,0.432
2023-07-22T09:00:00-05:00,0.502,0.491,0.45,0.443
2023-07-22T09:15:00-05:00,0.523,0.511,0.473,0.463
2023-07-22T09:30:00-05:00,0.539,0.527,0.492,0.486
2023-07-22T09:45:00-05:00,0.553,0.54,0.508,0.507
2023-07-22T10:00:00-05:00,0.565,0.559,0.525,0.55
2023-07-22T10:15:00-05:00,0.583,0.576,0.544,0.576
2023-07-22T10:30:00-05:00,0.608,0.589,0.568,0.59
2023-07-22T10:45:00-05:00,0.634,0.6,0.592,0.6
2023-07-22T11:00:00-05:00,0.673,0.609,0.619,0.594
2023-07-22T11:15:00-05:00,0.703,0.623,0.646,0.605
2023-07-22T11:30:00-05:00,0.727,0.638,0.672,0.618
2023-07-22T11:45:00-05:00,0.747,0.653,0.698,0.632
2023-07-22T12:00:00-05:00,0.762,0.673,0.731,0.649
2023-07-22T12:15:00-05:00,0.783,0.69,0.757,0.667
2023-07-22T12:30:00-05:00,0.803,0.705,0.775,0.684
2023-07-22T12:45:00-05:00,0.824,0.72,0.791,0.704
2023-07-22T13:00:00-05:00,0.851,0.734,0.794,0.729
2023-07-22T13:15:00-05:00,0.87,0.748,0.808,0.749
2023-07-22T13:30:00-05:00,0.881,0.759,0.82,0.764
2023-07-22T13:45:00-05:00,0.885,0.768,0.833,0.778
2023-07-22T14:00:00-05:00,0.879,0.776,0.853,0.793
2023-07-22T14:15:00-05:00,0.882,0.783,0.864,0.804
2023-07-22T14:30:00-05:00,0.889,0.792,0.873,0.813
2023-07-22T14:45:00-05:00,0.898,0.801,0.878,0.819
2023-07-22T15:00:00-05:00,0.915,0.817,0.883,0.823
2023-07-22T15:15:00-05:00,0.926,0.827,0.89,0.83
2023-07-22T15:30:00-05:00,0.94,0.836,0.898,0.84
2023-07-22T15:45:00-05:00,0.951,0.838,0.902,0.846
2023-07-22T16:00:00-05:00,0.967,0.835,0.908,0.862
2023-07-22T16:15:00-05:00,0.977,0.836,0.911,0.868
2023-07-22T16:30:00-05:00,0.984,0.838,0.913,0.868
2023-07-22T16:45:00-05:00,0.993,0.846,0.92,0.869
2023-07-22T17:00:00-05:00,0.999,0.86,0.924,0.859
2023-07-22T17:15:00-05:00,1.009,0.87,0.931,0.856
2023-07-22T17:30:00-05:00,1.013,0.872,0.934,0.852
2023-07-22T17:45:00-05:00,1.007,0.866,0.93,0.844
2023-07-22T18:00:00-05:00,0.998,0.852,0.923,0.835
2023-07-22T18:15:00-05:00,0.988,0.842,0.916,0.825
2023-07-22T18:30:00-05:00,0.976,0.833,0.91,0.819
2023-07-22T18:45:00-05:00,0.958,0.82,0.902,0.814
2023-07-22T19:00:00-05:00,0.945,0.813,0.907,0.829
2023-07-22T19:15:00-05:00,0.925,0.8,0.898,0.822
2023-07-22T19:30:00-05:00,0.904,0.786,0.883,0.805
2023-07-22T19:45:00-05:00,0.882,0.77,0.865,0.782
2023-07-22T20:00:00-05:00,0.862,0.763,0.838,0.743
2023-07-22T20:15:00-05:00,0.845,0.752,0.824,0.722
2023-07-22T20:30:00-05:00,0.831,0.74,0.815,0.707
2023-07-22T20:45:00-05:00,0.817,0.726,0.81,0.696
2023-07-22T21:00:00-05:00,0.809,0.71,0.82,0.696
2023-07-22T21:15:00-05:00,0.796,0.696,0.815,0.687
2023-07-22T21:30:00-05:00,0.783,0.681,0.806,0.677
2023-07-22T21:45:00-05:00,0.767,0.665,0.79,0.665
2023-07-22T22:00:00-05:00,0.759,0.66,0.779,0.66
2023-07-22T22:15:00-05:00,0.748,0.647,0.764,0.652
2023-07-22T22:30:00-05:00,0.731,0.629,0.742,0.637
2023-07-22T22:45:00-05:00,0.714,0.609,0.716,0.621
2023-07-22T23:00:00-05:00,0.701,0.589,0.686,0.607
2023-07-22T23:15:00-05:00,0.683,0.57,0.662,0.591
2023-07-22T23:30:00-05:00,0.664,0.552,0.64,0.575
2023-07-22T23:45:00-05:00,0.645,0.534,0.619,0.558
2023-07-23T00:00:00-05:00,0.534,0.506,0.581,0.548
2023-07-23T00:15:00-05:00,0.516,0.491,0.561,0.53
2023-07-23T00:30:00-05:00,0.501,0.479,0.545,0.515
2023-07-23T00:45:00-05:00,0.486,0.467,0.528,0.5
2023-07-23T01:00:00-05:00,0.468,0.458,0.507,0.482
2023-07-23T01:15:00-05:00,0.454,0.447,0.492,0.469
2023-07-23T01:30:00-05:00,0.44,0.435,0.477,0.456
2023-07-23T01:45:00-05:00,0.431,0.427,0.466,0.448
2023-07-23T02:00:00-05:00,0.414,0.409,0.442,0.435
2023-07-23T02:15:00-05:00,0.404,0.399,0.434,0.425
2023-07-23T02:30:00-05:00,0.394,0.388,0.425,0.414
2023-07-23T02:45:00-05:00,0.388,0.382,0.418,0.408
2023-07-23T03:00:00-05:00,0.375,0.368,0.417,0.391
2023-07-23T03:15:00-05:00,0.368,0.36,0.412,0.383
2023-07-23T03:30:00-05:00,0.363,0.354,0.409,0.378
2023-07-23T03:45:00-05:00,0.359,0.349,0.408,0.372
2023-07-23T04:00:00-05:00,0.349,0.336,0.405,0.369
2023-07-23T04:15:00-05:00,0.346,0.332,0.4,0.364
2023-07-23T04:30:00-05:00,0.344,0.329,0.396,0.36
2023-07-23T04:45:00-05:00,0.341,0.324,0.389,0.353
2023-07-23T05:00:00-05:00,0.34,0.32,0.363,0.331
2023-07-23T05:15:00-05:00,0.342,0.319,0.355,0.324
2023-07-23T05:30:00-05:00,0.34,0.316,0.348,0.317
2023-07-23T05:45:00-05:00,0.338,0.311,0.342,0.311
2023-07-23T06:00:00-05:00,0.337,0.303,0.348,0.317
2023-07-23T06:15:00-05:00,0.333,0.296,0.347,0.314
2023-07-23T06:30:00-05:00,0.327,0.29,0.345,0.31
2023-07-23T06:45:00-05:00,0.324,0.294,0.35,0.309
2023-07-23T07:00:00-05:00,0.32,0.298,0.358,0.302
2023-07-23T07:15:00-05:00,0.319,0.306,0.364,0.305
2023-07-23T07:30:00-05:00,0.323,0.324,0.374,0.318
2023-07-23T07:45:00-05:00,0.334,0.346,0.387,0.339
2023-07-23T08:00:00-05:00,0.35,0.366,0.394,0.363
2023-07-23T08:15:00-05:00,0.365,0.388,0.411,0.385
2023-07-23T08:30:00-05:00,0.377,0.404,0.426,0.398
2023-07-23T08:45:00-05:00,0.395,0.425,0.448,0.417
2023-07-23T09:00:00-05:00,0.411,0.447,0.478,0.432
2023-07-23T09:15:00-05:00,0.433,0.471,0.504,0.453
2023-07-23T09:30:00-05:00,0.456,0.491,0.527,0.473
2023-07-23T09:45:00-05:00,0.478,0.508,0.544,0.49
2023-07-23T10:00:00-05:00,0.51,0.528,0.568,0.518
2023-07-23T10:15:00-05:00,0.535,0.548,0.589,0.539
2023-07-23T10:30:00-05:00,0.562,0.568,0.607,0.555
2023-07-23T10:45:00-05:00,0.588,0.586,0.624,0.568
2023-07-23T11:00:00-05:00,0.616,0.604,0.64,0.571
2023-07-23T11:15:00-05:00,0.644,0.626,0.66,0.587
2023-07-23T11:30:00-05:00,0.666,0.646,0.677,0.606
2023-07-23T11:45:00-05:00,0.687,0.665,0.693,0.628
2023-07-23T12:00:00-05:00,0.704,0.684,0.705,0.658
2023-07-23T12:15:00-05:00,0.725,0.705,0.723,0.682
2023-07-23T12:30:00-05:00,0.742,0.727,0.743,0.704
2023-07-23T12:45:00-05:00,0.76,0.752,0.767,0.727
2023-07-23T13:00:00-05:00,0.782,0.784,0.803,0.749
2023-07-23T13:15:00-05:00,0.797,0.806,0.826,0.771
2023-07-23T13:30:00-05:00,0.805,0.822,0.84,0.788
2023-07-23T13:45:00-05:00,0.805,0.832,0.848,0.803
2023-07-23T14:00:00-05:00,0.796,0.837,0.855,0.823
2023-07-23T14:15:00-05:00,0.796,0.844,0.86,0.835
2023-07-23T14:30:00-05:00,0.798,0.852,0.861,0.844
2023-07-23T14:45:00-05:00,0.802,0.857,0.858,0.849
2023-07-23T15:00:00-05:00,0.814,0.865,0.855,0.849
2023-07-23T15:15:00-05:00,0.821,0.873,0.855,0.855
2023-07-23T15:30:00-05:00,0.83,0.881,0.854,0.864
2023-07-23T15:45:00-05:00,0.835,0.885,0.846,0.87
2023-07-23T16:00:00-05:00,0.842,0.887,0.84,0.883
2023-07-23T16:15:00-05:00,0.847,0.891,0.831,0.89
2023-07-23T16:30:00-05:00,0.851,0.896,0.824,0.894
2023-07-23T16:45:00-05:00,0.86,0.906,0.824,0.9
2023-07-23T17:00:00-05:00,0.882,0.923,0.814,0.901
2023-07-23T17:15:00-05:00,0.889,0.938,0.811,0.909
2023-07-23T17:30:00-05:00,0.885,0.946,0.812,0.914
2023-07-23T17:45:00-05:00,0.865,0.944,0.812,0.914
2023-07-23T18:00:00-05:00,0.82,0.936,0.824,0.915
2023-07-23T18:15:00-05:00,0.797,0.929,0.822,0.911
2023-07-23T18:30:00-05:00,0.782,0.922,0.82,0.908
2023-07-23T18:45:00-05:00,0.77,0.91,0.812,0.899
2023-07-23T19:00:00-05:00,0.773,0.903,0.803,0.901
2023-07-23T19:15:00-05:00,0.763,0.89,0.796,0.892
2023-07-23T19:30:00-05:00,0.752,0.876,0.792,0.878
2023-07-23T19:45:00-05:00,0.74,0.86,0.787,0.86
2023-07-23T20:00:00-05:00,0.735,0.85,0.798,0.839
2023-07-23T20:15:00-05:00,0.727,0.839,0.801,0.825
2023-07-23T20:30:00-05:00,0.72,0.828,0.8,0.814
2023-07-23T20:45:00-05:00,0.711,0.817,0.794,0.805
2023-07-23T21:00:00-05:00,0.707,0.816,0.793,0.805
2023-07-23T21:15:00-05:00,0.698,0.805,0.787,0.796
2023-07-23T21:30:00-05:00,0.682,0.783,0.774,0.782
2023-07-23T21:45:00-05:00,0.662,0.754,0.752,0.762
2023-07-23T22:00:00-05:00,0.643,0.726,0.737,0.752
2023-07-23T22:15:00-05:00,0.626,0.699,0.716,0.734
2023-07-23T22:30:00-05:00,0.606,0.672,0.69,0.709
2023-07-23T22:45:00-05:00,0.585,0.642,0.657,0.678
2023-07-23T23:00:00-05:00,0.568,0.616,0.62,0.643
2023-07-23T23:15:00-05:00,0.549,0.592,0.593,0.616
2023-07-23T23:30:00-05:00,0.531,0.57,0.57,0.593
2023-07-23T23:45:00-05:00,0.514,0.55,0.549,0.572
2023-07-24T00:00:00-05:00,0.511,0.501,0.553,0.55
2023-07-24T00:15:00-05:00,0.494,0.484,0.531,0.533
2023-07-24T00:30:00-05:00,0.479,0.47,0.512,0.518
2023-07-24T00:45:00-05:00,0.465,0.456,0.493,0.503
2023-07-24T01:00:00-05:00,0.447,0.438,0.462,0.486
2023-07-24T01:15:00-05:00,0.434,0.426,0.446,0.473
2023-07-24T01:30:00-05:00,0.422,0.416,0.429,0.459
2023-07-24T01:45:00-05:00,0.414,0.409,0.418,0.45
2023-07-24T02:00:00-05:00,0.401,0.403,0.4,0.432
2023-07-24T02:15:00-05:00,0.392,0.397,0.393,0.421
2023-07-24T02:30:00-05:00,0.383,0.389,0.385,0.41
2023-07-24T02:45:00-05:00,0.378,0.385,0.379,0.403
2023-07-24T03:00:00-05:00,0.366,0.375,0.377,0.39
2023-07-24T03:15:00-05:00,0.36,0.368,0.374,0.38
2023-07-24T03:30:00-05:00,0.356,0.364,0.372,0.374
2023-07-24T03:45:00-05:00,0.352,0.36,0.37,0.368
2023-07-24T04:00:00-05:00,0.343,0.346,0.37,0.349
2023-07-24T04:15:00-05:00,0.341,0.343,0.367,0.345
2023-07-24T04:30:00-05:00,0.342,0.342,0.366,0.341
2023-07-24T04:45:00-05:00,0.342,0.339,0.364,0.336
2023-07-24T05:00:00-05:00,0.353,0.342,0.349,0.333
2023-07-24T05:15:00-05:00,0.36,0.346,0.349,0.335
2023-07-24T05:30:00-05:00,0.363,0.346,0.349,0.335
2023-07-24T05:45:00-05:00,0.364,0.348,0.352,0.339
2023-07-24T06:00:00-05:00,0.364,0.351,0.381,0.357
2023-07-24T06:15:00-05:00,0.364,0.355,0.395,0.369
2023-07-24T06:30:00-05:00,0.358,0.356,0.397,0.373
2023-07-24T06:45:00-05:00,0.352,0.362,0.395,0.378
2023-07-24T07:00:00-05:00,0.346,0.374,0.386,0.378
2023-07-24T07:15:00-05:00,0.339,0.376,0.372,0.375
2023-07-24T07:30:00-05:00,0.333,0.376,0.353,0.369
2023-07-24T07:45:00-05:00,0.336,0.375,0.339,0.364
2023-07-24T08:00:00-05:00,0.342,0.37,0.334,0.36
2023-07-24T08:15:00-05:00,0.352,0.378,0.332,0.364
2023-07-24T08:30:00-05:00,0.364,0.387,0.333,0.37
2023-07-24T08:45:00-05:00,0.382,0.402,0.338,0.38
2023-07-24T09:00:00-05:00,0.406,0.424,0.346,0.393
2023-07-24T09:15:00-05:00,0.429,0.444,0.356,0.409
2023-07-24T09:30:00-05:00,0.45,0.462,0.369,0.424
2023-07-24T09:45:00-05:00,0.468,0.477,0.382,0.438
2023-07-24T10:00:00-05:00,0.491,0.495,0.4,0.457
2023-07-24T10:15:00-05:00,0.513,0.513,0.417,0.475
2023-07-24T10:30:00-05:00,0.535,0.533,0.438,0.496
2023-07-24T10:45:00-05:00,0.557,0.553,0.459,0.518
2023-07-24T11:00:00-05:00,0.582,0.575,0.482,0.543
2023-07-24T11:15:00-05:00,0.606,0.597,0.507,0.569
2023-07-24T11:30:00-05:00,0.627,0.617,0.532,0.592
2023-07-24T11:45:00-05:00,0.646,0.637,0.559,0.616
2023-07-24T12:00:00-05:00,0.665,0.656,0.594,0.645
2023-07-24T12:15:00-05:00,0.685,0.676,0.62,0.669
2023-07-24T12:30:00-05:00,0.7,0.695,0.642,0.688
2023-07-24T12:45:00-05:00,0.714,0.713,0.66,0.706
2023-07-24T13:00:00-05:00,0.727,0.729,0.671,0.715
2023-07-24T13:15:00-05:00,0.739,0.747,0.688,0.732
2023-07-24T13:30:00-05:00,0.745,0.762,0.702,0.746
2023-07-24T13:45:00-05:00,0.747,0.777,0.715,0.76
2023-07-24T14:00:00-05:00,0.738,0.792,0.727,0.781
2023-07-24T14:15:00-05:00,0.739,0.805,0.739,0.792
2023-07-24T14:30:00-05:00,0.748,0.819,0.754,0.802
2023-07-24T14:45:00-05:00,0.761,0.833,0.771,0.809
2023-07-24T15:00:00-05:00,0.789,0.848,0.795,0.811
2023-07-24T15:15:00-05:00,0.803,0.862,0.81,0.819
2023-07-24T15:30:00-05:00,0.815,0.879,0.825,0.83
2023-07-24T15:45:00-05:00,0.823,0.893,0.835,0.839
2023-07-24T16:00:00-05:00,0.823,0.908,0.839,0.854
2023-07-24T16:15:00-05:00,0.828,0.922,0.846,0.863
2023-07-24T16:30:00-05:00,0.832,0.933,0.853,0.869
2023-07-24T16:45:00-05:00,0.841,0.947,0.862,0.878
2023-07-24T17:00:00-05:00,0.852,0.963,0.866,0.88
2023-07-24T17:15:00-05:00,0.863,0.982,0.882,0.892
2023-07-24T17:30:00-05:00,0.869,0.993,0.895,0.902
2023-07-24T17:45:00-05:00,0.866,0.994,0.905,0.908
2023-07-24T18:00:00-05:00,0.859,0.991,0.924,0.92
2023-07-24T18:15:00-05:00,0.853,0.986,0.93,0.921
2023-07-24T18:30:00-05:00,0.848,0.979,0.93,0.918
2023-07-24T18:45:00-05:00,0.838,0.964,0.921,0.907
2023-07-24T19:00:00-05:00,0.831,0.952,0.909,0.899
2023-07-24T19:15:00-05:00,0.822,0.936,0.899,0.887
2023-07-24T19:30:00-05:00,0.814,0.92,0.891,0.872
2023-07-24T19:45:00-05:00,0.805,0.903,0.882,0.854
2023-07-24T20:00:00-05:00,0.81,0.893,0.886,0.836
2023-07-24T20:15:00-05:00,0.806,0.881,0.883,0.823
2023-07-24T20:30:00-05:00,0.801,0.87,0.878,0.812
2023-07-24T20:45:00-05:00,0.791,0.858,0.868,0.803
2023-07-24T21:00:00-05:00,0.782,0.853,0.861,0.802
2023-07-24T21:15:00-05:00,0.772,0.841,0.851,0.793
2023-07-24T21:30:00-05:00,0.758,0.82,0.835,0.779
2023-07-24T21:45:00-05:00,0.739,0.793,0.814,0.761
2023-07-24T22:00:00-05:00,0.723,0.769,0.803,0.751
2023-07-24T22:15:00-05:00,0.707,0.745,0.783,0.735
2023-07-24T22:30:00-05:00,0.688,0.719,0.756,0.712
2023-07-24T22:45:00-05:00,0.667,0.692,0.722,0.685
2023-07-24T23:00:00-05:00,0.65,0.667,0.682,0.655
2023-07-24T23:15:00-05:00,0.63,0.643,0.653,0.631
2023-07-24T23:30:00-05:00,0.611,0.622,0.628,0.609
2023-07-24T23:45:00-05:00,0.592,0.601,0.606,0.588
2023-07-25T00:00:00-05:00,0.52,0.569,0.558,0.577
2023-07-25T00:15:00-05:00,0.503,0.551,0.538,0.559
2023-07-25T00:30:00-05:00,0.489,0.536,0.52,0.544
2023-07-25T00:45:00-05:00,0.474,0.521,0.502,0.529
2023-07-25T01:00:00-05:00,0.457,0.502,0.475,0.514
2023-07-25T01:15:00-05:00,0.444,0.489,0.459,0.501
2023-07-25T01:30:00-05:00,0.431,0.478,0.445,0.488
2023-07-25T01:45:00-05:00,0.422,0.469,0.434,0.479
2023-07-25T02:00:00-05:00,0.405,0.459,0.42,0.463
2023-07-25T02:15:00-05:00,0.396,0.451,0.413,0.452
2023-07-25T02:30:00-05:00,0.386,0.442,0.404,0.441
2023-07-25T02:45:00-05:00,0.379,0.438,0.399,0.435
2023-07-25T03:00:00-05:00,0.366,0.427,0.392,0.421
2023-07-25T03:15:00-05:00,0.36,0.42,0.387,0.412
2023-07-25T03:30:00-05:00,0.356,0.415,0.384,0.407
2023-07-25T03:45:00-05:00,0.352,0.411,0.381,0.402
2023-07-25T04:00:00-05:00,0.348,0.399,0.377,0.389
2023-07-25T04:15:00-05:00,0.347,0.395,0.374,0.385
2023-07-25T04:30:00-05:00,0.348,0.393,0.373,0.382
2023-07-25T04:45:00-05:00,0.35,0.39,0.37,0.377
2023-07-25T05:00:00-05:00,0.362,0.387,0.36,0.368
2023-07-25T05:15:00-05:00,0.37,0.389,0.361,0.368
2023-07-25T05:30:00-05:00,0.374,0.388,0.361,0.368
2023-07-25T05:45:00-05:00,0.376,0.387,0.364,0.369
2023-07-25T06:00:00-05:00,0.378,0.392,0.387,0.389
2023-07-25T06:15:00-05:00,0.379,0.394,0.399,0.399
2023-07-25T06:30:00-05:00,0.373,0.392,0.401,0.4
2023-07-25T06:45:00-05:00,0.367,0.395,0.399,0.401
2023-07-25T07:00:00-05:00,0.36,0.402,0.393,0.393
2023-07-25T07:15:00-05:00,0.351,0.402,0.383,0.388
2023-07-25T07:30:00-05:00,0.343,0.4,0.367,0.382
2023-07-25T07:45:00-05:00,0.342,0.402,0.356,0.382
2023-07-25T08:00:00-05:00,0.345,0.404,0.354,0.39
2023-07-25T08:15:00-05:00,0.354,0.413,0.354,0.398
2023-07-25T08:30:00-05:00,0.366,0.421,0.355,0.403
2023-07-25T08:45:00-05:00,0.385,0.435,0.361,0.413
2023-07-25T09:00:00-05:00,0.416,0.452,0.367,0.422
2023-07-25T09:15:00-05:00,0.44,0.47,0.377,0.436
2023-07-25T09:30:00-05:00,0.461,0.487,0.389,0.45
2023-07-25T09:45:00-05:00,0.477,0.503,0.402,0.463
2023-07-25T10:00:00-05:00,0.494,0.524,0.421,0.482
2023-07-25T10:15:00-05:00,0.513,0.544,0.437,0.499
2023-07-25T10:30:00-05:00,0.536,0.563,0.456,0.516
2023-07-25T10:45:00-05:00,0.558,0.582,0.475,0.533
2023-07-25T11:00:00-05:00,0.589,0.601,0.497,0.549
2023-07-25T11:15:00-05:00,0.614,0.623,0.518,0.57
2023-07-25T11:30:00-05:00,0.633,0.643,0.539,0.592
2023-07-25T11:45:00-05:00,0.649,0.664,0.559,0.615
2023-07-25T12:00:00-05:00,0.662,0.687,0.583,0.646
2023-07-25T12:15:00-05:00,0.678,0.709,0.604,0.67
2023-07-25T12:30:00-05:00,0.689,0.727,0.62,0.689
2023-07-25T12:45:00-05:00,0.697,0.745,0.635,0.704
2023-07-25T13:00:00-05:00,0.7,0.758,0.644,0.711
2023-07-25T13:15:00-05:00,0.708,0.776,0.658,0.726
2023-07-25T13:30:00-05:00,0.714,0.791,0.67,0.739
2023-07-25T13:45:00-05:00,0.719,0.806,0.682,0.752
2023-07-25T14:00:00-05:00,0.719,0.826,0.694,0.768
2023-07-25T14:15:00-05:00,0.723,0.838,0.704,0.779
2023-07-25T14:30:00-05:00,0.733,0.85,0.718,0.791
2023-07-25T14:45:00-05:00,0.747,0.858,0.732,0.8
2023-07-25T15:00:00-05:00,0.771,0.864,0.749,0.809
2023-07-25T15:15:00-05:00,0.785,0.873,0.763,0.82
2023-07-25T15:30:00-05:00,0.799,0.886,0.779,0.833
2023-07-25T15:45:00-05:00,0.811,0.897,0.793,0.844
2023-07-25T16:00:00-05:00,0.819,0.915,0.808,0.861
2023-07-25T16:15:00-05:00,0.829,0.926,0.821,0.872
2023-07-25T16:30:00-05:00,0.837,0.933,0.83,0.878
2023-07-25T16:45:00-05:00,0.847,0.943,0.842,0.887
2023-07-25T17:00:00-05:00,0.858,0.945,0.849,0.889
2023-07-25T17:15:00-05:00,0.872,0.959,0.865,0.9
2023-07-25T17:30:00-05:00,0.881,0.97,0.877,0.907
2023-07-25T17:45:00-05:00,0.881,0.976,0.882,0.908
2023-07-25T18:00:00-05:00,0.879,0.991,0.885,0.911
2023-07-25T18:15:00-05:00,0.875,0.993,0.886,0.909
2023-07-25T18:30:00-05:00,0.87,0.989,0.887,0.905
2023-07-25T18:45:00-05:00,0.859,0.976,0.883,0.894
2023-07-25T19:00:00-05:00,0.848,0.962,0.887,0.892
2023-07-25T19:15:00-05:00,0.837,0.947,0.883,0.88
2023-07-25T19:30:00-05:00,0.828,0.931,0.877,0.864
2023-07-25T19:45:00-05:00,0.818,0.914,0.867,0.845
2023-07-25T20:00:00-05:00,0.817,0.903,0.859,0.821
2023-07-25T20:15:00-05:00,0.814,0.891,0.855,0.805
2023-07-25T20:30:00-05:00,0.811,0.88,0.852,0.794
2023-07-25T20:45:00-05:00,0.807,0.868,0.848,0.784
2023-07-25T21:00:00-05:00,0.812,0.862,0.856,0.784
2023-07-25T21:15:00-05:00,0.808,0.851,0.852,0.775
2023-07-25T21:30:00-05:00,0.797,0.833,0.84,0.762
2023-07-25T21:45:00-05:00,0.777,0.811,0.818,0.744
2023-07-25T22:00:00-05:00,0.758,0.794,0.8,0.738
2023-07-25T22:15:00-05:00,0.742,0.776,0.78,0.721
2023-07-25T22:30:00-05:00,0.721,0.753,0.754,0.697
2023-07-25T22:45:00-05:00,0.699,0.729,0.724,0.667
2023-07-25T23:00:00-05:00,0.679,0.708,0.691,0.631
2023-07-25T23:15:00-05:00,0.658,0.685,0.664,0.605
2023-07-25T23:30:00-05:00,0.638,0.664,0.641,0.582
2023-07-25T23:45:00-05:00,0.618,0.643,0.619,0.561
2023-07-26T00:00:00-05:00,0.538,0.616,0.56,0.578
2023-07-26T00:15:00-05:00,0.52,0.597,0.54,0.56
2023-07-26T00:30:00-05:00,0.505,0.581,0.524,0.545
2023-07-26T00:45:00-05:00,0.49,0.566,0.507,0.531
2023-07-26T01:00:00-05:00,0.472,0.549,0.484,0.517
2023-07-26T01:15:00-05:00,0.459,0.535,0.469,0.504
2023-07-26T01:30:00-05:00,0.445,0.524,0.456,0.491
2023-07-26T01:45:00-05:00,0.436,0.515,0.446,0.483
2023-07-26T02:00:00-05:00,0.419,0.503,0.431,0.466
2023-07-26T02:15:00-05:00,0.41,0.494,0.423,0.456
2023-07-26T02:30:00-05:00,0.4,0.484,0.415,0.445
2023-07-26T02:45:00-05:00,0.394,0.479,0.41,0.439
2023-07-26T03:00:00-05:00,0.381,0.466,0.404,0.423
2023-07-26T03:15:00-05:00,0.375,0.458,0.399,0.415
2023-07-26T03:30:00-05:00,0.371,0.453,0.395,0.409
2023-07-26T03:45:00-05:00,0.367,0.449,0.393,0.404
2023-07-26T04:00:00-05:00,0.36,0.436,0.386,0.394
2023-07-26T04:15:00-05:00,0.359,0.432,0.383,0.39
2023-07-26T04:30:00-05:00,0.36,0.43,0.381,0.387
2023-07-26T04:45:00-05:00,0.361,0.426,0.378,0.382
2023-07-26T05:00:00-05:00,0.374,0.423,0.368,0.372
2023-07-26T05:15:00-05:00,0.382,0.425,0.37,0.371
2023-07-26T05:30:00-05:00,0.386,0.424,0.371,0.37
2023-07-26T05:45:00-05:00,0.388,0.422,0.374,0.371
2023-07-26T06:00:00-05:00,0.389,0.425,0.399,0.39
2023-07-26T06:15:00-05:00,0.39,0.424,0.413,0.399
2023-07-26T06:30:00-05:00,0.384,0.419,0.415,0.4
2023-07-26T06:45:00-05:00,0.379,0.42,0.415,0.401
2023-07-26T07:00:00-05:00,0.373,0.429,0.41,0.393
2023-07-26T07:15:00-05:00,0.365,0.427,0.4,0.388
2023-07-26T07:30:00-05:00,0.357,0.422,0.384,0.383
2023-07-26T07:45:00-05:00,0.356,0.421,0.373,0.384
2023-07-26T08:00:00-05:00,0.359,0.421,0.369,0.394
2023-07-26T08:15:00-05:00,0.368,0.429,0.37,0.402
2023-07-26T08:30:00-05:00,0.379,0.437,0.371,0.406
2023-07-26T08:45:00-05:00,0.396,0.452,0.378,0.415
2023-07-26T09:00:00-05:00,0.424,0.473,0.386,0.42
2023-07-26T09:15:00-05:00,0.447,0.493,0.397,0.433
2023-07-26T09:30:00-05:00,0.466,0.508,0.409,0.446
2023-07-26T09:45:00-05:00,0.481,0.521,0.421,0.46
2023-07-26T10:00:00-05:00,0.497,0.538,0.439,0.485
2023-07-26T10:15:00-05:00,0.516,0.555,0.455,0.502
2023-07-26T10:30:00-05:00,0.538,0.571,0.472,0.518
2023-07-26T10:45:00-05:00,0.56,0.586,0.49,0.533
2023-07-26T11:00:00-05:00,0.591,0.601,0.51,0.542
2023-07-26T11:15:00-05:00,0.616,0.62,0.53,0.559
2023-07-26T11:30:00-05:00,0.634,0.637,0.549,0.58
2023-07-26T11:45:00-05:00,0.65,0.655,0.567,0.603
2023-07-26T12:00:00-05:00,0.663,0.677,0.586,0.637
2023-07-26T12:15:00-05:00,0.678,0.697,0.605,0.661
2023-07-26T12:30:00-05:00,0.688,0.713,0.621,0.678
2023-07-26T12:45:00-05:00,0.695,0.73,0.637,0.693
2023-07-26T13:00:00-05:00,0.696,0.744,0.649,0.698
2023-07-26T13:15:00-05:00,0.703,0.76,0.664,0.712
2023-07-26T13:30:00-05:00,0.708,0.772,0.677,0.723
2023-07-26T13:45:00-05:00,0.712,0.784,0.688,0.735
2023-07-26T14:00:00-05:00,0.713,0.799,0.701,0.75
2023-07-26T14:15:00-05:00,0.717,0.808,0.711,0.76
2023-07-26T14:30:00-05:00,0.727,0.817,0.722,0.771
2023-07-26T14:45:00-05:00,0.739,0.824,0.733,0.781
2023-07-26T15:00:00-05:00,0.761,0.828,0.745,0.789
2023-07-26T15:15:00-05:00,0.774,0.836,0.756,0.8
2023-07-26T15:30:00-05:00,0.788,0.847,0.77,0.815
2023-07-26T15:45:00-05:00,0.798,0.857,0.783,0.829
2023-07-26T16:00:00-05:00,0.804,0.875,0.799,0.85
2023-07-26T16:15:00-05:00,0.813,0.885,0.811,0.864
2023-07-26T16:30:00-05:00,0.82,0.892,0.819,0.873
2023-07-26T16:45:00-05:00,0.83,0.9,0.829,0.883
2023-07-26T17:00:00-05:00,0.841,0.899,0.831,0.888
2023-07-26T17:15:00-05:00,0.855,0.911,0.844,0.901
2023-07-26T17:30:00-05:00,0.865,0.92,0.855,0.909
2023-07-26T17:45:00-05:00,0.866,0.926,0.86,0.91
2023-07-26T18:00:00-05:00,0.866,0.94,0.866,0.911
2023-07-26T18:15:00-05:00,0.864,0.941,0.868,0.908
2023-07-26T18:30:00-05:00,0.86,0.938,0.87,0.904
2023-07-26T18:45:00-05:00,0.849,0.925,0.868,0.894
2023-07-26T19:00:00-05:00,0.839,0.912,0.874,0.894
2023-07-26T19:15:00-05:00,0.829,0.899,0.872,0.882
2023-07-26T19:30:00-05:00,0.821,0.885,0.868,0.864
2023-07-26T19:45:00-05:00,0.812,0.869,0.859,0.843
2023-07-26T20:00:00-05:00,0.812,0.861,0.851,0.815
2023-07-26T20:15:00-05:00,0.81,0.851,0.848,0.797
2023-07-26T20:30:00-05:00,0.807,0.842,0.845,0.784
2023-07-26T20:45:00-05:00,0.802,0.831,0.841,0.774
2023-07-26T21:00:00-05:00,0.806,0.827,0.85,0.776
2023-07-26T21:15:00-05:00,0.801,0.817,0.846,0.767
2023-07-26T21:30:00-05:00,0.791,0.8,0.834,0.752
2023-07-26T21:45:00-05:00,0.772,0.777,0.811,0.732
2023-07-26T22:00:00-05:00,0.754,0.758,0.792,0.72
2023-07-26T22:15:00-05:00,0.738,0.739,0.771,0.701
2023-07-26T22:30:00-05:00,0.717,0.717,0.745,0.676
2023-07-26T22:45:00-05:00,0.695,0.693,0.715,0.647
2023-07-26T23:00:00-05:00,0.677,0.673,0.683,0.613
2023-07-26T23:15:00-05:00,0.656,0.652,0.656,0.587
2023-07-26T23:30:00-05:00,0.636,0.631,0.633,0.565
2023-07-26T23:45:00-05:00,0.616,0.611,0.611,0.545
2023-07-27T00:00:00-05:00,0.532,0.621,0.569,0.567
2023-07-27T00:15:00-05:00,0.514,0.603,0.548,0.549
2023-07-27T00:30:00-05:00,0.5,0.587,0.531,0.534
2023-07-27T00:45:00-05:00,0.485,0.572,0.512,0.52
2023-07-27T01:00:00-05:00,0.468,0.556,0.487,0.504
2023-07-27T01:15:00-05:00,0.454,0.543,0.471,0.491
2023-07-27T01:30:00-05:00,0.441,0.531,0.456,0.479
2023-07-27T01:45:00-05:00,0.432,0.522,0.445,0.47
2023-07-27T02:00:00-05:00,0.415,0.51,0.427,0.455
2023-07-27T02:15:00-05:00,0.406,0.501,0.419,0.445
2023-07-27T02:30:00-05:00,0.396,0.49,0.41,0.435
2023-07-27T02:45:00-05:00,0.39,0.485,0.405,0.429
2023-07-27T03:00:00-05:00,0.379,0.472,0.401,0.414
2023-07-27T03:15:00-05:00,0.372,0.464,0.396,0.406
2023-07-27T03:30:00-05:00,0.368,0.459,0.393,0.401
2023-07-27T03:45:00-05:00,0.365,0.455,0.391,0.396
2023-07-27T04:00:00-05:00,0.356,0.442,0.382,0.386
2023-07-27T04:15:00-05:00,0.355,0.438,0.379,0.382
2023-07-27T04:30:00-05:00,0.355,0.436,0.377,0.379
2023-07-27T04:45:00-05:00,0.355,0.433,0.374,0.374
2023-07-27T05:00:00-05:00,0.364,0.432,0.364,0.365
2023-07-27T05:15:00-05:00,0.371,0.434,0.365,0.365
2023-07-27T05:30:00-05:00,0.374,0.433,0.366,0.364
2023-07-27T05:45:00-05:00,0.375,0.431,0.369,0.366
2023-07-27T06:00:00-05:00,0.378,0.43,0.395,0.385
2023-07-27T06:15:00-05:00,0.379,0.427,0.409,0.394
2023-07-27T06:30:00-05:00,0.373,0.42,0.411,0.395
2023-07-27T06:45:00-05:00,0.369,0.42,0.411,0.395
2023-07-27T07:00:00-05:00,0.365,0.429,0.404,0.387
2023-07-27T07:15:00-05:00,0.357,0.426,0.394,0.381
2023-07-27T07:30:00-05:00,0.348,0.422,0.377,0.375
2023-07-27T07:45:00-05:00,0.347,0.422,0.365,0.375
2023-07-27T08:00:00-05:00,0.347,0.423,0.362,0.384
2023-07-27T08:15:00-05:00,0.356,0.432,0.361,0.392
2023-07-27T08:30:00-05:00,0.368,0.441,0.362,0.397
2023-07-27T08:45:00-05:00,0.387,0.457,0.367,0.407
2023-07-27T09:00:00-05:00,0.421,0.481,0.372,0.413
2023-07-27T09:15:00-05:00,0.446,0.502,0.381,0.426
2023-07-27T09:30:00-05:00,0.465,0.518,0.392,0.44
2023-07-27T09:45:00-05:00,0.479,0.531,0.404,0.455
2023-07-27T10:00:00-05:00,0.493,0.547,0.422,0.48
2023-07-27T10:15:00-05:00,0.51,0.563,0.438,0.498
2023-07-27T10:30:00-05:00,0.53,0.578,0.455,0.515
2023-07-27T10:45:00-05:00,0.55,0.592,0.472,0.53
2023-07-27T11:00:00-05:00,0.577,0.605,0.492,0.539
2023-07-27T11:15:00-05:00,0.6,0.623,0.513,0.558
2023-07-27T11:30:00-05:00,0.616,0.641,0.531,0.579
2023-07-27T11:45:00-05:00,0.631,0.658,0.549,0.602
2023-07-27T12:00:00-05:00,0.645,0.68,0.57,0.637
2023-07-27T12:15:00-05:00,0.66,0.7,0.589,0.661
2023-07-27T12:30:00-05:00,0.669,0.716,0.604,0.68
2023-07-27T12:45:00-05:00,0.676,0.731,0.618,0.696
2023-07-27T13:00:00-05:00,0.675,0.743,0.626,0.702
2023-07-27T13:15:00-05:00,0.683,0.758,0.639,0.717
2023-07-27T13:30:00-05:00,0.689,0.77,0.65,0.729
2023-07-27T13:45:00-05:00,0.697,0.782,0.661,0.742
2023-07-27T14:00:00-05:00,0.704,0.796,0.673,0.759
2023-07-27T14:15:00-05:00,0.711,0.805,0.683,0.77
2023-07-27T14:30:00-05:00,0.722,0.814,0.694,0.781
2023-07-27T14:45:00-05:00,0.735,0.821,0.706,0.79
2023-07-27T15:00:00-05:00,0.756,0.825,0.718,0.796
2023-07-27T15:15:00-05:00,0.769,0.834,0.729,0.805
2023-07-27T15:30:00-05:00,0.783,0.845,0.745,0.819
2023-07-27T15:45:00-05:00,0.793,0.855,0.76,0.831
2023-07-27T16:00:00-05:00,0.8,0.872,0.78,0.851
2023-07-27T16:15:00-05:00,0.809,0.882,0.795,0.864
2023-07-27T16:30:00-05:00,0.815,0.889,0.805,0.872
2023-07-27T16:45:00-05:00,0.825,0.897,0.814,0.882
2023-07-27T17:00:00-05:00,0.832,0.896,0.815,0.887
2023-07-27T17:15:00-05:00,0.845,0.908,0.83,0.899
2023-07-27T17:30:00-05:00,0.855,0.918,0.842,0.908
2023-07-27T17:45:00-05:00,0.857,0.924,0.849,0.909
2023-07-27T18:00:00-05:00,0.863,0.94,0.859,0.91
2023-07-27T18:15:00-05:00,0.861,0.941,0.863,0.907
2023-07-27T18:30:00-05:00,0.857,0.939,0.865,0.903
2023-07-27T18:45:00-05:00,0.845,0.926,0.863,0.891
2023-07-27T19:00:00-05:00,0.83,0.913,0.866,0.887
2023-07-27T19:15:00-05:00,0.818,0.9,0.863,0.874
2023-07-27T19:30:00-05:00,0.809,0.886,0.858,0.857
2023-07-27T19:45:00-05:00,0.8,0.87,0.849,0.836
2023-07-27T20:00:00-05:00,0.801,0.862,0.842,0.811
2023-07-27T20:15:00-05:00,0.799,0.852,0.839,0.794
2023-07-27T20:30:00-05:00,0.798,0.842,0.837,0.782
2023-07-27T20:45:00-05:00,0.795,0.83,0.833,0.772
2023-07-27T21:00:00-05:00,0.803,0.825,0.843,0.775
2023-07-27T21:15:00-05:00,0.799,0.814,0.84,0.766
2023-07-27T21:30:00-05:00,0.791,0.795,0.829,0.752
2023-07-27T21:45:00-05:00,0.773,0.772,0.808,0.733
2023-07-27T22:00:00-05:00,0.758,0.751,0.79,0.723
2023-07-27T22:15:00-05:00,0.742,0.731,0.77,0.704
2023-07-27T22:30:00-05:00,0.721,0.709,0.745,0.68
2023-07-27T22:45:00-05:00,0.696,0.685,0.715,0.649
2023-07-27T23:00:00-05:00,0.672,0.665,0.682,0.613
2023-07-27T23:15:00-05:00,0.65,0.644,0.656,0.587
2023-07-27T23:30:00-05:00,0.629,0.623,0.633,0.564
2023-07-27T23:45:00-05:00,0.608,0.603,0.611,0.544
2023-07-28T00:00:00-05:00,0.526,0.607,0.57,0.604
2023-07-28T00:15:00-05:00,0.509,0.589,0.548,0.584
2023-07-28T00:30:00-05:00,0.495,0.575,0.528,0.567
2023-07-28T00:45:00-05:00,0.48,0.561,0.508,0.55
2023-07-28T01:00:00-05:00,0.464,0.548,0.478,0.528
2023-07-28T01:15:00-05:00,0.451,0.535,0.461,0.514
2023-07-28T01:30:00-05:00,0.437,0.525,0.443,0.499
2023-07-28T01:45:00-05:00,0.428,0.517,0.432,0.489
2023-07-28T02:00:00-05:00,0.408,0.507,0.41,0.474
2023-07-28T02:15:00-05:00,0.399,0.497,0.402,0.464
2023-07-28T02:30:00-05:00,0.389,0.486,0.393,0.453
2023-07-28T02:45:00-05:00,0.382,0.481,0.386,0.447
2023-07-28T03:00:00-05:00,0.371,0.462,0.384,0.436
2023-07-28T03:15:00-05:00,0.365,0.453,0.379,0.427
2023-07-28T03:30:00-05:00,0.361,0.448,0.376,0.421
2023-07-28T03:45:00-05:00,0.357,0.442,0.375,0.416
2023-07-28T04:00:00-05:00,0.348,0.432,0.369,0.4
2023-07-28T04:15:00-05:00,0.346,0.429,0.366,0.395
2023-07-28T04:30:00-05:00,0.346,0.427,0.365,0.391
2023-07-28T04:45:00-05:00,0.345,0.423,0.362,0.385
2023-07-28T05:00:00-05:00,0.353,0.422,0.35,0.373
2023-07-28T05:15:00-05:00,0.359,0.424,0.35,0.372
2023-07-28T05:30:00-05:00,0.362,0.422,0.351,0.371
2023-07-28T05:45:00-05:00,0.366,0.42,0.355,0.372
2023-07-28T06:00:00-05:00,0.374,0.419,0.383,0.397
2023-07-28T06:15:00-05:00,0.38,0.416,0.399,0.409
2023-07-28T06:30:00-05:00,0.379,0.411,0.404,0.41
2023-07-28T06:45:00-05:00,0.377,0.413,0.405,0.409
2023-07-28T07:00:00-05:00,0.373,0.427,0.399,0.396
2023-07-28T07:15:00-05:00,0.366,0.427,0.39,0.387
2023-07-28T07:30:00-05:00,0.356,0.425,0.374,0.378
2023-07-28T07:45:00-05:00,0.351,0.424,0.361,0.375
2023-07-28T08:00:00-05:00,0.346,0.423,0.355,0.38
2023-07-28T08:15:00-05:00,0.352,0.432,0.354,0.387
2023-07-28T08:30:00-05:00,0.363,0.439,0.356,0.395
2023-07-28T08:45:00-05:00,0.381,0.453,0.364,0.409
2023-07-28T09:00:00-05:00,0.415,0.47,0.377,0.432
2023-07-28T09:15:00-05:00,0.439,0.489,0.39,0.449
2023-07-28T09:30:00-05:00,0.457,0.506,0.402,0.462
2023-07-28T09:45:00-05:00,0.471,0.522,0.414,0.471
2023-07-28T10:00:00-05:00,0.481,0.547,0.43,0.478
2023-07-28T10:15:00-05:00,0.497,0.567,0.446,0.49
2023-07-28T10:30:00-05:00,0.518,0.583,0.465,0.504
2023-07-28T10:45:00-05:00,0.54,0.597,0.483,0.519
2023-07-28T11:00:00-05:00,0.57,0.609,0.507,0.536
2023-07-28T11:15:00-05:00,0.596,0.626,0.529,0.555
2023-07-28T11:30:00-05:00,0.616,0.642,0.547,0.576
2023-07-28T11:45:00-05:00,0.635,0.657,0.565,0.598
2023-07-28T12:00:00-05:00,0.653,0.675,0.583,0.63
2023-07-28T12:15:00-05:00,0.673,0.692,0.601,0.653
2023-07-28T12:30:00-05:00,0.688,0.706,0.616,0.669
2023-07-28T12:45:00-05:00,0.703,0.72,0.632,0.683
2023-07-28T13:00:00-05:00,0.718,0.729,0.641,0.685
2023-07-28T13:15:00-05:00,0.731,0.743,0.656,0.698
2023-07-28T13:30:00-05:00,0.74,0.755,0.67,0.711
2023-07-28T13:45:00-05:00,0.745,0.766,0.686,0.726
2023-07-28T14:00:00-05:00,0.742,0.783,0.706,0.751
2023-07-28T14:15:00-05:00,0.747,0.793,0.72,0.763
2023-07-28T14:30:00-05:00,0.757,0.802,0.734,0.773
2023-07-28T14:45:00-05:00,0.771,0.809,0.747,0.778
2023-07-28T15:00:00-05:00,0.796,0.812,0.759,0.777
2023-07-28T15:15:00-05:00,0.81,0.82,0.771,0.784
2023-07-28T15:30:00-05:00,0.825,0.833,0.784,0.793
2023-07-28T15:45:00-05:00,0.837,0.844,0.796,0.8
2023-07-28T16:00:00-05:00,0.848,0.866,0.809,0.815
2023-07-28T16:15:00-05:00,0.857,0.879,0.82,0.822
2023-07-28T16:30:00-05:00,0.862,0.886,0.826,0.826
2023-07-28T16:45:00-05:00,0.868,0.895,0.835,0.833
2023-07-28T17:00:00-05:00,0.872,0.899,0.839,0.832
2023-07-28T17:15:00-05:00,0.878,0.909,0.85,0.839
2023-07-28T17:30:00-05:00,0.879,0.915,0.858,0.845
2023-07-28T17:45:00-05:00,0.872,0.913,0.86,0.845
2023-07-28T18:00:00-05:00,0.861,0.911,0.867,0.851
2023-07-28T18:15:00-05:00,0.849,0.905,0.865,0.848
2023-07-28T18:30:00-05:00,0.838,0.898,0.859,0.843
2023-07-28T18:45:00-05:00,0.822,0.884,0.844,0.831
2023-07-28T19:00:00-05:00,0.807,0.873,0.825,0.825
2023-07-28T19:15:00-05:00,0.79,0.858,0.809,0.812
2023-07-28T19:30:00-05:00,0.777,0.843,0.795,0.794
2023-07-28T19:45:00-05:00,0.764,0.826,0.781,0.773
2023-07-28T20:00:00-05:00,0.762,0.816,0.774,0.747
2023-07-28T20:15:00-05:00,0.756,0.804,0.766,0.729
2023-07-28T20:30:00-05:00,0.751,0.792,0.76,0.717
2023-07-28T20:45:00-05:00,0.746,0.78,0.754,0.707
2023-07-28T21:00:00-05:00,0.746,0.771,0.759,0.706
2023-07-28T21:15:00-05:00,0.741,0.759,0.753,0.697
2023-07-28T21:30:00-05:00,0.734,0.743,0.742,0.688
2023-07-28T21:45:00-05:00,0.722,0.725,0.725,0.676
2023-07-28T22:00:00-05:00,0.714,0.711,0.708,0.671
2023-07-28T22:15:00-05:00,0.704,0.696,0.694,0.661
2023-07-28T22:30:00-05:00,0.689,0.678,0.676,0.646
2023-07-28T22:45:00-05:00,0.672,0.66,0.656,0.628
2023-07-28T23:00:00-05:00,0.657,0.647,0.641,0.611
2023-07-28T23:15:00-05:00,0.64,0.629,0.622,0.594
2023-07-28T23:30:00-05:00,0.622,0.611,0.604,0.576
2023-07-28T23:45:00-05:00,0.604,0.592,0.585,0.558
2023-07-29T00:00:00-05:00,0.55,0.596,0.573,0.597
2023-07-29T00:15:00-05:00,0.529,0.579,0.552,0.576
2023-07-29T00:30:00-05:00,0.51,0.566,0.535,0.558
2023-07-29T00:45:00-05:00,0.491,0.552,0.517,0.539
2023-07-29T01:00:00-05:00,0.461,0.543,0.492,0.513
2023-07-29T01:15:00-05:00,0.445,0.531,0.477,0.498
2023-07-29T01:30:00-05:00,0.43,0.519,0.461,0.483
2023-07-29T01:45:00-05:00,0.42,0.51,0.45,0.472
2023-07-29T02:00:00-05:00,0.409,0.49,0.433,0.459
2023-07-29T02:15:00-05:00,0.402,0.479,0.423,0.45
2023-07-29T02:30:00-05:00,0.393,0.468,0.412,0.44
2023-07-29T02:45:00-05:00,0.388,0.461,0.406,0.434
2023-07-29T03:00:00-05:00,0.38,0.448,0.394,0.423
2023-07-29T03:15:00-05:00,0.374,0.439,0.387,0.415
2023-07-29T03:30:00-05:00,0.369,0.432,0.383,0.41
2023-07-29T03:45:00-05:00,0.366,0.427,0.378,0.406
2023-07-29T04:00:00-05:00,0.351,0.41,0.371,0.394
2023-07-29T04:15:00-05:00,0.349,0.405,0.367,0.389
2023-07-29T04:30:00-05:00,0.347,0.4,0.364,0.384
2023-07-29T04:45:00-05:00,0.344,0.393,0.358,0.377
2023-07-29T05:00:00-05:00,0.347,0.384,0.342,0.361
2023-07-29T05:15:00-05:00,0.35,0.382,0.339,0.356
2023-07-29T05:30:00-05:00,0.35,0.376,0.336,0.351
2023-07-29T05:45:00-05:00,0.348,0.37,0.335,0.346
2023-07-29T06:00:00-05:00,0.344,0.361,0.348,0.353
2023-07-29T06:15:00-05:00,0.34,0.352,0.353,0.351
2023-07-29T06:30:00-05:00,0.334,0.347,0.355,0.347
2023-07-29T06:45:00-05:00,0.333,0.352,0.362,0.347
2023-07-29T07:00:00-05:00,0.326,0.366,0.365,0.344
2023-07-29T07:15:00-05:00,0.329,0.376,0.368,0.346
2023-07-29T07:30:00-05:00,0.341,0.393,0.373,0.354
2023-07-29T07:45:00-05:00,0.361,0.412,0.38,0.368
2023-07-29T08:00:00-05:00,0.385,0.429,0.386,0.386
2023-07-29T08:15:00-05:00,0.407,0.45,0.399,0.403
2023-07-29T08:30:00-05:00,0.422,0.463,0.408,0.415
2023-07-29T08:45:00-05:00,0.441,0.482,0.422,0.432
2023-07-29T09:00:00-05:00,0.463,0.498,0.438,0.446
2023-07-29T09:15:00-05:00,0.486,0.521,0.456,0.466
2023-07-29T09:30:00-05:00,0.505,0.543,0.473,0.488
2023-07-29T09:45:00-05:00,0.519,0.563,0.487,0.509
2023-07-29T10:00:00-05:00,0.534,0.593,0.505,0.547
2023-07-29T10:15:00-05:00,0.552,0.618,0.523,0.571
2023-07-29T10:30:00-05:00,0.572,0.64,0.543,0.586
2023-07-29T10:45:00-05:00,0.592,0.66,0.562,0.596
2023-07-29T11:00:00-05:00,0.618,0.68,0.584,0.593
2023-07-29T11:15:00-05:00,0.642,0.703,0.607,0.605
2023-07-29T11:30:00-05:00,0.66,0.723,0.628,0.619
2023-07-29T11:45:00-05:00,0.677,0.742,0.648,0.635
2023-07-29T12:00:00-05:00,0.688,0.76,0.674,0.658
2023-07-29T12:15:00-05:00,0.706,0.781,0.695,0.677
2023-07-29T12:30:00-05:00,0.723,0.799,0.71,0.694
2023-07-29T12:45:00-05:00,0.742,0.818,0.721,0.712
2023-07-29T13:00:00-05:00,0.764,0.839,0.721,0.728
2023-07-29T13:15:00-05:00,0.782,0.856,0.732,0.745
2023-07-29T13:30:00-05:00,0.795,0.869,0.742,0.76
2023-07-29T13:45:00-05:00,0.804,0.878,0.753,0.774
2023-07-29T14:00:00-05:00,0.81,0.888,0.775,0.793
2023-07-29T14:15:00-05:00,0.817,0.895,0.784,0.805
2023-07-29T14:30:00-05:00,0.826,0.901,0.791,0.815
2023-07-29T14:45:00-05:00,0.834,0.904,0.793,0.821
2023-07-29T15:00:00-05:00,0.846,0.907,0.789,0.826
2023-07-29T15:15:00-05:00,0.856,0.913,0.794,0.833
2023-07-29T15:30:00-05:00,0.866,0.919,0.802,0.843
2023-07-29T15:45:00-05:00,0.873,0.922,0.808,0.849
2023-07-29T16:00:00-05:00,0.884,0.928,0.825,0.861
2023-07-29T16:15:00-05:00,0.89,0.93,0.832,0.866
2023-07-29T16:30:00-05:00,0.892,0.93,0.836,0.866
2023-07-29T16:45:00-05:00,0.897,0.935,0.842,0.867
2023-07-29T17:00:00-05:00,0.895,0.934,0.841,0.858
2023-07-29T17:15:00-05:00,0.898,0.939,0.848,0.856
2023-07-29T17:30:00-05:00,0.899,0.942,0.853,0.854
2023-07-29T17:45:00-05:00,0.893,0.94,0.852,0.848
2023-07-29T18:00:00-05:00,0.891,0.942,0.853,0.841
2023-07-29T18:15:00-05:00,0.882,0.936,0.85,0.833
2023-07-29T18:30:00-05:00,0.871,0.93,0.847,0.827
2023-07-29T18:45:00-05:00,0.852,0.917,0.841,0.82
2023-07-29T19:00:00-05:00,0.834,0.909,0.848,0.831
2023-07-29T19:15:00-05:00,0.814,0.895,0.841,0.822
2023-07-29T19:30:00-05:00,0.795,0.881,0.828,0.806
2023-07-29T19:45:00-05:00,0.776,0.864,0.809,0.784
2023-07-29T20:00:00-05:00,0.761,0.858,0.781,0.75
2023-07-29T20:15:00-05:00,0.748,0.846,0.767,0.73
2023-07-29T20:30:00-05:00,0.739,0.832,0.759,0.716
2023-07-29T20:45:00-05:00,0.731,0.816,0.755,0.705
2023-07-29T21:00:00-05:00,0.731,0.794,0.77,0.703
2023-07-29T21:15:00-05:00,0.724,0.778,0.767,0.694
2023-07-29T21:30:00-05:00,0.716,0.76,0.759,0.685
2023-07-29T21:45:00-05:00,0.705,0.744,0.741,0.673
2023-07-29T22:00:00-05:00,0.702,0.738,0.727,0.67
2023-07-29T22:15:00-05:00,0.693,0.725,0.711,0.662
2023-07-29T22:30:00-05:00,0.675,0.707,0.689,0.647
2023-07-29T22:45:00-05:00,0.653,0.687,0.664,0.628
2023-07-29T23:00:00-05:00,0.629,0.67,0.637,0.61
2023-07-29T23:15:00-05:00,0.608,0.651,0.614,0.592
2023-07-29T23:30:00-05:00,0.589,0.631,0.593,0.575
2023-07-29T23:45:00-05:00,0.57,0.612,0.573,0.557
2023-07-30T00:00:00-05:00,0.533,0.591,0.559,0.561
2023-07-30T00:15:00-05:00,0.515,0.574,0.541,0.543
2023-07-30T00:30:00-05:00,0.5,0.56,0.525,0.527
2023-07-30T00:45:00-05:00,0.485,0.547,0.509,0.511
2023-07-30T01:00:00-05:00,0.466,0.537,0.491,0.491
2023-07-30T01:15:00-05:00,0.453,0.524,0.477,0.477
2023-07-30T01:30:00-05:00,0.44,0.512,0.462,0.464
2023-07-30T01:45:00-05:00,0.431,0.504,0.452,0.455
2023-07-30T02:00:00-05:00,0.416,0.486,0.432,0.443
2023-07-30T02:15:00-05:00,0.406,0.475,0.422,0.432
2023-07-30T02:30:00-05:00,0.396,0.463,0.412,0.421
2023-07-30T02:45:00-05:00,0.39,0.456,0.405,0.415
2023-07-30T03:00:00-05:00,0.379,0.439,0.395,0.396
2023-07-30T03:15:00-05:00,0.371,0.428,0.389,0.388
2023-07-30T03:30:00-05:00,0.366,0.422,0.386,0.383
2023-07-30T03:45:00-05:00,0.361,0.415,0.382,0.377
2023-07-30T04:00:00-05:00,0.345,0.4,0.384,0.373
2023-07-30T04:15:00-05:00,0.343,0.395,0.379,0.369
2023-07-30T04:30:00-05:00,0.34,0.389,0.376,0.365
2023-07-30T04:45:00-05:00,0.337,0.381,0.37,0.358
2023-07-30T05:00:00-05:00,0.342,0.367,0.344,0.337
2023-07-30T05:15:00-05:00,0.346,0.363,0.337,0.331
2023-07-30T05:30:00-05:00,0.347,0.356,0.33,0.325
2023-07-30T05:45:00-05:00,0.346,0.348,0.324,0.319
2023-07-30T06:00:00-05:00,0.347,0.341,0.331,0.326
2023-07-30T06:15:00-05:00,0.346,0.331,0.33,0.324
2023-07-30T06:30:00-05:00,0.341,0.322,0.328,0.319
2023-07-30T06:45:00-05:00,0.339,0.323,0.332,0.319
2023-07-30T07:00:00-05:00,0.332,0.325,0.334,0.312
2023-07-30T07:15:00-05:00,0.331,0.332,0.339,0.315
2023-07-30T07:30:00-05:00,0.334,0.35,0.351,0.326
2023-07-30T07:45:00-05:00,0.345,0.373,0.367,0.344
2023-07-30T08:00:00-05:00,0.355,0.395,0.381,0.365
2023-07-30T08:15:00-05:00,0.372,0.419,0.4,0.386
2023-07-30T08:30:00-05:00,0.389,0.438,0.415,0.4
2023-07-30T08:45:00-05:00,0.414,0.463,0.436,0.42
2023-07-30T09:00:00-05:00,0.453,0.49,0.463,0.445
2023-07-30T09:15:00-05:00,0.483,0.52,0.488,0.468
2023-07-30T09:30:00-05:00,0.506,0.547,0.507,0.484
2023-07-30T09:45:00-05:00,0.524,0.571,0.522,0.497
2023-07-30T10:00:00-05:00,0.534,0.601,0.537,0.508
2023-07-30T10:15:00-05:00,0.555,0.629,0.555,0.523
2023-07-30T10:30:00-05:00,0.585,0.656,0.574,0.541
2023-07-30T10:45:00-05:00,0.618,0.681,0.593,0.558
2023-07-30T11:00:00-05:00,0.663,0.706,0.613,0.576
2023-07-30T11:15:00-05:00,0.7,0.735,0.635,0.598
2023-07-30T11:30:00-05:00,0.73,0.76,0.657,0.619
2023-07-30T11:45:00-05:00,0.759,0.785,0.679,0.642
2023-07-30T12:00:00-05:00,0.785,0.809,0.705,0.669
2023-07-30T12:15:00-05:00,0.813,0.835,0.728,0.693
2023-07-30T12:30:00-05:00,0.837,0.859,0.747,0.715
2023-07-30T12:45:00-05:00,0.859,0.885,0.765,0.737
2023-07-30T13:00:00-05:00,0.883,0.916,0.778,0.757
2023-07-30T13:15:00-05:00,0.903,0.939,0.796,0.777
2023-07-30T13:30:00-05:00,0.916,0.954,0.811,0.794
2023-07-30T13:45:00-05:00,0.923,0.963,0.826,0.809
2023-07-30T14:00:00-05:00,0.923,0.97,0.852,0.828
2023-07-30T14:15:00-05:00,0.928,0.975,0.863,0.84
2023-07-30T14:30:00-05:00,0.936,0.978,0.869,0.849
2023-07-30T14:45:00-05:00,0.944,0.977,0.867,0.855
2023-07-30T15:00:00-05:00,0.957,0.974,0.857,0.859
2023-07-30T15:15:00-05:00,0.967,0.976,0.859,0.865
2023-07-30T15:30:00-05:00,0.98,0.981,0.861,0.873
2023-07-30T15:45:00-05:00,0.989,0.982,0.861,0.876
2023-07-30T16:00:00-05:00,1.003,0.991,0.865,0.883
2023-07-30T16:15:00-05:00,1.011,0.992,0.865,0.885
2023-07-30T16:30:00-05:00,1.015,0.991,0.867,0.885
2023-07-30T16:45:00-05:00,1.022,0.996,0.874,0.888
2023-07-30T17:00:00-05:00,1.03,0.994,0.88,0.882
2023-07-30T17:15:00-05:00,1.035,0.998,0.891,0.885
2023-07-30T17:30:00-05:00,1.033,1.001,0.899,0.889
2023-07-30T17:45:00-05:00,1.02,0.998,0.902,0.89
2023-07-30T18:00:00-05:00,1.001,0.999,0.906,0.9
2023-07-30T18:15:00-05:00,0.982,0.993,0.906,0.898
2023-07-30T18:30:00-05:00,0.964,0.987,0.905,0.895
2023-07-30T18:45:00-05:00,0.938,0.976,0.901,0.885
2023-07-30T19:00:00-05:00,0.911,0.972,0.902,0.88
2023-07-30T19:15:00-05:00,0.885,0.96,0.898,0.869
2023-07-30T19:30:00-05:00,0.863,0.946,0.893,0.857
2023-07-30T19:45:00-05:00,0.846,0.929,0.885,0.842
2023-07-30T20:00:00-05:00,0.846,0.918,0.884,0.833
2023-07-30T20:15:00-05:00,0.834,0.906,0.882,0.823
2023-07-30T20:30:00-05:00,0.823,0.894,0.879,0.814
2023-07-30T20:45:00-05:00,0.809,0.881,0.874,0.802
2023-07-30T21:00:00-05:00,0.798,0.877,0.882,0.793
2023-07-30T21:15:00-05:00,0.785,0.865,0.876,0.782
2023-07-30T21:30:00-05:00,0.767,0.841,0.859,0.769
2023-07-30T21:45:00-05:00,0.746,0.811,0.83,0.753
2023-07-30T22:00:00-05:00,0.731,0.781,0.806,0.752
2023-07-30T22:15:00-05:00,0.714,0.755,0.778,0.738
2023-07-30T22:30:00-05:00,0.692,0.729,0.746,0.715
2023-07-30T22:45:00-05:00,0.669,0.703,0.706,0.684
2023-07-30T23:00:00-05:00,0.648,0.684,0.662,0.646
2023-07-30T23:15:00-05:00,0.627,0.662,0.63,0.62
2023-07-30T23:30:00-05:00,0.607,0.641,0.604,0.597
2023-07-30T23:45:00-05:00,0.588,0.62,0.58,0.575
2023-07-31T00:00:00-05:00,0.554,0.605,0.555,0.558
2023-07-31T00:15:00-05:00,0.535,0.587,0.535,0.541
2023-07-31T00:30:00-05:00,0.519,0.572,0.518,0.526
2023-07-31T00:45:00-05:00,0.503,0.557,0.501,0.512
2023-07-31T01:00:00-05:00,0.482,0.542,0.478,0.498
2023-07-31T01:15:00-05:00,0.468,0.529,0.463,0.485
2023-07-31T01:30:00-05:00,0.456,0.518,0.447,0.471
2023-07-31T01:45:00-05:00,0.447,0.51,0.436,0.463
2023-07-31T02:00:00-05:00,0.435,0.5,0.409,0.445
2023-07-31T02:15:00-05:00,0.427,0.491,0.403,0.434
2023-07-31T02:30:00-05:00,0.418,0.481,0.395,0.423
2023-07-31T02:45:00-05:00,0.414,0.476,0.388,0.416
2023-07-31T03:00:00-05:00,0.407,0.463,0.393,0.4
2023-07-31T03:15:00-05:00,0.399,0.455,0.39,0.39
2023-07-31T03:30:00-05:00,0.394,0.449,0.388,0.385
2023-07-31T03:45:00-05:00,0.39,0.445,0.387,0.379
2023-07-31T04:00:00-05:00,0.367,0.431,0.381,0.365
2023-07-31T04:15:00-05:00,0.364,0.427,0.378,0.361
2023-07-31T04:30:00-05:00,0.363,0.423,0.376,0.358
2023-07-31T04:45:00-05:00,0.361,0.417,0.373,0.353
2023-07-31T05:00:00-05:00,0.378,0.409,0.356,0.348
2023-07-31T05:15:00-05:00,0.386,0.408,0.356,0.35
2023-07-31T05:30:00-05:00,0.388,0.404,0.356,0.35
2023-07-31T05:45:00-05:00,0.389,0.4,0.361,0.353
2023-07-31T06:00:00-05:00,0.383,0.4,0.395,0.37
2023-07-31T06:15:00-05:00,0.38,0.396,0.414,0.381
2023-07-31T06:30:00-05:00,0.371,0.391,0.419,0.385
2023-07-31T06:45:00-05:00,0.366,0.392,0.418,0.391
2023-07-31T07:00:00-05:00,0.36,0.406,0.406,0.395
2023-07-31T07:15:00-05:00,0.355,0.406,0.394,0.393
2023-07-31T07:30:00-05:00,0.354,0.404,0.374,0.387
2023-07-31T07:45:00-05:00,0.361,0.404,0.36,0.382
2023-07-31T08:00:00-05:00,0.373,0.399,0.353,0.379
2023-07-31T08:15:00-05:00,0.388,0.408,0.352,0.383
2023-07-31T08:30:00-05:00,0.4,0.42,0.355,0.386
2023-07-31T08:45:00-05:00,0.42,0.44,0.364,0.394
2023-07-31T09:00:00-05:00,0.444,0.472,0.379,0.404
2023-07-31T09:15:00-05:00,0.468,0.498,0.393,0.416
2023-07-31T09:30:00-05:00,0.49,0.521,0.406,0.429
2023-07-31T09:45:00-05:00,0.509,0.54,0.419,0.44
2023-07-31T10:00:00-05:00,0.532,0.563,0.433,0.454
2023-07-31T10:15:00-05:00,0.554,0.586,0.449,0.47
2023-07-31T10:30:00-05:00,0.579,0.609,0.471,0.491
2023-07-31T10:45:00-05:00,0.602,0.632,0.494,0.512
2023-07-31T11:00:00-05:00,0.627,0.657,0.523,0.54
2023-07-31T11:15:00-05:00,0.654,0.683,0.549,0.565
2023-07-31T11:30:00-05:00,0.677,0.706,0.573,0.589
2023-07-31T11:45:00-05:00,0.7,0.728,0.598,0.612
2023-07-31T12:00:00-05:00,0.723,0.752,0.625,0.639
2023-07-31T12:15:00-05:00,0.747,0.775,0.649,0.662
2023-07-31T12:30:00-05:00,0.767,0.794,0.671,0.679
2023-07-31T12:45:00-05:00,0.787,0.813,0.691,0.695
2023-07-31T13:00:00-05:00,0.809,0.828,0.707,0.699
2023-07-31T13:15:00-05:00,0.827,0.846,0.726,0.714
2023-07-31T13:30:00-05:00,0.838,0.859,0.74,0.728
2023-07-31T13:45:00-05:00,0.844,0.871,0.753,0.744
2023-07-31T14:00:00-05:00,0.834,0.884,0.764,0.768
2023-07-31T14:15:00-05:00,0.839,0.894,0.775,0.781
2023-07-31T14:30:00-05:00,0.854,0.905,0.787,0.793
2023-07-31T14:45:00-05:00,0.875,0.915,0.798,0.802
2023-07-31T15:00:00-05:00,0.915,0.926,0.813,0.805
2023-07-31T15:15:00-05:00,0.936,0.937,0.824,0.814
2023-07-31T15:30:00-05:00,0.953,0.952,0.837,0.826
2023-07-31T15:45:00-05:00,0.965,0.966,0.846,0.838
2023-07-31T16:00:00-05:00,0.963,0.985,0.853,0.857
2023-07-31T16:15:00-05:00,0.97,0.999,0.861,0.869
2023-07-31T16:30:00-05:00,0.978,1.007,0.868,0.876
2023-07-31T16:45:00-05:00,0.99,1.017,0.88,0.884
2023-07-31T17:00:00-05:00,1.006,1.02,0.886,0.881
2023-07-31T17:15:00-05:00,1.023,1.034,0.904,0.893
2023-07-31T17:30:00-05:00,1.033,1.044,0.919,0.904
2023-07-31T17:45:00-05:00,1.033,1.048,0.929,0.911
2023-07-31T18:00:00-05:00,1.03,1.057,0.946,0.929
2023-07-31T18:15:00-05:00,1.025,1.056,0.952,0.932
2023-07-31T18:30:00-05:00,1.019,1.051,0.955,0.931
2023-07-31T18:45:00-05:00,1.007,1.037,0.949,0.919
2023-07-31T19:00:00-05:00,0.997,1.025,0.941,0.908
2023-07-31T19:15:00-05:00,0.984,1.009,0.935,0.894
2023-07-31T19:30:00-05:00,0.973,0.993,0.932,0.879
2023-07-31T19:45:00-05:00,0.961,0.974,0.926,0.863
2023-07-31T20:00:00-05:00,0.966,0.962,0.935,0.85
2023-07-31T20:15:00-05:00,0.96,0.949,0.936,0.838
2023-07-31T20:30:00-05:00,0.949,0.937,0.935,0.827
2023-07-31T20:45:00-05:00,0.932,0.924,0.928,0.817
2023-07-31T21:00:00-05:00,0.909,0.92,0.929,0.813
2023-07-31T21:15:00-05:00,0.892,0.907,0.921,0.802
2023-07-31T21:30:00-05:00,0.871,0.884,0.903,0.788
2023-07-31T21:45:00-05:00,0.849,0.855,0.876,0.768
2023-07-31T22:00:00-05:00,0.834,0.826,0.854,0.757
2023-07-31T22:15:00-05:00,0.817,0.801,0.828,0.74
2023-07-31T22:30:00-05:00,0.796,0.777,0.796,0.717
2023-07-31T22:45:00-05:00,0.774,0.753,0.756,0.69
2023-07-31T23:00:00-05:00,0.759,0.738,0.713,0.663
2023-07-31T23:15:00-05:00,0.738,0.716,0.68,0.639
2023-07-31T23:30:00-05:00,0.717,0.695,0.653,0.617
2023-07-31T23:45:00-05:00,0.695,0.673,0.629,0.597
2023-08-01T00:00:00-05:00,0.598,0.647,0.584,0.588
2023-08-01T00:15:00-05:00,0.578,0.628,0.564,0.57
2023-08-01T00:30:00-05:00,0.562,0.611,0.547,0.555
2023-08-01T00:45:00-05:00,0.545,0.595,0.53,0.54
2023-08-01T01:00:00-05:00,0.527,0.579,0.508,0.525
2023-08-01T01:15:00-05:00,0.512,0.565,0.493,0.512
2023-08-01T01:30:00-05:00,0.497,0.552,0.478,0.498
2023-08-01T01:45:00-05:00,0.487,0.543,0.468,0.489
2023-08-01T02:00:00-05:00,0.466,0.529,0.447,0.472
2023-08-01T02:15:00-05:00,0.456,0.52,0.439,0.461
2023-08-01T02:30:00-05:00,0.446,0.509,0.43,0.45
2023-08-01T02:45:00-05:00,0.44,0.504,0.424,0.443
2023-08-01T03:00:00-05:00,0.433,0.492,0.42,0.429
2023-08-01T03:15:00-05:00,0.426,0.484,0.415,0.42
2023-08-01T03:30:00-05:00,0.422,0.479,0.412,0.415
2023-08-01T03:45:00-05:00,0.418,0.474,0.409,0.41
2023-08-01T04:00:00-05:00,0.399,0.462,0.402,0.398
2023-08-01T04:15:00-05:00,0.398,0.458,0.399,0.394
2023-08-01T04:30:00-05:00,0.398,0.454,0.397,0.391
2023-08-01T04:45:00-05:00,0.398,0.448,0.392,0.385
2023-08-01T05:00:00-05:00,0.418,0.438,0.377,0.374
2023-08-01T05:15:00-05:00,0.429,0.436,0.377,0.374
2023-08-01T05:30:00-05:00,0.433,0.432,0.377,0.372
2023-08-01T05:45:00-05:00,0.436,0.426,0.38,0.374
2023-08-01T06:00:00-05:00,0.432,0.426,0.409,0.394
2023-08-01T06:15:00-05:00,0.43,0.421,0.424,0.404
2023-08-01T06:30:00-05:00,0.421,0.412,0.426,0.406
2023-08-01T06:45:00-05:00,0.414,0.411,0.424,0.408
2023-08-01T07:00:00-05:00,0.409,0.418,0.414,0.402
2023-08-01T07:15:00-05:00,0.4,0.416,0.402,0.398
2023-08-01T07:30:00-05:00,0.393,0.415,0.383,0.392
2023-08-01T07:45:00-05:00,0.394,0.418,0.37,0.391
2023-08-01T08:00:00-05:00,0.403,0.424,0.367,0.396
2023-08-01T08:15:00-05:00,0.413,0.436,0.367,0.404
2023-08-01T08:30:00-05:00,0.424,0.447,0.369,0.409
2023-08-01T08:45:00-05:00,0.442,0.464,0.377,0.419
2023-08-01T09:00:00-05:00,0.468,0.487,0.388,0.43
2023-08-01T09:15:00-05:00,0.491,0.51,0.4,0.444
2023-08-01T09:30:00-05:00,0.51,0.53,0.414,0.457
2023-08-01T09:45:00-05:00,0.526,0.548,0.427,0.468
2023-08-01T10:00:00-05:00,0.538,0.572,0.447,0.482
2023-08-01T10:15:00-05:00,0.558,0.594,0.463,0.498
2023-08-01T10:30:00-05:00,0.586,0.615,0.482,0.517
2023-08-01T10:45:00-05:00,0.615,0.636,0.5,0.537
2023-08-01T11:00:00-05:00,0.659,0.656,0.517,0.56
2023-08-01T11:15:00-05:00,0.692,0.68,0.538,0.585
2023-08-01T11:30:00-05:00,0.716,0.703,0.56,0.609
2023-08-01T11:45:00-05:00,0.735,0.728,0.582,0.634
2023-08-01T12:00:00-05:00,0.75,0.757,0.609,0.668
2023-08-01T12:15:00-05:00,0.769,0.783,0.631,0.693
2023-08-01T12:30:00-05:00,0.782,0.804,0.651,0.713
2023-08-01T12:45:00-05:00,0.794,0.826,0.669,0.728
2023-08-01T13:00:00-05:00,0.801,0.843,0.684,0.732
2023-08-01T13:15:00-05:00,0.811,0.863,0.701,0.747
2023-08-01T13:30:00-05:00,0.818,0.879,0.716,0.761
2023-08-01T13:45:00-05:00,0.822,0.894,0.729,0.776
2023-08-01T14:00:00-05:00,0.816,0.912,0.743,0.798
2023-08-01T14:15:00-05:00,0.821,0.924,0.755,0.812
2023-08-01T14:30:00-05:00,0.833,0.936,0.768,0.825
2023-08-01T14:45:00-05:00,0.852,0.945,0.781,0.836
2023-08-01T15:00:00-05:00,0.888,0.953,0.797,0.845
2023-08-01T15:15:00-05:00,0.907,0.964,0.81,0.856
2023-08-01T15:30:00-05:00,0.924,0.976,0.823,0.87
2023-08-01T15:45:00-05:00,0.936,0.985,0.834,0.882
2023-08-01T16:00:00-05:00,0.937,1.0,0.844,0.899
2023-08-01T16:15:00-05:00,0.945,1.008,0.853,0.91
2023-08-01T16:30:00-05:00,0.953,1.012,0.859,0.916
2023-08-01T16:45:00-05:00,0.966,1.019,0.868,0.923
2023-08-01T17:00:00-05:00,0.983,1.014,0.871,0.919
2023-08-01T17:15:00-05:00,1.0,1.024,0.883,0.927
2023-08-01T17:30:00-05:00,1.01,1.033,0.891,0.934
2023-08-01T17:45:00-05:00,1.009,1.039,0.893,0.936
2023-08-01T18:00:00-05:00,1.001,1.059,0.895,0.945
2023-08-01T18:15:00-05:00,0.995,1.061,0.895,0.944
2023-08-01T18:30:00-05:00,0.989,1.057,0.894,0.94
2023-08-01T18:45:00-05:00,0.978,1.041,0.889,0.928
2023-08-01T19:00:00-05:00,0.973,1.024,0.891,0.922
2023-08-01T19:15:00-05:00,0.962,1.007,0.887,0.909
2023-08-01T19:30:00-05:00,0.951,0.989,0.882,0.893
2023-08-01T19:45:00-05:00,0.937,0.97,0.874,0.875
2023-08-01T20:00:00-05:00,0.932,0.96,0.872,0.856
2023-08-01T20:15:00-05:00,0.925,0.947,0.87,0.842
2023-08-01T20:30:00-05:00,0.917,0.935,0.868,0.83
2023-08-01T20:45:00-05:00,0.906,0.921,0.863,0.819
2023-08-01T21:00:00-05:00,0.902,0.913,0.87,0.814
2023-08-01T21:15:00-05:00,0.891,0.9,0.865,0.804
2023-08-01T21:30:00-05:00,0.874,0.879,0.852,0.79
2023-08-01T21:45:00-05:00,0.851,0.854,0.828,0.773
2023-08-01T22:00:00-05:00,0.827,0.83,0.806,0.768
2023-08-01T22:15:00-05:00,0.808,0.809,0.784,0.752
2023-08-01T22:30:00-05:00,0.787,0.787,0.758,0.727
2023-08-01T22:45:00-05:00,0.766,0.764,0.727,0.695
2023-08-01T23:00:00-05:00,0.753,0.749,0.696,0.657
2023-08-01T23:15:00-05:00,0.733,0.728,0.67,0.629
2023-08-01T23:30:00-05:00,0.712,0.707,0.646,0.606
2023-08-01T23:45:00-05:00,0.691,0.685,0.624,0.584
2023-08-02T00:00:00-05:00,0.587,0.682,0.585,0.61
2023-08-02T00:15:00-05:00,0.567,0.662,0.565,0.592
2023-08-02T00:30:00-05:00,0.55,0.645,0.547,0.577
2023-08-02T00:45:00-05:00,0.533,0.629,0.53,0.562
2023-08-02T01:00:00-05:00,0.512,0.614,0.508,0.548
2023-08-02T01:15:00-05:00,0.497,0.599,0.492,0.534
2023-08-02T01:30:00-05:00,0.482,0.586,0.475,0.521
2023-08-02T01:45:00-05:00,0.472,0.577,0.464,0.512
2023-08-02T02:00:00-05:00,0.454,0.562,0.437,0.494
2023-08-02T02:15:00-05:00,0.444,0.552,0.429,0.483
2023-08-02T02:30:00-05:00,0.434,0.54,0.42,0.471
2023-08-02T02:45:00-05:00,0.428,0.534,0.413,0.465
2023-08-02T03:00:00-05:00,0.42,0.52,0.415,0.45
2023-08-02T03:15:00-05:00,0.412,0.511,0.41,0.441
2023-08-02T03:30:00-05:00,0.408,0.505,0.407,0.435
2023-08-02T03:45:00-05:00,0.404,0.499,0.406,0.43
2023-08-02T04:00:00-05:00,0.389,0.482,0.395,0.418
2023-08-02T04:15:00-05:00,0.386,0.477,0.391,0.413
2023-08-02T04:30:00-05:00,0.386,0.472,0.389,0.409
2023-08-02T04:45:00-05:00,0.384,0.465,0.384,0.402
2023-08-02T05:00:00-05:00,0.396,0.454,0.37,0.388
2023-08-02T05:15:00-05:00,0.403,0.452,0.369,0.386
2023-08-02T05:30:00-05:00,0.404,0.447,0.369,0.383
2023-08-02T05:45:00-05:00,0.404,0.442,0.373,0.383
2023-08-02T06:00:00-05:00,0.4,0.443,0.404,0.403
2023-08-02T06:15:00-05:00,0.396,0.438,0.419,0.412
2023-08-02T06:30:00-05:00,0.387,0.43,0.422,0.413
2023-08-02T06:45:00-05:00,0.382,0.429,0.419,0.413
2023-08-02T07:00:00-05:00,0.381,0.442,0.407,0.408
2023-08-02T07:15:00-05:00,0.374,0.44,0.394,0.403
2023-08-02T07:30:00-05:00,0.368,0.435,0.375,0.398
2023-08-02T07:45:00-05:00,0.368,0.434,0.363,0.399
2023-08-02T08:00:00-05:00,0.37,0.433,0.361,0.408
2023-08-02T08:15:00-05:00,0.38,0.442,0.361,0.416
2023-08-02T08:30:00-05:00,0.394,0.452,0.363,0.421
2023-08-02T08:45:00-05:00,0.417,0.469,0.37,0.431
2023-08-02T09:00:00-05:00,0.454,0.495,0.38,0.437
2023-08-02T09:15:00-05:00,0.482,0.517,0.392,0.451
2023-08-02T09:30:00-05:00,0.505,0.536,0.404,0.464
2023-08-02T09:45:00-05:00,0.523,0.552,0.417,0.477
2023-08-02T10:00:00-05:00,0.538,0.573,0.436,0.496
2023-08-02T10:15:00-05:00,0.56,0.593,0.452,0.513
2023-08-02T10:30:00-05:00,0.585,0.612,0.471,0.531
2023-08-02T10:45:00-05:00,0.611,0.631,0.489,0.549
2023-08-02T11:00:00-05:00,0.645,0.65,0.509,0.564
2023-08-02T11:15:00-05:00,0.675,0.672,0.531,0.586
2023-08-02T11:30:00-05:00,0.699,0.694,0.552,0.609
2023-08-02T11:45:00-05:00,0.722,0.716,0.575,0.634
2023-08-02T12:00:00-05:00,0.746,0.741,0.603,0.672
2023-08-02T12:15:00-05:00,0.768,0.764,0.625,0.698
2023-08-02T12:30:00-05:00,0.784,0.784,0.644,0.716
2023-08-02T12:45:00-05:00,0.796,0.805,0.662,0.729
2023-08-02T13:00:00-05:00,0.8,0.823,0.674,0.726
2023-08-02T13:15:00-05:00,0.811,0.843,0.69,0.738
2023-08-02T13:30:00-05:00,0.821,0.859,0.703,0.749
2023-08-02T13:45:00-05:00,0.83,0.873,0.716,0.762
2023-08-02T14:00:00-05:00,0.839,0.891,0.727,0.78
2023-08-02T14:15:00-05:00,0.847,0.902,0.738,0.792
2023-08-02T14:30:00-05:00,0.86,0.911,0.751,0.803
2023-08-02T14:45:00-05:00,0.876,0.918,0.766,0.814
2023-08-02T15:00:00-05:00,0.901,0.92,0.784,0.822
2023-08-02T15:15:00-05:00,0.917,0.928,0.798,0.833
2023-08-02T15:30:00-05:00,0.931,0.939,0.815,0.848
2023-08-02T15:45:00-05:00,0.939,0.949,0.829,0.861
2023-08-02T16:00:00-05:00,0.94,0.968,0.847,0.882
2023-08-02T16:15:00-05:00,0.946,0.978,0.861,0.895
2023-08-02T16:30:00-05:00,0.952,0.982,0.87,0.903
2023-08-02T16:45:00-05:00,0.963,0.988,0.88,0.911
2023-08-02T17:00:00-05:00,0.977,0.978,0.882,0.911
2023-08-02T17:15:00-05:00,0.991,0.986,0.896,0.921
2023-08-02T17:30:00-05:00,0.998,0.995,0.908,0.929
2023-08-02T17:45:00-05:00,0.996,1.003,0.913,0.93
2023-08-02T18:00:00-05:00,0.989,1.027,0.921,0.935
2023-08-02T18:15:00-05:00,0.981,1.031,0.923,0.932
2023-08-02T18:30:00-05:00,0.973,1.029,0.924,0.929
2023-08-02T18:45:00-05:00,0.958,1.015,0.919,0.918
2023-08-02T19:00:00-05:00,0.945,0.999,0.917,0.916
2023-08-02T19:15:00-05:00,0.93,0.984,0.913,0.904
2023-08-02T19:30:00-05:00,0.917,0.97,0.909,0.888
2023-08-02T19:45:00-05:00,0.905,0.953,0.902,0.867
2023-08-02T20:00:00-05:00,0.903,0.947,0.905,0.842
2023-08-02T20:15:00-05:00,0.897,0.936,0.905,0.825
2023-08-02T20:30:00-05:00,0.893,0.925,0.905,0.812
2023-08-02T20:45:00-05:00,0.887,0.912,0.901,0.801
2023-08-02T21:00:00-05:00,0.891,0.905,0.906,0.801
2023-08-02T21:15:00-05:00,0.885,0.892,0.902,0.791
2023-08-02T21:30:00-05:00,0.875,0.872,0.889,0.776
2023-08-02T21:45:00-05:00,0.856,0.847,0.867,0.757
2023-08-02T22:00:00-05:00,0.842,0.822,0.849,0.747
2023-08-02T22:15:00-05:00,0.826,0.801,0.828,0.729
2023-08-02T22:30:00-05:00,0.803,0.779,0.801,0.704
2023-08-02T22:45:00-05:00,0.777,0.758,0.768,0.673
2023-08-02T23:00:00-05:00,0.751,0.745,0.733,0.637
2023-08-02T23:15:00-05:00,0.727,0.725,0.704,0.61
2023-08-02T23:30:00-05:00,0.704,0.704,0.679,0.588
2023-08-02T23:45:00-05:00,0.682,0.683,0.655,0.567
2023-08-03T00:00:00-05:00,0.59,0.69,0.596,0.608
2023-08-03T00:15:00-05:00,0.57,0.67,0.576,0.59
2023-08-03T00:30:00-05:00,0.553,0.653,0.558,0.575
2023-08-03T00:45:00-05:00,0.536,0.637,0.541,0.56
2023-08-03T01:00:00-05:00,0.514,0.623,0.519,0.547
2023-08-03T01:15:00-05:00,0.499,0.608,0.503,0.533
2023-08-03T01:30:00-05:00,0.485,0.596,0.487,0.52
2023-08-03T01:45:00-05:00,0.475,0.587,0.477,0.511
2023-08-03T02:00:00-05:00,0.46,0.574,0.453,0.494
2023-08-03T02:15:00-05:00,0.45,0.563,0.445,0.483
2023-08-03T02:30:00-05:00,0.44,0.551,0.436,0.471
2023-08-03T02:45:00-05:00,0.434,0.546,0.43,0.464
2023-08-03T03:00:00-05:00,0.422,0.529,0.428,0.448
2023-08-03T03:15:00-05:00,0.415,0.52,0.423,0.439
2023-08-03T03:30:00-05:00,0.41,0.513,0.42,0.433
2023-08-03T03:45:00-05:00,0.406,0.508,0.418,0.428
2023-08-03T04:00:00-05:00,0.393,0.493,0.408,0.419
2023-08-03T04:15:00-05:00,0.392,0.488,0.405,0.415
2023-08-03T04:30:00-05:00,0.392,0.485,0.403,0.412
2023-08-03T04:45:00-05:00,0.392,0.479,0.399,0.407
2023-08-03T05:00:00-05:00,0.407,0.471,0.388,0.393
2023-08-03T05:15:00-05:00,0.415,0.47,0.388,0.393
2023-08-03T05:30:00-05:00,0.417,0.466,0.388,0.391
2023-08-03T05:45:00-05:00,0.418,0.461,0.39,0.392
2023-08-03T06:00:00-05:00,0.413,0.459,0.412,0.412
2023-08-03T06:15:00-05:00,0.409,0.452,0.423,0.421
2023-08-03T06:30:00-05:00,0.399,0.444,0.423,0.422
2023-08-03T06:45:00-05:00,0.392,0.442,0.42,0.423
2023-08-03T07:00:00-05:00,0.389,0.457,0.415,0.417
2023-08-03T07:15:00-05:00,0.381,0.453,0.404,0.412
2023-08-03T07:30:00-05:00,0.375,0.447,0.386,0.405
2023-08-03T07:45:00-05:00,0.377,0.443,0.374,0.404
2023-08-03T08:00:00-05:00,0.382,0.44,0.372,0.411
2023-08-03T08:15:00-05:00,0.393,0.448,0.371,0.419
2023-08-03T08:30:00-05:00,0.406,0.458,0.372,0.424
2023-08-03T08:45:00-05:00,0.427,0.475,0.378,0.433
2023-08-03T09:00:00-05:00,0.459,0.504,0.383,0.443
2023-08-03T09:15:00-05:00,0.485,0.527,0.393,0.456
2023-08-03T09:30:00-05:00,0.508,0.545,0.405,0.469
2023-08-03T09:45:00-05:00,0.527,0.56,0.417,0.481
2023-08-03T10:00:00-05:00,0.548,0.579,0.436,0.499
2023-08-03T10:15:00-05:00,0.57,0.598,0.452,0.515
2023-08-03T10:30:00-05:00,0.597,0.614,0.47,0.532
2023-08-03T10:45:00-05:00,0.623,0.63,0.489,0.549
2023-08-03T11:00:00-05:00,0.656,0.643,0.508,0.566
2023-08-03T11:15:00-05:00,0.686,0.662,0.529,0.586
2023-08-03T11:30:00-05:00,0.71,0.682,0.55,0.609
2023-08-03T11:45:00-05:00,0.732,0.702,0.571,0.632
2023-08-03T12:00:00-05:00,0.756,0.729,0.598,0.666
2023-08-03T12:15:00-05:00,0.778,0.751,0.62,0.69
2023-08-03T12:30:00-05:00,0.793,0.77,0.637,0.709
2023-08-03T12:45:00-05:00,0.805,0.788,0.653,0.724
2023-08-03T13:00:00-05:00,0.807,0.803,0.662,0.73
2023-08-03T13:15:00-05:00,0.817,0.82,0.677,0.744
2023-08-03T13:30:00-05:00,0.825,0.833,0.69,0.756
2023-08-03T13:45:00-05:00,0.831,0.845,0.702,0.769
2023-08-03T14:00:00-05:00,0.834,0.861,0.715,0.784
2023-08-03T14:15:00-05:00,0.84,0.87,0.725,0.795
2023-08-03T14:30:00-05:00,0.851,0.88,0.738,0.806
2023-08-03T14:45:00-05:00,0.864,0.887,0.751,0.817
2023-08-03T15:00:00-05:00,0.89,0.891,0.765,0.828
2023-08-03T15:15:00-05:00,0.904,0.899,0.778,0.839
2023-08-03T15:30:00-05:00,0.917,0.912,0.794,0.854
2023-08-03T15:45:00-05:00,0.925,0.924,0.809,0.867
2023-08-03T16:00:00-05:00,0.926,0.945,0.829,0.887
2023-08-03T16:15:00-05:00,0.931,0.957,0.843,0.9
2023-08-03T16:30:00-05:00,0.937,0.963,0.853,0.906
2023-08-03T16:45:00-05:00,0.949,0.971,0.863,0.913
2023-08-03T17:00:00-05:00,0.965,0.967,0.864,0.909
2023-08-03T17:15:00-05:00,0.981,0.978,0.878,0.918
2023-08-03T17:30:00-05:00,0.99,0.988,0.89,0.925
2023-08-03T17:45:00-05:00,0.989,0.994,0.896,0.927
2023-08-03T18:00:00-05:00,0.983,1.013,0.905,0.934
2023-08-03T18:15:00-05:00,0.977,1.015,0.909,0.933
2023-08-03T18:30:00-05:00,0.97,1.012,0.911,0.929
2023-08-03T18:45:00-05:00,0.957,0.999,0.909,0.919
2023-08-03T19:00:00-05:00,0.946,0.984,0.913,0.916
2023-08-03T19:15:00-05:00,0.933,0.969,0.911,0.904
2023-08-03T19:30:00-05:00,0.923,0.955,0.907,0.887
2023-08-03T19:45:00-05:00,0.911,0.939,0.899,0.866
2023-08-03T20:00:00-05:00,0.912,0.933,0.895,0.84
2023-08-03T20:15:00-05:00,0.907,0.923,0.894,0.823
2023-08-03T20:30:00-05:00,0.902,0.912,0.893,0.81
2023-08-03T20:45:00-05:00,0.894,0.899,0.889,0.799
2023-08-03T21:00:00-05:00,0.892,0.891,0.898,0.799
2023-08-03T21:15:00-05:00,0.884,0.878,0.894,0.789
2023-08-03T21:30:00-05:00,0.872,0.857,0.882,0.775
2023-08-03T21:45:00-05:00,0.853,0.832,0.859,0.755
2023-08-03T22:00:00-05:00,0.838,0.808,0.839,0.744
2023-08-03T22:15:00-05:00,0.823,0.786,0.818,0.726
2023-08-03T22:30:00-05:00,0.802,0.763,0.792,0.702
2023-08-03T22:45:00-05:00,0.779,0.74,0.76,0.672
2023-08-03T23:00:00-05:00,0.758,0.724,0.727,0.639
2023-08-03T23:15:00-05:00,0.736,0.703,0.7,0.613
2023-08-03T23:30:00-05:00,0.714,0.682,0.675,0.59
2023-08-03T23:45:00-05:00,0.692,0.661,0.652,0.57
2023-08-04T00:00:00-05:00,0.606,0.674,0.603,0.641
2023-08-04T00:15:00-05:00,0.587,0.655,0.581,0.621
2023-08-04T00:30:00-05:00,0.571,0.641,0.563,0.604
2023-08-04T00:45:00-05:00,0.556,0.627,0.544,0.588
2023-08-04T01:00:00-05:00,0.54,0.616,0.52,0.571
2023-08-04T01:15:00-05:00,0.525,0.604,0.503,0.556
2023-08-04T01:30:00-05:00,0.511,0.593,0.484,0.542
2023-08-04T01:45:00-05:00,0.502,0.585,0.472,0.532
2023-08-04T02:00:00-05:00,0.481,0.574,0.441,0.514
2023-08-04T02:15:00-05:00,0.471,0.562,0.432,0.503
2023-08-04T02:30:00-05:00,0.46,0.55,0.422,0.491
2023-08-04T02:45:00-05:00,0.453,0.545,0.414,0.485
2023-08-04T03:00:00-05:00,0.442,0.523,0.416,0.471
2023-08-04T03:15:00-05:00,0.435,0.513,0.412,0.462
2023-08-04T03:30:00-05:00,0.429,0.507,0.409,0.456
2023-08-04T03:45:00-05:00,0.425,0.501,0.407,0.45
2023-08-04T04:00:00-05:00,0.408,0.493,0.399,0.437
2023-08-04T04:15:00-05:00,0.406,0.489,0.396,0.432
2023-08-04T04:30:00-05:00,0.405,0.486,0.394,0.428
2023-08-04T04:45:00-05:00,0.405,0.48,0.39,0.421
2023-08-04T05:00:00-05:00,0.42,0.469,0.377,0.405
2023-08-04T05:15:00-05:00,0.43,0.468,0.377,0.403
2023-08-04T05:30:00-05:00,0.434,0.463,0.377,0.4
2023-08-04T05:45:00-05:00,0.438,0.456,0.379,0.401
2023-08-04T06:00:00-05:00,0.444,0.451,0.404,0.425
2023-08-04T06:15:00-05:00,0.449,0.443,0.416,0.436
2023-08-04T06:30:00-05:00,0.444,0.434,0.418,0.436
2023-08-04T06:45:00-05:00,0.439,0.434,0.417,0.434
2023-08-04T07:00:00-05:00,0.433,0.453,0.414,0.422
2023-08-04T07:15:00-05:00,0.423,0.452,0.404,0.413
2023-08-04T07:30:00-05:00,0.41,0.449,0.387,0.404
2023-08-04T07:45:00-05:00,0.406,0.448,0.375,0.403
2023-08-04T08:00:00-05:00,0.404,0.447,0.369,0.41
2023-08-04T08:15:00-05:00,0.412,0.456,0.369,0.418
2023-08-04T08:30:00-05:00,0.424,0.466,0.372,0.426
2023-08-04T08:45:00-05:00,0.445,0.482,0.381,0.441
2023-08-04T09:00:00-05:00,0.483,0.504,0.395,0.464
2023-08-04T09:15:00-05:00,0.509,0.526,0.409,0.482
2023-08-04T09:30:00-05:00,0.53,0.547,0.423,0.495
2023-08-04T09:45:00-05:00,0.546,0.566,0.435,0.504
2023-08-04T10:00:00-05:00,0.556,0.596,0.45,0.509
2023-08-04T10:15:00-05:00,0.575,0.619,0.466,0.521
2023-08-04T10:30:00-05:00,0.601,0.638,0.486,0.538
2023-08-04T10:45:00-05:00,0.629,0.653,0.506,0.556
2023-08-04T11:00:00-05:00,0.669,0.663,0.53,0.579
2023-08-04T11:15:00-05:00,0.701,0.682,0.553,0.602
2023-08-04T11:30:00-05:00,0.727,0.701,0.574,0.625
2023-08-04T11:45:00-05:00,0.75,0.72,0.596,0.65
2023-08-04T12:00:00-05:00,0.771,0.745,0.618,0.683
2023-08-04T12:15:00-05:00,0.794,0.766,0.64,0.709
2023-08-04T12:30:00-05:00,0.812,0.782,0.658,0.728
2023-08-04T12:45:00-05:00,0.828,0.797,0.676,0.743
2023-08-04T13:00:00-05:00,0.843,0.805,0.689,0.746
2023-08-04T13:15:00-05:00,0.857,0.819,0.707,0.761
2023-08-04T13:30:00-05:00,0.866,0.832,0.723,0.776
2023-08-04T13:45:00-05:00,0.87,0.845,0.74,0.794
2023-08-04T14:00:00-05:00,0.864,0.864,0.761,0.825
2023-08-04T14:15:00-05:00,0.868,0.875,0.775,0.84
2023-08-04T14:30:00-05:00,0.879,0.885,0.791,0.852
2023-08-04T14:45:00-05:00,0.895,0.893,0.806,0.859
2023-08-04T15:00:00-05:00,0.927,0.898,0.821,0.859
2023-08-04T15:15:00-05:00,0.944,0.908,0.835,0.867
2023-08-04T15:30:00-05:00,0.96,0.922,0.852,0.878
2023-08-04T15:45:00-05:00,0.97,0.937,0.866,0.886
2023-08-04T16:00:00-05:00,0.977,0.962,0.882,0.905
2023-08-04T16:15:00-05:00,0.984,0.977,0.895,0.914
2023-08-04T16:30:00-05:00,0.987,0.985,0.902,0.916
2023-08-04T16:45:00-05:00,0.994,0.995,0.911,0.919
2023-08-04T17:00:00-05:00,0.995,0.996,0.911,0.907
2023-08-04T17:15:00-05:00,1.001,1.008,0.923,0.909
2023-08-04T17:30:00-05:00,1.003,1.015,0.932,0.912
2023-08-04T17:45:00-05:00,0.998,1.014,0.934,0.913
2023-08-04T18:00:00-05:00,0.994,1.016,0.943,0.926
2023-08-04T18:15:00-05:00,0.984,1.011,0.942,0.923
2023-08-04T18:30:00-05:00,0.973,1.004,0.937,0.918
2023-08-04T18:45:00-05:00,0.953,0.989,0.922,0.904
2023-08-04T19:00:00-05:00,0.932,0.977,0.904,0.893
2023-08-04T19:15:00-05:00,0.912,0.961,0.888,0.877
2023-08-04T19:30:00-05:00,0.895,0.944,0.875,0.857
2023-08-04T19:45:00-05:00,0.879,0.925,0.862,0.834
2023-08-04T20:00:00-05:00,0.878,0.913,0.862,0.809
2023-08-04T20:15:00-05:00,0.868,0.899,0.856,0.79
2023-08-04T20:30:00-05:00,0.858,0.886,0.85,0.777
2023-08-04T20:45:00-05:00,0.846,0.872,0.842,0.765
2023-08-04T21:00:00-05:00,0.831,0.86,0.841,0.762
2023-08-04T21:15:00-05:00,0.819,0.846,0.833,0.752
2023-08-04T21:30:00-05:00,0.808,0.829,0.821,0.74
2023-08-04T21:45:00-05:00,0.795,0.809,0.803,0.725
2023-08-04T22:00:00-05:00,0.788,0.792,0.788,0.716
2023-08-04T22:15:00-05:00,0.78,0.778,0.773,0.705
2023-08-04T22:30:00-05:00,0.766,0.76,0.753,0.689
2023-08-04T22:45:00-05:00,0.751,0.744,0.732,0.673
2023-08-04T23:00:00-05:00,0.742,0.736,0.713,0.661
2023-08-04T23:15:00-05:00,0.726,0.72,0.693,0.644
2023-08-04T23:30:00-05:00,0.707,0.701,0.672,0.626
2023-08-04T23:45:00-05:00,0.687,0.681,0.652,0.608
2023-08-05T00:00:00-05:00,0.638,0.671,0.623,0.656
2023-08-05T00:15:00-05:00,0.614,0.653,0.603,0.634
2023-08-05T00:30:00-05:00,0.593,0.639,0.586,0.616
2023-08-05T00:45:00-05:00,0.571,0.626,0.569,0.597
2023-08-05T01:00:00-05:00,0.536,0.619,0.551,0.573
2023-08-05T01:15:00-05:00,0.519,0.606,0.535,0.557
2023-08-05T01:30:00-05:00,0.503,0.594,0.519,0.542
2023-08-05T01:45:00-05:00,0.492,0.586,0.508,0.531
2023-08-05T02:00:00-05:00,0.485,0.566,0.481,0.515
2023-08-05T02:15:00-05:00,0.477,0.554,0.47,0.504
2023-08-05T02:30:00-05:00,0.467,0.541,0.459,0.493
2023-08-05T02:45:00-05:00,0.463,0.535,0.45,0.487
2023-08-05T03:00:00-05:00,0.456,0.519,0.442,0.475
2023-08-05T03:15:00-05:00,0.448,0.508,0.434,0.466
2023-08-05T03:30:00-05:00,0.443,0.501,0.43,0.461
2023-08-05T03:45:00-05:00,0.439,0.495,0.425,0.456
2023-08-05T04:00:00-05:00,0.415,0.477,0.416,0.444
2023-08-05T04:15:00-05:00,0.412,0.471,0.411,0.438
2023-08-05T04:30:00-05:00,0.409,0.465,0.407,0.433
2023-08-05T04:45:00-05:00,0.406,0.456,0.401,0.424
2023-08-05T05:00:00-05:00,0.42,0.441,0.385,0.402
2023-08-05T05:15:00-05:00,0.426,0.435,0.382,0.395
2023-08-05T05:30:00-05:00,0.426,0.428,0.377,0.388
2023-08-05T05:45:00-05:00,0.423,0.419,0.372,0.381
2023-08-05T06:00:00-05:00,0.41,0.409,0.374,0.386
2023-08-05T06:15:00-05:00,0.401,0.397,0.371,0.381
2023-08-05T06:30:00-05:00,0.39,0.389,0.368,0.375
2023-08-05T06:45:00-05:00,0.385,0.393,0.372,0.374
2023-08-05T07:00:00-05:00,0.377,0.409,0.385,0.374
2023-08-05T07:15:00-05:00,0.378,0.418,0.389,0.376
2023-08-05T07:30:00-05:00,0.392,0.433,0.394,0.383
2023-08-05T07:45:00-05:00,0.416,0.452,0.4,0.397
2023-08-05T08:00:00-05:00,0.449,0.468,0.404,0.414
2023-08-05T08:15:00-05:00,0.475,0.489,0.416,0.433
2023-08-05T08:30:00-05:00,0.491,0.504,0.426,0.446
2023-08-05T08:45:00-05:00,0.513,0.524,0.441,0.465
2023-08-05T09:00:00-05:00,0.534,0.543,0.458,0.481
2023-08-05T09:15:00-05:00,0.559,0.568,0.477,0.505
2023-08-05T09:30:00-05:00,0.577,0.592,0.494,0.529
2023-08-05T09:45:00-05:00,0.592,0.613,0.51,0.551
2023-08-05T10:00:00-05:00,0.605,0.646,0.528,0.593
2023-08-05T10:15:00-05:00,0.623,0.672,0.548,0.619
2023-08-05T10:30:00-05:00,0.646,0.695,0.57,0.636
2023-08-05T10:45:00-05:00,0.67,0.716,0.592,0.649
2023-08-05T11:00:00-05:00,0.703,0.733,0.616,0.647
2023-08-05T11:15:00-05:00,0.73,0.757,0.642,0.662
2023-08-05T11:30:00-05:00,0.752,0.779,0.667,0.679
2023-08-05T11:45:00-05:00,0.772,0.802,0.693,0.699
2023-08-05T12:00:00-05:00,0.789,0.827,0.728,0.726
2023-08-05T12:15:00-05:00,0.81,0.852,0.754,0.748
2023-08-05T12:30:00-05:00,0.828,0.873,0.772,0.769
2023-08-05T12:45:00-05:00,0.847,0.894,0.787,0.791
2023-08-05T13:00:00-05:00,0.868,0.916,0.787,0.81
2023-08-05T13:15:00-05:00,0.886,0.936,0.801,0.832
2023-08-05T13:30:00-05:00,0.898,0.95,0.814,0.85
2023-08-05T13:45:00-05:00,0.905,0.96,0.828,0.867
2023-08-05T14:00:00-05:00,0.907,0.971,0.852,0.892
2023-08-05T14:15:00-05:00,0.912,0.978,0.864,0.907
2023-08-05T14:30:00-05:00,0.92,0.985,0.873,0.918
2023-08-05T14:45:00-05:00,0.928,0.989,0.878,0.926
2023-08-05T15:00:00-05:00,0.944,0.996,0.878,0.929
2023-08-05T15:15:00-05:00,0.955,1.003,0.885,0.937
2023-08-05T15:30:00-05:00,0.966,1.01,0.895,0.947
2023-08-05T15:45:00-05:00,0.972,1.012,0.902,0.953
2023-08-05T16:00:00-05:00,0.979,1.019,0.92,0.97
2023-08-05T16:15:00-05:00,0.983,1.02,0.927,0.974
2023-08-05T16:30:00-05:00,0.986,1.019,0.929,0.971
2023-08-05T16:45:00-05:00,0.993,1.023,0.932,0.969
2023-08-05T17:00:00-05:00,0.997,1.02,0.921,0.947
2023-08-05T17:15:00-05:00,1.004,1.023,0.922,0.938
2023-08-05T17:30:00-05:00,1.008,1.024,0.924,0.932
2023-08-05T17:45:00-05:00,1.003,1.021,0.924,0.925
2023-08-05T18:00:00-05:00,1.001,1.021,0.929,0.924
2023-08-05T18:15:00-05:00,0.992,1.014,0.926,0.915
2023-08-05T18:30:00-05:00,0.982,1.007,0.925,0.909
2023-08-05T18:45:00-05:00,0.963,0.994,0.919,0.899
2023-08-05T19:00:00-05:00,0.945,0.985,0.929,0.908
2023-08-05T19:15:00-05:00,0.924,0.971,0.923,0.897
2023-08-05T19:30:00-05:00,0.905,0.956,0.91,0.878
2023-08-05T19:45:00-05:00,0.885,0.941,0.891,0.853
2023-08-05T20:00:00-05:00,0.875,0.939,0.862,0.816
2023-08-05T20:15:00-05:00,0.861,0.927,0.846,0.793
2023-08-05T20:30:00-05:00,0.849,0.913,0.837,0.778
2023-08-05T20:45:00-05:00,0.836,0.894,0.83,0.766
2023-08-05T21:00:00-05:00,0.824,0.866,0.838,0.765
2023-08-05T21:15:00-05:00,0.811,0.847,0.832,0.755
2023-08-05T21:30:00-05:00,0.8,0.827,0.821,0.744
2023-08-05T21:45:00-05:00,0.788,0.809,0.803,0.73
2023-08-05T22:00:00-05:00,0.787,0.8,0.79,0.723
2023-08-05T22:15:00-05:00,0.778,0.786,0.775,0.713
2023-08-05T22:30:00-05:00,0.761,0.769,0.753,0.698
2023-08-05T22:45:00-05:00,0.741,0.751,0.728,0.682
2023-08-05T23:00:00-05:00,0.72,0.74,0.702,0.67
2023-08-05T23:15:00-05:00,0.7,0.722,0.678,0.653
2023-08-05T23:30:00-05:00,0.68,0.702,0.656,0.635
2023-08-05T23:45:00-05:00,0.659,0.682,0.635,0.617
2023-08-06T00:00:00-05:00,0.618,0.677,0.604,0.649
2023-08-06T00:15:00-05:00,0.598,0.659,0.586,0.628
2023-08-06T00:30:00-05:00,0.58,0.644,0.571,0.611
2023-08-06T00:45:00-05:00,0.563,0.631,0.557,0.593
2023-08-06T01:00:00-05:00,0.54,0.622,0.546,0.572
2023-08-06T01:15:00-05:00,0.525,0.609,0.532,0.557
2023-08-06T01:30:00-05:00,0.512,0.597,0.516,0.543
2023-08-06T01:45:00-05:00,0.503,0.589,0.507,0.533
2023-08-06T02:00:00-05:00,0.492,0.571,0.476,0.521
2023-08-06T02:15:00-05:00,0.483,0.559,0.464,0.509
2023-08-06T02:30:00-05:00,0.472,0.546,0.453,0.496
2023-08-06T02:45:00-05:00,0.467,0.54,0.444,0.49
2023-08-06T03:00:00-05:00,0.455,0.522,0.436,0.468
2023-08-06T03:15:00-05:00,0.446,0.51,0.429,0.459
2023-08-06T03:30:00-05:00,0.44,0.502,0.425,0.453
2023-08-06T03:45:00-05:00,0.435,0.495,0.422,0.447
2023-08-06T04:00:00-05:00,0.413,0.474,0.42,0.447
2023-08-06T04:15:00-05:00,0.409,0.468,0.415,0.441
2023-08-06T04:30:00-05:00,0.407,0.461,0.412,0.436
2023-08-06T04:45:00-05:00,0.404,0.451,0.405,0.427
2023-08-06T05:00:00-05:00,0.415,0.438,0.383,0.395
2023-08-06T05:15:00-05:00,0.421,0.433,0.377,0.385
2023-08-06T05:30:00-05:00,0.421,0.425,0.369,0.375
2023-08-06T05:45:00-05:00,0.419,0.415,0.36,0.366
2023-08-06T06:00:00-05:00,0.41,0.406,0.354,0.372
2023-08-06T06:15:00-05:00,0.402,0.393,0.344,0.366
2023-08-06T06:30:00-05:00,0.392,0.382,0.336,0.359
2023-08-06T06:45:00-05:00,0.387,0.381,0.338,0.358
2023-08-06T07:00:00-05:00,0.385,0.39,0.349,0.359
2023-08-06T07:15:00-05:00,0.383,0.395,0.356,0.361
2023-08-06T07:30:00-05:00,0.387,0.406,0.368,0.368
2023-08-06T07:45:00-05:00,0.4,0.424,0.383,0.382
2023-08-06T08:00:00-05:00,0.415,0.441,0.398,0.398
2023-08-06T08:15:00-05:00,0.434,0.463,0.417,0.416
2023-08-06T08:30:00-05:00,0.45,0.48,0.429,0.43
2023-08-06T08:45:00-05:00,0.474,0.505,0.448,0.449
2023-08-06T09:00:00-05:00,0.508,0.538,0.47,0.474
2023-08-06T09:15:00-05:00,0.536,0.567,0.492,0.498
2023-08-06T09:30:00-05:00,0.557,0.592,0.508,0.517
2023-08-06T09:45:00-05:00,0.573,0.611,0.521,0.532
2023-08-06T10:00:00-05:00,0.579,0.634,0.535,0.551
2023-08-06T10:15:00-05:00,0.598,0.657,0.551,0.569
2023-08-06T10:30:00-05:00,0.628,0.68,0.568,0.586
2023-08-06T10:45:00-05:00,0.659,0.701,0.584,0.602
2023-08-06T11:00:00-05:00,0.706,0.722,0.599,0.613
2023-08-06T11:15:00-05:00,0.742,0.748,0.619,0.633
2023-08-06T11:30:00-05:00,0.772,0.772,0.642,0.655
2023-08-06T11:45:00-05:00,0.8,0.796,0.667,0.679
2023-08-06T12:00:00-05:00,0.827,0.824,0.703,0.709
2023-08-06T12:15:00-05:00,0.854,0.85,0.729,0.736
2023-08-06T12:30:00-05:00,0.874,0.873,0.75,0.762
2023-08-06T12:45:00-05:00,0.892,0.897,0.769,0.788
2023-08-06T13:00:00-05:00,0.907,0.925,0.777,0.816
2023-08-06T13:15:00-05:00,0.922,0.946,0.795,0.841
2023-08-06T13:30:00-05:00,0.929,0.96,0.811,0.862
2023-08-06T13:45:00-05:00,0.931,0.967,0.829,0.88
2023-08-06T14:00:00-05:00,0.925,0.971,0.859,0.905
2023-08-06T14:15:00-05:00,0.925,0.975,0.873,0.919
2023-08-06T14:30:00-05:00,0.929,0.979,0.883,0.929
2023-08-06T14:45:00-05:00,0.934,0.981,0.886,0.933
2023-08-06T15:00:00-05:00,0.947,0.986,0.88,0.928
2023-08-06T15:15:00-05:00,0.956,0.991,0.885,0.933
2023-08-06T15:30:00-05:00,0.966,0.996,0.892,0.942
2023-08-06T15:45:00-05:00,0.972,0.995,0.897,0.949
2023-08-06T16:00:00-05:00,0.98,0.996,0.911,0.968
2023-08-06T16:15:00-05:00,0.987,0.995,0.917,0.974
2023-08-06T16:30:00-05:00,0.992,0.995,0.919,0.974
2023-08-06T16:45:00-05:00,1.003,1.002,0.924,0.975
2023-08-06T17:00:00-05:00,1.022,1.007,0.914,0.958
2023-08-06T17:15:00-05:00,1.035,1.015,0.921,0.957
2023-08-06T17:30:00-05:00,1.037,1.018,0.93,0.959
2023-08-06T17:45:00-05:00,1.027,1.015,0.937,0.961
2023-08-06T18:00:00-05:00,1.005,1.011,0.955,0.973
2023-08-06T18:15:00-05:00,0.988,1.004,0.96,0.972
2023-08-06T18:30:00-05:00,0.974,0.997,0.964,0.97
2023-08-06T18:45:00-05:00,0.953,0.986,0.962,0.962
2023-08-06T19:00:00-05:00,0.932,0.981,0.966,0.963
2023-08-06T19:15:00-05:00,0.911,0.97,0.964,0.953
2023-08-06T19:30:00-05:00,0.897,0.959,0.96,0.939
2023-08-06T19:45:00-05:00,0.885,0.945,0.951,0.92
2023-08-06T20:00:00-05:00,0.897,0.943,0.95,0.899
2023-08-06T20:15:00-05:00,0.892,0.935,0.947,0.885
2023-08-06T20:30:00-05:00,0.883,0.925,0.942,0.873
2023-08-06T20:45:00-05:00,0.869,0.911,0.933,0.862
2023-08-06T21:00:00-05:00,0.85,0.903,0.931,0.86
2023-08-06T21:15:00-05:00,0.835,0.889,0.922,0.85
2023-08-06T21:30:00-05:00,0.817,0.863,0.904,0.836
2023-08-06T21:45:00-05:00,0.798,0.83,0.878,0.817
2023-08-06T22:00:00-05:00,0.784,0.792,0.862,0.807
2023-08-06T22:15:00-05:00,0.769,0.764,0.837,0.79
2023-08-06T22:30:00-05:00,0.749,0.74,0.805,0.766
2023-08-06T22:45:00-05:00,0.729,0.718,0.766,0.737
2023-08-06T23:00:00-05:00,0.713,0.709,0.721,0.706
2023-08-06T23:15:00-05:00,0.694,0.69,0.688,0.68
2023-08-06T23:30:00-05:00,0.673,0.67,0.66,0.657
2023-08-06T23:45:00-05:00,0.653,0.649,0.636,0.635
2023-08-07T00:00:00-05:00,0.595,0.669,0.595,0.631
2023-08-07T00:15:00-05:00,0.576,0.65,0.574,0.612
2023-08-07T00:30:00-05:00,0.56,0.636,0.557,0.597
2023-08-07T00:45:00-05:00,0.543,0.621,0.54,0.583
2023-08-07T01:00:00-05:00,0.523,0.61,0.518,0.572
2023-08-07T01:15:00-05:00,0.509,0.598,0.503,0.558
2023-08-07T01:30:00-05:00,0.497,0.587,0.486,0.544
2023-08-07T01:45:00-05:00,0.488,0.58,0.475,0.535
2023-08-07T02:00:00-05:00,0.478,0.569,0.449,0.514
2023-08-07T02:15:00-05:00,0.469,0.559,0.441,0.502
2023-08-07T02:30:00-05:00,0.46,0.548,0.432,0.488
2023-08-07T02:45:00-05:00,0.455,0.544,0.426,0.48
2023-08-07T03:00:00-05:00,0.443,0.528,0.426,0.461
2023-08-07T03:15:00-05:00,0.435,0.519,0.423,0.451
2023-08-07T03:30:00-05:00,0.43,0.514,0.42,0.444
2023-08-07T03:45:00-05:00,0.426,0.509,0.419,0.437
2023-08-07T04:00:00-05:00,0.405,0.495,0.415,0.424
2023-08-07T04:15:00-05:00,0.403,0.49,0.411,0.419
2023-08-07T04:30:00-05:00,0.403,0.487,0.411,0.414
2023-08-07T04:45:00-05:00,0.403,0.481,0.408,0.407
2023-08-07T05:00:00-05:00,0.427,0.474,0.396,0.392
2023-08-07T05:15:00-05:00,0.439,0.473,0.397,0.39
2023-08-07T05:30:00-05:00,0.444,0.469,0.396,0.387
2023-08-07T05:45:00-05:00,0.446,0.464,0.397,0.386
2023-08-07T06:00:00-05:00,0.441,0.461,0.414,0.402
2023-08-07T06:15:00-05:00,0.438,0.454,0.422,0.409
2023-08-07T06:30:00-05:00,0.427,0.445,0.42,0.409
2023-08-07T06:45:00-05:00,0.416,0.443,0.419,0.412
2023-08-07T07:00:00-05:00,0.402,0.46,0.422,0.415
2023-08-07T07:15:00-05:00,0.391,0.457,0.411,0.412
2023-08-07T07:30:00-05:00,0.385,0.451,0.392,0.407
2023-08-07T07:45:00-05:00,0.391,0.447,0.376,0.403
2023-08-07T08:00:00-05:00,0.41,0.441,0.368,0.405
2023-08-07T08:15:00-05:00,0.424,0.449,0.365,0.411
2023-08-07T08:30:00-05:00,0.435,0.461,0.365,0.416
2023-08-07T08:45:00-05:00,0.452,0.482,0.369,0.426
2023-08-07T09:00:00-05:00,0.468,0.521,0.376,0.434
2023-08-07T09:15:00-05:00,0.489,0.548,0.385,0.449
2023-08-07T09:30:00-05:00,0.511,0.568,0.397,0.466
2023-08-07T09:45:00-05:00,0.531,0.582,0.41,0.484
2023-08-07T10:00:00-05:00,0.56,0.596,0.427,0.512
2023-08-07T10:15:00-05:00,0.584,0.614,0.444,0.533
2023-08-07T10:30:00-05:00,0.609,0.631,0.465,0.555
2023-08-07T10:45:00-05:00,0.633,0.647,0.487,0.576
2023-08-07T11:00:00-05:00,0.66,0.664,0.512,0.592
2023-08-07T11:15:00-05:00,0.686,0.684,0.537,0.616
2023-08-07T11:30:00-05:00,0.708,0.703,0.561,0.642
2023-08-07T11:45:00-05:00,0.729,0.723,0.586,0.67
2023-08-07T12:00:00-05:00,0.75,0.747,0.615,0.711
2023-08-07T12:15:00-05:00,0.772,0.768,0.64,0.74
2023-08-07T12:30:00-05:00,0.788,0.786,0.662,0.762
2023-08-07T12:45:00-05:00,0.802,0.802,0.682,0.779
2023-08-07T13:00:00-05:00,0.816,0.815,0.699,0.784
2023-08-07T13:15:00-05:00,0.829,0.831,0.718,0.8
2023-08-07T13:30:00-05:00,0.835,0.843,0.734,0.814
2023-08-07T13:45:00-05:00,0.835,0.852,0.748,0.828
2023-08-07T14:00:00-05:00,0.819,0.861,0.762,0.848
2023-08-07T14:15:00-05:00,0.82,0.869,0.774,0.86
2023-08-07T14:30:00-05:00,0.831,0.879,0.788,0.87
2023-08-07T14:45:00-05:00,0.849,0.889,0.803,0.877
2023-08-07T15:00:00-05:00,0.889,0.901,0.82,0.877
2023-08-07T15:15:00-05:00,0.908,0.913,0.834,0.886
2023-08-07T15:30:00-05:00,0.923,0.929,0.851,0.901
2023-08-07T15:45:00-05:00,0.932,0.943,0.865,0.916
2023-08-07T16:00:00-05:00,0.927,0.965,0.882,0.946
2023-08-07T16:15:00-05:00,0.932,0.98,0.895,0.962
2023-08-07T16:30:00-05:00,0.938,0.99,0.903,0.971
2023-08-07T16:45:00-05:00,0.95,1.0,0.912,0.979
2023-08-07T17:00:00-05:00,0.965,1.002,0.906,0.972
2023-08-07T17:15:00-05:00,0.982,1.017,0.921,0.983
2023-08-07T17:30:00-05:00,0.994,1.028,0.936,0.993
2023-08-07T17:45:00-05:00,0.997,1.032,0.949,0.999
2023-08-07T18:00:00-05:00,0.999,1.042,0.974,1.016
2023-08-07T18:15:00-05:00,0.997,1.042,0.984,1.018
2023-08-07T18:30:00-05:00,0.994,1.038,0.99,1.015
2023-08-07T18:45:00-05:00,0.984,1.025,0.987,1.001
2023-08-07T19:00:00-05:00,0.974,1.014,0.986,0.993
2023-08-07T19:15:00-05:00,0.964,1.0,0.984,0.977
2023-08-07T19:30:00-05:00,0.956,0.987,0.98,0.955
2023-08-07T19:45:00-05:00,0.946,0.971,0.971,0.931
2023-08-07T20:00:00-05:00,0.958,0.967,0.972,0.901
2023-08-07T20:15:00-05:00,0.954,0.958,0.969,0.88
2023-08-07T20:30:00-05:00,0.943,0.948,0.963,0.865
2023-08-07T20:45:00-05:00,0.923,0.935,0.952,0.853
2023-08-07T21:00:00-05:00,0.89,0.931,0.945,0.857
2023-08-07T21:15:00-05:00,0.87,0.918,0.933,0.846
2023-08-07T21:30:00-05:00,0.846,0.894,0.913,0.825
2023-08-07T21:45:00-05:00,0.823,0.864,0.886,0.798
2023-08-07T22:00:00-05:00,0.807,0.83,0.868,0.772
2023-08-07T22:15:00-05:00,0.789,0.804,0.842,0.748
2023-08-07T22:30:00-05:00,0.769,0.779,0.811,0.724
2023-08-07T22:45:00-05:00,0.75,0.755,0.773,0.698
2023-08-07T23:00:00-05:00,0.74,0.743,0.731,0.678
2023-08-07T23:15:00-05:00,0.721,0.722,0.699,0.655
2023-08-07T23:30:00-05:00,0.701,0.7,0.673,0.634
2023-08-07T23:45:00-05:00,0.681,0.679,0.648,0.613
2023-08-08T00:00:00-05:00,0.605,0.696,0.597,0.641
2023-08-08T00:15:00-05:00,0.585,0.677,0.578,0.622
2023-08-08T00:30:00-05:00,0.568,0.661,0.562,0.607
2023-08-08T00:45:00-05:00,0.55,0.647,0.545,0.593
2023-08-08T01:00:00-05:00,0.529,0.636,0.527,0.582
2023-08-08T01:15:00-05:00,0.514,0.623,0.513,0.569
2023-08-08T01:30:00-05:00,0.5,0.611,0.497,0.556
2023-08-08T01:45:00-05:00,0.49,0.603,0.487,0.547
2023-08-08T02:00:00-05:00,0.476,0.585,0.463,0.528
2023-08-08T02:15:00-05:00,0.466,0.575,0.455,0.517
2023-08-08T02:30:00-05:00,0.455,0.563,0.445,0.504
2023-08-08T02:45:00-05:00,0.449,0.558,0.439,0.497
2023-08-08T03:00:00-05:00,0.437,0.545,0.435,0.479
2023-08-08T03:15:00-05:00,0.429,0.536,0.43,0.47
2023-08-08T03:30:00-05:00,0.424,0.53,0.427,0.464
2023-08-08T03:45:00-05:00,0.42,0.526,0.425,0.459
2023-08-08T04:00:00-05:00,0.405,0.511,0.417,0.45
2023-08-08T04:15:00-05:00,0.404,0.506,0.413,0.445
2023-08-08T04:30:00-05:00,0.406,0.503,0.412,0.442
2023-08-08T04:45:00-05:00,0.408,0.497,0.409,0.435
2023-08-08T05:00:00-05:00,0.432,0.489,0.4,0.416
2023-08-08T05:15:00-05:00,0.445,0.489,0.401,0.413
2023-08-08T05:30:00-05:00,0.451,0.485,0.4,0.409
2023-08-08T05:45:00-05:00,0.455,0.48,0.401,0.407
2023-08-08T06:00:00-05:00,0.451,0.478,0.419,0.426
2023-08-08T06:15:00-05:00,0.45,0.472,0.427,0.432
2023-08-08T06:30:00-05:00,0.441,0.463,0.426,0.43
2023-08-08T06:45:00-05:00,0.432,0.462,0.424,0.43
2023-08-08T07:00:00-05:00,0.42,0.481,0.424,0.425
2023-08-08T07:15:00-05:00,0.409,0.478,0.413,0.419
2023-08-08T07:30:00-05:00,0.4,0.47,0.396,0.414
2023-08-08T07:45:00-05:00,0.401,0.464,0.383,0.415
2023-08-08T08:00:00-05:00,0.414,0.458,0.38,0.425
2023-08-08T08:15:00-05:00,0.426,0.464,0.379,0.434
2023-08-08T08:30:00-05:00,0.436,0.473,0.379,0.439
2023-08-08T08:45:00-05:00,0.452,0.489,0.384,0.449
2023-08-08T09:00:00-05:00,0.472,0.519,0.388,0.455
2023-08-08T09:15:00-05:00,0.493,0.541,0.397,0.469
2023-08-08T09:30:00-05:00,0.513,0.555,0.407,0.484
2023-08-08T09:45:00-05:00,0.532,0.565,0.419,0.499
2023-08-08T10:00:00-05:00,0.552,0.576,0.44,0.523
2023-08-08T10:15:00-05:00,0.575,0.59,0.455,0.542
2023-08-08T10:30:00-05:00,0.602,0.601,0.472,0.561
2023-08-08T10:45:00-05:00,0.631,0.612,0.487,0.579
2023-08-08T11:00:00-05:00,0.67,0.621,0.501,0.592
2023-08-08T11:15:00-05:00,0.702,0.636,0.52,0.614
2023-08-08T11:30:00-05:00,0.726,0.653,0.54,0.639
2023-08-08T11:45:00-05:00,0.748,0.67,0.561,0.667
2023-08-08T12:00:00-05:00,0.77,0.694,0.587,0.71
2023-08-08T12:15:00-05:00,0.792,0.714,0.608,0.738
2023-08-08T12:30:00-05:00,0.804,0.729,0.628,0.759
2023-08-08T12:45:00-05:00,0.814,0.744,0.646,0.776
2023-08-08T13:00:00-05:00,0.814,0.754,0.661,0.778
2023-08-08T13:15:00-05:00,0.821,0.768,0.678,0.793
2023-08-08T13:30:00-05:00,0.825,0.78,0.693,0.807
2023-08-08T13:45:00-05:00,0.827,0.792,0.706,0.822
2023-08-08T14:00:00-05:00,0.823,0.808,0.718,0.843
2023-08-08T14:15:00-05:00,0.825,0.817,0.73,0.856
2023-08-08T14:30:00-05:00,0.834,0.825,0.746,0.869
2023-08-08T14:45:00-05:00,0.847,0.831,0.763,0.88
2023-08-08T15:00:00-05:00,0.875,0.833,0.783,0.887
2023-08-08T15:15:00-05:00,0.889,0.84,0.799,0.898
2023-08-08T15:30:00-05:00,0.901,0.853,0.818,0.915
2023-08-08T15:45:00-05:00,0.907,0.865,0.836,0.931
2023-08-08T16:00:00-05:00,0.905,0.889,0.859,0.959
2023-08-08T16:15:00-05:00,0.908,0.903,0.875,0.975
2023-08-08T16:30:00-05:00,0.914,0.91,0.884,0.982
2023-08-08T16:45:00-05:00,0.925,0.919,0.892,0.989
2023-08-08T17:00:00-05:00,0.942,0.911,0.884,0.981
2023-08-08T17:15:00-05:00,0.958,0.923,0.895,0.989
2023-08-08T17:30:00-05:00,0.968,0.936,0.905,0.996
2023-08-08T17:45:00-05:00,0.967,0.948,0.913,0.998
2023-08-08T18:00:00-05:00,0.962,0.975,0.926,1.008
2023-08-08T18:15:00-05:00,0.957,0.982,0.93,1.006
2023-08-08T18:30:00-05:00,0.952,0.984,0.933,1.001
2023-08-08T18:45:00-05:00,0.941,0.974,0.932,0.988
2023-08-08T19:00:00-05:00,0.935,0.96,0.937,0.981
2023-08-08T19:15:00-05:00,0.925,0.949,0.936,0.966
2023-08-08T19:30:00-05:00,0.916,0.938,0.933,0.945
2023-08-08T19:45:00-05:00,0.906,0.925,0.924,0.922
2023-08-08T20:00:00-05:00,0.91,0.922,0.922,0.893
2023-08-08T20:15:00-05:00,0.905,0.914,0.92,0.874
2023-08-08T20:30:00-05:00,0.898,0.907,0.916,0.859
2023-08-08T20:45:00-05:00,0.886,0.896,0.908,0.847
2023-08-08T21:00:00-05:00,0.873,0.892,0.908,0.848
2023-08-08T21:15:00-05:00,0.86,0.881,0.9,0.837
2023-08-08T21:30:00-05:00,0.842,0.863,0.886,0.819
2023-08-08T21:45:00-05:00,0.82,0.838,0.863,0.796
2023-08-08T22:00:00-05:00,0.801,0.812,0.847,0.779
2023-08-08T22:15:00-05:00,0.783,0.792,0.827,0.757
2023-08-08T22:30:00-05:00,0.763,0.77,0.801,0.731
2023-08-08T22:45:00-05:00,0.744,0.749,0.769,0.7
2023-08-08T23:00:00-05:00,0.731,0.736,0.736,0.669
2023-08-08T23:15:00-05:00,0.712,0.717,0.709,0.643
2023-08-08T23:30:00-05:00,0.692,0.696,0.684,0.62
2023-08-08T23:45:00-05:00,0.672,0.675,0.661,0.598
2023-08-09T00:00:00-05:00,0.612,0.673,0.593,0.624
2023-08-09T00:15:00-05:00,0.591,0.654,0.573,0.606
2023-08-09T00:30:00-05:00,0.574,0.639,0.557,0.592
2023-08-09T00:45:00-05:00,0.556,0.624,0.541,0.578
2023-08-09T01:00:00-05:00,0.533,0.612,0.523,0.566
2023-08-09T01:15:00-05:00,0.518,0.599,0.508,0.553
2023-08-09T01:30:00-05:00,0.504,0.588,0.492,0.542
2023-08-09T01:45:00-05:00,0.494,0.58,0.482,0.533
2023-08-09T02:00:00-05:00,0.482,0.568,0.457,0.519
2023-08-09T02:15:00-05:00,0.473,0.558,0.448,0.508
2023-08-09T02:30:00-05:00,0.462,0.547,0.438,0.496
2023-08-09T02:45:00-05:00,0.457,0.542,0.432,0.49
2023-08-09T03:00:00-05:00,0.443,0.528,0.429,0.47
2023-08-09T03:15:00-05:00,0.436,0.518,0.424,0.462
2023-08-09T03:30:00-05:00,0.431,0.512,0.421,0.456
2023-08-09T03:45:00-05:00,0.426,0.507,0.418,0.451
2023-08-09T04:00:00-05:00,0.411,0.489,0.411,0.446
2023-08-09T04:15:00-05:00,0.41,0.484,0.407,0.442
2023-08-09T04:30:00-05:00,0.411,0.48,0.406,0.439
2023-08-09T04:45:00-05:00,0.413,0.474,0.403,0.434
2023-08-09T05:00:00-05:00,0.439,0.466,0.396,0.417
2023-08-09T05:15:00-05:00,0.452,0.466,0.398,0.415
2023-08-09T05:30:00-05:00,0.458,0.464,0.398,0.412
2023-08-09T05:45:00-05:00,0.461,0.461,0.399,0.41
2023-08-09T06:00:00-05:00,0.456,0.466,0.414,0.427
2023-08-09T06:15:00-05:00,0.453,0.467,0.421,0.432
2023-08-09T06:30:00-05:00,0.443,0.464,0.419,0.428
2023-08-09T06:45:00-05:00,0.434,0.469,0.416,0.425
2023-08-09T07:00:00-05:00,0.423,0.492,0.417,0.416
2023-08-09T07:15:00-05:00,0.413,0.491,0.406,0.409
2023-08-09T07:30:00-05:00,0.406,0.482,0.39,0.402
2023-08-09T07:45:00-05:00,0.409,0.471,0.377,0.403
2023-08-09T08:00:00-05:00,0.426,0.458,0.374,0.416
2023-08-09T08:15:00-05:00,0.439,0.46,0.373,0.426
2023-08-09T08:30:00-05:00,0.448,0.464,0.373,0.431
2023-08-09T08:45:00-05:00,0.463,0.476,0.376,0.441
2023-08-09T09:00:00-05:00,0.477,0.499,0.378,0.444
2023-08-09T09:15:00-05:00,0.497,0.515,0.386,0.458
2023-08-09T09:30:00-05:00,0.516,0.525,0.396,0.476
2023-08-09T09:45:00-05:00,0.535,0.532,0.407,0.494
2023-08-09T10:00:00-05:00,0.558,0.539,0.427,0.53
2023-08-09T10:15:00-05:00,0.581,0.549,0.442,0.553
2023-08-09T10:30:00-05:00,0.608,0.557,0.458,0.571
2023-08-09T10:45:00-05:00,0.636,0.565,0.473,0.588
2023-08-09T11:00:00-05:00,0.672,0.57,0.487,0.592
2023-08-09T11:15:00-05:00,0.703,0.583,0.506,0.611
2023-08-09T11:30:00-05:00,0.726,0.6,0.527,0.635
2023-08-09T11:45:00-05:00,0.748,0.619,0.55,0.663
2023-08-09T12:00:00-05:00,0.77,0.646,0.582,0.707
2023-08-09T12:15:00-05:00,0.791,0.668,0.606,0.736
2023-08-09T12:30:00-05:00,0.804,0.689,0.626,0.759
2023-08-09T12:45:00-05:00,0.813,0.711,0.644,0.779
2023-08-09T13:00:00-05:00,0.815,0.732,0.655,0.787
2023-08-09T13:15:00-05:00,0.822,0.754,0.671,0.805
2023-08-09T13:30:00-05:00,0.826,0.773,0.686,0.821
2023-08-09T13:45:00-05:00,0.826,0.792,0.7,0.836
2023-08-09T14:00:00-05:00,0.819,0.813,0.711,0.858
2023-08-09T14:15:00-05:00,0.82,0.829,0.723,0.87
2023-08-09T14:30:00-05:00,0.828,0.846,0.741,0.882
2023-08-09T14:45:00-05:00,0.841,0.861,0.761,0.889
2023-08-09T15:00:00-05:00,0.87,0.874,0.786,0.89
2023-08-09T15:15:00-05:00,0.885,0.889,0.805,0.899
2023-08-09T15:30:00-05:00,0.897,0.907,0.827,0.914
2023-08-09T15:45:00-05:00,0.903,0.924,0.85,0.93
2023-08-09T16:00:00-05:00,0.899,0.945,0.878,0.961
2023-08-09T16:15:00-05:00,0.903,0.962,0.898,0.978
2023-08-09T16:30:00-05:00,0.909,0.974,0.909,0.986
2023-08-09T16:45:00-05:00,0.922,0.987,0.917,0.993
2023-08-09T17:00:00-05:00,0.943,0.996,0.905,0.986
2023-08-09T17:15:00-05:00,0.962,1.015,0.916,0.994
2023-08-09T17:30:00-05:00,0.974,1.03,0.928,1.0
2023-08-09T17:45:00-05:00,0.976,1.036,0.939,1.001
2023-08-09T18:00:00-05:00,0.971,1.047,0.959,1.01
2023-08-09T18:15:00-05:00,0.968,1.048,0.967,1.007
2023-08-09T18:30:00-05:00,0.965,1.044,0.971,1.0
2023-08-09T18:45:00-05:00,0.956,1.031,0.97,0.982
2023-08-09T19:00:00-05:00,0.952,1.014,0.971,0.969
2023-08-09T19:15:00-05:00,0.944,1.0,0.97,0.949
2023-08-09T19:30:00-05:00,0.937,0.988,0.967,0.926
2023-08-09T19:45:00-05:00,0.928,0.976,0.96,0.901
2023-08-09T20:00:00-05:00,0.935,0.979,0.962,0.873
2023-08-09T20:15:00-05:00,0.931,0.974,0.961,0.852
2023-08-09T20:30:00-05:00,0.923,0.966,0.956,0.838
2023-08-09T20:45:00-05:00,0.909,0.955,0.947,0.827
2023-08-09T21:00:00-05:00,0.891,0.949,0.938,0.833
2023-08-09T21:15:00-05:00,0.876,0.937,0.928,0.823
2023-08-09T21:30:00-05:00,0.857,0.917,0.914,0.805
2023-08-09T21:45:00-05:00,0.836,0.89,0.895,0.779
2023-08-09T22:00:00-05:00,0.818,0.863,0.887,0.756
2023-08-09T22:15:00-05:00,0.801,0.841,0.87,0.732
2023-08-09T22:30:00-05:00,0.783,0.816,0.844,0.706
2023-08-09T22:45:00-05:00,0.765,0.791,0.811,0.675
2023-08-09T23:00:00-05:00,0.756,0.774,0.773,0.646
2023-08-09T23:15:00-05:00,0.738,0.751,0.744,0.62
2023-08-09T23:30:00-05:00,0.718,0.728,0.718,0.598
2023-08-09T23:45:00-05:00,0.697,0.706,0.694,0.577
2023-08-10T00:00:00-05:00,0.614,0.657,0.598,0.598
2023-08-10T00:15:00-05:00,0.593,0.638,0.579,0.581
2023-08-10T00:30:00-05:00,0.575,0.622,0.563,0.567
2023-08-10T00:45:00-05:00,0.557,0.607,0.547,0.554
2023-08-10T01:00:00-05:00,0.533,0.593,0.529,0.544
2023-08-10T01:15:00-05:00,0.518,0.579,0.514,0.532
2023-08-10T01:30:00-05:00,0.504,0.568,0.499,0.521
2023-08-10T01:45:00-05:00,0.494,0.559,0.489,0.513
2023-08-10T02:00:00-05:00,0.483,0.546,0.465,0.498
2023-08-10T02:15:00-05:00,0.474,0.537,0.457,0.487
2023-08-10T02:30:00-05:00,0.463,0.526,0.447,0.475
2023-08-10T02:45:00-05:00,0.458,0.521,0.44,0.468
2023-08-10T03:00:00-05:00,0.445,0.508,0.436,0.446
2023-08-10T03:15:00-05:00,0.437,0.5,0.431,0.439
2023-08-10T03:30:00-05:00,0.432,0.496,0.428,0.434
2023-08-10T03:45:00-05:00,0.428,0.492,0.426,0.428
2023-08-10T04:00:00-05:00,0.412,0.483,0.419,0.429
2023-08-10T04:15:00-05:00,0.411,0.479,0.415,0.426
2023-08-10T04:30:00-05:00,0.412,0.476,0.414,0.424
2023-08-10T04:45:00-05:00,0.413,0.471,0.411,0.42
2023-08-10T05:00:00-05:00,0.438,0.461,0.402,0.404
2023-08-10T05:15:00-05:00,0.451,0.46,0.403,0.402
2023-08-10T05:30:00-05:00,0.456,0.455,0.403,0.399
2023-08-10T05:45:00-05:00,0.459,0.45,0.404,0.397
2023-08-10T06:00:00-05:00,0.451,0.447,0.42,0.412
2023-08-10T06:15:00-05:00,0.448,0.441,0.427,0.415
2023-08-10T06:30:00-05:00,0.437,0.433,0.425,0.411
2023-08-10T06:45:00-05:00,0.428,0.433,0.422,0.408
2023-08-10T07:00:00-05:00,0.419,0.45,0.423,0.402
2023-08-10T07:15:00-05:00,0.41,0.449,0.412,0.395
2023-08-10T07:30:00-05:00,0.404,0.444,0.394,0.389
2023-08-10T07:45:00-05:00,0.409,0.441,0.381,0.39
2023-08-10T08:00:00-05:00,0.426,0.439,0.378,0.404
2023-08-10T08:15:00-05:00,0.44,0.446,0.377,0.412
2023-08-10T08:30:00-05:00,0.449,0.455,0.377,0.415
2023-08-10T08:45:00-05:00,0.465,0.471,0.382,0.421
2023-08-10T09:00:00-05:00,0.48,0.496,0.385,0.416
2023-08-10T09:15:00-05:00,0.5,0.517,0.394,0.426
2023-08-10T09:30:00-05:00,0.52,0.534,0.405,0.442
2023-08-10T09:45:00-05:00,0.539,0.547,0.417,0.462
2023-08-10T10:00:00-05:00,0.563,0.566,0.437,0.501
2023-08-10T10:15:00-05:00,0.586,0.583,0.452,0.525
2023-08-10T10:30:00-05:00,0.613,0.599,0.469,0.543
2023-08-10T10:45:00-05:00,0.641,0.613,0.486,0.559
2023-08-10T11:00:00-05:00,0.677,0.622,0.5,0.56
2023-08-10T11:15:00-05:00,0.707,0.641,0.52,0.578
2023-08-10T11:30:00-05:00,0.732,0.664,0.542,0.603
2023-08-10T11:45:00-05:00,0.755,0.689,0.565,0.632
2023-08-10T12:00:00-05:00,0.78,0.725,0.597,0.678
2023-08-10T12:15:00-05:00,0.802,0.751,0.621,0.708
2023-08-10T12:30:00-05:00,0.816,0.775,0.641,0.733
2023-08-10T12:45:00-05:00,0.827,0.796,0.66,0.754
2023-08-10T13:00:00-05:00,0.83,0.812,0.671,0.764
2023-08-10T13:15:00-05:00,0.839,0.833,0.689,0.784
2023-08-10T13:30:00-05:00,0.843,0.85,0.703,0.802
2023-08-10T13:45:00-05:00,0.844,0.866,0.718,0.821
2023-08-10T14:00:00-05:00,0.836,0.884,0.731,0.848
2023-08-10T14:15:00-05:00,0.837,0.898,0.743,0.865
2023-08-10T14:30:00-05:00,0.846,0.914,0.76,0.879
2023-08-10T14:45:00-05:00,0.859,0.929,0.778,0.891
2023-08-10T15:00:00-05:00,0.891,0.947,0.8,0.892
2023-08-10T15:15:00-05:00,0.906,0.962,0.817,0.903
2023-08-10T15:30:00-05:00,0.918,0.979,0.837,0.923
2023-08-10T15:45:00-05:00,0.924,0.993,0.856,0.946
2023-08-10T16:00:00-05:00,0.918,1.008,0.88,0.988
2023-08-10T16:15:00-05:00,0.921,1.021,0.897,1.013
2023-08-10T16:30:00-05:00,0.927,1.03,0.907,1.025
2023-08-10T16:45:00-05:00,0.941,1.042,0.915,1.035
2023-08-10T17:00:00-05:00,0.963,1.049,0.906,1.029
2023-08-10T17:15:00-05:00,0.983,1.067,0.917,1.04
2023-08-10T17:30:00-05:00,0.995,1.079,0.928,1.048
2023-08-10T17:45:00-05:00,0.996,1.085,0.937,1.05
2023-08-10T18:00:00-05:00,0.989,1.096,0.952,1.059
2023-08-10T18:15:00-05:00,0.985,1.096,0.957,1.056
2023-08-10T18:30:00-05:00,0.982,1.09,0.961,1.049
2023-08-10T18:45:00-05:00,0.974,1.073,0.959,1.03
2023-08-10T19:00:00-05:00,0.971,1.054,0.963,1.013
2023-08-10T19:15:00-05:00,0.964,1.035,0.962,0.992
2023-08-10T19:30:00-05:00,0.957,1.018,0.96,0.968
2023-08-10T19:45:00-05:00,0.947,1.001,0.952,0.942
2023-08-10T20:00:00-05:00,0.953,0.996,0.953,0.916
2023-08-10T20:15:00-05:00,0.949,0.985,0.952,0.894
2023-08-10T20:30:00-05:00,0.94,0.973,0.948,0.878
2023-08-10T20:45:00-05:00,0.926,0.959,0.94,0.864
2023-08-10T21:00:00-05:00,0.907,0.951,0.935,0.865
2023-08-10T21:15:00-05:00,0.892,0.937,0.926,0.852
2023-08-10T21:30:00-05:00,0.874,0.915,0.912,0.828
2023-08-10T21:45:00-05:00,0.853,0.887,0.89,0.797
2023-08-10T22:00:00-05:00,0.836,0.86,0.877,0.769
2023-08-10T22:15:00-05:00,0.82,0.837,0.857,0.742
2023-08-10T22:30:00-05:00,0.801,0.812,0.83,0.714
2023-08-10T22:45:00-05:00,0.783,0.787,0.798,0.683
2023-08-10T23:00:00-05:00,0.774,0.769,0.762,0.656
2023-08-10T23:15:00-05:00,0.756,0.746,0.734,0.63
2023-08-10T23:30:00-05:00,0.736,0.723,0.708,0.607
2023-08-10T23:45:00-05:00,0.715,0.701,0.684,0.586
2023-08-11T00:00:00-05:00,0.616,0.685,0.614,0.636
2023-08-11T00:15:00-05:00,0.596,0.667,0.594,0.617
2023-08-11T00:30:00-05:00,0.58,0.653,0.576,0.601
2023-08-11T00:45:00-05:00,0.563,0.639,0.558,0.585
2023-08-11T01:00:00-05:00,0.544,0.63,0.538,0.57
2023-08-11T01:15:00-05:00,0.53,0.618,0.521,0.556
2023-08-11T01:30:00-05:00,0.516,0.607,0.503,0.542
2023-08-11T01:45:00-05:00,0.506,0.599,0.491,0.533
2023-08-11T02:00:00-05:00,0.49,0.587,0.457,0.516
2023-08-11T02:15:00-05:00,0.48,0.576,0.447,0.505
2023-08-11T02:30:00-05:00,0.469,0.564,0.437,0.493
2023-08-11T02:45:00-05:00,0.463,0.558,0.428,0.486
2023-08-11T03:00:00-05:00,0.45,0.538,0.429,0.467
2023-08-11T03:15:00-05:00,0.442,0.528,0.425,0.459
2023-08-11T03:30:00-05:00,0.437,0.521,0.422,0.453
2023-08-11T03:45:00-05:00,0.433,0.515,0.42,0.448
2023-08-11T04:00:00-05:00,0.415,0.502,0.412,0.443
2023-08-11T04:15:00-05:00,0.413,0.496,0.408,0.439
2023-08-11T04:30:00-05:00,0.414,0.492,0.407,0.436
2023-08-11T04:45:00-05:00,0.415,0.485,0.404,0.43
2023-08-11T05:00:00-05:00,0.438,0.472,0.394,0.412
2023-08-11T05:15:00-05:00,0.451,0.47,0.395,0.409
2023-08-11T05:30:00-05:00,0.457,0.465,0.395,0.406
2023-08-11T05:45:00-05:00,0.462,0.461,0.396,0.405
2023-08-11T06:00:00-05:00,0.464,0.463,0.415,0.427
2023-08-11T06:15:00-05:00,0.467,0.461,0.423,0.435
2023-08-11T06:30:00-05:00,0.46,0.457,0.423,0.432
2023-08-11T06:45:00-05:00,0.453,0.462,0.423,0.429
2023-08-11T07:00:00-05:00,0.441,0.488,0.425,0.419
2023-08-11T07:15:00-05:00,0.429,0.489,0.416,0.409
2023-08-11T07:30:00-05:00,0.418,0.482,0.4,0.398
2023-08-11T07:45:00-05:00,0.418,0.474,0.386,0.394
2023-08-11T08:00:00-05:00,0.428,0.462,0.38,0.402
2023-08-11T08:15:00-05:00,0.438,0.466,0.379,0.409
2023-08-11T08:30:00-05:00,0.448,0.471,0.38,0.414
2023-08-11T08:45:00-05:00,0.464,0.483,0.387,0.425
2023-08-11T09:00:00-05:00,0.486,0.502,0.397,0.437
2023-08-11T09:15:00-05:00,0.507,0.52,0.409,0.452
2023-08-11T09:30:00-05:00,0.527,0.536,0.42,0.466
2023-08-11T09:45:00-05:00,0.543,0.551,0.431,0.478
2023-08-11T10:00:00-05:00,0.561,0.574,0.446,0.498
2023-08-11T10:15:00-05:00,0.582,0.593,0.461,0.514
2023-08-11T10:30:00-05:00,0.609,0.608,0.478,0.529
2023-08-11T10:45:00-05:00,0.638,0.622,0.495,0.543
2023-08-11T11:00:00-05:00,0.676,0.632,0.514,0.55
2023-08-11T11:15:00-05:00,0.708,0.649,0.535,0.568
2023-08-11T11:30:00-05:00,0.734,0.666,0.554,0.591
2023-08-11T11:45:00-05:00,0.758,0.684,0.575,0.617
2023-08-11T12:00:00-05:00,0.781,0.707,0.598,0.658
2023-08-11T12:15:00-05:00,0.806,0.727,0.618,0.685
2023-08-11T12:30:00-05:00,0.824,0.744,0.637,0.708
2023-08-11T12:45:00-05:00,0.842,0.762,0.655,0.727
2023-08-11T13:00:00-05:00,0.861,0.775,0.667,0.735
2023-08-11T13:15:00-05:00,0.876,0.793,0.685,0.753
2023-08-11T13:30:00-05:00,0.882,0.808,0.701,0.771
2023-08-11T13:45:00-05:00,0.881,0.824,0.719,0.791
2023-08-11T14:00:00-05:00,0.861,0.848,0.739,0.822
2023-08-11T14:15:00-05:00,0.861,0.861,0.755,0.839
2023-08-11T14:30:00-05:00,0.871,0.873,0.772,0.853
2023-08-11T14:45:00-05:00,0.888,0.882,0.79,0.862
2023-08-11T15:00:00-05:00,0.929,0.883,0.807,0.86
2023-08-11T15:15:00-05:00,0.947,0.893,0.823,0.869
2023-08-11T15:30:00-05:00,0.964,0.909,0.842,0.886
2023-08-11T15:45:00-05:00,0.974,0.925,0.86,0.904
2023-08-11T16:00:00-05:00,0.976,0.956,0.882,0.94
2023-08-11T16:15:00-05:00,0.982,0.974,0.898,0.959
2023-08-11T16:30:00-05:00,0.987,0.984,0.907,0.968
2023-08-11T16:45:00-05:00,0.997,0.994,0.915,0.974
2023-08-11T17:00:00-05:00,1.01,0.993,0.908,0.963
2023-08-11T17:15:00-05:00,1.021,1.004,0.919,0.969
2023-08-11T17:30:00-05:00,1.025,1.013,0.928,0.975
2023-08-11T17:45:00-05:00,1.019,1.014,0.933,0.976
2023-08-11T18:00:00-05:00,1.005,1.02,0.948,0.989
2023-08-11T18:15:00-05:00,0.994,1.017,0.949,0.986
2023-08-11T18:30:00-05:00,0.984,1.012,0.947,0.979
2023-08-11T18:45:00-05:00,0.969,0.998,0.934,0.962
2023-08-11T19:00:00-05:00,0.959,0.985,0.918,0.948
2023-08-11T19:15:00-05:00,0.944,0.971,0.905,0.928
2023-08-11T19:30:00-05:00,0.931,0.957,0.893,0.904
2023-08-11T19:45:00-05:00,0.917,0.942,0.881,0.877
2023-08-11T20:00:00-05:00,0.919,0.939,0.88,0.847
2023-08-11T20:15:00-05:00,0.91,0.931,0.874,0.824
2023-08-11T20:30:00-05:00,0.898,0.921,0.868,0.806
2023-08-11T20:45:00-05:00,0.881,0.909,0.859,0.792
2023-08-11T21:00:00-05:00,0.854,0.898,0.854,0.79
2023-08-11T21:15:00-05:00,0.837,0.886,0.845,0.777
2023-08-11T21:30:00-05:00,0.82,0.869,0.832,0.758
2023-08-11T21:45:00-05:00,0.805,0.849,0.814,0.735
2023-08-11T22:00:00-05:00,0.795,0.829,0.8,0.71
2023-08-11T22:15:00-05:00,0.786,0.814,0.786,0.692
2023-08-11T22:30:00-05:00,0.773,0.796,0.766,0.674
2023-08-11T22:45:00-05:00,0.763,0.781,0.745,0.658
2023-08-11T23:00:00-05:00,0.763,0.776,0.727,0.653
2023-08-11T23:15:00-05:00,0.75,0.76,0.707,0.638
2023-08-11T23:30:00-05:00,0.732,0.74,0.686,0.621
2023-08-11T23:45:00-05:00,0.713,0.72,0.665,0.603
2023-08-12T00:00:00-05:00,0.661,0.676,0.63,0.649
2023-08-12T00:15:00-05:00,0.636,0.658,0.611,0.628
2023-08-12T00:30:00-05:00,0.615,0.644,0.595,0.61
2023-08-12T00:45:00-05:00,0.593,0.632,0.579,0.592
2023-08-12T01:00:00-05:00,0.556,0.627,0.564,0.571
2023-08-12T01:15:00-05:00,0.539,0.614,0.549,0.555
2023-08-12T01:30:00-05:00,0.524,0.603,0.534,0.541
2023-08-12T01:45:00-05:00,0.513,0.595,0.523,0.53
2023-08-12T02:00:00-05:00,0.509,0.576,0.498,0.515
2023-08-12T02:15:00-05:00,0.501,0.563,0.487,0.504
2023-08-12T02:30:00-05:00,0.492,0.55,0.475,0.493
2023-08-12T02:45:00-05:00,0.488,0.544,0.467,0.487
2023-08-12T03:00:00-05:00,0.481,0.525,0.456,0.473
2023-08-12T03:15:00-05:00,0.472,0.514,0.448,0.465
2023-08-12T03:30:00-05:00,0.467,0.507,0.444,0.46
2023-08-12T03:45:00-05:00,0.463,0.5,0.439,0.455
2023-08-12T04:00:00-05:00,0.435,0.484,0.432,0.448
2023-08-12T04:15:00-05:00,0.433,0.478,0.428,0.442
2023-08-12T04:30:00-05:00,0.432,0.472,0.425,0.438
2023-08-12T04:45:00-05:00,0.431,0.463,0.42,0.43
2023-08-12T05:00:00-05:00,0.456,0.445,0.407,0.408
2023-08-12T05:15:00-05:00,0.468,0.44,0.404,0.402
2023-08-12T05:30:00-05:00,0.471,0.432,0.399,0.395
2023-08-12T05:45:00-05:00,0.47,0.425,0.394,0.388
2023-08-12T06:00:00-05:00,0.454,0.419,0.39,0.392
2023-08-12T06:15:00-05:00,0.444,0.411,0.384,0.387
2023-08-12T06:30:00-05:00,0.43,0.407,0.379,0.381
2023-08-12T06:45:00-05:00,0.422,0.415,0.383,0.38
2023-08-12T07:00:00-05:00,0.407,0.44,0.401,0.382
2023-08-12T07:15:00-05:00,0.406,0.45,0.405,0.382
2023-08-12T07:30:00-05:00,0.419,0.461,0.41,0.388
2023-08-12T07:45:00-05:00,0.447,0.471,0.415,0.399
2023-08-12T08:00:00-05:00,0.49,0.476,0.419,0.415
2023-08-12T08:15:00-05:00,0.518,0.492,0.431,0.431
2023-08-12T08:30:00-05:00,0.532,0.503,0.439,0.442
2023-08-12T08:45:00-05:00,0.551,0.52,0.453,0.459
2023-08-12T09:00:00-05:00,0.562,0.537,0.47,0.471
2023-08-12T09:15:00-05:00,0.582,0.558,0.488,0.493
2023-08-12T09:30:00-05:00,0.598,0.578,0.503,0.518
2023-08-12T09:45:00-05:00,0.612,0.596,0.516,0.541
2023-08-12T10:00:00-05:00,0.626,0.624,0.533,0.59
2023-08-12T10:15:00-05:00,0.644,0.647,0.55,0.618
2023-08-12T10:30:00-05:00,0.668,0.665,0.568,0.633
2023-08-12T10:45:00-05:00,0.693,0.681,0.585,0.644
2023-08-12T11:00:00-05:00,0.73,0.691,0.6,0.634
2023-08-12T11:15:00-05:00,0.76,0.711,0.621,0.645
2023-08-12T11:30:00-05:00,0.782,0.733,0.644,0.662
2023-08-12T11:45:00-05:00,0.802,0.756,0.669,0.681
2023-08-12T12:00:00-05:00,0.818,0.784,0.704,0.709
2023-08-12T12:15:00-05:00,0.839,0.81,0.73,0.732
2023-08-12T12:30:00-05:00,0.856,0.834,0.748,0.754
2023-08-12T12:45:00-05:00,0.874,0.859,0.763,0.777
2023-08-12T13:00:00-05:00,0.897,0.888,0.765,0.8
2023-08-12T13:15:00-05:00,0.912,0.912,0.779,0.823
2023-08-12T13:30:00-05:00,0.92,0.93,0.792,0.841
2023-08-12T13:45:00-05:00,0.921,0.943,0.805,0.858
2023-08-12T14:00:00-05:00,0.909,0.955,0.827,0.88
2023-08-12T14:15:00-05:00,0.909,0.965,0.839,0.894
2023-08-12T14:30:00-05:00,0.915,0.975,0.849,0.906
2023-08-12T14:45:00-05:00,0.924,0.982,0.855,0.915
2023-08-12T15:00:00-05:00,0.948,0.991,0.857,0.921
2023-08-12T15:15:00-05:00,0.96,1.0,0.864,0.931
2023-08-12T15:30:00-05:00,0.971,1.012,0.875,0.944
2023-08-12T15:45:00-05:00,0.976,1.019,0.885,0.954
2023-08-12T16:00:00-05:00,0.976,1.032,0.906,0.978
2023-08-12T16:15:00-05:00,0.979,1.039,0.915,0.987
2023-08-12T16:30:00-05:00,0.982,1.041,0.918,0.986
2023-08-12T16:45:00-05:00,0.992,1.048,0.921,0.985
2023-08-12T17:00:00-05:00,1.006,1.049,0.906,0.963
2023-08-12T17:15:00-05:00,1.017,1.055,0.908,0.956
2023-08-12T17:30:00-05:00,1.022,1.057,0.911,0.951
2023-08-12T17:45:00-05:00,1.018,1.051,0.914,0.944
2023-08-12T18:00:00-05:00,1.007,1.045,0.924,0.944
2023-08-12T18:15:00-05:00,0.997,1.036,0.924,0.935
2023-08-12T18:30:00-05:00,0.989,1.027,0.925,0.928
2023-08-12T18:45:00-05:00,0.975,1.012,0.922,0.917
2023-08-12T19:00:00-05:00,0.969,1.002,0.932,0.922
2023-08-12T19:15:00-05:00,0.955,0.987,0.928,0.91
2023-08-12T19:30:00-05:00,0.94,0.974,0.917,0.889
2023-08-12T19:45:00-05:00,0.924,0.961,0.9,0.863
2023-08-12T20:00:00-05:00,0.919,0.964,0.876,0.825
2023-08-12T20:15:00-05:00,0.908,0.956,0.863,0.801
2023-08-12T20:30:00-05:00,0.894,0.944,0.854,0.784
2023-08-12T20:45:00-05:00,0.876,0.927,0.846,0.772
2023-08-12T21:00:00-05:00,0.851,0.902,0.849,0.773
2023-08-12T21:15:00-05:00,0.833,0.884,0.842,0.762
2023-08-12T21:30:00-05:00,0.816,0.864,0.833,0.747
2023-08-12T21:45:00-05:00,0.801,0.844,0.817,0.729
2023-08-12T22:00:00-05:00,0.795,0.833,0.81,0.711
2023-08-12T22:15:00-05:00,0.784,0.817,0.797,0.697
2023-08-12T22:30:00-05:00,0.769,0.797,0.776,0.681
2023-08-12T22:45:00-05:00,0.754,0.776,0.75,0.666
2023-08-12T23:00:00-05:00,0.744,0.76,0.723,0.659
2023-08-12T23:15:00-05:00,0.728,0.74,0.699,0.644
2023-08-12T23:30:00-05:00,0.709,0.718,0.677,0.627
2023-08-12T23:45:00-05:00,0.689,0.697,0.655,0.609
2023-08-13T00:00:00-05:00,0.598,0.68,0.611,0.634
2023-08-13T00:15:00-05:00,0.578,0.662,0.594,0.614
2023-08-13T00:30:00-05:00,0.561,0.648,0.579,0.598
2023-08-13T00:45:00-05:00,0.544,0.635,0.566,0.582
2023-08-13T01:00:00-05:00,0.52,0.628,0.557,0.565
2023-08-13T01:15:00-05:00,0.506,0.615,0.544,0.55
2023-08-13T01:30:00-05:00,0.493,0.604,0.529,0.538
2023-08-13T01:45:00-05:00,0.483,0.596,0.519,0.528
2023-08-13T02:00:00-05:00,0.473,0.578,0.488,0.516
2023-08-13T02:15:00-05:00,0.464,0.566,0.477,0.505
2023-08-13T02:30:00-05:00,0.454,0.553,0.466,0.492
2023-08-13T02:45:00-05:00,0.448,0.546,0.458,0.486
2023-08-13T03:00:00-05:00,0.435,0.526,0.45,0.464
2023-08-13T03:15:00-05:00,0.426,0.514,0.445,0.456
2023-08-13T03:30:00-05:00,0.42,0.507,0.441,0.45
2023-08-13T03:45:00-05:00,0.415,0.5,0.438,0.445
2023-08-13T04:00:00-05:00,0.395,0.482,0.438,0.445
2023-08-13T04:15:00-05:00,0.393,0.475,0.433,0.439
2023-08-13T04:30:00-05:00,0.391,0.469,0.43,0.435
2023-08-13T04:45:00-05:00,0.389,0.459,0.424,0.427
2023-08-13T05:00:00-05:00,0.404,0.444,0.401,0.398
2023-08-13T05:15:00-05:00,0.411,0.439,0.395,0.389
2023-08-13T05:30:00-05:00,0.413,0.431,0.386,0.38
2023-08-13T05:45:00-05:00,0.411,0.422,0.378,0.371
2023-08-13T06:00:00-05:00,0.404,0.414,0.372,0.375
2023-08-13T06:15:00-05:00,0.397,0.403,0.362,0.369
2023-08-13T06:30:00-05:00,0.386,0.394,0.355,0.361
2023-08-13T06:45:00-05:00,0.378,0.395,0.357,0.359
2023-08-13T07:00:00-05:00,0.366,0.411,0.373,0.362
2023-08-13T07:15:00-05:00,0.361,0.416,0.379,0.363
2023-08-13T07:30:00-05:00,0.365,0.425,0.39,0.369
2023-08-13T07:45:00-05:00,0.381,0.438,0.404,0.381
2023-08-13T08:00:00-05:00,0.404,0.447,0.414,0.395
2023-08-13T08:15:00-05:00,0.424,0.465,0.431,0.412
2023-08-13T08:30:00-05:00,0.44,0.48,0.445,0.425
2023-08-13T08:45:00-05:00,0.463,0.503,0.464,0.443
2023-08-13T09:00:00-05:00,0.491,0.534,0.49,0.464
2023-08-13T09:15:00-05:00,0.518,0.563,0.513,0.486
2023-08-13T09:30:00-05:00,0.542,0.586,0.531,0.507
2023-08-13T09:45:00-05:00,0.562,0.604,0.543,0.525
2023-08-13T10:00:00-05:00,0.579,0.627,0.558,0.554
2023-08-13T10:15:00-05:00,0.602,0.649,0.574,0.576
2023-08-13T10:30:00-05:00,0.635,0.671,0.589,0.593
2023-08-13T10:45:00-05:00,0.668,0.691,0.602,0.607
2023-08-13T11:00:00-05:00,0.713,0.707,0.611,0.609
2023-08-13T11:15:00-05:00,0.751,0.731,0.628,0.626
2023-08-13T11:30:00-05:00,0.783,0.756,0.648,0.647
2023-08-13T11:45:00-05:00,0.815,0.782,0.669,0.672
2023-08-13T12:00:00-05:00,0.848,0.813,0.697,0.705
2023-08-13T12:15:00-05:00,0.879,0.841,0.721,0.732
2023-08-13T12:30:00-05:00,0.904,0.866,0.742,0.757
2023-08-13T12:45:00-05:00,0.927,0.893,0.764,0.783
2023-08-13T13:00:00-05:00,0.95,0.925,0.783,0.81
2023-08-13T13:15:00-05:00,0.969,0.949,0.804,0.835
2023-08-13T13:30:00-05:00,0.979,0.964,0.822,0.854
2023-08-13T13:45:00-05:00,0.98,0.972,0.837,0.87
2023-08-13T14:00:00-05:00,0.969,0.975,0.861,0.89
2023-08-13T14:15:00-05:00,0.969,0.981,0.874,0.902
2023-08-13T14:30:00-05:00,0.974,0.986,0.881,0.911
2023-08-13T14:45:00-05:00,0.983,0.989,0.882,0.915
2023-08-13T15:00:00-05:00,1.003,0.994,0.876,0.91
2023-08-13T15:15:00-05:00,1.015,1.0,0.879,0.916
2023-08-13T15:30:00-05:00,1.027,1.009,0.885,0.927
2023-08-13T15:45:00-05:00,1.034,1.013,0.888,0.937
2023-08-13T16:00:00-05:00,1.04,1.02,0.9,0.963
2023-08-13T16:15:00-05:00,1.046,1.024,0.903,0.974
2023-08-13T16:30:00-05:00,1.051,1.028,0.904,0.977
2023-08-13T16:45:00-05:00,1.062,1.038,0.907,0.98
2023-08-13T17:00:00-05:00,1.084,1.048,0.895,0.966
2023-08-13T17:15:00-05:00,1.096,1.06,0.9,0.967
2023-08-13T17:30:00-05:00,1.097,1.065,0.907,0.969
2023-08-13T17:45:00-05:00,1.082,1.062,0.914,0.969
2023-08-13T18:00:00-05:00,1.052,1.054,0.932,0.977
2023-08-13T18:15:00-05:00,1.032,1.046,0.937,0.974
2023-08-13T18:30:00-05:00,1.014,1.039,0.94,0.969
2023-08-13T18:45:00-05:00,0.992,1.027,0.939,0.958
2023-08-13T19:00:00-05:00,0.972,1.02,0.942,0.955
2023-08-13T19:15:00-05:00,0.95,1.008,0.942,0.942
2023-08-13T19:30:00-05:00,0.933,0.998,0.94,0.925
2023-08-13T19:45:00-05:00,0.919,0.986,0.935,0.905
2023-08-13T20:00:00-05:00,0.928,0.988,0.94,0.884
2023-08-13T20:15:00-05:00,0.92,0.983,0.941,0.868
2023-08-13T20:30:00-05:00,0.907,0.974,0.938,0.856
2023-08-13T20:45:00-05:00,0.888,0.96,0.93,0.844
2023-08-13T21:00:00-05:00,0.861,0.952,0.927,0.845
2023-08-13T21:15:00-05:00,0.842,0.939,0.918,0.835
2023-08-13T21:30:00-05:00,0.819,0.911,0.899,0.816
2023-08-13T21:45:00-05:00,0.797,0.877,0.872,0.792
2023-08-13T22:00:00-05:00,0.782,0.837,0.853,0.771
2023-08-13T22:15:00-05:00,0.764,0.807,0.827,0.749
2023-08-13T22:30:00-05:00,0.743,0.781,0.796,0.725
2023-08-13T22:45:00-05:00,0.722,0.756,0.757,0.697
2023-08-13T23:00:00-05:00,0.708,0.745,0.712,0.672
2023-08-13T23:15:00-05:00,0.689,0.723,0.68,0.648
2023-08-13T23:30:00-05:00,0.669,0.702,0.653,0.626
2023-08-13T23:45:00-05:00,0.648,0.68,0.628,0.606
2023-08-14T00:00:00-05:00,0.578,0.671,0.573,0.627
2023-08-14T00:15:00-05:00,0.559,0.652,0.554,0.608
2023-08-14T00:30:00-05:00,0.543,0.635,0.537,0.592
2023-08-14T00:45:00-05:00,0.527,0.62,0.521,0.577
2023-08-14T01:00:00-05:00,0.506,0.604,0.502,0.563
2023-08-14T01:15:00-05:00,0.493,0.591,0.487,0.549
2023-08-14T01:30:00-05:00,0.481,0.58,0.47,0.535
2023-08-14T01:45:00-05:00,0.472,0.571,0.459,0.525
2023-08-14T02:00:00-05:00,0.461,0.563,0.428,0.507
2023-08-14T02:15:00-05:00,0.453,0.553,0.42,0.495
2023-08-14T02:30:00-05:00,0.444,0.541,0.411,0.482
2023-08-14T02:45:00-05:00,0.44,0.537,0.404,0.475
2023-08-14T03:00:00-05:00,0.432,0.519,0.406,0.459
2023-08-14T03:15:00-05:00,0.424,0.51,0.403,0.449
2023-08-14T03:30:00-05:00,0.419,0.505,0.401,0.442
2023-08-14T03:45:00-05:00,0.415,0.5,0.4,0.436
2023-08-14T04:00:00-05:00,0.392,0.49,0.396,0.418
2023-08-14T04:15:00-05:00,0.39,0.486,0.393,0.413
2023-08-14T04:30:00-05:00,0.39,0.484,0.392,0.408
2023-08-14T04:45:00-05:00,0.391,0.481,0.389,0.401
2023-08-14T05:00:00-05:00,0.417,0.478,0.375,0.392
2023-08-14T05:15:00-05:00,0.43,0.481,0.375,0.391
2023-08-14T05:30:00-05:00,0.435,0.479,0.375,0.39
2023-08-14T05:45:00-05:00,0.438,0.476,0.378,0.392
2023-08-14T06:00:00-05:00,0.432,0.473,0.406,0.413
2023-08-14T06:15:00-05:00,0.428,0.468,0.421,0.424
2023-08-14T06:30:00-05:00,0.416,0.461,0.422,0.427
2023-08-14T06:45:00-05:00,0.405,0.46,0.42,0.431
2023-08-14T07:00:00-05:00,0.387,0.48,0.414,0.434
2023-08-14T07:15:00-05:00,0.376,0.475,0.401,0.43
2023-08-14T07:30:00-05:00,0.371,0.463,0.379,0.42
2023-08-14T07:45:00-05:00,0.38,0.452,0.363,0.412
2023-08-14T08:00:00-05:00,0.403,0.438,0.355,0.407
2023-08-14T08:15:00-05:00,0.418,0.441,0.352,0.411
2023-08-14T08:30:00-05:00,0.43,0.451,0.352,0.415
2023-08-14T08:45:00-05:00,0.447,0.469,0.358,0.425
2023-08-14T09:00:00-05:00,0.462,0.507,0.367,0.438
2023-08-14T09:15:00-05:00,0.484,0.533,0.377,0.454
2023-08-14T09:30:00-05:00,0.506,0.551,0.389,0.469
2023-08-14T09:45:00-05:00,0.526,0.565,0.401,0.484
2023-08-14T10:00:00-05:00,0.554,0.579,0.418,0.507
2023-08-14T10:15:00-05:00,0.578,0.596,0.433,0.526
2023-08-14T10:30:00-05:00,0.604,0.612,0.451,0.546
2023-08-14T10:45:00-05:00,0.629,0.628,0.469,0.566
2023-08-14T11:00:00-05:00,0.656,0.644,0.486,0.586
2023-08-14T11:15:00-05:00,0.684,0.664,0.507,0.61
2023-08-14T11:30:00-05:00,0.708,0.682,0.531,0.632
2023-08-14T11:45:00-05:00,0.731,0.701,0.556,0.655
2023-08-14T12:00:00-05:00,0.755,0.725,0.589,0.686
2023-08-14T12:15:00-05:00,0.778,0.745,0.615,0.71
2023-08-14T12:30:00-05:00,0.798,0.762,0.638,0.726
2023-08-14T12:45:00-05:00,0.816,0.777,0.66,0.739
2023-08-14T13:00:00-05:00,0.838,0.793,0.678,0.744
2023-08-14T13:15:00-05:00,0.854,0.806,0.698,0.755
2023-08-14T13:30:00-05:00,0.862,0.815,0.715,0.763
2023-08-14T13:45:00-05:00,0.862,0.818,0.729,0.77
2023-08-14T14:00:00-05:00,0.839,0.816,0.74,0.778
2023-08-14T14:15:00-05:00,0.84,0.819,0.753,0.783
2023-08-14T14:30:00-05:00,0.853,0.823,0.77,0.79
2023-08-14T14:45:00-05:00,0.877,0.829,0.79,0.795
2023-08-14T15:00:00-05:00,0.929,0.837,0.816,0.802
2023-08-14T15:15:00-05:00,0.952,0.845,0.834,0.81
2023-08-14T15:30:00-05:00,0.97,0.858,0.851,0.821
2023-08-14T15:45:00-05:00,0.98,0.871,0.864,0.831
2023-08-14T16:00:00-05:00,0.97,0.894,0.871,0.848
2023-08-14T16:15:00-05:00,0.974,0.907,0.881,0.858
2023-08-14T16:30:00-05:00,0.981,0.914,0.888,0.863
2023-08-14T16:45:00-05:00,0.994,0.923,0.898,0.869
2023-08-14T17:00:00-05:00,1.015,0.924,0.9,0.862
2023-08-14T17:15:00-05:00,1.034,0.934,0.916,0.87
2023-08-14T17:30:00-05:00,1.045,0.94,0.93,0.877
2023-08-14T17:45:00-05:00,1.044,0.939,0.939,0.882
2023-08-14T18:00:00-05:00,1.035,0.939,0.958,0.896
2023-08-14T18:15:00-05:00,1.029,0.933,0.964,0.897
2023-08-14T18:30:00-05:00,1.024,0.926,0.966,0.896
2023-08-14T18:45:00-05:00,1.015,0.912,0.959,0.886
2023-08-14T19:00:00-05:00,1.011,0.898,0.951,0.882
2023-08-14T19:15:00-05:00,1.002,0.884,0.945,0.871
2023-08-14T19:30:00-05:00,0.995,0.872,0.941,0.855
2023-08-14T19:45:00-05:00,0.985,0.86,0.936,0.835
2023-08-14T20:00:00-05:00,0.996,0.863,0.947,0.81
2023-08-14T20:15:00-05:00,0.991,0.857,0.948,0.794
2023-08-14T20:30:00-05:00,0.978,0.85,0.946,0.783
2023-08-14T20:45:00-05:00,0.957,0.839,0.936,0.774
2023-08-14T21:00:00-05:00,0.922,0.837,0.932,0.782
2023-08-14T21:15:00-05:00,0.9,0.826,0.922,0.774
2023-08-14T21:30:00-05:00,0.873,0.802,0.902,0.759
2023-08-14T21:45:00-05:00,0.849,0.771,0.873,0.737
2023-08-14T22:00:00-05:00,0.83,0.736,0.85,0.715
2023-08-14T22:15:00-05:00,0.81,0.708,0.823,0.695
2023-08-14T22:30:00-05:00,0.79,0.682,0.791,0.672
2023-08-14T22:45:00-05:00,0.77,0.656,0.754,0.648
2023-08-14T23:00:00-05:00,0.761,0.64,0.713,0.626
2023-08-14T23:15:00-05:00,0.742,0.618,0.682,0.604
2023-08-14T23:30:00-05:00,0.722,0.598,0.656,0.584
2023-08-14T23:45:00-05:00,0.701,0.579,0.632,0.565
2023-08-15T00:00:00-05:00,0.614,0.579,0.598,0.573
2023-08-15T00:15:00-05:00,0.594,0.561,0.579,0.554
2023-08-15T00:30:00-05:00,0.578,0.547,0.563,0.538
2023-08-15T00:45:00-05:00,0.561,0.532,0.548,0.522
2023-08-15T01:00:00-05:00,0.54,0.517,0.534,0.503
2023-08-15T01:15:00-05:00,0.525,0.504,0.519,0.489
2023-08-15T01:30:00-05:00,0.512,0.492,0.503,0.475
2023-08-15T01:45:00-05:00,0.502,0.484,0.493,0.466
2023-08-15T02:00:00-05:00,0.485,0.468,0.462,0.453
2023-08-15T02:15:00-05:00,0.477,0.458,0.453,0.443
2023-08-15T02:30:00-05:00,0.468,0.448,0.444,0.432
2023-08-15T02:45:00-05:00,0.462,0.442,0.436,0.427
2023-08-15T03:00:00-05:00,0.458,0.431,0.438,0.412
2023-08-15T03:15:00-05:00,0.45,0.424,0.433,0.404
2023-08-15T03:30:00-05:00,0.445,0.419,0.43,0.399
2023-08-15T03:45:00-05:00,0.441,0.414,0.428,0.395
2023-08-15T04:00:00-05:00,0.413,0.398,0.415,0.385
2023-08-15T04:15:00-05:00,0.411,0.395,0.411,0.382
2023-08-15T04:30:00-05:00,0.41,0.394,0.408,0.379
2023-08-15T04:45:00-05:00,0.409,0.391,0.403,0.374
2023-08-15T05:00:00-05:00,0.432,0.397,0.388,0.364
2023-08-15T05:15:00-05:00,0.444,0.402,0.388,0.364
2023-08-15T05:30:00-05:00,0.448,0.402,0.388,0.364
2023-08-15T05:45:00-05:00,0.45,0.402,0.392,0.366
2023-08-15T06:00:00-05:00,0.447,0.397,0.427,0.389
2023-08-15T06:15:00-05:00,0.445,0.396,0.446,0.401
2023-08-15T06:30:00-05:00,0.436,0.394,0.451,0.404
2023-08-15T06:45:00-05:00,0.429,0.4,0.451,0.406
2023-08-15T07:00:00-05:00,0.42,0.431,0.443,0.403
2023-08-15T07:15:00-05:00,0.411,0.432,0.431,0.397
2023-08-15T07:30:00-05:00,0.405,0.422,0.411,0.385
2023-08-15T07:45:00-05:00,0.409,0.408,0.395,0.377
2023-08-15T08:00:00-05:00,0.419,0.386,0.386,0.376
2023-08-15T08:15:00-05:00,0.433,0.384,0.384,0.378
2023-08-15T08:30:00-05:00,0.446,0.387,0.386,0.38
2023-08-15T08:45:00-05:00,0.467,0.398,0.393,0.387
2023-08-15T09:00:00-05:00,0.5,0.423,0.407,0.393
2023-08-15T09:15:00-05:00,0.527,0.439,0.42,0.403
2023-08-15T09:30:00-05:00,0.547,0.447,0.432,0.415
2023-08-15T09:45:00-05:00,0.562,0.453,0.444,0.427
2023-08-15T10:00:00-05:00,0.573,0.457,0.462,0.447
2023-08-15T10:15:00-05:00,0.592,0.466,0.477,0.462
2023-08-15T10:30:00-05:00,0.618,0.473,0.494,0.477
2023-08-15T10:45:00-05:00,0.645,0.48,0.51,0.491
2023-08-15T11:00:00-05:00,0.684,0.486,0.53,0.501
2023-08-15T11:15:00-05:00,0.715,0.497,0.549,0.518
2023-08-15T11:30:00-05:00,0.74,0.511,0.566,0.538
2023-08-15T11:45:00-05:00,0.763,0.526,0.583,0.56
2023-08-15T12:00:00-05:00,0.787,0.547,0.598,0.594
2023-08-15T12:15:00-05:00,0.81,0.564,0.616,0.617
2023-08-15T12:30:00-05:00,0.826,0.58,0.633,0.632
2023-08-15T12:45:00-05:00,0.839,0.596,0.651,0.643
2023-08-15T13:00:00-05:00,0.845,0.612,0.67,0.644
2023-08-15T13:15:00-05:00,0.857,0.627,0.688,0.653
2023-08-15T13:30:00-05:00,0.867,0.64,0.703,0.661
2023-08-15T13:45:00-05:00,0.876,0.651,0.716,0.669
2023-08-15T14:00:00-05:00,0.879,0.663,0.731,0.677
2023-08-15T14:15:00-05:00,0.888,0.672,0.742,0.684
2023-08-15T14:30:00-05:00,0.904,0.682,0.753,0.694
2023-08-15T14:45:00-05:00,0.926,0.692,0.762,0.704
2023-08-15T15:00:00-05:00,0.965,0.7,0.767,0.715
2023-08-15T15:15:00-05:00,0.986,0.71,0.776,0.726
2023-08-15T15:30:00-05:00,1.002,0.723,0.79,0.74
2023-08-15T15:45:00-05:00,1.01,0.735,0.802,0.755
2023-08-15T16:00:00-05:00,1.002,0.751,0.821,0.777
2023-08-15T16:15:00-05:00,1.006,0.763,0.834,0.793
2023-08-15T16:30:00-05:00,1.011,0.773,0.842,0.802
2023-08-15T16:45:00-05:00,1.023,0.783,0.852,0.811
2023-08-15T17:00:00-05:00,1.036,0.792,0.855,0.815
2023-08-15T17:15:00-05:00,1.054,0.807,0.868,0.827
2023-08-15T17:30:00-05:00,1.066,0.818,0.878,0.836
2023-08-15T17:45:00-05:00,1.07,0.822,0.881,0.838
2023-08-15T18:00:00-05:00,1.076,0.829,0.881,0.84
2023-08-15T18:15:00-05:00,1.074,0.828,0.881,0.838
2023-08-15T18:30:00-05:00,1.069,0.824,0.883,0.835
2023-08-15T18:45:00-05:00,1.055,0.811,0.883,0.826
2023-08-15T19:00:00-05:00,1.039,0.793,0.892,0.825
2023-08-15T19:15:00-05:00,1.024,0.78,0.893,0.815
2023-08-15T19:30:00-05:00,1.012,0.769,0.893,0.801
2023-08-15T19:45:00-05:00,0.999,0.759,0.887,0.783
2023-08-15T20:00:00-05:00,1.004,0.763,0.885,0.763
2023-08-15T20:15:00-05:00,0.998,0.758,0.886,0.748
2023-08-15T20:30:00-05:00,0.989,0.752,0.887,0.737
2023-08-15T20:45:00-05:00,0.974,0.741,0.886,0.726
2023-08-15T21:00:00-05:00,0.958,0.737,0.906,0.725
2023-08-15T21:15:00-05:00,0.944,0.727,0.904,0.715
2023-08-15T21:30:00-05:00,0.925,0.705,0.886,0.7
2023-08-15T21:45:00-05:00,0.904,0.678,0.852,0.68
2023-08-15T22:00:00-05:00,0.889,0.651,0.812,0.67
2023-08-15T22:15:00-05:00,0.872,0.626,0.78,0.651
2023-08-15T22:30:00-05:00,0.85,0.6,0.748,0.626
2023-08-15T22:45:00-05:00,0.826,0.573,0.714,0.595
2023-08-15T23:00:00-05:00,0.808,0.549,0.683,0.558
2023-08-15T23:15:00-05:00,0.786,0.527,0.654,0.532
2023-08-15T23:30:00-05:00,0.763,0.507,0.63,0.511
2023-08-15T23:45:00-05:00,0.74,0.489,0.608,0.492
2023-08-16T00:00:00-05:00,0.591,0.486,0.58,0.517
2023-08-16T00:15:00-05:00,0.571,0.47,0.56,0.501
2023-08-16T00:30:00-05:00,0.553,0.457,0.544,0.487
2023-08-16T00:45:00-05:00,0.536,0.444,0.528,0.473
2023-08-16T01:00:00-05:00,0.512,0.428,0.511,0.458
2023-08-16T01:15:00-05:00,0.497,0.416,0.496,0.445
2023-08-16T01:30:00-05:00,0.482,0.405,0.478,0.433
2023-08-16T01:45:00-05:00,0.472,0.397,0.467,0.425
2023-08-16T02:00:00-05:00,0.456,0.384,0.432,0.409
2023-08-16T02:15:00-05:00,0.449,0.377,0.423,0.4
2023-08-16T02:30:00-05:00,0.44,0.369,0.414,0.39
2023-08-16T02:45:00-05:00,0.435,0.364,0.405,0.384
2023-08-16T03:00:00-05:00,0.435,0.357,0.411,0.372
2023-08-16T03:15:00-05:00,0.426,0.351,0.406,0.365
2023-08-16T03:30:00-05:00,0.421,0.348,0.403,0.361
2023-08-16T03:45:00-05:00,0.418,0.345,0.402,0.357
2023-08-16T04:00:00-05:00,0.387,0.331,0.389,0.35
2023-08-16T04:15:00-05:00,0.383,0.329,0.384,0.347
2023-08-16T04:30:00-05:00,0.38,0.329,0.381,0.346
2023-08-16T04:45:00-05:00,0.376,0.328,0.376,0.343
2023-08-16T05:00:00-05:00,0.39,0.339,0.359,0.335
2023-08-16T05:15:00-05:00,0.397,0.346,0.358,0.337
2023-08-16T05:30:00-05:00,0.399,0.348,0.359,0.338
2023-08-16T05:45:00-05:00,0.4,0.35,0.366,0.341
2023-08-16T06:00:00-05:00,0.401,0.346,0.409,0.363
2023-08-16T06:15:00-05:00,0.401,0.348,0.433,0.376
2023-08-16T06:30:00-05:00,0.396,0.349,0.442,0.38
2023-08-16T06:45:00-05:00,0.392,0.358,0.444,0.384
2023-08-16T07:00:00-05:00,0.39,0.387,0.43,0.384
2023-08-16T07:15:00-05:00,0.384,0.391,0.416,0.379
2023-08-16T07:30:00-05:00,0.379,0.385,0.394,0.369
2023-08-16T07:45:00-05:00,0.382,0.375,0.376,0.362
2023-08-16T08:00:00-05:00,0.388,0.356,0.366,0.36
2023-08-16T08:15:00-05:00,0.399,0.355,0.363,0.362
2023-08-16T08:30:00-05:00,0.41,0.359,0.364,0.363
2023-08-16T08:45:00-05:00,0.427,0.368,0.372,0.368
2023-08-16T09:00:00-05:00,0.456,0.388,0.386,0.369
2023-08-16T09:15:00-05:00,0.477,0.401,0.399,0.378
2023-08-16T09:30:00-05:00,0.492,0.411,0.412,0.39
2023-08-16T09:45:00-05:00,0.503,0.417,0.424,0.403
2023-08-16T10:00:00-05:00,0.509,0.424,0.442,0.427
2023-08-16T10:15:00-05:00,0.522,0.434,0.458,0.444
2023-08-16T10:30:00-05:00,0.539,0.443,0.474,0.463
2023-08-16T10:45:00-05:00,0.556,0.452,0.49,0.481
2023-08-16T11:00:00-05:00,0.579,0.46,0.508,0.497
2023-08-16T11:15:00-05:00,0.601,0.473,0.527,0.519
2023-08-16T11:30:00-05:00,0.62,0.488,0.544,0.542
2023-08-16T11:45:00-05:00,0.64,0.505,0.561,0.568
2023-08-16T12:00:00-05:00,0.665,0.528,0.576,0.603
2023-08-16T12:15:00-05:00,0.685,0.547,0.594,0.628
2023-08-16T12:30:00-05:00,0.699,0.563,0.612,0.648
2023-08-16T12:45:00-05:00,0.71,0.58,0.632,0.664
2023-08-16T13:00:00-05:00,0.708,0.591,0.654,0.668
2023-08-16T13:15:00-05:00,0.719,0.607,0.673,0.683
2023-08-16T13:30:00-05:00,0.732,0.621,0.689,0.698
2023-08-16T13:45:00-05:00,0.747,0.637,0.703,0.714
2023-08-16T14:00:00-05:00,0.769,0.655,0.716,0.736
2023-08-16T14:15:00-05:00,0.783,0.669,0.728,0.751
2023-08-16T14:30:00-05:00,0.8,0.683,0.741,0.766
2023-08-16T14:45:00-05:00,0.817,0.696,0.754,0.78
2023-08-16T15:00:00-05:00,0.842,0.709,0.766,0.79
2023-08-16T15:15:00-05:00,0.858,0.721,0.779,0.804
2023-08-16T15:30:00-05:00,0.871,0.736,0.795,0.822
2023-08-16T15:45:00-05:00,0.878,0.751,0.811,0.84
2023-08-16T16:00:00-05:00,0.873,0.765,0.834,0.867
2023-08-16T16:15:00-05:00,0.877,0.78,0.85,0.885
2023-08-16T16:30:00-05:00,0.881,0.792,0.859,0.895
2023-08-16T16:45:00-05:00,0.892,0.806,0.868,0.904
2023-08-16T17:00:00-05:00,0.903,0.824,0.867,0.903
2023-08-16T17:15:00-05:00,0.919,0.845,0.879,0.915
2023-08-16T17:30:00-05:00,0.929,0.86,0.888,0.924
2023-08-16T17:45:00-05:00,0.933,0.864,0.891,0.927
2023-08-16T18:00:00-05:00,0.939,0.869,0.896,0.934
2023-08-16T18:15:00-05:00,0.938,0.868,0.896,0.932
2023-08-16T18:30:00-05:00,0.934,0.863,0.897,0.928
2023-08-16T18:45:00-05:00,0.92,0.849,0.893,0.915
2023-08-16T19:00:00-05:00,0.902,0.831,0.894,0.903
2023-08-16T19:15:00-05:00,0.889,0.816,0.891,0.888
2023-08-16T19:30:00-05:00,0.879,0.803,0.889,0.873
2023-08-16T19:45:00-05:00,0.87,0.791,0.884,0.857
2023-08-16T20:00:00-05:00,0.877,0.793,0.889,0.848
2023-08-16T20:15:00-05:00,0.876,0.785,0.89,0.837
2023-08-16T20:30:00-05:00,0.873,0.777,0.89,0.826
2023-08-16T20:45:00-05:00,0.866,0.764,0.886,0.813
2023-08-16T21:00:00-05:00,0.863,0.757,0.897,0.805
2023-08-16T21:15:00-05:00,0.856,0.744,0.892,0.793
2023-08-16T21:30:00-05:00,0.844,0.722,0.873,0.775
2023-08-16T21:45:00-05:00,0.825,0.695,0.84,0.752
2023-08-16T22:00:00-05:00,0.813,0.671,0.805,0.741
2023-08-16T22:15:00-05:00,0.796,0.646,0.774,0.719
2023-08-16T22:30:00-05:00,0.772,0.619,0.742,0.692
2023-08-16T22:45:00-05:00,0.743,0.589,0.706,0.657
2023-08-16T23:00:00-05:00,0.712,0.56,0.672,0.617
2023-08-16T23:15:00-05:00,0.686,0.536,0.643,0.588
2023-08-16T23:30:00-05:00,0.662,0.515,0.618,0.565
2023-08-16T23:45:00-05:00,0.64,0.496,0.595,0.544
2023-08-17T00:00:00-05:00,0.535,0.497,0.582,0.553
2023-08-17T00:15:00-05:00,0.516,0.481,0.563,0.537
2023-08-17T00:30:00-05:00,0.5,0.467,0.548,0.523
2023-08-17T00:45:00-05:00,0.484,0.453,0.532,0.509
2023-08-17T01:00:00-05:00,0.462,0.434,0.516,0.497
2023-08-17T01:15:00-05:00,0.448,0.422,0.501,0.485
2023-08-17T01:30:00-05:00,0.435,0.412,0.485,0.473
2023-08-17T01:45:00-05:00,0.425,0.405,0.475,0.465
2023-08-17T02:00:00-05:00,0.412,0.396,0.444,0.447
2023-08-17T02:15:00-05:00,0.404,0.389,0.436,0.438
2023-08-17T02:30:00-05:00,0.394,0.382,0.426,0.429
2023-08-17T02:45:00-05:00,0.389,0.379,0.419,0.423
2023-08-17T03:00:00-05:00,0.378,0.374,0.42,0.414
2023-08-17T03:15:00-05:00,0.372,0.368,0.415,0.407
2023-08-17T03:30:00-05:00,0.367,0.364,0.412,0.402
2023-08-17T03:45:00-05:00,0.364,0.361,0.41,0.398
2023-08-17T04:00:00-05:00,0.35,0.341,0.4,0.384
2023-08-17T04:15:00-05:00,0.35,0.338,0.396,0.38
2023-08-17T04:30:00-05:00,0.351,0.336,0.394,0.376
2023-08-17T04:45:00-05:00,0.354,0.333,0.389,0.371
2023-08-17T05:00:00-05:00,0.38,0.339,0.371,0.361
2023-08-17T05:15:00-05:00,0.393,0.345,0.37,0.361
2023-08-17T05:30:00-05:00,0.399,0.348,0.371,0.361
2023-08-17T05:45:00-05:00,0.403,0.352,0.375,0.363
2023-08-17T06:00:00-05:00,0.402,0.362,0.413,0.385
2023-08-17T06:15:00-05:00,0.403,0.372,0.433,0.398
2023-08-17T06:30:00-05:00,0.393,0.379,0.439,0.402
2023-08-17T06:45:00-05:00,0.382,0.391,0.438,0.406
2023-08-17T07:00:00-05:00,0.361,0.41,0.425,0.404
2023-08-17T07:15:00-05:00,0.348,0.414,0.411,0.4
2023-08-17T07:30:00-05:00,0.34,0.411,0.389,0.392
2023-08-17T07:45:00-05:00,0.345,0.405,0.373,0.388
2023-08-17T08:00:00-05:00,0.364,0.394,0.364,0.389
2023-08-17T08:15:00-05:00,0.377,0.396,0.362,0.394
2023-08-17T08:30:00-05:00,0.388,0.399,0.365,0.396
2023-08-17T08:45:00-05:00,0.405,0.407,0.374,0.404
2023-08-17T09:00:00-05:00,0.426,0.418,0.39,0.409
2023-08-17T09:15:00-05:00,0.447,0.431,0.405,0.421
2023-08-17T09:30:00-05:00,0.468,0.441,0.419,0.435
2023-08-17T09:45:00-05:00,0.486,0.451,0.432,0.449
2023-08-17T10:00:00-05:00,0.51,0.463,0.449,0.471
2023-08-17T10:15:00-05:00,0.532,0.477,0.465,0.49
2023-08-17T10:30:00-05:00,0.556,0.494,0.484,0.512
2023-08-17T10:45:00-05:00,0.58,0.511,0.503,0.534
2023-08-17T11:00:00-05:00,0.607,0.531,0.521,0.557
2023-08-17T11:15:00-05:00,0.633,0.553,0.543,0.583
2023-08-17T11:30:00-05:00,0.657,0.575,0.567,0.608
2023-08-17T11:45:00-05:00,0.68,0.597,0.592,0.636
2023-08-17T12:00:00-05:00,0.706,0.623,0.623,0.673
2023-08-17T12:15:00-05:00,0.729,0.646,0.649,0.7
2023-08-17T12:30:00-05:00,0.747,0.669,0.672,0.719
2023-08-17T12:45:00-05:00,0.762,0.693,0.694,0.733
2023-08-17T13:00:00-05:00,0.773,0.712,0.712,0.73
2023-08-17T13:15:00-05:00,0.786,0.735,0.733,0.744
2023-08-17T13:30:00-05:00,0.794,0.757,0.751,0.759
2023-08-17T13:45:00-05:00,0.799,0.781,0.767,0.777
2023-08-17T14:00:00-05:00,0.792,0.814,0.784,0.805
2023-08-17T14:15:00-05:00,0.796,0.835,0.798,0.821
2023-08-17T14:30:00-05:00,0.811,0.854,0.815,0.836
2023-08-17T14:45:00-05:00,0.832,0.869,0.831,0.849
2023-08-17T15:00:00-05:00,0.873,0.878,0.849,0.858
2023-08-17T15:15:00-05:00,0.894,0.892,0.864,0.87
2023-08-17T15:30:00-05:00,0.912,0.909,0.881,0.885
2023-08-17T15:45:00-05:00,0.925,0.925,0.897,0.898
2023-08-17T16:00:00-05:00,0.923,0.945,0.915,0.917
2023-08-17T16:15:00-05:00,0.931,0.961,0.929,0.929
2023-08-17T16:30:00-05:00,0.94,0.973,0.936,0.935
2023-08-17T16:45:00-05:00,0.955,0.986,0.945,0.942
2023-08-17T17:00:00-05:00,0.98,0.995,0.943,0.936
2023-08-17T17:15:00-05:00,1.0,1.016,0.954,0.944
2023-08-17T17:30:00-05:00,1.008,1.032,0.963,0.95
2023-08-17T17:45:00-05:00,1.003,1.04,0.966,0.953
2023-08-17T18:00:00-05:00,0.982,1.056,0.971,0.964
2023-08-17T18:15:00-05:00,0.972,1.058,0.971,0.963
2023-08-17T18:30:00-05:00,0.964,1.055,0.971,0.957
2023-08-17T18:45:00-05:00,0.953,1.039,0.966,0.943
2023-08-17T19:00:00-05:00,0.949,1.017,0.964,0.926
2023-08-17T19:15:00-05:00,0.939,1.0,0.961,0.91
2023-08-17T19:30:00-05:00,0.931,0.987,0.959,0.896
2023-08-17T19:45:00-05:00,0.921,0.974,0.955,0.881
2023-08-17T20:00:00-05:00,0.927,0.98,0.968,0.875
2023-08-17T20:15:00-05:00,0.924,0.974,0.972,0.867
2023-08-17T20:30:00-05:00,0.916,0.964,0.97,0.859
2023-08-17T20:45:00-05:00,0.904,0.95,0.963,0.849
2023-08-17T21:00:00-05:00,0.892,0.937,0.961,0.847
2023-08-17T21:15:00-05:00,0.879,0.922,0.952,0.838
2023-08-17T21:30:00-05:00,0.859,0.898,0.932,0.823
2023-08-17T21:45:00-05:00,0.833,0.869,0.902,0.802
2023-08-17T22:00:00-05:00,0.809,0.844,0.876,0.793
2023-08-17T22:15:00-05:00,0.788,0.818,0.848,0.773
2023-08-17T22:30:00-05:00,0.764,0.791,0.816,0.745
2023-08-17T22:45:00-05:00,0.74,0.761,0.778,0.71
2023-08-17T23:00:00-05:00,0.723,0.736,0.74,0.668
2023-08-17T23:15:00-05:00,0.702,0.71,0.708,0.638
2023-08-17T23:30:00-05:00,0.68,0.687,0.682,0.613
2023-08-17T23:45:00-05:00,0.659,0.664,0.657,0.591
2023-08-18T00:00:00-05:00,0.558,0.603,0.613,0.644
2023-08-18T00:15:00-05:00,0.541,0.585,0.592,0.622
2023-08-18T00:30:00-05:00,0.526,0.571,0.574,0.603
2023-08-18T00:45:00-05:00,0.512,0.556,0.555,0.584
2023-08-18T01:00:00-05:00,0.497,0.542,0.535,0.559
2023-08-18T01:15:00-05:00,0.484,0.53,0.518,0.543
2023-08-18T01:30:00-05:00,0.471,0.52,0.498,0.528
2023-08-18T01:45:00-05:00,0.463,0.512,0.486,0.517
2023-08-18T02:00:00-05:00,0.443,0.503,0.451,0.502
2023-08-18T02:15:00-05:00,0.434,0.493,0.441,0.492
2023-08-18T02:30:00-05:00,0.425,0.483,0.431,0.482
2023-08-18T02:45:00-05:00,0.418,0.478,0.422,0.476
2023-08-18T03:00:00-05:00,0.41,0.462,0.423,0.466
2023-08-18T03:15:00-05:00,0.403,0.453,0.419,0.456
2023-08-18T03:30:00-05:00,0.398,0.448,0.415,0.45
2023-08-18T03:45:00-05:00,0.394,0.443,0.413,0.445
2023-08-18T04:00:00-05:00,0.375,0.428,0.405,0.425
2023-08-18T04:15:00-05:00,0.374,0.424,0.401,0.419
2023-08-18T04:30:00-05:00,0.374,0.421,0.398,0.414
2023-08-18T04:45:00-05:00,0.375,0.416,0.394,0.406
2023-08-18T05:00:00-05:00,0.398,0.412,0.377,0.392
2023-08-18T05:15:00-05:00,0.412,0.413,0.377,0.39
2023-08-18T05:30:00-05:00,0.419,0.412,0.376,0.388
2023-08-18T05:45:00-05:00,0.427,0.411,0.38,0.389
2023-08-18T06:00:00-05:00,0.438,0.414,0.413,0.416
2023-08-18T06:15:00-05:00,0.448,0.416,0.43,0.429
2023-08-18T06:30:00-05:00,0.445,0.416,0.435,0.43
2023-08-18T06:45:00-05:00,0.438,0.423,0.435,0.428
2023-08-18T07:00:00-05:00,0.42,0.443,0.43,0.42
2023-08-18T07:15:00-05:00,0.406,0.445,0.417,0.409
2023-08-18T07:30:00-05:00,0.393,0.442,0.397,0.392
2023-08-18T07:45:00-05:00,0.389,0.438,0.38,0.382
2023-08-18T08:00:00-05:00,0.394,0.43,0.368,0.376
2023-08-18T08:15:00-05:00,0.403,0.435,0.366,0.378
2023-08-18T08:30:00-05:00,0.414,0.441,0.369,0.385
2023-08-18T08:45:00-05:00,0.434,0.454,0.378,0.398
2023-08-18T09:00:00-05:00,0.469,0.468,0.397,0.425
2023-08-18T09:15:00-05:00,0.494,0.487,0.412,0.444
2023-08-18T09:30:00-05:00,0.512,0.507,0.426,0.456
2023-08-18T09:45:00-05:00,0.526,0.527,0.438,0.465
2023-08-18T10:00:00-05:00,0.532,0.558,0.453,0.466
2023-08-18T10:15:00-05:00,0.549,0.583,0.469,0.478
2023-08-18T10:30:00-05:00,0.574,0.607,0.487,0.497
2023-08-18T10:45:00-05:00,0.6,0.63,0.505,0.519
2023-08-18T11:00:00-05:00,0.638,0.653,0.525,0.548
2023-08-18T11:15:00-05:00,0.669,0.679,0.546,0.575
2023-08-18T11:30:00-05:00,0.694,0.702,0.568,0.601
2023-08-18T11:45:00-05:00,0.717,0.724,0.59,0.629
2023-08-18T12:00:00-05:00,0.739,0.748,0.616,0.666
2023-08-18T12:15:00-05:00,0.762,0.771,0.639,0.693
2023-08-18T12:30:00-05:00,0.781,0.79,0.66,0.713
2023-08-18T12:45:00-05:00,0.799,0.809,0.681,0.729
2023-08-18T13:00:00-05:00,0.819,0.819,0.696,0.727
2023-08-18T13:15:00-05:00,0.835,0.837,0.717,0.742
2023-08-18T13:30:00-05:00,0.845,0.854,0.736,0.758
2023-08-18T13:45:00-05:00,0.849,0.872,0.756,0.777
2023-08-18T14:00:00-05:00,0.838,0.901,0.782,0.811
2023-08-18T14:15:00-05:00,0.842,0.916,0.8,0.827
2023-08-18T14:30:00-05:00,0.856,0.927,0.817,0.84
2023-08-18T14:45:00-05:00,0.878,0.933,0.832,0.847
2023-08-18T15:00:00-05:00,0.921,0.928,0.846,0.845
2023-08-18T15:15:00-05:00,0.942,0.935,0.86,0.853
2023-08-18T15:30:00-05:00,0.96,0.949,0.876,0.863
2023-08-18T15:45:00-05:00,0.972,0.964,0.888,0.871
2023-08-18T16:00:00-05:00,0.974,0.996,0.902,0.889
2023-08-18T16:15:00-05:00,0.981,1.013,0.912,0.897
2023-08-18T16:30:00-05:00,0.984,1.021,0.917,0.899
2023-08-18T16:45:00-05:00,0.99,1.029,0.925,0.902
2023-08-18T17:00:00-05:00,0.993,1.022,0.924,0.889
2023-08-18T17:15:00-05:00,0.999,1.032,0.932,0.892
2023-08-18T17:30:00-05:00,1.001,1.039,0.938,0.895
2023-08-18T17:45:00-05:00,0.995,1.042,0.938,0.897
2023-08-18T18:00:00-05:00,0.989,1.054,0.943,0.912
2023-08-18T18:15:00-05:00,0.978,1.052,0.939,0.91
2023-08-18T18:30:00-05:00,0.967,1.047,0.932,0.904
2023-08-18T18:45:00-05:00,0.948,1.031,0.916,0.888
2023-08-18T19:00:00-05:00,0.928,1.013,0.895,0.87
2023-08-18T19:15:00-05:00,0.909,0.996,0.879,0.852
2023-08-18T19:30:00-05:00,0.894,0.981,0.867,0.835
2023-08-18T19:45:00-05:00,0.88,0.965,0.856,0.818
2023-08-18T20:00:00-05:00,0.885,0.965,0.863,0.809
2023-08-18T20:15:00-05:00,0.878,0.955,0.86,0.797
2023-08-18T20:30:00-05:00,0.867,0.943,0.855,0.787
2023-08-18T20:45:00-05:00,0.851,0.926,0.846,0.776
2023-08-18T21:00:00-05:00,0.829,0.908,0.845,0.767
2023-08-18T21:15:00-05:00,0.814,0.892,0.836,0.757
2023-08-18T21:30:00-05:00,0.797,0.87,0.819,0.746
2023-08-18T21:45:00-05:00,0.78,0.847,0.795,0.734
2023-08-18T22:00:00-05:00,0.77,0.826,0.769,0.731
2023-08-18T22:15:00-05:00,0.758,0.808,0.748,0.721
2023-08-18T22:30:00-05:00,0.742,0.788,0.725,0.705
2023-08-18T22:45:00-05:00,0.727,0.77,0.702,0.685
2023-08-18T23:00:00-05:00,0.718,0.761,0.686,0.665
2023-08-18T23:15:00-05:00,0.702,0.742,0.666,0.646
2023-08-18T23:30:00-05:00,0.683,0.722,0.645,0.627
2023-08-18T23:45:00-05:00,0.664,0.701,0.625,0.608
2023-08-19T00:00:00-05:00,0.583,0.668,0.605,0.631
2023-08-19T00:15:00-05:00,0.56,0.65,0.587,0.608
2023-08-19T00:30:00-05:00,0.541,0.636,0.571,0.589
2023-08-19T00:45:00-05:00,0.52,0.623,0.556,0.569
2023-08-19T01:00:00-05:00,0.487,0.617,0.545,0.542
2023-08-19T01:15:00-05:00,0.47,0.604,0.53,0.525
2023-08-19T01:30:00-05:00,0.456,0.592,0.513,0.509
2023-08-19T01:45:00-05:00,0.445,0.583,0.502,0.498
2023-08-19T02:00:00-05:00,0.438,0.561,0.469,0.483
2023-08-19T02:15:00-05:00,0.431,0.548,0.457,0.472
2023-08-19T02:30:00-05:00,0.422,0.535,0.445,0.46
2023-08-19T02:45:00-05:00,0.418,0.528,0.435,0.454
2023-08-19T03:00:00-05:00,0.412,0.512,0.425,0.44
2023-08-19T03:15:00-05:00,0.404,0.502,0.417,0.431
2023-08-19T03:30:00-05:00,0.4,0.495,0.411,0.426
2023-08-19T03:45:00-05:00,0.396,0.488,0.406,0.42
2023-08-19T04:00:00-05:00,0.374,0.469,0.396,0.408
2023-08-19T04:15:00-05:00,0.372,0.463,0.391,0.403
2023-08-19T04:30:00-05:00,0.372,0.457,0.387,0.398
2023-08-19T04:45:00-05:00,0.372,0.448,0.381,0.39
2023-08-19T05:00:00-05:00,0.394,0.435,0.366,0.372
2023-08-19T05:15:00-05:00,0.405,0.431,0.363,0.367
2023-08-19T05:30:00-05:00,0.41,0.424,0.359,0.361
2023-08-19T05:45:00-05:00,0.411,0.416,0.356,0.356
2023-08-19T06:00:00-05:00,0.405,0.406,0.366,0.364
2023-08-19T06:15:00-05:00,0.401,0.396,0.369,0.363
2023-08-19T06:30:00-05:00,0.392,0.39,0.368,0.357
2023-08-19T06:45:00-05:00,0.384,0.397,0.372,0.355
2023-08-19T07:00:00-05:00,0.36,0.423,0.376,0.35
2023-08-19T07:15:00-05:00,0.357,0.433,0.378,0.348
2023-08-19T07:30:00-05:00,0.367,0.444,0.38,0.35
2023-08-19T07:45:00-05:00,0.392,0.456,0.386,0.36
2023-08-19T08:00:00-05:00,0.431,0.46,0.392,0.374
2023-08-19T08:15:00-05:00,0.458,0.477,0.404,0.389
2023-08-19T08:30:00-05:00,0.473,0.489,0.412,0.401
2023-08-19T08:45:00-05:00,0.493,0.509,0.426,0.419
2023-08-19T09:00:00-05:00,0.511,0.53,0.443,0.437
2023-08-19T09:15:00-05:00,0.533,0.554,0.461,0.46
2023-08-19T09:30:00-05:00,0.551,0.577,0.476,0.483
2023-08-19T09:45:00-05:00,0.565,0.598,0.488,0.504
2023-08-19T10:00:00-05:00,0.577,0.628,0.504,0.54
2023-08-19T10:15:00-05:00,0.595,0.653,0.52,0.565
2023-08-19T10:30:00-05:00,0.62,0.676,0.538,0.582
2023-08-19T10:45:00-05:00,0.646,0.698,0.557,0.596
2023-08-19T11:00:00-05:00,0.683,0.715,0.573,0.596
2023-08-19T11:15:00-05:00,0.714,0.74,0.595,0.611
2023-08-19T11:30:00-05:00,0.739,0.763,0.621,0.631
2023-08-19T11:45:00-05:00,0.763,0.788,0.649,0.654
2023-08-19T12:00:00-05:00,0.782,0.816,0.693,0.686
2023-08-19T12:15:00-05:00,0.806,0.842,0.721,0.711
2023-08-19T12:30:00-05:00,0.829,0.865,0.74,0.734
2023-08-19T12:45:00-05:00,0.852,0.889,0.753,0.757
2023-08-19T13:00:00-05:00,0.882,0.915,0.746,0.779
2023-08-19T13:15:00-05:00,0.904,0.937,0.758,0.8
2023-08-19T13:30:00-05:00,0.918,0.953,0.772,0.817
2023-08-19T13:45:00-05:00,0.925,0.965,0.789,0.83
2023-08-19T14:00:00-05:00,0.92,0.977,0.818,0.841
2023-08-19T14:15:00-05:00,0.925,0.986,0.833,0.852
2023-08-19T14:30:00-05:00,0.937,0.992,0.847,0.865
2023-08-19T14:45:00-05:00,0.951,0.995,0.857,0.878
2023-08-19T15:00:00-05:00,0.979,0.996,0.864,0.895
2023-08-19T15:15:00-05:00,0.995,1.001,0.874,0.908
2023-08-19T15:30:00-05:00,1.01,1.009,0.886,0.921
2023-08-19T15:45:00-05:00,1.02,1.014,0.894,0.93
2023-08-19T16:00:00-05:00,1.027,1.028,0.906,0.944
2023-08-19T16:15:00-05:00,1.034,1.032,0.913,0.95
2023-08-19T16:30:00-05:00,1.036,1.032,0.917,0.948
2023-08-19T16:45:00-05:00,1.043,1.035,0.924,0.948
2023-08-19T17:00:00-05:00,1.043,1.024,0.925,0.929
2023-08-19T17:15:00-05:00,1.048,1.024,0.932,0.924
2023-08-19T17:30:00-05:00,1.05,1.025,0.936,0.92
2023-08-19T17:45:00-05:00,1.045,1.023,0.934,0.915
2023-08-19T18:00:00-05:00,1.044,1.03,0.929,0.916
2023-08-19T18:15:00-05:00,1.033,1.024,0.924,0.909
2023-08-19T18:30:00-05:00,1.021,1.017,0.92,0.902
2023-08-19T18:45:00-05:00,0.998,1.003,0.914,0.891
2023-08-19T19:00:00-05:00,0.974,0.989,0.921,0.892
2023-08-19T19:15:00-05:00,0.95,0.974,0.915,0.879
2023-08-19T19:30:00-05:00,0.927,0.962,0.903,0.861
2023-08-19T19:45:00-05:00,0.906,0.948,0.887,0.838
2023-08-19T20:00:00-05:00,0.898,0.955,0.864,0.811
2023-08-19T20:15:00-05:00,0.881,0.946,0.853,0.791
2023-08-19T20:30:00-05:00,0.865,0.933,0.847,0.775
2023-08-19T20:45:00-05:00,0.846,0.913,0.843,0.76
2023-08-19T21:00:00-05:00,0.824,0.884,0.861,0.751
2023-08-19T21:15:00-05:00,0.806,0.864,0.858,0.737
2023-08-19T21:30:00-05:00,0.787,0.84,0.845,0.721
2023-08-19T21:45:00-05:00,0.77,0.817,0.82,0.704
2023-08-19T22:00:00-05:00,0.764,0.801,0.794,0.695
2023-08-19T22:15:00-05:00,0.75,0.782,0.772,0.682
2023-08-19T22:30:00-05:00,0.731,0.761,0.746,0.664
2023-08-19T22:45:00-05:00,0.71,0.74,0.719,0.646
2023-08-19T23:00:00-05:00,0.692,0.725,0.693,0.631
2023-08-19T23:15:00-05:00,0.672,0.705,0.669,0.614
2023-08-19T23:30:00-05:00,0.652,0.685,0.646,0.596
2023-08-19T23:45:00-05:00,0.632,0.664,0.625,0.578
2023-08-20T00:00:00-05:00,0.585,0.675,0.576,0.602
2023-08-20T00:15:00-05:00,0.564,0.657,0.561,0.582
2023-08-20T00:30:00-05:00,0.547,0.643,0.548,0.564
2023-08-20T00:45:00-05:00,0.529,0.63,0.535,0.547
2023-08-20T01:00:00-05:00,0.503,0.624,0.531,0.524
2023-08-20T01:15:00-05:00,0.488,0.61,0.518,0.509
2023-08-20T01:30:00-05:00,0.475,0.598,0.503,0.495
2023-08-20T01:45:00-05:00,0.465,0.589,0.494,0.485
2023-08-20T02:00:00-05:00,0.456,0.567,0.459,0.472
2023-08-20T02:15:00-05:00,0.448,0.554,0.448,0.461
2023-08-20T02:30:00-05:00,0.438,0.541,0.437,0.45
2023-08-20T02:45:00-05:00,0.434,0.533,0.427,0.444
2023-08-20T03:00:00-05:00,0.426,0.514,0.419,0.425
2023-08-20T03:15:00-05:00,0.417,0.502,0.413,0.416
2023-08-20T03:30:00-05:00,0.412,0.495,0.409,0.41
2023-08-20T03:45:00-05:00,0.407,0.488,0.405,0.405
2023-08-20T04:00:00-05:00,0.381,0.472,0.403,0.4
2023-08-20T04:15:00-05:00,0.378,0.465,0.397,0.395
2023-08-20T04:30:00-05:00,0.375,0.458,0.394,0.39
2023-08-20T04:45:00-05:00,0.371,0.448,0.387,0.383
2023-08-20T05:00:00-05:00,0.385,0.427,0.361,0.359
2023-08-20T05:15:00-05:00,0.391,0.42,0.353,0.352
2023-08-20T05:30:00-05:00,0.391,0.41,0.346,0.346
2023-08-20T05:45:00-05:00,0.389,0.398,0.34,0.34
2023-08-20T06:00:00-05:00,0.38,0.389,0.347,0.349
2023-08-20T06:15:00-05:00,0.373,0.374,0.346,0.348
2023-08-20T06:30:00-05:00,0.364,0.363,0.343,0.344
2023-08-20T06:45:00-05:00,0.36,0.363,0.347,0.344
2023-08-20T07:00:00-05:00,0.355,0.378,0.351,0.343
2023-08-20T07:15:00-05:00,0.355,0.384,0.356,0.342
2023-08-20T07:30:00-05:00,0.364,0.396,0.366,0.346
2023-08-20T07:45:00-05:00,0.381,0.413,0.379,0.355
2023-08-20T08:00:00-05:00,0.399,0.423,0.389,0.366
2023-08-20T08:15:00-05:00,0.421,0.444,0.406,0.381
2023-08-20T08:30:00-05:00,0.439,0.462,0.422,0.393
2023-08-20T08:45:00-05:00,0.464,0.489,0.444,0.411
2023-08-20T09:00:00-05:00,0.499,0.523,0.478,0.436
2023-08-20T09:15:00-05:00,0.529,0.555,0.504,0.458
2023-08-20T09:30:00-05:00,0.553,0.585,0.523,0.475
2023-08-20T09:45:00-05:00,0.571,0.611,0.537,0.488
2023-08-20T10:00:00-05:00,0.579,0.644,0.548,0.5
2023-08-20T10:15:00-05:00,0.601,0.673,0.565,0.516
2023-08-20T10:30:00-05:00,0.637,0.703,0.583,0.537
2023-08-20T10:45:00-05:00,0.676,0.732,0.601,0.557
2023-08-20T11:00:00-05:00,0.731,0.757,0.618,0.581
2023-08-20T11:15:00-05:00,0.775,0.788,0.64,0.605
2023-08-20T11:30:00-05:00,0.815,0.819,0.665,0.629
2023-08-20T11:45:00-05:00,0.855,0.851,0.692,0.655
2023-08-20T12:00:00-05:00,0.896,0.887,0.728,0.682
2023-08-20T12:15:00-05:00,0.934,0.92,0.755,0.708
2023-08-20T12:30:00-05:00,0.967,0.95,0.779,0.733
2023-08-20T12:45:00-05:00,0.999,0.98,0.802,0.758
2023-08-20T13:00:00-05:00,1.033,1.015,0.816,0.783
2023-08-20T13:15:00-05:00,1.059,1.042,0.838,0.807
2023-08-20T13:30:00-05:00,1.075,1.059,0.857,0.825
2023-08-20T13:45:00-05:00,1.081,1.068,0.877,0.841
2023-08-20T14:00:00-05:00,1.074,1.074,0.909,0.859
2023-08-20T14:15:00-05:00,1.078,1.079,0.925,0.872
2023-08-20T14:30:00-05:00,1.086,1.082,0.935,0.883
2023-08-20T14:45:00-05:00,1.097,1.08,0.939,0.892
2023-08-20T15:00:00-05:00,1.12,1.076,0.936,0.899
2023-08-20T15:15:00-05:00,1.133,1.079,0.941,0.908
2023-08-20T15:30:00-05:00,1.146,1.084,0.945,0.918
2023-08-20T15:45:00-05:00,1.153,1.086,0.943,0.924
2023-08-20T16:00:00-05:00,1.157,1.1,0.94,0.936
2023-08-20T16:15:00-05:00,1.162,1.102,0.937,0.941
2023-08-20T16:30:00-05:00,1.165,1.101,0.937,0.939
2023-08-20T16:45:00-05:00,1.174,1.105,0.944,0.939
2023-08-20T17:00:00-05:00,1.188,1.097,0.951,0.92
2023-08-20T17:15:00-05:00,1.196,1.099,0.96,0.918
2023-08-20T17:30:00-05:00,1.196,1.101,0.966,0.919
2023-08-20T17:45:00-05:00,1.183,1.099,0.966,0.921
2023-08-20T18:00:00-05:00,1.163,1.105,0.963,0.937
2023-08-20T18:15:00-05:00,1.144,1.1,0.959,0.936
2023-08-20T18:30:00-05:00,1.124,1.094,0.957,0.933
2023-08-20T18:45:00-05:00,1.095,1.081,0.953,0.923
2023-08-20T19:00:00-05:00,1.063,1.071,0.955,0.914
2023-08-20T19:15:00-05:00,1.033,1.058,0.953,0.904
2023-08-20T19:30:00-05:00,1.01,1.045,0.952,0.893
2023-08-20T19:45:00-05:00,0.99,1.03,0.947,0.881
2023-08-20T20:00:00-05:00,0.996,1.03,0.957,0.88
2023-08-20T20:15:00-05:00,0.982,1.022,0.96,0.873
2023-08-20T20:30:00-05:00,0.965,1.011,0.96,0.864
2023-08-20T20:45:00-05:00,0.943,0.994,0.955,0.852
2023-08-20T21:00:00-05:00,0.909,0.985,0.966,0.84
2023-08-20T21:15:00-05:00,0.887,0.969,0.96,0.827
2023-08-20T21:30:00-05:00,0.863,0.938,0.936,0.812
2023-08-20T21:45:00-05:00,0.843,0.9,0.897,0.794
2023-08-20T22:00:00-05:00,0.835,0.856,0.855,0.788
2023-08-20T22:15:00-05:00,0.82,0.823,0.817,0.771
2023-08-20T22:30:00-05:00,0.799,0.795,0.779,0.747
2023-08-20T22:45:00-05:00,0.777,0.769,0.736,0.716
2023-08-20T23:00:00-05:00,0.76,0.758,0.693,0.679
2023-08-20T23:15:00-05:00,0.739,0.735,0.658,0.652
2023-08-20T23:30:00-05:00,0.717,0.713,0.63,0.628
2023-08-20T23:45:00-05:00,0.695,0.691,0.606,0.606
2023-08-21T00:00:00-05:00,0.609,0.674,0.576,0.585
2023-08-21T00:15:00-05:00,0.589,0.655,0.56,0.567
2023-08-21T00:30:00-05:00,0.571,0.639,0.547,0.552
2023-08-21T00:45:00-05:00,0.554,0.624,0.534,0.536
2023-08-21T01:00:00-05:00,0.529,0.61,0.529,0.521
2023-08-21T01:15:00-05:00,0.515,0.596,0.516,0.507
2023-08-21T01:30:00-05:00,0.503,0.585,0.499,0.494
2023-08-21T01:45:00-05:00,0.494,0.576,0.49,0.484
2023-08-21T02:00:00-05:00,0.486,0.564,0.449,0.466
2023-08-21T02:15:00-05:00,0.479,0.554,0.441,0.455
2023-08-21T02:30:00-05:00,0.471,0.542,0.431,0.443
2023-08-21T02:45:00-05:00,0.467,0.537,0.423,0.437
2023-08-21T03:00:00-05:00,0.461,0.52,0.431,0.423
2023-08-21T03:15:00-05:00,0.453,0.512,0.427,0.413
2023-08-21T03:30:00-05:00,0.448,0.506,0.424,0.407
2023-08-21T03:45:00-05:00,0.445,0.501,0.423,0.401
2023-08-21T04:00:00-05:00,0.42,0.492,0.409,0.382
2023-08-21T04:15:00-05:00,0.416,0.486,0.405,0.378
2023-08-21T04:30:00-05:00,0.413,0.483,0.402,0.374
2023-08-21T04:45:00-05:00,0.409,0.476,0.396,0.368
2023-08-21T05:00:00-05:00,0.416,0.461,0.379,0.363
2023-08-21T05:15:00-05:00,0.421,0.458,0.379,0.364
2023-08-21T05:30:00-05:00,0.42,0.452,0.38,0.365
2023-08-21T05:45:00-05:00,0.418,0.445,0.387,0.368
2023-08-21T06:00:00-05:00,0.411,0.439,0.43,0.388
2023-08-21T06:15:00-05:00,0.405,0.431,0.455,0.401
2023-08-21T06:30:00-05:00,0.395,0.424,0.464,0.405
2023-08-21T06:45:00-05:00,0.391,0.427,0.467,0.41
2023-08-21T07:00:00-05:00,0.395,0.461,0.456,0.417
2023-08-21T07:15:00-05:00,0.391,0.461,0.443,0.412
2023-08-21T07:30:00-05:00,0.388,0.451,0.421,0.399
2023-08-21T07:45:00-05:00,0.392,0.438,0.402,0.386
2023-08-21T08:00:00-05:00,0.395,0.414,0.387,0.373
2023-08-21T08:15:00-05:00,0.408,0.415,0.384,0.372
2023-08-21T08:30:00-05:00,0.423,0.425,0.388,0.374
2023-08-21T08:45:00-05:00,0.446,0.445,0.399,0.383
2023-08-21T09:00:00-05:00,0.483,0.483,0.424,0.394
2023-08-21T09:15:00-05:00,0.512,0.511,0.44,0.408
2023-08-21T09:30:00-05:00,0.536,0.534,0.453,0.424
2023-08-21T09:45:00-05:00,0.554,0.553,0.463,0.44
2023-08-21T10:00:00-05:00,0.576,0.575,0.472,0.462
2023-08-21T10:15:00-05:00,0.598,0.597,0.485,0.482
2023-08-21T10:30:00-05:00,0.619,0.62,0.502,0.507
2023-08-21T10:45:00-05:00,0.639,0.641,0.519,0.532
2023-08-21T11:00:00-05:00,0.657,0.66,0.54,0.561
2023-08-21T11:15:00-05:00,0.68,0.684,0.561,0.589
2023-08-21T11:30:00-05:00,0.703,0.709,0.58,0.616
2023-08-21T11:45:00-05:00,0.728,0.736,0.599,0.643
2023-08-21T12:00:00-05:00,0.76,0.77,0.615,0.674
2023-08-21T12:15:00-05:00,0.786,0.797,0.635,0.701
2023-08-21T12:30:00-05:00,0.804,0.819,0.657,0.722
2023-08-21T12:45:00-05:00,0.82,0.838,0.681,0.74
2023-08-21T13:00:00-05:00,0.828,0.853,0.712,0.749
2023-08-21T13:15:00-05:00,0.841,0.871,0.735,0.766
2023-08-21T13:30:00-05:00,0.852,0.884,0.754,0.78
2023-08-21T13:45:00-05:00,0.86,0.894,0.768,0.795
2023-08-21T14:00:00-05:00,0.865,0.902,0.783,0.814
2023-08-21T14:15:00-05:00,0.871,0.911,0.795,0.826
2023-08-21T14:30:00-05:00,0.882,0.921,0.806,0.837
2023-08-21T14:45:00-05:00,0.895,0.932,0.813,0.847
2023-08-21T15:00:00-05:00,0.923,0.944,0.819,0.853
2023-08-21T15:15:00-05:00,0.937,0.956,0.828,0.863
2023-08-21T15:30:00-05:00,0.944,0.974,0.838,0.877
2023-08-21T15:45:00-05:00,0.942,0.992,0.844,0.89
2023-08-21T16:00:00-05:00,0.924,1.019,0.853,0.912
2023-08-21T16:15:00-05:00,0.918,1.037,0.859,0.925
2023-08-21T16:30:00-05:00,0.915,1.048,0.864,0.93
2023-08-21T16:45:00-05:00,0.922,1.06,0.873,0.936
2023-08-21T17:00:00-05:00,0.929,1.064,0.876,0.925
2023-08-21T17:15:00-05:00,0.939,1.08,0.89,0.931
2023-08-21T17:30:00-05:00,0.947,1.091,0.902,0.939
2023-08-21T17:45:00-05:00,0.95,1.094,0.91,0.945
2023-08-21T18:00:00-05:00,0.961,1.101,0.923,0.965
2023-08-21T18:15:00-05:00,0.96,1.099,0.928,0.967
2023-08-21T18:30:00-05:00,0.956,1.093,0.931,0.964
2023-08-21T18:45:00-05:00,0.944,1.077,0.93,0.95
2023-08-21T19:00:00-05:00,0.925,1.059,0.929,0.933
2023-08-21T19:15:00-05:00,0.913,1.042,0.929,0.917
2023-08-21T19:30:00-05:00,0.906,1.027,0.932,0.902
2023-08-21T19:45:00-05:00,0.9,1.011,0.931,0.886
2023-08-21T20:00:00-05:00,0.919,1.008,0.947,0.878
2023-08-21T20:15:00-05:00,0.921,0.998,0.954,0.868
2023-08-21T20:30:00-05:00,0.917,0.988,0.956,0.859
2023-08-21T20:45:00-05:00,0.905,0.974,0.951,0.848
2023-08-21T21:00:00-05:00,0.882,0.969,0.96,0.847
2023-08-21T21:15:00-05:00,0.87,0.956,0.954,0.836
2023-08-21T21:30:00-05:00,0.859,0.929,0.929,0.819
2023-08-21T21:45:00-05:00,0.847,0.895,0.889,0.795
2023-08-21T22:00:00-05:00,0.851,0.857,0.846,0.775
2023-08-21T22:15:00-05:00,0.842,0.828,0.808,0.754
2023-08-21T22:30:00-05:00,0.822,0.801,0.769,0.729
2023-08-21T22:45:00-05:00,0.796,0.776,0.726,0.701
2023-08-21T23:00:00-05:00,0.764,0.763,0.684,0.676
2023-08-21T23:15:00-05:00,0.739,0.741,0.65,0.651
2023-08-21T23:30:00-05:00,0.715,0.719,0.623,0.629
2023-08-21T23:45:00-05:00,0.692,0.697,0.599,0.608
2023-08-22T00:00:00-05:00,0.623,0.688,0.615,0.587
2023-08-22T00:15:00-05:00,0.603,0.667,0.596,0.568
2023-08-22T00:30:00-05:00,0.586,0.65,0.58,0.552
2023-08-22T00:45:00-05:00,0.569,0.633,0.565,0.537
2023-08-22T01:00:00-05:00,0.547,0.615,0.548,0.518
2023-08-22T01:15:00-05:00,0.533,0.6,0.535,0.505
2023-08-22T01:30:00-05:00,0.52,0.586,0.523,0.492
2023-08-22T01:45:00-05:00,0.511,0.576,0.514,0.483
2023-08-22T02:00:00-05:00,0.501,0.559,0.503,0.469
2023-08-22T02:15:00-05:00,0.492,0.549,0.494,0.459
2023-08-22T02:30:00-05:00,0.482,0.537,0.484,0.448
2023-08-22T02:45:00-05:00,0.477,0.531,0.479,0.443
2023-08-22T03:00:00-05:00,0.464,0.518,0.464,0.429
2023-08-22T03:15:00-05:00,0.458,0.511,0.456,0.421
2023-08-22T03:30:00-05:00,0.453,0.506,0.451,0.416
2023-08-22T03:45:00-05:00,0.449,0.502,0.447,0.411
2023-08-22T04:00:00-05:00,0.437,0.496,0.437,0.399
2023-08-22T04:15:00-05:00,0.435,0.491,0.433,0.395
2023-08-22T04:30:00-05:00,0.436,0.489,0.431,0.392
2023-08-22T04:45:00-05:00,0.436,0.484,0.426,0.387
2023-08-22T05:00:00-05:00,0.45,0.47,0.416,0.38
2023-08-22T05:15:00-05:00,0.459,0.468,0.418,0.381
2023-08-22T05:30:00-05:00,0.462,0.464,0.418,0.381
2023-08-22T05:45:00-05:00,0.463,0.459,0.422,0.384
2023-08-22T06:00:00-05:00,0.461,0.459,0.449,0.407
2023-08-22T06:15:00-05:00,0.459,0.454,0.464,0.42
2023-08-22T06:30:00-05:00,0.45,0.448,0.467,0.422
2023-08-22T06:45:00-05:00,0.443,0.448,0.467,0.423
2023-08-22T07:00:00-05:00,0.441,0.472,0.467,0.419
2023-08-22T07:15:00-05:00,0.431,0.469,0.454,0.41
2023-08-22T07:30:00-05:00,0.422,0.458,0.433,0.397
2023-08-22T07:45:00-05:00,0.42,0.446,0.414,0.387
2023-08-22T08:00:00-05:00,0.428,0.432,0.404,0.386
2023-08-22T08:15:00-05:00,0.437,0.434,0.4,0.388
2023-08-22T08:30:00-05:00,0.445,0.441,0.399,0.39
2023-08-22T08:45:00-05:00,0.46,0.455,0.403,0.398
2023-08-22T09:00:00-05:00,0.479,0.481,0.411,0.406
2023-08-22T09:15:00-05:00,0.498,0.502,0.42,0.418
2023-08-22T09:30:00-05:00,0.515,0.521,0.428,0.432
2023-08-22T09:45:00-05:00,0.529,0.537,0.437,0.446
2023-08-22T10:00:00-05:00,0.548,0.56,0.456,0.467
2023-08-22T10:15:00-05:00,0.566,0.58,0.468,0.485
2023-08-22T10:30:00-05:00,0.584,0.602,0.477,0.506
2023-08-22T10:45:00-05:00,0.601,0.623,0.483,0.528
2023-08-22T11:00:00-05:00,0.623,0.643,0.484,0.551
2023-08-22T11:15:00-05:00,0.643,0.668,0.494,0.576
2023-08-22T11:30:00-05:00,0.657,0.694,0.506,0.6
2023-08-22T11:45:00-05:00,0.668,0.721,0.52,0.625
2023-08-22T12:00:00-05:00,0.682,0.756,0.541,0.657
2023-08-22T12:15:00-05:00,0.694,0.784,0.557,0.682
2023-08-22T12:30:00-05:00,0.698,0.807,0.571,0.701
2023-08-22T12:45:00-05:00,0.697,0.828,0.585,0.716
2023-08-22T13:00:00-05:00,0.685,0.847,0.594,0.722
2023-08-22T13:15:00-05:00,0.684,0.866,0.608,0.736
2023-08-22T13:30:00-05:00,0.684,0.88,0.621,0.748
2023-08-22T13:45:00-05:00,0.685,0.889,0.635,0.76
2023-08-22T14:00:00-05:00,0.687,0.898,0.66,0.774
2023-08-22T14:15:00-05:00,0.688,0.905,0.672,0.783
2023-08-22T14:30:00-05:00,0.692,0.912,0.679,0.794
2023-08-22T14:45:00-05:00,0.698,0.916,0.68,0.805
2023-08-22T15:00:00-05:00,0.715,0.919,0.675,0.816
2023-08-22T15:15:00-05:00,0.723,0.926,0.678,0.827
2023-08-22T15:30:00-05:00,0.729,0.937,0.68,0.84
2023-08-22T15:45:00-05:00,0.729,0.946,0.679,0.853
2023-08-22T16:00:00-05:00,0.721,0.967,0.679,0.873
2023-08-22T16:15:00-05:00,0.72,0.977,0.677,0.884
2023-08-22T16:30:00-05:00,0.722,0.98,0.676,0.888
2023-08-22T16:45:00-05:00,0.731,0.985,0.68,0.892
2023-08-22T17:00:00-05:00,0.739,0.973,0.681,0.882
2023-08-22T17:15:00-05:00,0.754,0.979,0.684,0.885
2023-08-22T17:30:00-05:00,0.768,0.985,0.687,0.888
2023-08-22T17:45:00-05:00,0.779,0.99,0.687,0.888
2023-08-22T18:00:00-05:00,0.798,1.011,0.684,0.897
2023-08-22T18:15:00-05:00,0.805,1.011,0.682,0.893
2023-08-22T18:30:00-05:00,0.808,1.006,0.682,0.888
2023-08-22T18:45:00-05:00,0.804,0.989,0.683,0.875
2023-08-22T19:00:00-05:00,0.793,0.965,0.696,0.863
2023-08-22T19:15:00-05:00,0.79,0.947,0.697,0.849
2023-08-22T19:30:00-05:00,0.79,0.932,0.695,0.835
2023-08-22T19:45:00-05:00,0.79,0.918,0.689,0.82
2023-08-22T20:00:00-05:00,0.809,0.919,0.676,0.812
2023-08-22T20:15:00-05:00,0.816,0.912,0.675,0.802
2023-08-22T20:30:00-05:00,0.817,0.904,0.677,0.793
2023-08-22T20:45:00-05:00,0.812,0.892,0.68,0.782
2023-08-22T21:00:00-05:00,0.801,0.889,0.712,0.779
2023-08-22T21:15:00-05:00,0.794,0.878,0.715,0.769
2023-08-22T21:30:00-05:00,0.786,0.856,0.702,0.754
2023-08-22T21:45:00-05:00,0.774,0.826,0.671,0.734
2023-08-22T22:00:00-05:00,0.769,0.794,0.623,0.724
2023-08-22T22:15:00-05:00,0.759,0.768,0.595,0.706
2023-08-22T22:30:00-05:00,0.742,0.744,0.571,0.68
2023-08-22T22:45:00-05:00,0.72,0.721,0.55,0.649
2023-08-22T23:00:00-05:00,0.699,0.707,0.539,0.612
2023-08-22T23:15:00-05:00,0.678,0.687,0.521,0.585
2023-08-22T23:30:00-05:00,0.657,0.666,0.504,0.563
2023-08-22T23:45:00-05:00,0.637,0.645,0.487,0.542
2023-08-23T00:00:00-05:00,0.564,0.648,0.54,0.531
2023-08-23T00:15:00-05:00,0.545,0.629,0.523,0.515
2023-08-23T00:30:00-05:00,0.529,0.613,0.509,0.501
2023-08-23T00:45:00-05:00,0.513,0.598,0.495,0.488
2023-08-23T01:00:00-05:00,0.492,0.585,0.481,0.474
2023-08-23T01:15:00-05:00,0.478,0.571,0.469,0.462
2023-08-23T01:30:00-05:00,0.465,0.558,0.457,0.452
2023-08-23T01:45:00-05:00,0.456,0.548,0.449,0.445
2023-08-23T02:00:00-05:00,0.443,0.529,0.433,0.435
2023-08-23T02:15:00-05:00,0.435,0.52,0.424,0.427
2023-08-23T02:30:00-05:00,0.426,0.509,0.414,0.417
2023-08-23T02:45:00-05:00,0.421,0.503,0.409,0.413
2023-08-23T03:00:00-05:00,0.412,0.493,0.397,0.396
2023-08-23T03:15:00-05:00,0.405,0.487,0.391,0.39
2023-08-23T03:30:00-05:00,0.401,0.482,0.387,0.386
2023-08-23T03:45:00-05:00,0.398,0.479,0.384,0.382
2023-08-23T04:00:00-05:00,0.382,0.471,0.378,0.38
2023-08-23T04:15:00-05:00,0.381,0.467,0.375,0.377
2023-08-23T04:30:00-05:00,0.381,0.465,0.375,0.377
2023-08-23T04:45:00-05:00,0.383,0.46,0.373,0.375
2023-08-23T05:00:00-05:00,0.404,0.451,0.37,0.37
2023-08-23T05:15:00-05:00,0.415,0.451,0.374,0.373
2023-08-23T05:30:00-05:00,0.42,0.447,0.376,0.374
2023-08-23T05:45:00-05:00,0.423,0.442,0.381,0.377
2023-08-23T06:00:00-05:00,0.422,0.439,0.402,0.397
2023-08-23T06:15:00-05:00,0.422,0.434,0.416,0.408
2023-08-23T06:30:00-05:00,0.414,0.428,0.419,0.411
2023-08-23T06:45:00-05:00,0.406,0.431,0.42,0.412
2023-08-23T07:00:00-05:00,0.395,0.459,0.419,0.41
2023-08-23T07:15:00-05:00,0.384,0.459,0.41,0.403
2023-08-23T07:30:00-05:00,0.376,0.449,0.394,0.39
2023-08-23T07:45:00-05:00,0.378,0.439,0.381,0.382
2023-08-23T08:00:00-05:00,0.387,0.423,0.375,0.383
2023-08-23T08:15:00-05:00,0.398,0.425,0.373,0.385
2023-08-23T08:30:00-05:00,0.411,0.431,0.373,0.384
2023-08-23T08:45:00-05:00,0.432,0.445,0.377,0.386
2023-08-23T09:00:00-05:00,0.464,0.472,0.384,0.381
2023-08-23T09:15:00-05:00,0.49,0.492,0.392,0.387
2023-08-23T09:30:00-05:00,0.511,0.508,0.4,0.399
2023-08-23T09:45:00-05:00,0.528,0.521,0.408,0.413
2023-08-23T10:00:00-05:00,0.544,0.537,0.422,0.444
2023-08-23T10:15:00-05:00,0.564,0.554,0.433,0.462
2023-08-23T10:30:00-05:00,0.588,0.571,0.444,0.477
2023-08-23T10:45:00-05:00,0.613,0.587,0.454,0.489
2023-08-23T11:00:00-05:00,0.644,0.601,0.462,0.495
2023-08-23T11:15:00-05:00,0.672,0.621,0.475,0.51
2023-08-23T11:30:00-05:00,0.694,0.644,0.49,0.527
2023-08-23T11:45:00-05:00,0.715,0.668,0.507,0.546
2023-08-23T12:00:00-05:00,0.737,0.702,0.528,0.574
2023-08-23T12:15:00-05:00,0.758,0.728,0.546,0.594
2023-08-23T12:30:00-05:00,0.772,0.749,0.562,0.61
2023-08-23T12:45:00-05:00,0.785,0.768,0.576,0.623
2023-08-23T13:00:00-05:00,0.792,0.781,0.587,0.63
2023-08-23T13:15:00-05:00,0.803,0.799,0.602,0.642
2023-08-23T13:30:00-05:00,0.811,0.813,0.615,0.653
2023-08-23T13:45:00-05:00,0.816,0.825,0.628,0.664
2023-08-23T14:00:00-05:00,0.813,0.84,0.642,0.676
2023-08-23T14:15:00-05:00,0.818,0.85,0.654,0.686
2023-08-23T14:30:00-05:00,0.832,0.861,0.669,0.697
2023-08-23T14:45:00-05:00,0.85,0.869,0.684,0.709
2023-08-23T15:00:00-05:00,0.886,0.876,0.703,0.719
2023-08-23T15:15:00-05:00,0.904,0.886,0.718,0.731
2023-08-23T15:30:00-05:00,0.919,0.899,0.734,0.747
2023-08-23T15:45:00-05:00,0.928,0.912,0.748,0.765
2023-08-23T16:00:00-05:00,0.925,0.933,0.761,0.793
2023-08-23T16:15:00-05:00,0.93,0.946,0.774,0.811
2023-08-23T16:30:00-05:00,0.935,0.953,0.784,0.821
2023-08-23T16:45:00-05:00,0.946,0.962,0.796,0.83
2023-08-23T17:00:00-05:00,0.96,0.958,0.806,0.828
2023-08-23T17:15:00-05:00,0.975,0.971,0.823,0.838
2023-08-23T17:30:00-05:00,0.985,0.983,0.835,0.846
2023-08-23T17:45:00-05:00,0.986,0.992,0.84,0.848
2023-08-23T18:00:00-05:00,0.986,1.015,0.84,0.855
2023-08-23T18:15:00-05:00,0.982,1.019,0.841,0.853
2023-08-23T18:30:00-05:00,0.978,1.016,0.843,0.848
2023-08-23T18:45:00-05:00,0.967,1.001,0.844,0.835
2023-08-23T19:00:00-05:00,0.955,0.978,0.852,0.821
2023-08-23T19:15:00-05:00,0.944,0.962,0.853,0.806
2023-08-23T19:30:00-05:00,0.937,0.947,0.854,0.792
2023-08-23T19:45:00-05:00,0.928,0.933,0.849,0.776
2023-08-23T20:00:00-05:00,0.939,0.933,0.85,0.765
2023-08-23T20:15:00-05:00,0.938,0.926,0.853,0.754
2023-08-23T20:30:00-05:00,0.933,0.917,0.855,0.746
2023-08-23T20:45:00-05:00,0.922,0.905,0.854,0.737
2023-08-23T21:00:00-05:00,0.908,0.9,0.871,0.74
2023-08-23T21:15:00-05:00,0.896,0.888,0.87,0.732
2023-08-23T21:30:00-05:00,0.88,0.865,0.854,0.714
2023-08-23T21:45:00-05:00,0.86,0.836,0.824,0.69
2023-08-23T22:00:00-05:00,0.846,0.804,0.788,0.668
2023-08-23T22:15:00-05:00,0.829,0.778,0.759,0.645
2023-08-23T22:30:00-05:00,0.807,0.753,0.73,0.62
2023-08-23T22:45:00-05:00,0.782,0.729,0.697,0.591
2023-08-23T23:00:00-05:00,0.76,0.713,0.668,0.561
2023-08-23T23:15:00-05:00,0.737,0.691,0.641,0.537
2023-08-23T23:30:00-05:00,0.714,0.67,0.618,0.516
2023-08-23T23:45:00-05:00,0.692,0.649,0.596,0.498
2023-08-24T00:00:00-05:00,0.57,0.637,0.526,0.501
2023-08-24T00:15:00-05:00,0.549,0.618,0.51,0.486
2023-08-24T00:30:00-05:00,0.532,0.603,0.497,0.473
2023-08-24T00:45:00-05:00,0.514,0.588,0.483,0.461
2023-08-24T01:00:00-05:00,0.487,0.574,0.47,0.451
2023-08-24T01:15:00-05:00,0.472,0.56,0.458,0.44
2023-08-24T01:30:00-05:00,0.458,0.547,0.445,0.429
2023-08-24T01:45:00-05:00,0.448,0.538,0.437,0.421
2023-08-24T02:00:00-05:00,0.435,0.517,0.416,0.405
2023-08-24T02:15:00-05:00,0.428,0.508,0.408,0.396
2023-08-24T02:30:00-05:00,0.419,0.498,0.399,0.387
2023-08-24T02:45:00-05:00,0.414,0.492,0.393,0.381
2023-08-24T03:00:00-05:00,0.409,0.485,0.386,0.37
2023-08-24T03:15:00-05:00,0.402,0.479,0.38,0.364
2023-08-24T03:30:00-05:00,0.398,0.475,0.377,0.36
2023-08-24T03:45:00-05:00,0.395,0.472,0.374,0.357
2023-08-24T04:00:00-05:00,0.371,0.461,0.367,0.35
2023-08-24T04:15:00-05:00,0.371,0.457,0.364,0.347
2023-08-24T04:30:00-05:00,0.372,0.454,0.362,0.346
2023-08-24T04:45:00-05:00,0.375,0.449,0.359,0.344
2023-08-24T05:00:00-05:00,0.412,0.44,0.348,0.338
2023-08-24T05:15:00-05:00,0.429,0.439,0.35,0.341
2023-08-24T05:30:00-05:00,0.438,0.435,0.353,0.343
2023-08-24T05:45:00-05:00,0.443,0.431,0.36,0.347
2023-08-24T06:00:00-05:00,0.435,0.429,0.397,0.369
2023-08-24T06:15:00-05:00,0.433,0.425,0.419,0.383
2023-08-24T06:30:00-05:00,0.424,0.419,0.427,0.389
2023-08-24T06:45:00-05:00,0.415,0.422,0.429,0.393
2023-08-24T07:00:00-05:00,0.401,0.446,0.415,0.392
2023-08-24T07:15:00-05:00,0.391,0.446,0.403,0.388
2023-08-24T07:30:00-05:00,0.388,0.439,0.384,0.377
2023-08-24T07:45:00-05:00,0.396,0.432,0.37,0.369
2023-08-24T08:00:00-05:00,0.421,0.421,0.363,0.368
2023-08-24T08:15:00-05:00,0.436,0.425,0.363,0.37
2023-08-24T08:30:00-05:00,0.443,0.432,0.366,0.369
2023-08-24T08:45:00-05:00,0.454,0.447,0.375,0.373
2023-08-24T09:00:00-05:00,0.457,0.472,0.394,0.367
2023-08-24T09:15:00-05:00,0.472,0.493,0.408,0.374
2023-08-24T09:30:00-05:00,0.489,0.51,0.419,0.389
2023-08-24T09:45:00-05:00,0.506,0.525,0.429,0.406
2023-08-24T10:00:00-05:00,0.528,0.542,0.44,0.441
2023-08-24T10:15:00-05:00,0.55,0.56,0.452,0.463
2023-08-24T10:30:00-05:00,0.58,0.58,0.467,0.482
2023-08-24T10:45:00-05:00,0.612,0.6,0.482,0.5
2023-08-24T11:00:00-05:00,0.655,0.62,0.498,0.51
2023-08-24T11:15:00-05:00,0.691,0.643,0.517,0.53
2023-08-24T11:30:00-05:00,0.719,0.668,0.537,0.551
2023-08-24T11:45:00-05:00,0.746,0.695,0.559,0.575
2023-08-24T12:00:00-05:00,0.772,0.729,0.588,0.609
2023-08-24T12:15:00-05:00,0.798,0.756,0.611,0.633
2023-08-24T12:30:00-05:00,0.819,0.779,0.631,0.652
2023-08-24T12:45:00-05:00,0.838,0.799,0.649,0.668
2023-08-24T13:00:00-05:00,0.86,0.813,0.661,0.674
2023-08-24T13:15:00-05:00,0.876,0.832,0.679,0.689
2023-08-24T13:30:00-05:00,0.883,0.848,0.694,0.702
2023-08-24T13:45:00-05:00,0.881,0.864,0.709,0.716
2023-08-24T14:00:00-05:00,0.856,0.883,0.725,0.733
2023-08-24T14:15:00-05:00,0.855,0.896,0.738,0.745
2023-08-24T14:30:00-05:00,0.867,0.907,0.753,0.76
2023-08-24T14:45:00-05:00,0.889,0.916,0.768,0.775
2023-08-24T15:00:00-05:00,0.938,0.92,0.785,0.789
2023-08-24T15:15:00-05:00,0.961,0.93,0.799,0.803
2023-08-24T15:30:00-05:00,0.979,0.943,0.813,0.823
2023-08-24T15:45:00-05:00,0.99,0.954,0.825,0.842
2023-08-24T16:00:00-05:00,0.983,0.975,0.831,0.871
2023-08-24T16:15:00-05:00,0.99,0.986,0.842,0.89
2023-08-24T16:30:00-05:00,1.0,0.992,0.851,0.9
2023-08-24T16:45:00-05:00,1.016,0.999,0.864,0.909
2023-08-24T17:00:00-05:00,1.051,0.988,0.882,0.906
2023-08-24T17:15:00-05:00,1.074,0.999,0.901,0.917
2023-08-24T17:30:00-05:00,1.083,1.012,0.913,0.924
2023-08-24T17:45:00-05:00,1.075,1.024,0.914,0.924
2023-08-24T18:00:00-05:00,1.042,1.057,0.907,0.929
2023-08-24T18:15:00-05:00,1.03,1.064,0.905,0.925
2023-08-24T18:30:00-05:00,1.024,1.063,0.905,0.92
2023-08-24T18:45:00-05:00,1.019,1.047,0.902,0.906
2023-08-24T19:00:00-05:00,1.033,1.023,0.903,0.894
2023-08-24T19:15:00-05:00,1.03,1.005,0.902,0.879
2023-08-24T19:30:00-05:00,1.025,0.991,0.904,0.864
2023-08-24T19:45:00-05:00,1.015,0.976,0.903,0.848
2023-08-24T20:00:00-05:00,1.02,0.976,0.918,0.838
2023-08-24T20:15:00-05:00,1.015,0.968,0.926,0.827
2023-08-24T20:30:00-05:00,1.002,0.958,0.931,0.817
2023-08-24T20:45:00-05:00,0.981,0.945,0.93,0.806
2023-08-24T21:00:00-05:00,0.951,0.938,0.945,0.806
2023-08-24T21:15:00-05:00,0.93,0.925,0.943,0.795
2023-08-24T21:30:00-05:00,0.901,0.901,0.924,0.775
2023-08-24T21:45:00-05:00,0.873,0.87,0.89,0.748
2023-08-24T22:00:00-05:00,0.845,0.836,0.851,0.725
2023-08-24T22:15:00-05:00,0.823,0.809,0.818,0.699
2023-08-24T22:30:00-05:00,0.802,0.784,0.784,0.671
2023-08-24T22:45:00-05:00,0.784,0.76,0.746,0.637
2023-08-24T23:00:00-05:00,0.78,0.747,0.709,0.602
2023-08-24T23:15:00-05:00,0.763,0.725,0.678,0.574
2023-08-24T23:30:00-05:00,0.743,0.704,0.652,0.552
2023-08-24T23:45:00-05:00,0.722,0.682,0.628,0.531
2023-08-25T00:00:00-05:00,0.585,0.648,0.576,0.55
2023-08-25T00:15:00-05:00,0.566,0.63,0.557,0.531
2023-08-25T00:30:00-05:00,0.55,0.615,0.541,0.516
2023-08-25T00:45:00-05:00,0.534,0.601,0.525,0.5
2023-08-25T01:00:00-05:00,0.515,0.591,0.51,0.481
2023-08-25T01:15:00-05:00,0.5,0.578,0.494,0.467
2023-08-25T01:30:00-05:00,0.486,0.566,0.477,0.453
2023-08-25T01:45:00-05:00,0.477,0.558,0.466,0.444
2023-08-25T02:00:00-05:00,0.458,0.542,0.432,0.427
2023-08-25T02:15:00-05:00,0.449,0.531,0.422,0.419
2023-08-25T02:30:00-05:00,0.44,0.52,0.412,0.409
2023-08-25T02:45:00-05:00,0.434,0.514,0.403,0.404
2023-08-25T03:00:00-05:00,0.428,0.499,0.403,0.398
2023-08-25T03:15:00-05:00,0.421,0.491,0.397,0.39
2023-08-25T03:30:00-05:00,0.417,0.485,0.394,0.386
2023-08-25T03:45:00-05:00,0.413,0.481,0.391,0.382
2023-08-25T04:00:00-05:00,0.394,0.471,0.382,0.365
2023-08-25T04:15:00-05:00,0.392,0.466,0.378,0.361
2023-08-25T04:30:00-05:00,0.391,0.463,0.375,0.358
2023-08-25T04:45:00-05:00,0.389,0.458,0.371,0.353
2023-08-25T05:00:00-05:00,0.401,0.447,0.355,0.345
2023-08-25T05:15:00-05:00,0.409,0.446,0.355,0.347
2023-08-25T05:30:00-05:00,0.413,0.442,0.356,0.348
2023-08-25T05:45:00-05:00,0.416,0.438,0.362,0.353
2023-08-25T06:00:00-05:00,0.421,0.435,0.402,0.381
2023-08-25T06:15:00-05:00,0.425,0.431,0.426,0.398
2023-08-25T06:30:00-05:00,0.42,0.427,0.434,0.403
2023-08-25T06:45:00-05:00,0.417,0.432,0.436,0.405
2023-08-25T07:00:00-05:00,0.415,0.46,0.424,0.399
2023-08-25T07:15:00-05:00,0.406,0.461,0.412,0.391
2023-08-25T07:30:00-05:00,0.395,0.456,0.392,0.376
2023-08-25T07:45:00-05:00,0.39,0.449,0.376,0.364
2023-08-25T08:00:00-05:00,0.384,0.437,0.363,0.358
2023-08-25T08:15:00-05:00,0.392,0.441,0.362,0.358
2023-08-25T08:30:00-05:00,0.406,0.447,0.368,0.361
2023-08-25T08:45:00-05:00,0.428,0.461,0.381,0.37
2023-08-25T09:00:00-05:00,0.472,0.479,0.409,0.384
2023-08-25T09:15:00-05:00,0.502,0.499,0.428,0.398
2023-08-25T09:30:00-05:00,0.523,0.519,0.442,0.41
2023-08-25T09:45:00-05:00,0.538,0.537,0.453,0.421
2023-08-25T10:00:00-05:00,0.547,0.566,0.461,0.43
2023-08-25T10:15:00-05:00,0.565,0.589,0.475,0.445
2023-08-25T10:30:00-05:00,0.59,0.611,0.492,0.466
2023-08-25T10:45:00-05:00,0.616,0.632,0.511,0.489
2023-08-25T11:00:00-05:00,0.651,0.65,0.532,0.52
2023-08-25T11:15:00-05:00,0.682,0.674,0.555,0.547
2023-08-25T11:30:00-05:00,0.709,0.697,0.577,0.572
2023-08-25T11:45:00-05:00,0.736,0.722,0.601,0.598
2023-08-25T12:00:00-05:00,0.765,0.753,0.629,0.63
2023-08-25T12:15:00-05:00,0.792,0.779,0.653,0.655
2023-08-25T12:30:00-05:00,0.814,0.8,0.675,0.674
2023-08-25T12:45:00-05:00,0.834,0.82,0.697,0.689
2023-08-25T13:00:00-05:00,0.853,0.832,0.712,0.688
2023-08-25T13:15:00-05:00,0.871,0.851,0.733,0.703
2023-08-25T13:30:00-05:00,0.883,0.868,0.753,0.719
2023-08-25T13:45:00-05:00,0.889,0.885,0.773,0.74
2023-08-25T14:00:00-05:00,0.884,0.909,0.801,0.773
2023-08-25T14:15:00-05:00,0.89,0.924,0.819,0.791
2023-08-25T14:30:00-05:00,0.902,0.936,0.836,0.806
2023-08-25T14:45:00-05:00,0.919,0.945,0.851,0.818
2023-08-25T15:00:00-05:00,0.953,0.947,0.864,0.822
2023-08-25T15:15:00-05:00,0.97,0.957,0.877,0.833
2023-08-25T15:30:00-05:00,0.985,0.972,0.89,0.846
2023-08-25T15:45:00-05:00,0.992,0.987,0.898,0.858
2023-08-25T16:00:00-05:00,0.992,1.014,0.903,0.879
2023-08-25T16:15:00-05:00,0.994,1.029,0.91,0.89
2023-08-25T16:30:00-05:00,0.995,1.036,0.916,0.893
2023-08-25T16:45:00-05:00,1.0,1.044,0.927,0.896
2023-08-25T17:00:00-05:00,1.003,1.038,0.941,0.883
2023-08-25T17:15:00-05:00,1.005,1.047,0.955,0.884
2023-08-25T17:30:00-05:00,1.003,1.054,0.962,0.887
2023-08-25T17:45:00-05:00,0.993,1.057,0.959,0.887
2023-08-25T18:00:00-05:00,0.979,1.071,0.954,0.899
2023-08-25T18:15:00-05:00,0.964,1.07,0.946,0.896
2023-08-25T18:30:00-05:00,0.951,1.063,0.938,0.889
2023-08-25T18:45:00-05:00,0.933,1.045,0.922,0.873
2023-08-25T19:00:00-05:00,0.915,1.023,0.9,0.852
2023-08-25T19:15:00-05:00,0.896,1.004,0.884,0.835
2023-08-25T19:30:00-05:00,0.882,0.987,0.876,0.82
2023-08-25T19:45:00-05:00,0.87,0.971,0.87,0.807
2023-08-25T20:00:00-05:00,0.876,0.972,0.888,0.807
2023-08-25T20:15:00-05:00,0.87,0.962,0.891,0.8
2023-08-25T20:30:00-05:00,0.863,0.95,0.891,0.791
2023-08-25T20:45:00-05:00,0.853,0.934,0.886,0.779
2023-08-25T21:00:00-05:00,0.839,0.919,0.891,0.768
2023-08-25T21:15:00-05:00,0.828,0.904,0.886,0.757
2023-08-25T21:30:00-05:00,0.819,0.88,0.867,0.743
2023-08-25T21:45:00-05:00,0.809,0.853,0.836,0.726
2023-08-25T22:00:00-05:00,0.809,0.825,0.8,0.718
2023-08-25T22:15:00-05:00,0.802,0.803,0.773,0.704
2023-08-25T22:30:00-05:00,0.785,0.782,0.746,0.685
2023-08-25T22:45:00-05:00,0.765,0.764,0.718,0.663
2023-08-25T23:00:00-05:00,0.744,0.759,0.698,0.641
2023-08-25T23:15:00-05:00,0.723,0.742,0.674,0.621
2023-08-25T23:30:00-05:00,0.702,0.722,0.652,0.601
2023-08-25T23:45:00-05:00,0.681,0.701,0.631,0.582
2023-08-26T00:00:00-05:00,0.602,0.673,0.599,0.556
2023-08-26T00:15:00-05:00,0.578,0.655,0.582,0.54
2023-08-26T00:30:00-05:00,0.557,0.641,0.567,0.527
2023-08-26T00:45:00-05:00,0.536,0.628,0.553,0.514
2023-08-26T01:00:00-05:00,0.499,0.622,0.544,0.506
2023-08-26T01:15:00-05:00,0.482,0.609,0.53,0.493
2023-08-26T01:30:00-05:00,0.466,0.596,0.514,0.48
2023-08-26T01:45:00-05:00,0.455,0.588,0.504,0.472
2023-08-26T02:00:00-05:00,0.446,0.564,0.473,0.446
2023-08-26T02:15:00-05:00,0.44,0.553,0.46,0.437
2023-08-26T02:30:00-05:00,0.432,0.541,0.447,0.427
2023-08-26T02:45:00-05:00,0.427,0.534,0.438,0.421
2023-08-26T03:00:00-05:00,0.425,0.521,0.424,0.42
2023-08-26T03:15:00-05:00,0.418,0.512,0.415,0.41
2023-08-26T03:30:00-05:00,0.414,0.505,0.41,0.404
2023-08-26T03:45:00-05:00,0.411,0.5,0.404,0.4
2023-08-26T04:00:00-05:00,0.387,0.485,0.393,0.368
2023-08-26T04:15:00-05:00,0.385,0.478,0.388,0.363
2023-08-26T04:30:00-05:00,0.383,0.473,0.384,0.357
2023-08-26T04:45:00-05:00,0.381,0.464,0.378,0.349
2023-08-26T05:00:00-05:00,0.398,0.445,0.364,0.35
2023-08-26T05:15:00-05:00,0.406,0.44,0.362,0.35
2023-08-26T05:30:00-05:00,0.408,0.431,0.358,0.347
2023-08-26T05:45:00-05:00,0.407,0.422,0.356,0.343
2023-08-26T06:00:00-05:00,0.397,0.413,0.365,0.341
2023-08-26T06:15:00-05:00,0.39,0.401,0.368,0.334
2023-08-26T06:30:00-05:00,0.381,0.394,0.369,0.325
2023-08-26T06:45:00-05:00,0.376,0.4,0.374,0.319
2023-08-26T07:00:00-05:00,0.363,0.425,0.383,0.302
2023-08-26T07:15:00-05:00,0.363,0.435,0.386,0.302
2023-08-26T07:30:00-05:00,0.375,0.447,0.388,0.315
2023-08-26T07:45:00-05:00,0.398,0.46,0.392,0.339
2023-08-26T08:00:00-05:00,0.432,0.466,0.392,0.367
2023-08-26T08:15:00-05:00,0.457,0.483,0.403,0.394
2023-08-26T08:30:00-05:00,0.472,0.496,0.412,0.416
2023-08-26T08:45:00-05:00,0.492,0.517,0.428,0.446
2023-08-26T09:00:00-05:00,0.511,0.54,0.451,0.482
2023-08-26T09:15:00-05:00,0.533,0.566,0.471,0.517
2023-08-26T09:30:00-05:00,0.551,0.59,0.487,0.548
2023-08-26T09:45:00-05:00,0.566,0.611,0.5,0.573
2023-08-26T10:00:00-05:00,0.576,0.642,0.513,0.604
2023-08-26T10:15:00-05:00,0.595,0.668,0.53,0.634
2023-08-26T10:30:00-05:00,0.62,0.692,0.548,0.664
2023-08-26T10:45:00-05:00,0.647,0.715,0.566,0.692
2023-08-26T11:00:00-05:00,0.686,0.734,0.584,0.715
2023-08-26T11:15:00-05:00,0.717,0.76,0.607,0.746
2023-08-26T11:30:00-05:00,0.743,0.787,0.632,0.778
2023-08-26T11:45:00-05:00,0.767,0.816,0.659,0.813
2023-08-26T12:00:00-05:00,0.786,0.851,0.699,0.865
2023-08-26T12:15:00-05:00,0.81,0.881,0.727,0.898
2023-08-26T12:30:00-05:00,0.834,0.907,0.747,0.918
2023-08-26T12:45:00-05:00,0.86,0.931,0.764,0.928
2023-08-26T13:00:00-05:00,0.894,0.952,0.764,0.916
2023-08-26T13:15:00-05:00,0.918,0.974,0.78,0.923
2023-08-26T13:30:00-05:00,0.933,0.991,0.796,0.928
2023-08-26T13:45:00-05:00,0.94,1.004,0.814,0.932
2023-08-26T14:00:00-05:00,0.937,1.019,0.844,0.935
2023-08-26T14:15:00-05:00,0.943,1.029,0.86,0.938
2023-08-26T14:30:00-05:00,0.954,1.036,0.874,0.945
2023-08-26T14:45:00-05:00,0.967,1.039,0.884,0.952
2023-08-26T15:00:00-05:00,0.992,1.042,0.892,0.971
2023-08-26T15:15:00-05:00,1.007,1.047,0.903,0.981
2023-08-26T15:30:00-05:00,1.021,1.054,0.913,0.987
2023-08-26T15:45:00-05:00,1.031,1.055,0.919,0.986
2023-08-26T16:00:00-05:00,1.04,1.065,0.925,0.982
2023-08-26T16:15:00-05:00,1.047,1.064,0.929,0.977
2023-08-26T16:30:00-05:00,1.049,1.059,0.932,0.968
2023-08-26T16:45:00-05:00,1.054,1.057,0.938,0.965
2023-08-26T17:00:00-05:00,1.051,1.036,0.944,0.955
2023-08-26T17:15:00-05:00,1.054,1.028,0.95,0.942
2023-08-26T17:30:00-05:00,1.055,1.025,0.952,0.93
2023-08-26T17:45:00-05:00,1.049,1.021,0.947,0.912
2023-08-26T18:00:00-05:00,1.048,1.032,0.933,0.901
2023-08-26T18:15:00-05:00,1.037,1.025,0.925,0.879
2023-08-26T18:30:00-05:00,1.024,1.018,0.919,0.857
2023-08-26T18:45:00-05:00,1.002,1.002,0.914,0.824
2023-08-26T19:00:00-05:00,0.978,0.987,0.923,0.782
2023-08-26T19:15:00-05:00,0.954,0.971,0.918,0.747
2023-08-26T19:30:00-05:00,0.931,0.957,0.908,0.72
2023-08-26T19:45:00-05:00,0.91,0.942,0.893,0.7
2023-08-26T20:00:00-05:00,0.901,0.948,0.873,0.704
2023-08-26T20:15:00-05:00,0.884,0.939,0.864,0.688
2023-08-26T20:30:00-05:00,0.869,0.925,0.858,0.672
2023-08-26T20:45:00-05:00,0.852,0.905,0.854,0.652
2023-08-26T21:00:00-05:00,0.832,0.877,0.872,0.627
2023-08-26T21:15:00-05:00,0.815,0.858,0.869,0.608
2023-08-26T21:30:00-05:00,0.8,0.832,0.851,0.586
2023-08-26T21:45:00-05:00,0.785,0.808,0.821,0.567
2023-08-26T22:00:00-05:00,0.785,0.788,0.784,0.554
2023-08-26T22:15:00-05:00,0.774,0.769,0.756,0.539
2023-08-26T22:30:00-05:00,0.754,0.748,0.728,0.524
2023-08-26T22:45:00-05:00,0.73,0.728,0.699,0.51
2023-08-26T23:00:00-05:00,0.705,0.717,0.674,0.503
2023-08-26T23:15:00-05:00,0.682,0.698,0.649,0.49
2023-08-26T23:30:00-05:00,0.66,0.679,0.627,0.476
2023-08-26T23:45:00-05:00,0.639,0.658,0.606,0.462
2023-08-27T00:00:00-05:00,0.581,0.664,0.57,0.578
2023-08-27T00:15:00-05:00,0.559,0.645,0.556,0.56
2023-08-27T00:30:00-05:00,0.54,0.629,0.544,0.544
2023-08-27T00:45:00-05:00,0.52,0.614,0.534,0.529
2023-08-27T01:00:00-05:00,0.488,0.598,0.534,0.51
2023-08-27T01:15:00-05:00,0.472,0.585,0.522,0.496
2023-08-27T01:30:00-05:00,0.458,0.576,0.508,0.484
2023-08-27T01:45:00-05:00,0.448,0.568,0.499,0.475
2023-08-27T02:00:00-05:00,0.44,0.565,0.464,0.462
2023-08-27T02:15:00-05:00,0.433,0.557,0.452,0.453
2023-08-27T02:30:00-05:00,0.424,0.546,0.44,0.443
2023-08-27T02:45:00-05:00,0.42,0.543,0.431,0.438
2023-08-27T03:00:00-05:00,0.415,0.524,0.422,0.426
2023-08-27T03:15:00-05:00,0.406,0.517,0.415,0.418
2023-08-27T03:30:00-05:00,0.401,0.512,0.41,0.413
2023-08-27T03:45:00-05:00,0.397,0.508,0.406,0.408
2023-08-27T04:00:00-05:00,0.367,0.504,0.4,0.395
2023-08-27T04:15:00-05:00,0.364,0.499,0.395,0.39
2023-08-27T04:30:00-05:00,0.361,0.497,0.391,0.386
2023-08-27T04:45:00-05:00,0.357,0.491,0.385,0.379
2023-08-27T05:00:00-05:00,0.374,0.473,0.365,0.364
2023-08-27T05:15:00-05:00,0.381,0.468,0.36,0.36
2023-08-27T05:30:00-05:00,0.382,0.46,0.354,0.355
2023-08-27T05:45:00-05:00,0.381,0.449,0.348,0.351
2023-08-27T06:00:00-05:00,0.369,0.438,0.349,0.357
2023-08-27T06:15:00-05:00,0.362,0.422,0.346,0.355
2023-08-27T06:30:00-05:00,0.354,0.408,0.344,0.351
2023-08-27T06:45:00-05:00,0.352,0.405,0.351,0.351
2023-08-27T07:00:00-05:00,0.348,0.417,0.368,0.353
2023-08-27T07:15:00-05:00,0.35,0.419,0.376,0.353
2023-08-27T07:30:00-05:00,0.362,0.426,0.385,0.354
2023-08-27T07:45:00-05:00,0.383,0.439,0.395,0.361
2023-08-27T08:00:00-05:00,0.41,0.448,0.395,0.367
2023-08-27T08:15:00-05:00,0.432,0.467,0.41,0.379
2023-08-27T08:30:00-05:00,0.445,0.487,0.425,0.392
2023-08-27T08:45:00-05:00,0.462,0.516,0.447,0.41
2023-08-27T09:00:00-05:00,0.472,0.563,0.481,0.435
2023-08-27T09:15:00-05:00,0.492,0.597,0.508,0.459
2023-08-27T09:30:00-05:00,0.513,0.621,0.527,0.481
2023-08-27T09:45:00-05:00,0.532,0.638,0.541,0.5
2023-08-27T10:00:00-05:00,0.549,0.655,0.555,0.524
2023-08-27T10:15:00-05:00,0.573,0.675,0.572,0.546
2023-08-27T10:30:00-05:00,0.609,0.69,0.589,0.568
2023-08-27T10:45:00-05:00,0.648,0.704,0.605,0.59
2023-08-27T11:00:00-05:00,0.698,0.706,0.62,0.61
2023-08-27T11:15:00-05:00,0.742,0.724,0.641,0.634
2023-08-27T11:30:00-05:00,0.783,0.748,0.662,0.657
2023-08-27T11:45:00-05:00,0.825,0.777,0.686,0.68
2023-08-27T12:00:00-05:00,0.867,0.83,0.712,0.708
2023-08-27T12:15:00-05:00,0.907,0.86,0.737,0.731
2023-08-27T12:30:00-05:00,0.944,0.878,0.762,0.75
2023-08-27T12:45:00-05:00,0.98,0.889,0.789,0.766
2023-08-27T13:00:00-05:00,1.023,0.88,0.817,0.779
2023-08-27T13:15:00-05:00,1.054,0.888,0.843,0.794
2023-08-27T13:30:00-05:00,1.071,0.894,0.865,0.804
2023-08-27T13:45:00-05:00,1.075,0.9,0.885,0.812
2023-08-27T14:00:00-05:00,1.061,0.911,0.912,0.822
2023-08-27T14:15:00-05:00,1.063,0.915,0.928,0.828
2023-08-27T14:30:00-05:00,1.071,0.919,0.94,0.832
2023-08-27T14:45:00-05:00,1.081,0.921,0.947,0.832
2023-08-27T15:00:00-05:00,1.102,0.931,0.952,0.829
2023-08-27T15:15:00-05:00,1.115,0.936,0.96,0.833
2023-08-27T15:30:00-05:00,1.129,0.938,0.965,0.839
2023-08-27T15:45:00-05:00,1.138,0.931,0.962,0.844
2023-08-27T16:00:00-05:00,1.146,0.926,0.956,0.862
2023-08-27T16:15:00-05:00,1.154,0.916,0.95,0.867
2023-08-27T16:30:00-05:00,1.159,0.904,0.946,0.866
2023-08-27T16:45:00-05:00,1.17,0.899,0.949,0.867
2023-08-27T17:00:00-05:00,1.189,0.886,0.945,0.855
2023-08-27T17:15:00-05:00,1.2,0.87,0.947,0.852
2023-08-27T17:30:00-05:00,1.2,0.854,0.947,0.848
2023-08-27T17:45:00-05:00,1.185,0.834,0.944,0.842
2023-08-27T18:00:00-05:00,1.157,0.809,0.942,0.84
2023-08-27T18:15:00-05:00,1.136,0.787,0.937,0.831
2023-08-27T18:30:00-05:00,1.117,0.773,0.935,0.823
2023-08-27T18:45:00-05:00,1.093,0.76,0.931,0.808
2023-08-27T19:00:00-05:00,1.073,0.762,0.934,0.796
2023-08-27T19:15:00-05:00,1.048,0.75,0.932,0.782
2023-08-27T19:30:00-05:00,1.026,0.736,0.932,0.77
2023-08-27T19:45:00-05:00,1.007,0.72,0.928,0.758
2023-08-27T20:00:00-05:00,1.011,0.708,0.941,0.759
2023-08-27T20:15:00-05:00,0.996,0.696,0.945,0.752
2023-08-27T20:30:00-05:00,0.975,0.686,0.944,0.745
2023-08-27T20:45:00-05:00,0.947,0.675,0.936,0.734
2023-08-27T21:00:00-05:00,0.902,0.675,0.94,0.727
2023-08-27T21:15:00-05:00,0.875,0.665,0.932,0.717
2023-08-27T21:30:00-05:00,0.845,0.641,0.902,0.701
2023-08-27T21:45:00-05:00,0.823,0.612,0.86,0.681
2023-08-27T22:00:00-05:00,0.813,0.578,0.812,0.668
2023-08-27T22:15:00-05:00,0.795,0.551,0.771,0.65
2023-08-27T22:30:00-05:00,0.774,0.528,0.733,0.627
2023-08-27T22:45:00-05:00,0.753,0.505,0.691,0.6
2023-08-27T23:00:00-05:00,0.738,0.49,0.653,0.571
2023-08-27T23:15:00-05:00,0.718,0.471,0.62,0.548
2023-08-27T23:30:00-05:00,0.697,0.455,0.594,0.528
2023-08-27T23:45:00-05:00,0.676,0.439,0.571,0.509
2023-08-28T00:00:00-05:00,0.568,0.546,0.575,0.507
2023-08-28T00:15:00-05:00,0.549,0.53,0.556,0.491
2023-08-28T00:30:00-05:00,0.532,0.517,0.541,0.477
2023-08-28T00:45:00-05:00,0.514,0.504,0.526,0.464
2023-08-28T01:00:00-05:00,0.49,0.492,0.507,0.448
2023-08-28T01:15:00-05:00,0.476,0.481,0.494,0.436
2023-08-28T01:30:00-05:00,0.464,0.471,0.483,0.426
2023-08-28T01:45:00-05:00,0.454,0.464,0.474,0.418
2023-08-28T02:00:00-05:00,0.446,0.452,0.464,0.407
2023-08-28T02:15:00-05:00,0.438,0.445,0.455,0.4
2023-08-28T02:30:00-05:00,0.43,0.436,0.445,0.391
2023-08-28T02:45:00-05:00,0.426,0.432,0.44,0.387
2023-08-28T03:00:00-05:00,0.42,0.422,0.424,0.378
2023-08-28T03:15:00-05:00,0.413,0.417,0.418,0.371
2023-08-28T03:30:00-05:00,0.409,0.413,0.413,0.366
2023-08-28T03:45:00-05:00,0.405,0.41,0.409,0.362
2023-08-28T04:00:00-05:00,0.384,0.401,0.407,0.344
2023-08-28T04:15:00-05:00,0.383,0.399,0.404,0.341
2023-08-28T04:30:00-05:00,0.382,0.4,0.403,0.339
2023-08-28T04:45:00-05:00,0.383,0.4,0.401,0.335
2023-08-28T05:00:00-05:00,0.404,0.409,0.392,0.337
2023-08-28T05:15:00-05:00,0.415,0.416,0.394,0.342
2023-08-28T05:30:00-05:00,0.419,0.418,0.396,0.345
2023-08-28T05:45:00-05:00,0.421,0.42,0.4,0.351
2023-08-28T06:00:00-05:00,0.417,0.417,0.426,0.374
2023-08-28T06:15:00-05:00,0.414,0.418,0.441,0.389
2023-08-28T06:30:00-05:00,0.404,0.418,0.445,0.396
2023-08-28T06:45:00-05:00,0.396,0.424,0.447,0.401
2023-08-28T07:00:00-05:00,0.385,0.455,0.452,0.402
2023-08-28T07:15:00-05:00,0.376,0.455,0.441,0.396
2023-08-28T07:30:00-05:00,0.37,0.443,0.418,0.383
2023-08-28T07:45:00-05:00,0.375,0.427,0.396,0.372
2023-08-28T08:00:00-05:00,0.392,0.401,0.379,0.363
2023-08-28T08:15:00-05:00,0.404,0.398,0.372,0.363
2023-08-28T08:30:00-05:00,0.412,0.403,0.371,0.364
2023-08-28T08:45:00-05:00,0.425,0.415,0.375,0.371
2023-08-28T09:00:00-05:00,0.435,0.447,0.387,0.376
2023-08-28T09:15:00-05:00,0.452,0.465,0.396,0.388
2023-08-28T09:30:00-05:00,0.47,0.473,0.406,0.405
2023-08-28T09:45:00-05:00,0.488,0.477,0.415,0.423
2023-08-28T10:00:00-05:00,0.516,0.477,0.43,0.455
2023-08-28T10:15:00-05:00,0.537,0.484,0.442,0.477
2023-08-28T10:30:00-05:00,0.559,0.49,0.454,0.499
2023-08-28T10:45:00-05:00,0.578,0.497,0.466,0.519
2023-08-28T11:00:00-05:00,0.598,0.504,0.474,0.537
2023-08-28T11:15:00-05:00,0.62,0.515,0.489,0.559
2023-08-28T11:30:00-05:00,0.64,0.529,0.507,0.578
2023-08-28T11:45:00-05:00,0.66,0.545,0.527,0.597
2023-08-28T12:00:00-05:00,0.682,0.568,0.554,0.62
2023-08-28T12:15:00-05:00,0.702,0.586,0.575,0.64
2023-08-28T12:30:00-05:00,0.718,0.6,0.595,0.653
2023-08-28T12:45:00-05:00,0.733,0.614,0.615,0.665
2023-08-28T13:00:00-05:00,0.751,0.625,0.631,0.669
2023-08-28T13:15:00-05:00,0.763,0.638,0.651,0.679
2023-08-28T13:30:00-05:00,0.769,0.648,0.668,0.687
2023-08-28T13:45:00-05:00,0.769,0.657,0.686,0.694
2023-08-28T14:00:00-05:00,0.751,0.661,0.712,0.704
2023-08-28T14:15:00-05:00,0.75,0.669,0.727,0.709
2023-08-28T14:30:00-05:00,0.76,0.68,0.74,0.714
2023-08-28T14:45:00-05:00,0.776,0.693,0.748,0.717
2023-08-28T15:00:00-05:00,0.815,0.709,0.755,0.721
2023-08-28T15:15:00-05:00,0.832,0.722,0.763,0.726
2023-08-28T15:30:00-05:00,0.846,0.739,0.769,0.733
2023-08-28T15:45:00-05:00,0.854,0.756,0.771,0.738
2023-08-28T16:00:00-05:00,0.848,0.774,0.769,0.749
2023-08-28T16:15:00-05:00,0.852,0.791,0.768,0.754
2023-08-28T16:30:00-05:00,0.857,0.805,0.768,0.756
2023-08-28T16:45:00-05:00,0.868,0.819,0.773,0.761
2023-08-28T17:00:00-05:00,0.887,0.838,0.771,0.757
2023-08-28T17:15:00-05:00,0.902,0.859,0.778,0.763
2023-08-28T17:30:00-05:00,0.91,0.871,0.785,0.768
2023-08-28T17:45:00-05:00,0.908,0.872,0.789,0.77
2023-08-28T18:00:00-05:00,0.896,0.867,0.799,0.782
2023-08-28T18:15:00-05:00,0.89,0.863,0.802,0.781
2023-08-28T18:30:00-05:00,0.887,0.857,0.804,0.776
2023-08-28T18:45:00-05:00,0.882,0.844,0.802,0.762
2023-08-28T19:00:00-05:00,0.883,0.827,0.806,0.744
2023-08-28T19:15:00-05:00,0.88,0.814,0.804,0.729
2023-08-28T19:30:00-05:00,0.879,0.804,0.801,0.717
2023-08-28T19:45:00-05:00,0.876,0.796,0.795,0.706
2023-08-28T20:00:00-05:00,0.896,0.805,0.795,0.704
2023-08-28T20:15:00-05:00,0.898,0.803,0.793,0.699
2023-08-28T20:30:00-05:00,0.891,0.798,0.79,0.696
2023-08-28T20:45:00-05:00,0.875,0.788,0.783,0.693
2023-08-28T21:00:00-05:00,0.845,0.786,0.789,0.705
2023-08-28T21:15:00-05:00,0.828,0.776,0.782,0.702
2023-08-28T21:30:00-05:00,0.806,0.751,0.757,0.691
2023-08-28T21:45:00-05:00,0.784,0.719,0.721,0.67
2023-08-28T22:00:00-05:00,0.771,0.682,0.679,0.65
2023-08-28T22:15:00-05:00,0.753,0.652,0.646,0.63
2023-08-28T22:30:00-05:00,0.731,0.623,0.615,0.606
2023-08-28T22:45:00-05:00,0.707,0.594,0.584,0.579
2023-08-28T23:00:00-05:00,0.687,0.569,0.558,0.551
2023-08-28T23:15:00-05:00,0.666,0.545,0.533,0.528
2023-08-28T23:30:00-05:00,0.645,0.525,0.513,0.508
2023-08-28T23:45:00-05:00,0.624,0.506,0.494,0.49
2023-08-29T00:00:00-05:00,0.579,0.495,0.534,0.443
2023-08-29T00:15:00-05:00,0.559,0.479,0.517,0.428
2023-08-29T00:30:00-05:00,0.541,0.466,0.503,0.415
2023-08-29T00:45:00-05:00,0.524,0.452,0.489,0.402
2023-08-29T01:00:00-05:00,0.498,0.437,0.475,0.384
2023-08-29T01:15:00-05:00,0.484,0.425,0.462,0.373
2023-08-29T01:30:00-05:00,0.471,0.415,0.449,0.361
2023-08-29T01:45:00-05:00,0.461,0.407,0.44,0.354
2023-08-29T02:00:00-05:00,0.45,0.393,0.42,0.34
2023-08-29T02:15:00-05:00,0.443,0.386,0.411,0.333
2023-08-29T02:30:00-05:00,0.434,0.379,0.401,0.325
2023-08-29T02:45:00-05:00,0.43,0.374,0.395,0.319
2023-08-29T03:00:00-05:00,0.426,0.37,0.387,0.309
2023-08-29T03:15:00-05:00,0.419,0.365,0.381,0.304
2023-08-29T03:30:00-05:00,0.414,0.363,0.377,0.301
2023-08-29T03:45:00-05:00,0.411,0.361,0.373,0.298
2023-08-29T04:00:00-05:00,0.386,0.351,0.362,0.294
2023-08-29T04:15:00-05:00,0.384,0.35,0.36,0.292
2023-08-29T04:30:00-05:00,0.383,0.35,0.358,0.292
2023-08-29T04:45:00-05:00,0.381,0.35,0.355,0.292
2023-08-29T05:00:00-05:00,0.4,0.357,0.35,0.291
2023-08-29T05:15:00-05:00,0.41,0.364,0.354,0.295
2023-08-29T05:30:00-05:00,0.414,0.367,0.358,0.299
2023-08-29T05:45:00-05:00,0.417,0.37,0.365,0.306
2023-08-29T06:00:00-05:00,0.417,0.373,0.399,0.329
2023-08-29T06:15:00-05:00,0.418,0.378,0.42,0.346
2023-08-29T06:30:00-05:00,0.412,0.382,0.428,0.353
2023-08-29T06:45:00-05:00,0.409,0.393,0.431,0.358
2023-08-29T07:00:00-05:00,0.406,0.421,0.424,0.361
2023-08-29T07:15:00-05:00,0.4,0.423,0.413,0.354
2023-08-29T07:30:00-05:00,0.394,0.415,0.393,0.338
2023-08-29T07:45:00-05:00,0.395,0.401,0.377,0.322
2023-08-29T08:00:00-05:00,0.402,0.381,0.367,0.31
2023-08-29T08:15:00-05:00,0.412,0.378,0.364,0.305
2023-08-29T08:30:00-05:00,0.421,0.379,0.364,0.302
2023-08-29T08:45:00-05:00,0.436,0.386,0.369,0.303
2023-08-29T09:00:00-05:00,0.459,0.403,0.38,0.3
2023-08-29T09:15:00-05:00,0.478,0.414,0.39,0.305
2023-08-29T09:30:00-05:00,0.493,0.422,0.398,0.317
2023-08-29T09:45:00-05:00,0.506,0.427,0.405,0.332
2023-08-29T10:00:00-05:00,0.517,0.431,0.416,0.362
2023-08-29T10:15:00-05:00,0.533,0.44,0.427,0.38
2023-08-29T10:30:00-05:00,0.551,0.449,0.437,0.397
2023-08-29T10:45:00-05:00,0.57,0.459,0.447,0.412
2023-08-29T11:00:00-05:00,0.594,0.469,0.455,0.42
2023-08-29T11:15:00-05:00,0.616,0.483,0.468,0.437
2023-08-29T11:30:00-05:00,0.635,0.5,0.483,0.456
2023-08-29T11:45:00-05:00,0.653,0.518,0.5,0.478
2023-08-29T12:00:00-05:00,0.674,0.544,0.522,0.508
2023-08-29T12:15:00-05:00,0.692,0.564,0.541,0.53
2023-08-29T12:30:00-05:00,0.705,0.581,0.556,0.55
2023-08-29T12:45:00-05:00,0.715,0.598,0.572,0.567
2023-08-29T13:00:00-05:00,0.717,0.609,0.583,0.58
2023-08-29T13:15:00-05:00,0.727,0.625,0.598,0.596
2023-08-29T13:30:00-05:00,0.735,0.64,0.612,0.609
2023-08-29T13:45:00-05:00,0.744,0.654,0.627,0.621
2023-08-29T14:00:00-05:00,0.751,0.672,0.644,0.631
2023-08-29T14:15:00-05:00,0.759,0.684,0.657,0.642
2023-08-29T14:30:00-05:00,0.771,0.697,0.671,0.656
2023-08-29T14:45:00-05:00,0.785,0.709,0.684,0.672
2023-08-29T15:00:00-05:00,0.808,0.719,0.697,0.687
2023-08-29T15:15:00-05:00,0.822,0.73,0.71,0.702
2023-08-29T15:30:00-05:00,0.834,0.745,0.725,0.722
2023-08-29T15:45:00-05:00,0.841,0.76,0.739,0.743
2023-08-29T16:00:00-05:00,0.841,0.776,0.757,0.773
2023-08-29T16:15:00-05:00,0.846,0.791,0.771,0.794
2023-08-29T16:30:00-05:00,0.851,0.802,0.78,0.807
2023-08-29T16:45:00-05:00,0.861,0.815,0.789,0.817
2023-08-29T17:00:00-05:00,0.871,0.827,0.792,0.82
2023-08-29T17:15:00-05:00,0.886,0.847,0.806,0.834
2023-08-29T17:30:00-05:00,0.897,0.861,0.816,0.843
2023-08-29T17:45:00-05:00,0.902,0.867,0.822,0.844
2023-08-29T18:00:00-05:00,0.91,0.875,0.828,0.847
2023-08-29T18:15:00-05:00,0.91,0.876,0.831,0.844
2023-08-29T18:30:00-05:00,0.909,0.872,0.834,0.84
2023-08-29T18:45:00-05:00,0.901,0.859,0.833,0.828
2023-08-29T19:00:00-05:00,0.89,0.838,0.834,0.818
2023-08-29T19:15:00-05:00,0.882,0.824,0.834,0.805
2023-08-29T19:30:00-05:00,0.879,0.813,0.836,0.793
2023-08-29T19:45:00-05:00,0.875,0.803,0.834,0.779
2023-08-29T20:00:00-05:00,0.892,0.81,0.844,0.774
2023-08-29T20:15:00-05:00,0.894,0.806,0.849,0.765
2023-08-29T20:30:00-05:00,0.891,0.8,0.851,0.755
2023-08-29T20:45:00-05:00,0.881,0.79,0.849,0.743
2023-08-29T21:00:00-05:00,0.865,0.786,0.86,0.736
2023-08-29T21:15:00-05:00,0.853,0.776,0.857,0.724
2023-08-29T21:30:00-05:00,0.839,0.755,0.839,0.704
2023-08-29T21:45:00-05:00,0.82,0.727,0.808,0.679
2023-08-29T22:00:00-05:00,0.811,0.7,0.773,0.661
2023-08-29T22:15:00-05:00,0.795,0.674,0.744,0.637
2023-08-29T22:30:00-05:00,0.772,0.648,0.713,0.609
2023-08-29T22:45:00-05:00,0.745,0.619,0.679,0.576
2023-08-29T23:00:00-05:00,0.716,0.594,0.646,0.539
2023-08-29T23:15:00-05:00,0.691,0.57,0.618,0.512
2023-08-29T23:30:00-05:00,0.668,0.549,0.594,0.49
2023-08-29T23:45:00-05:00,0.646,0.53,0.573,0.471
2023-08-30T00:00:00-05:00,0.529,0.508,0.506,0.455
2023-08-30T00:15:00-05:00,0.508,0.491,0.489,0.439
2023-08-30T00:30:00-05:00,0.491,0.477,0.476,0.426
2023-08-30T00:45:00-05:00,0.472,0.464,0.462,0.413
2023-08-30T01:00:00-05:00,0.443,0.447,0.447,0.396
2023-08-30T01:15:00-05:00,0.428,0.435,0.434,0.384
2023-08-30T01:30:00-05:00,0.414,0.424,0.42,0.373
2023-08-30T01:45:00-05:00,0.405,0.416,0.411,0.365
2023-08-30T02:00:00-05:00,0.396,0.403,0.386,0.352
2023-08-30T02:15:00-05:00,0.389,0.396,0.378,0.345
2023-08-30T02:30:00-05:00,0.382,0.388,0.369,0.337
2023-08-30T02:45:00-05:00,0.378,0.384,0.362,0.333
2023-08-30T03:00:00-05:00,0.376,0.379,0.36,0.327
2023-08-30T03:15:00-05:00,0.37,0.375,0.355,0.321
2023-08-30T03:30:00-05:00,0.366,0.372,0.351,0.318
2023-08-30T03:45:00-05:00,0.363,0.369,0.348,0.315
2023-08-30T04:00:00-05:00,0.338,0.359,0.336,0.304
2023-08-30T04:15:00-05:00,0.336,0.357,0.333,0.302
2023-08-30T04:30:00-05:00,0.334,0.357,0.331,0.301
2023-08-30T04:45:00-05:00,0.332,0.357,0.328,0.298
2023-08-30T05:00:00-05:00,0.347,0.365,0.319,0.296
2023-08-30T05:15:00-05:00,0.355,0.373,0.323,0.3
2023-08-30T05:30:00-05:00,0.357,0.376,0.328,0.304
2023-08-30T05:45:00-05:00,0.359,0.38,0.338,0.31
2023-08-30T06:00:00-05:00,0.357,0.384,0.384,0.335
2023-08-30T06:15:00-05:00,0.358,0.39,0.414,0.353
2023-08-30T06:30:00-05:00,0.354,0.394,0.427,0.361
2023-08-30T06:45:00-05:00,0.353,0.402,0.431,0.368
2023-08-30T07:00:00-05:00,0.353,0.425,0.414,0.372
2023-08-30T07:15:00-05:00,0.351,0.426,0.402,0.368
2023-08-30T07:30:00-05:00,0.35,0.417,0.381,0.354
2023-08-30T07:45:00-05:00,0.353,0.406,0.364,0.34
2023-08-30T08:00:00-05:00,0.362,0.389,0.354,0.329
2023-08-30T08:15:00-05:00,0.372,0.388,0.351,0.325
2023-08-30T08:30:00-05:00,0.379,0.39,0.352,0.322
2023-08-30T08:45:00-05:00,0.391,0.399,0.358,0.324
2023-08-30T09:00:00-05:00,0.404,0.417,0.374,0.321
2023-08-30T09:15:00-05:00,0.419,0.43,0.385,0.327
2023-08-30T09:30:00-05:00,0.432,0.439,0.394,0.336
2023-08-30T09:45:00-05:00,0.443,0.446,0.401,0.349
2023-08-30T10:00:00-05:00,0.457,0.453,0.411,0.37
2023-08-30T10:15:00-05:00,0.471,0.463,0.421,0.386
2023-08-30T10:30:00-05:00,0.486,0.476,0.431,0.404
2023-08-30T10:45:00-05:00,0.501,0.489,0.441,0.422
2023-08-30T11:00:00-05:00,0.516,0.505,0.45,0.44
2023-08-30T11:15:00-05:00,0.534,0.522,0.463,0.46
2023-08-30T11:30:00-05:00,0.552,0.539,0.478,0.48
2023-08-30T11:45:00-05:00,0.571,0.558,0.494,0.502
2023-08-30T12:00:00-05:00,0.596,0.581,0.516,0.53
2023-08-30T12:15:00-05:00,0.615,0.601,0.533,0.551
2023-08-30T12:30:00-05:00,0.631,0.617,0.55,0.566
2023-08-30T12:45:00-05:00,0.645,0.632,0.566,0.577
2023-08-30T13:00:00-05:00,0.653,0.641,0.579,0.574
2023-08-30T13:15:00-05:00,0.666,0.656,0.595,0.585
2023-08-30T13:30:00-05:00,0.677,0.668,0.609,0.595
2023-08-30T13:45:00-05:00,0.687,0.681,0.624,0.608
2023-08-30T14:00:00-05:00,0.695,0.698,0.639,0.625
2023-08-30T14:15:00-05:00,0.704,0.709,0.652,0.637
2023-08-30T14:30:00-05:00,0.716,0.718,0.666,0.652
2023-08-30T14:45:00-05:00,0.73,0.725,0.68,0.667
2023-08-30T15:00:00-05:00,0.751,0.727,0.693,0.682
2023-08-30T15:15:00-05:00,0.765,0.734,0.706,0.696
2023-08-30T15:30:00-05:00,0.778,0.746,0.722,0.713
2023-08-30T15:45:00-05:00,0.787,0.759,0.737,0.73
2023-08-30T16:00:00-05:00,0.788,0.779,0.757,0.751
2023-08-30T16:15:00-05:00,0.795,0.792,0.771,0.768
2023-08-30T16:30:00-05:00,0.802,0.801,0.78,0.777
2023-08-30T16:45:00-05:00,0.814,0.811,0.79,0.787
2023-08-30T17:00:00-05:00,0.834,0.813,0.791,0.789
2023-08-30T17:15:00-05:00,0.851,0.828,0.804,0.801
2023-08-30T17:30:00-05:00,0.861,0.84,0.815,0.81
2023-08-30T17:45:00-05:00,0.86,0.847,0.821,0.812
2023-08-30T18:00:00-05:00,0.849,0.863,0.83,0.817
2023-08-30T18:15:00-05:00,0.844,0.866,0.833,0.815
2023-08-30T18:30:00-05:00,0.841,0.864,0.834,0.812
2023-08-30T18:45:00-05:00,0.835,0.851,0.831,0.801
2023-08-30T19:00:00-05:00,0.833,0.832,0.825,0.789
2023-08-30T19:15:00-05:00,0.829,0.819,0.823,0.778
2023-08-30T19:30:00-05:00,0.828,0.809,0.825,0.769
2023-08-30T19:45:00-05:00,0.825,0.8,0.825,0.76
2023-08-30T20:00:00-05:00,0.84,0.807,0.843,0.764
2023-08-30T20:15:00-05:00,0.844,0.804,0.851,0.761
2023-08-30T20:30:00-05:00,0.843,0.798,0.855,0.755
2023-08-30T20:45:00-05:00,0.836,0.788,0.851,0.745
2023-08-30T21:00:00-05:00,0.826,0.782,0.858,0.738
2023-08-30T21:15:00-05:00,0.817,0.771,0.854,0.729
2023-08-30T21:30:00-05:00,0.804,0.75,0.836,0.713
2023-08-30T21:45:00-05:00,0.785,0.722,0.805,0.692
2023-08-30T22:00:00-05:00,0.775,0.695,0.774,0.683
2023-08-30T22:15:00-05:00,0.758,0.67,0.744,0.663
2023-08-30T22:30:00-05:00,0.735,0.645,0.713,0.636
2023-08-30T22:45:00-05:00,0.706,0.617,0.676,0.601
2023-08-30T23:00:00-05:00,0.675,0.594,0.639,0.559
2023-08-30T23:15:00-05:00,0.65,0.571,0.609,0.53
2023-08-30T23:30:00-05:00,0.627,0.551,0.585,0.508
2023-08-30T23:45:00-05:00,0.606,0.532,0.563,0.488
2023-08-31T00:00:00-05:00,0.507,0.499,0.508,0.45
2023-08-31T00:15:00-05:00,0.488,0.483,0.492,0.434
2023-08-31T00:30:00-05:00,0.472,0.47,0.479,0.421
2023-08-31T00:45:00-05:00,0.456,0.456,0.465,0.408
2023-08-31T01:00:00-05:00,0.432,0.441,0.452,0.391
2023-08-31T01:15:00-05:00,0.418,0.43,0.439,0.379
2023-08-31T01:30:00-05:00,0.405,0.419,0.426,0.368
2023-08-31T01:45:00-05:00,0.396,0.411,0.417,0.36
2023-08-31T02:00:00-05:00,0.383,0.396,0.395,0.346
2023-08-31T02:15:00-05:00,0.377,0.389,0.387,0.339
2023-08-31T02:30:00-05:00,0.369,0.382,0.378,0.331
2023-08-31T02:45:00-05:00,0.365,0.377,0.371,0.326
2023-08-31T03:00:00-05:00,0.362,0.372,0.366,0.319
2023-08-31T03:15:00-05:00,0.356,0.368,0.36,0.314
2023-08-31T03:30:00-05:00,0.352,0.365,0.356,0.31
2023-08-31T03:45:00-05:00,0.35,0.363,0.353,0.307
2023-08-31T04:00:00-05:00,0.33,0.352,0.343,0.299
2023-08-31T04:15:00-05:00,0.328,0.351,0.34,0.297
2023-08-31T04:30:00-05:00,0.327,0.351,0.339,0.296
2023-08-31T04:45:00-05:00,0.326,0.351,0.336,0.294
2023-08-31T05:00:00-05:00,0.34,0.36,0.328,0.293
2023-08-31T05:15:00-05:00,0.348,0.367,0.331,0.298
2023-08-31T05:30:00-05:00,0.352,0.37,0.336,0.301
2023-08-31T05:45:00-05:00,0.355,0.373,0.345,0.308
2023-08-31T06:00:00-05:00,0.359,0.372,0.386,0.332
2023-08-31T06:15:00-05:00,0.363,0.375,0.414,0.349
2023-08-31T06:30:00-05:00,0.36,0.376,0.426,0.357
2023-08-31T06:45:00-05:00,0.359,0.384,0.431,0.364
2023-08-31T07:00:00-05:00,0.355,0.408,0.42,0.367
2023-08-31T07:15:00-05:00,0.35,0.41,0.409,0.361
2023-08-31T07:30:00-05:00,0.344,0.404,0.39,0.346
2023-08-31T07:45:00-05:00,0.343,0.394,0.372,0.33
2023-08-31T08:00:00-05:00,0.344,0.378,0.36,0.317
2023-08-31T08:15:00-05:00,0.352,0.379,0.356,0.312
2023-08-31T08:30:00-05:00,0.362,0.383,0.358,0.309
2023-08-31T08:45:00-05:00,0.378,0.393,0.365,0.31
2023-08-31T09:00:00-05:00,0.405,0.414,0.382,0.307
2023-08-31T09:15:00-05:00,0.426,0.429,0.394,0.313
2023-08-31T09:30:00-05:00,0.441,0.439,0.404,0.325
2023-08-31T09:45:00-05:00,0.452,0.446,0.412,0.341
2023-08-31T10:00:00-05:00,0.461,0.453,0.423,0.37
2023-08-31T10:15:00-05:00,0.475,0.464,0.434,0.39
2023-08-31T10:30:00-05:00,0.491,0.476,0.445,0.409
2023-08-31T10:45:00-05:00,0.508,0.488,0.456,0.428
2023-08-31T11:00:00-05:00,0.529,0.5,0.466,0.442
2023-08-31T11:15:00-05:00,0.549,0.516,0.48,0.463
2023-08-31T11:30:00-05:00,0.568,0.534,0.493,0.485
2023-08-31T11:45:00-05:00,0.586,0.554,0.507,0.51
2023-08-31T12:00:00-05:00,0.609,0.581,0.52,0.543
2023-08-31T12:15:00-05:00,0.628,0.602,0.536,0.567
2023-08-31T12:30:00-05:00,0.642,0.618,0.553,0.586
2023-08-31T12:45:00-05:00,0.654,0.633,0.572,0.603
2023-08-31T13:00:00-05:00,0.659,0.64,0.594,0.61
2023-08-31T13:15:00-05:00,0.671,0.655,0.613,0.625
2023-08-31T13:30:00-05:00,0.681,0.668,0.629,0.64
2023-08-31T13:45:00-05:00,0.692,0.683,0.645,0.656
2023-08-31T14:00:00-05:00,0.704,0.702,0.66,0.675
2023-08-31T14:15:00-05:00,0.713,0.715,0.673,0.689
2023-08-31T14:30:00-05:00,0.726,0.727,0.688,0.705
2023-08-31T14:45:00-05:00,0.739,0.738,0.702,0.721
2023-08-31T15:00:00-05:00,0.759,0.745,0.717,0.735
2023-08-31T15:15:00-05:00,0.772,0.756,0.73,0.75
2023-08-31T15:30:00-05:00,0.784,0.77,0.746,0.77
2023-08-31T15:45:00-05:00,0.792,0.783,0.761,0.79
2023-08-31T16:00:00-05:00,0.795,0.8,0.779,0.818
2023-08-31T16:15:00-05:00,0.801,0.814,0.793,0.838
2023-08-31T16:30:00-05:00,0.806,0.825,0.801,0.849
2023-08-31T16:45:00-05:00,0.814,0.837,0.81,0.859
2023-08-31T17:00:00-05:00,0.822,0.846,0.812,0.861
2023-08-31T17:15:00-05:00,0.833,0.864,0.824,0.874
2023-08-31T17:30:00-05:00,0.839,0.878,0.833,0.883
2023-08-31T17:45:00-05:00,0.838,0.886,0.837,0.885
2023-08-31T18:00:00-05:00,0.835,0.899,0.839,0.89
2023-08-31T18:15:00-05:00,0.83,0.901,0.839,0.887
2023-08-31T18:30:00-05:00,0.825,0.898,0.84,0.882
2023-08-31T18:45:00-05:00,0.816,0.885,0.837,0.868
2023-08-31T19:00:00-05:00,0.805,0.865,0.839,0.852
2023-08-31T19:15:00-05:00,0.796,0.851,0.838,0.838
2023-08-31T19:30:00-05:00,0.792,0.84,0.839,0.826
2023-08-31T19:45:00-05:00,0.789,0.828,0.837,0.815
2023-08-31T20:00:00-05:00,0.803,0.833,0.848,0.818
2023-08-31T20:15:00-05:00,0.807,0.828,0.852,0.812
2023-08-31T20:30:00-05:00,0.807,0.819,0.853,0.804
2023-08-31T20:45:00-05:00,0.801,0.806,0.847,0.793
2023-08-31T21:00:00-05:00,0.797,0.797,0.854,0.785
2023-08-31T21:15:00-05:00,0.791,0.783,0.848,0.773
2023-08-31T21:30:00-05:00,0.779,0.759,0.826,0.754
2023-08-31T21:45:00-05:00,0.761,0.73,0.791,0.729
2023-08-31T22:00:00-05:00,0.751,0.703,0.754,0.715
2023-08-31T22:15:00-05:00,0.733,0.676,0.721,0.691
2023-08-31T22:30:00-05:00,0.709,0.649,0.688,0.662
2023-08-31T22:45:00-05:00,0.679,0.62,0.652,0.626
2023-08-31T23:00:00-05:00,0.643,0.595,0.617,0.584
2023-08-31T23:15:00-05:00,0.617,0.571,0.588,0.554
2023-08-31T23:30:00-05:00,0.594,0.55,0.564,0.53
2023-08-31T23:45:00-05:00,0.573,0.53,0.543,0.51
2023-09-01T00:00:00-05:00,0.496,0.511,0.542,0.529
2023-09-01T00:15:00-05:00,0.478,0.496,0.523,0.511
2023-09-01T00:30:00-05:00,0.462,0.483,0.506,0.494
2023-09-01T00:45:00-05:00,0.446,0.471,0.49,0.478
2023-09-01T01:00:00-05:00,0.423,0.459,0.469,0.455
2023-09-01T01:15:00-05:00,0.409,0.448,0.454,0.441
2023-09-01T01:30:00-05:00,0.396,0.439,0.438,0.428
2023-09-01T01:45:00-05:00,0.387,0.432,0.427,0.418
2023-09-01T02:00:00-05:00,0.375,0.421,0.402,0.404
2023-09-01T02:15:00-05:00,0.368,0.413,0.393,0.397
2023-09-01T02:30:00-05:00,0.36,0.404,0.383,0.388
2023-09-01T02:45:00-05:00,0.356,0.4,0.375,0.384
2023-09-01T03:00:00-05:00,0.35,0.388,0.371,0.38
2023-09-01T03:15:00-05:00,0.344,0.382,0.366,0.373
2023-09-01T03:30:00-05:00,0.34,0.378,0.362,0.369
2023-09-01T03:45:00-05:00,0.337,0.375,0.36,0.365
2023-09-01T04:00:00-05:00,0.32,0.366,0.352,0.346
2023-09-01T04:15:00-05:00,0.318,0.365,0.349,0.342
2023-09-01T04:30:00-05:00,0.318,0.365,0.348,0.339
2023-09-01T04:45:00-05:00,0.317,0.365,0.345,0.334
2023-09-01T05:00:00-05:00,0.331,0.373,0.335,0.33
2023-09-01T05:15:00-05:00,0.34,0.381,0.337,0.333
2023-09-01T05:30:00-05:00,0.345,0.384,0.34,0.336
2023-09-01T05:45:00-05:00,0.35,0.387,0.349,0.342
2023-09-01T06:00:00-05:00,0.358,0.387,0.388,0.372
2023-09-01T06:15:00-05:00,0.365,0.392,0.412,0.392
2023-09-01T06:30:00-05:00,0.365,0.395,0.422,0.399
2023-09-01T06:45:00-05:00,0.365,0.405,0.426,0.403
2023-09-01T07:00:00-05:00,0.36,0.432,0.416,0.401
2023-09-01T07:15:00-05:00,0.354,0.435,0.405,0.391
2023-09-01T07:30:00-05:00,0.347,0.427,0.385,0.372
2023-09-01T07:45:00-05:00,0.345,0.416,0.368,0.353
2023-09-01T08:00:00-05:00,0.344,0.398,0.355,0.338
2023-09-01T08:15:00-05:00,0.351,0.397,0.352,0.333
2023-09-01T08:30:00-05:00,0.361,0.399,0.355,0.335
2023-09-01T08:45:00-05:00,0.378,0.407,0.364,0.342
2023-09-01T09:00:00-05:00,0.407,0.422,0.384,0.36
2023-09-01T09:15:00-05:00,0.428,0.435,0.399,0.372
2023-09-01T09:30:00-05:00,0.445,0.446,0.409,0.382
2023-09-01T09:45:00-05:00,0.458,0.455,0.418,0.392
2023-09-01T10:00:00-05:00,0.469,0.469,0.426,0.398
2023-09-01T10:15:00-05:00,0.484,0.482,0.438,0.41
2023-09-01T10:30:00-05:00,0.504,0.493,0.451,0.43
2023-09-01T10:45:00-05:00,0.523,0.504,0.465,0.45
2023-09-01T11:00:00-05:00,0.546,0.514,0.481,0.479
2023-09-01T11:15:00-05:00,0.57,0.528,0.499,0.503
2023-09-01T11:30:00-05:00,0.593,0.542,0.516,0.526
2023-09-01T11:45:00-05:00,0.617,0.557,0.534,0.549
2023-09-01T12:00:00-05:00,0.645,0.579,0.556,0.576
2023-09-01T12:15:00-05:00,0.67,0.595,0.575,0.598
2023-09-01T12:30:00-05:00,0.692,0.608,0.592,0.615
2023-09-01T12:45:00-05:00,0.714,0.62,0.61,0.629
2023-09-01T13:00:00-05:00,0.74,0.624,0.621,0.629
2023-09-01T13:15:00-05:00,0.76,0.636,0.638,0.643
2023-09-01T13:30:00-05:00,0.773,0.648,0.655,0.657
2023-09-01T13:45:00-05:00,0.779,0.661,0.674,0.674
2023-09-01T14:00:00-05:00,0.773,0.681,0.701,0.701
2023-09-01T14:15:00-05:00,0.779,0.692,0.718,0.716
2023-09-01T14:30:00-05:00,0.791,0.702,0.733,0.73
2023-09-01T14:45:00-05:00,0.807,0.71,0.746,0.742
2023-09-01T15:00:00-05:00,0.837,0.712,0.757,0.75
2023-09-01T15:15:00-05:00,0.853,0.72,0.768,0.761
2023-09-01T15:30:00-05:00,0.869,0.735,0.781,0.774
2023-09-01T15:45:00-05:00,0.881,0.75,0.791,0.785
2023-09-01T16:00:00-05:00,0.889,0.775,0.801,0.801
2023-09-01T16:15:00-05:00,0.897,0.792,0.81,0.81
2023-09-01T16:30:00-05:00,0.901,0.803,0.816,0.813
2023-09-01T16:45:00-05:00,0.908,0.815,0.825,0.818
2023-09-01T17:00:00-05:00,0.916,0.825,0.833,0.809
2023-09-01T17:15:00-05:00,0.922,0.841,0.845,0.813
2023-09-01T17:30:00-05:00,0.921,0.85,0.853,0.817
2023-09-01T17:45:00-05:00,0.91,0.85,0.853,0.819
2023-09-01T18:00:00-05:00,0.89,0.848,0.853,0.83
2023-09-01T18:15:00-05:00,0.875,0.844,0.849,0.829
2023-09-01T18:30:00-05:00,0.864,0.838,0.843,0.823
2023-09-01T18:45:00-05:00,0.85,0.825,0.829,0.809
2023-09-01T19:00:00-05:00,0.84,0.81,0.81,0.79
2023-09-01T19:15:00-05:00,0.827,0.797,0.796,0.775
2023-09-01T19:30:00-05:00,0.819,0.786,0.788,0.764
2023-09-01T19:45:00-05:00,0.811,0.776,0.781,0.754
2023-09-01T20:00:00-05:00,0.824,0.781,0.792,0.76
2023-09-01T20:15:00-05:00,0.823,0.776,0.793,0.756
2023-09-01T20:30:00-05:00,0.818,0.767,0.791,0.75
2023-09-01T20:45:00-05:00,0.807,0.755,0.786,0.741
2023-09-01T21:00:00-05:00,0.79,0.742,0.791,0.732
2023-09-01T21:15:00-05:00,0.778,0.729,0.785,0.722
2023-09-01T21:30:00-05:00,0.767,0.709,0.768,0.711
2023-09-01T21:45:00-05:00,0.754,0.686,0.74,0.696
2023-09-01T22:00:00-05:00,0.751,0.665,0.707,0.69
2023-09-01T22:15:00-05:00,0.74,0.644,0.682,0.678
2023-09-01T22:30:00-05:00,0.722,0.622,0.657,0.659
2023-09-01T22:45:00-05:00,0.7,0.6,0.633,0.636
2023-09-01T23:00:00-05:00,0.676,0.581,0.615,0.612
2023-09-01T23:15:00-05:00,0.655,0.562,0.594,0.592
2023-09-01T23:30:00-05:00,0.635,0.543,0.575,0.572
2023-09-01T23:45:00-05:00,0.615,0.525,0.556,0.554
2023-09-02T00:00:00-05:00,0.528,0.491,0.544,0.537
2023-09-02T00:15:00-05:00,0.507,0.476,0.528,0.517
2023-09-02T00:30:00-05:00,0.489,0.465,0.514,0.5
2023-09-02T00:45:00-05:00,0.47,0.453,0.501,0.482
2023-09-02T01:00:00-05:00,0.437,0.445,0.49,0.457
2023-09-02T01:15:00-05:00,0.422,0.434,0.477,0.442
2023-09-02T01:30:00-05:00,0.408,0.422,0.463,0.427
2023-09-02T01:45:00-05:00,0.398,0.415,0.454,0.417
2023-09-02T02:00:00-05:00,0.393,0.394,0.429,0.402
2023-09-02T02:15:00-05:00,0.386,0.384,0.417,0.394
2023-09-02T02:30:00-05:00,0.378,0.374,0.406,0.385
2023-09-02T02:45:00-05:00,0.375,0.368,0.398,0.38
2023-09-02T03:00:00-05:00,0.369,0.358,0.385,0.374
2023-09-02T03:15:00-05:00,0.363,0.351,0.376,0.368
2023-09-02T03:30:00-05:00,0.359,0.346,0.371,0.363
2023-09-02T03:45:00-05:00,0.356,0.342,0.366,0.36
2023-09-02T04:00:00-05:00,0.34,0.331,0.354,0.344
2023-09-02T04:15:00-05:00,0.339,0.327,0.35,0.34
2023-09-02T04:30:00-05:00,0.338,0.324,0.347,0.336
2023-09-02T04:45:00-05:00,0.339,0.32,0.341,0.33
2023-09-02T05:00:00-05:00,0.354,0.316,0.332,0.32
2023-09-02T05:15:00-05:00,0.363,0.316,0.331,0.319
2023-09-02T05:30:00-05:00,0.367,0.314,0.331,0.317
2023-09-02T05:45:00-05:00,0.369,0.313,0.332,0.317
2023-09-02T06:00:00-05:00,0.368,0.311,0.349,0.331
2023-09-02T06:15:00-05:00,0.368,0.312,0.36,0.337
2023-09-02T06:30:00-05:00,0.362,0.316,0.365,0.339
2023-09-02T06:45:00-05:00,0.358,0.33,0.374,0.342
2023-09-02T07:00:00-05:00,0.34,0.356,0.377,0.341
2023-09-02T07:15:00-05:00,0.338,0.369,0.38,0.34
2023-09-02T07:30:00-05:00,0.347,0.38,0.382,0.339
2023-09-02T07:45:00-05:00,0.368,0.386,0.386,0.342
2023-09-02T08:00:00-05:00,0.4,0.382,0.387,0.346
2023-09-02T08:15:00-05:00,0.422,0.392,0.397,0.355
2023-09-02T08:30:00-05:00,0.434,0.399,0.406,0.362
2023-09-02T08:45:00-05:00,0.45,0.412,0.421,0.375
2023-09-02T09:00:00-05:00,0.458,0.426,0.442,0.385
2023-09-02T09:15:00-05:00,0.477,0.443,0.461,0.402
2023-09-02T09:30:00-05:00,0.494,0.458,0.475,0.423
2023-09-02T09:45:00-05:00,0.51,0.471,0.487,0.444
2023-09-02T10:00:00-05:00,0.534,0.489,0.498,0.483
2023-09-02T10:15:00-05:00,0.554,0.505,0.513,0.508
2023-09-02T10:30:00-05:00,0.575,0.521,0.529,0.527
2023-09-02T10:45:00-05:00,0.595,0.537,0.546,0.543
2023-09-02T11:00:00-05:00,0.618,0.552,0.564,0.548
2023-09-02T11:15:00-05:00,0.641,0.571,0.585,0.565
2023-09-02T11:30:00-05:00,0.66,0.589,0.606,0.583
2023-09-02T11:45:00-05:00,0.677,0.607,0.628,0.602
2023-09-02T12:00:00-05:00,0.689,0.627,0.658,0.626
2023-09-02T12:15:00-05:00,0.708,0.647,0.681,0.647
2023-09-02T12:30:00-05:00,0.727,0.667,0.698,0.666
2023-09-02T12:45:00-05:00,0.748,0.689,0.712,0.685
2023-09-02T13:00:00-05:00,0.78,0.713,0.713,0.703
2023-09-02T13:15:00-05:00,0.8,0.734,0.727,0.721
2023-09-02T13:30:00-05:00,0.812,0.75,0.741,0.735
2023-09-02T13:45:00-05:00,0.816,0.763,0.758,0.748
2023-09-02T14:00:00-05:00,0.809,0.779,0.786,0.757
2023-09-02T14:15:00-05:00,0.811,0.789,0.8,0.767
2023-09-02T14:30:00-05:00,0.819,0.796,0.811,0.782
2023-09-02T14:45:00-05:00,0.828,0.799,0.818,0.798
2023-09-02T15:00:00-05:00,0.848,0.796,0.82,0.822
2023-09-02T15:15:00-05:00,0.859,0.801,0.828,0.837
2023-09-02T15:30:00-05:00,0.871,0.809,0.836,0.852
2023-09-02T15:45:00-05:00,0.879,0.817,0.841,0.861
2023-09-02T16:00:00-05:00,0.888,0.835,0.849,0.87
2023-09-02T16:15:00-05:00,0.894,0.843,0.853,0.875
2023-09-02T16:30:00-05:00,0.895,0.846,0.855,0.874
2023-09-02T16:45:00-05:00,0.899,0.85,0.862,0.873
2023-09-02T17:00:00-05:00,0.897,0.844,0.867,0.857
2023-09-02T17:15:00-05:00,0.899,0.847,0.874,0.852
2023-09-02T17:30:00-05:00,0.898,0.848,0.876,0.849
2023-09-02T17:45:00-05:00,0.89,0.846,0.871,0.844
2023-09-02T18:00:00-05:00,0.882,0.849,0.859,0.845
2023-09-02T18:15:00-05:00,0.871,0.843,0.852,0.839
2023-09-02T18:30:00-05:00,0.862,0.837,0.848,0.833
2023-09-02T18:45:00-05:00,0.848,0.825,0.843,0.824
2023-09-02T19:00:00-05:00,0.839,0.813,0.854,0.822
2023-09-02T19:15:00-05:00,0.825,0.8,0.85,0.813
2023-09-02T19:30:00-05:00,0.812,0.79,0.841,0.801
2023-09-02T19:45:00-05:00,0.799,0.779,0.828,0.787
2023-09-02T20:00:00-05:00,0.798,0.784,0.811,0.777
2023-09-02T20:15:00-05:00,0.789,0.779,0.803,0.766
2023-09-02T20:30:00-05:00,0.777,0.769,0.799,0.757
2023-09-02T20:45:00-05:00,0.762,0.756,0.795,0.746
2023-09-02T21:00:00-05:00,0.739,0.74,0.815,0.737
2023-09-02T21:15:00-05:00,0.723,0.726,0.812,0.726
2023-09-02T21:30:00-05:00,0.707,0.706,0.794,0.712
2023-09-02T21:45:00-05:00,0.691,0.684,0.763,0.695
2023-09-02T22:00:00-05:00,0.689,0.671,0.725,0.685
2023-09-02T22:15:00-05:00,0.676,0.651,0.695,0.671
2023-09-02T22:30:00-05:00,0.657,0.628,0.667,0.651
2023-09-02T22:45:00-05:00,0.633,0.601,0.637,0.628
2023-09-02T23:00:00-05:00,0.606,0.573,0.613,0.606
2023-09-02T23:15:00-05:00,0.585,0.55,0.588,0.585
2023-09-02T23:30:00-05:00,0.565,0.53,0.567,0.566
2023-09-02T23:45:00-05:00,0.546,0.511,0.547,0.547
2023-09-03T00:00:00-05:00,0.533,0.514,0.545,0.539
2023-09-03T00:15:00-05:00,0.515,0.499,0.53,0.52
2023-09-03T00:30:00-05:00,0.5,0.487,0.518,0.505
2023-09-03T00:45:00-05:00,0.484,0.476,0.506,0.489
2023-09-03T01:00:00-05:00,0.462,0.466,0.501,0.468
2023-09-03T01:15:00-05:00,0.449,0.456,0.489,0.454
2023-09-03T01:30:00-05:00,0.438,0.447,0.476,0.442
2023-09-03T01:45:00-05:00,0.429,0.44,0.468,0.433
2023-09-03T02:00:00-05:00,0.421,0.429,0.442,0.42
2023-09-03T02:15:00-05:00,0.414,0.422,0.431,0.412
2023-09-03T02:30:00-05:00,0.405,0.414,0.42,0.402
2023-09-03T02:45:00-05:00,0.401,0.411,0.413,0.397
2023-09-03T03:00:00-05:00,0.39,0.403,0.402,0.386
2023-09-03T03:15:00-05:00,0.383,0.396,0.395,0.379
2023-09-03T03:30:00-05:00,0.378,0.391,0.391,0.374
2023-09-03T03:45:00-05:00,0.374,0.388,0.386,0.37
2023-09-03T04:00:00-05:00,0.356,0.372,0.383,0.36
2023-09-03T04:15:00-05:00,0.354,0.368,0.378,0.356
2023-09-03T04:30:00-05:00,0.354,0.366,0.376,0.351
2023-09-03T04:45:00-05:00,0.353,0.362,0.371,0.345
2023-09-03T05:00:00-05:00,0.368,0.362,0.354,0.327
2023-09-03T05:15:00-05:00,0.376,0.364,0.351,0.322
2023-09-03T05:30:00-05:00,0.38,0.364,0.347,0.318
2023-09-03T05:45:00-05:00,0.382,0.364,0.345,0.316
2023-09-03T06:00:00-05:00,0.383,0.367,0.351,0.329
2023-09-03T06:15:00-05:00,0.385,0.369,0.354,0.333
2023-09-03T06:30:00-05:00,0.38,0.37,0.354,0.333
2023-09-03T06:45:00-05:00,0.376,0.377,0.362,0.337
2023-09-03T07:00:00-05:00,0.365,0.383,0.37,0.341
2023-09-03T07:15:00-05:00,0.361,0.389,0.377,0.341
2023-09-03T07:30:00-05:00,0.361,0.398,0.386,0.34
2023-09-03T07:45:00-05:00,0.37,0.409,0.396,0.341
2023-09-03T08:00:00-05:00,0.384,0.418,0.402,0.341
2023-09-03T08:15:00-05:00,0.4,0.434,0.417,0.35
2023-09-03T08:30:00-05:00,0.414,0.445,0.429,0.358
2023-09-03T08:45:00-05:00,0.436,0.463,0.448,0.371
2023-09-03T09:00:00-05:00,0.466,0.49,0.478,0.388
2023-09-03T09:15:00-05:00,0.492,0.511,0.501,0.406
2023-09-03T09:30:00-05:00,0.513,0.523,0.516,0.424
2023-09-03T09:45:00-05:00,0.53,0.529,0.526,0.441
2023-09-03T10:00:00-05:00,0.543,0.53,0.535,0.465
2023-09-03T10:15:00-05:00,0.563,0.54,0.548,0.485
2023-09-03T10:30:00-05:00,0.59,0.551,0.559,0.504
2023-09-03T10:45:00-05:00,0.618,0.562,0.57,0.521
2023-09-03T11:00:00-05:00,0.656,0.574,0.58,0.535
2023-09-03T11:15:00-05:00,0.688,0.59,0.595,0.555
2023-09-03T11:30:00-05:00,0.715,0.608,0.61,0.576
2023-09-03T11:45:00-05:00,0.74,0.628,0.626,0.6
2023-09-03T12:00:00-05:00,0.763,0.655,0.645,0.629
2023-09-03T12:15:00-05:00,0.788,0.676,0.664,0.653
2023-09-03T12:30:00-05:00,0.809,0.695,0.682,0.674
2023-09-03T12:45:00-05:00,0.829,0.713,0.703,0.695
2023-09-03T13:00:00-05:00,0.853,0.728,0.725,0.714
2023-09-03T13:15:00-05:00,0.87,0.745,0.745,0.734
2023-09-03T13:30:00-05:00,0.879,0.76,0.763,0.749
2023-09-03T13:45:00-05:00,0.88,0.772,0.779,0.762
2023-09-03T14:00:00-05:00,0.869,0.79,0.806,0.774
2023-09-03T14:15:00-05:00,0.869,0.8,0.819,0.785
2023-09-03T14:30:00-05:00,0.873,0.808,0.826,0.796
2023-09-03T14:45:00-05:00,0.878,0.813,0.825,0.807
2023-09-03T15:00:00-05:00,0.893,0.816,0.814,0.82
2023-09-03T15:15:00-05:00,0.902,0.822,0.815,0.831
2023-09-03T15:30:00-05:00,0.912,0.827,0.819,0.843
2023-09-03T15:45:00-05:00,0.919,0.827,0.819,0.852
2023-09-03T16:00:00-05:00,0.93,0.828,0.826,0.866
2023-09-03T16:15:00-05:00,0.936,0.826,0.827,0.873
2023-09-03T16:30:00-05:00,0.939,0.824,0.828,0.876
2023-09-03T16:45:00-05:00,0.946,0.826,0.833,0.879
2023-09-03T17:00:00-05:00,0.953,0.824,0.83,0.87
2023-09-03T17:15:00-05:00,0.958,0.824,0.837,0.873
2023-09-03T17:30:00-05:00,0.957,0.822,0.843,0.877
2023-09-03T17:45:00-05:00,0.945,0.815,0.846,0.878
2023-09-03T18:00:00-05:00,0.926,0.807,0.852,0.887
2023-09-03T18:15:00-05:00,0.911,0.798,0.853,0.885
2023-09-03T18:30:00-05:00,0.898,0.791,0.855,0.882
2023-09-03T18:45:00-05:00,0.881,0.782,0.856,0.872
2023-09-03T19:00:00-05:00,0.863,0.779,0.864,0.862
2023-09-03T19:15:00-05:00,0.846,0.771,0.866,0.852
2023-09-03T19:30:00-05:00,0.837,0.764,0.868,0.844
2023-09-03T19:45:00-05:00,0.831,0.757,0.865,0.835
2023-09-03T20:00:00-05:00,0.854,0.764,0.875,0.84
2023-09-03T20:15:00-05:00,0.853,0.762,0.879,0.837
2023-09-03T20:30:00-05:00,0.845,0.756,0.878,0.832
2023-09-03T20:45:00-05:00,0.827,0.745,0.872,0.823
2023-09-03T21:00:00-05:00,0.796,0.741,0.877,0.818
2023-09-03T21:15:00-05:00,0.778,0.73,0.87,0.809
2023-09-03T21:30:00-05:00,0.756,0.706,0.845,0.792
2023-09-03T21:45:00-05:00,0.736,0.674,0.809,0.769
2023-09-03T22:00:00-05:00,0.727,0.639,0.771,0.755
2023-09-03T22:15:00-05:00,0.709,0.61,0.734,0.733
2023-09-03T22:30:00-05:00,0.686,0.584,0.698,0.706
2023-09-03T22:45:00-05:00,0.661,0.558,0.657,0.673
2023-09-03T23:00:00-05:00,0.636,0.538,0.615,0.636
2023-09-03T23:15:00-05:00,0.613,0.517,0.583,0.608
2023-09-03T23:30:00-05:00,0.592,0.498,0.557,0.585
2023-09-03T23:45:00-05:00,0.572,0.481,0.535,0.563
2023-09-04T00:00:00-05:00,0.57,0.522,0.561,0.558
2023-09-04T00:15:00-05:00,0.551,0.508,0.546,0.54
2023-09-04T00:30:00-05:00,0.534,0.496,0.534,0.525
2023-09-04T00:45:00-05:00,0.518,0.485,0.522,0.51
2023-09-04T01:00:00-05:00,0.495,0.478,0.518,0.493
2023-09-04T01:15:00-05:00,0.482,0.467,0.506,0.48
2023-09-04T01:30:00-05:00,0.471,0.458,0.494,0.468
2023-09-04T01:45:00-05:00,0.463,0.451,0.486,0.459
2023-09-04T02:00:00-05:00,0.46,0.436,0.46,0.446
2023-09-04T02:15:00-05:00,0.452,0.428,0.45,0.438
2023-09-04T02:30:00-05:00,0.443,0.419,0.439,0.428
2023-09-04T02:45:00-05:00,0.44,0.414,0.431,0.423
2023-09-04T03:00:00-05:00,0.426,0.405,0.42,0.412
2023-09-04T03:15:00-05:00,0.418,0.398,0.413,0.405
2023-09-04T03:30:00-05:00,0.413,0.393,0.409,0.4
2023-09-04T03:45:00-05:00,0.409,0.389,0.405,0.396
2023-09-04T04:00:00-05:00,0.392,0.375,0.401,0.386
2023-09-04T04:15:00-05:00,0.39,0.372,0.397,0.382
2023-09-04T04:30:00-05:00,0.388,0.37,0.395,0.378
2023-09-04T04:45:00-05:00,0.386,0.366,0.39,0.371
2023-09-04T05:00:00-05:00,0.395,0.366,0.375,0.353
2023-09-04T05:15:00-05:00,0.401,0.369,0.372,0.35
2023-09-04T05:30:00-05:00,0.403,0.369,0.367,0.345
2023-09-04T05:45:00-05:00,0.402,0.369,0.363,0.342
2023-09-04T06:00:00-05:00,0.399,0.37,0.364,0.353
2023-09-04T06:15:00-05:00,0.396,0.372,0.362,0.355
2023-09-04T06:30:00-05:00,0.389,0.374,0.359,0.354
2023-09-04T06:45:00-05:00,0.387,0.382,0.365,0.357
2023-09-04T07:00:00-05:00,0.384,0.394,0.376,0.366
2023-09-04T07:15:00-05:00,0.382,0.401,0.382,0.366
2023-09-04T07:30:00-05:00,0.383,0.409,0.392,0.363
2023-09-04T07:45:00-05:00,0.392,0.418,0.404,0.363
2023-09-04T08:00:00-05:00,0.402,0.423,0.412,0.361
2023-09-04T08:15:00-05:00,0.418,0.437,0.428,0.368
2023-09-04T08:30:00-05:00,0.434,0.446,0.441,0.376
2023-09-04T08:45:00-05:00,0.458,0.462,0.46,0.39
2023-09-04T09:00:00-05:00,0.494,0.484,0.489,0.408
2023-09-04T09:15:00-05:00,0.523,0.503,0.512,0.427
2023-09-04T09:30:00-05:00,0.547,0.516,0.527,0.446
2023-09-04T09:45:00-05:00,0.564,0.524,0.536,0.463
2023-09-04T10:00:00-05:00,0.581,0.53,0.544,0.488
2023-09-04T10:15:00-05:00,0.603,0.541,0.556,0.509
2023-09-04T10:30:00-05:00,0.626,0.554,0.567,0.528
2023-09-04T10:45:00-05:00,0.649,0.568,0.577,0.545
2023-09-04T11:00:00-05:00,0.677,0.584,0.584,0.557
2023-09-04T11:15:00-05:00,0.704,0.602,0.598,0.577
2023-09-04T11:30:00-05:00,0.727,0.621,0.615,0.598
2023-09-04T11:45:00-05:00,0.749,0.64,0.634,0.62
2023-09-04T12:00:00-05:00,0.772,0.664,0.66,0.647
2023-09-04T12:15:00-05:00,0.795,0.686,0.681,0.671
2023-09-04T12:30:00-05:00,0.811,0.706,0.701,0.692
2023-09-04T12:45:00-05:00,0.826,0.725,0.722,0.714
2023-09-04T13:00:00-05:00,0.841,0.746,0.741,0.734
2023-09-04T13:15:00-05:00,0.854,0.765,0.761,0.754
2023-09-04T13:30:00-05:00,0.859,0.778,0.777,0.77
2023-09-04T13:45:00-05:00,0.858,0.788,0.793,0.783
2023-09-04T14:00:00-05:00,0.85,0.798,0.82,0.796
2023-09-04T14:15:00-05:00,0.848,0.805,0.832,0.807
2023-09-04T14:30:00-05:00,0.848,0.812,0.838,0.818
2023-09-04T14:45:00-05:00,0.848,0.817,0.836,0.828
2023-09-04T15:00:00-05:00,0.855,0.822,0.825,0.838
2023-09-04T15:15:00-05:00,0.86,0.828,0.826,0.849
2023-09-04T15:30:00-05:00,0.865,0.837,0.828,0.861
2023-09-04T15:45:00-05:00,0.867,0.843,0.828,0.871
2023-09-04T16:00:00-05:00,0.871,0.85,0.834,0.888
2023-09-04T16:15:00-05:00,0.872,0.856,0.834,0.896
2023-09-04T16:30:00-05:00,0.874,0.863,0.833,0.898
2023-09-04T16:45:00-05:00,0.88,0.875,0.838,0.901
2023-09-04T17:00:00-05:00,0.891,0.892,0.832,0.888
2023-09-04T17:15:00-05:00,0.897,0.909,0.837,0.89
2023-09-04T17:30:00-05:00,0.897,0.918,0.844,0.892
2023-09-04T17:45:00-05:00,0.888,0.917,0.85,0.892
2023-09-04T18:00:00-05:00,0.869,0.908,0.862,0.902
2023-09-04T18:15:00-05:00,0.856,0.903,0.866,0.9
2023-09-04T18:30:00-05:00,0.847,0.898,0.87,0.895
2023-09-04T18:45:00-05:00,0.835,0.889,0.871,0.884
2023-09-04T19:00:00-05:00,0.822,0.883,0.876,0.871
2023-09-04T19:15:00-05:00,0.812,0.874,0.879,0.86
2023-09-04T19:30:00-05:00,0.81,0.869,0.883,0.851
2023-09-04T19:45:00-05:00,0.809,0.862,0.882,0.841
2023-09-04T20:00:00-05:00,0.84,0.874,0.898,0.845
2023-09-04T20:15:00-05:00,0.847,0.874,0.904,0.842
2023-09-04T20:30:00-05:00,0.844,0.869,0.905,0.837
2023-09-04T20:45:00-05:00,0.83,0.857,0.898,0.829
2023-09-04T21:00:00-05:00,0.801,0.85,0.897,0.827
2023-09-04T21:15:00-05:00,0.786,0.838,0.889,0.818
2023-09-04T21:30:00-05:00,0.771,0.813,0.868,0.801
2023-09-04T21:45:00-05:00,0.755,0.78,0.836,0.777
2023-09-04T22:00:00-05:00,0.754,0.744,0.807,0.757
2023-09-04T22:15:00-05:00,0.741,0.714,0.775,0.735
2023-09-04T22:30:00-05:00,0.721,0.687,0.741,0.709
2023-09-04T22:45:00-05:00,0.695,0.659,0.7,0.679
2023-09-04T23:00:00-05:00,0.665,0.641,0.657,0.648
2023-09-04T23:15:00-05:00,0.641,0.618,0.624,0.623
2023-09-04T23:30:00-05:00,0.62,0.597,0.598,0.6
2023-09-04T23:45:00-05:00,0.599,0.577,0.574,0.579
2023-09-05T00:00:00-05:00,0.593,0.571,0.57,0.554
2023-09-05T00:15:00-05:00,0.573,0.554,0.554,0.539
2023-09-05T00:30:00-05:00,0.556,0.541,0.541,0.527
2023-09-05T00:45:00-05:00,0.539,0.527,0.528,0.515
2023-09-05T01:00:00-05:00,0.516,0.514,0.52,0.507
2023-09-05T01:15:00-05:00,0.502,0.502,0.508,0.496
2023-09-05T01:30:00-05:00,0.489,0.493,0.496,0.485
2023-09-05T01:45:00-05:00,0.48,0.485,0.488,0.478
2023-09-05T02:00:00-05:00,0.471,0.474,0.467,0.462
2023-09-05T02:15:00-05:00,0.463,0.467,0.458,0.453
2023-09-05T02:30:00-05:00,0.453,0.459,0.448,0.443
2023-09-05T02:45:00-05:00,0.449,0.455,0.442,0.438
2023-09-05T03:00:00-05:00,0.438,0.448,0.433,0.426
2023-09-05T03:15:00-05:00,0.432,0.443,0.426,0.42
2023-09-05T03:30:00-05:00,0.428,0.44,0.422,0.415
2023-09-05T03:45:00-05:00,0.424,0.437,0.419,0.411
2023-09-05T04:00:00-05:00,0.411,0.43,0.408,0.402
2023-09-05T04:15:00-05:00,0.41,0.428,0.405,0.398
2023-09-05T04:30:00-05:00,0.412,0.428,0.404,0.396
2023-09-05T04:45:00-05:00,0.414,0.427,0.402,0.393
2023-09-05T05:00:00-05:00,0.438,0.429,0.399,0.385
2023-09-05T05:15:00-05:00,0.451,0.434,0.403,0.387
2023-09-05T05:30:00-05:00,0.458,0.436,0.405,0.387
2023-09-05T05:45:00-05:00,0.462,0.439,0.409,0.39
2023-09-05T06:00:00-05:00,0.461,0.446,0.43,0.411
2023-09-05T06:15:00-05:00,0.463,0.452,0.443,0.424
2023-09-05T06:30:00-05:00,0.457,0.452,0.445,0.427
2023-09-05T06:45:00-05:00,0.453,0.457,0.445,0.43
2023-09-05T07:00:00-05:00,0.45,0.472,0.445,0.433
2023-09-05T07:15:00-05:00,0.441,0.47,0.435,0.426
2023-09-05T07:30:00-05:00,0.43,0.461,0.416,0.412
2023-09-05T07:45:00-05:00,0.427,0.453,0.402,0.398
2023-09-05T08:00:00-05:00,0.43,0.445,0.394,0.394
2023-09-05T08:15:00-05:00,0.438,0.448,0.393,0.392
2023-09-05T08:30:00-05:00,0.447,0.453,0.393,0.389
2023-09-05T08:45:00-05:00,0.464,0.464,0.4,0.39
2023-09-05T09:00:00-05:00,0.49,0.485,0.411,0.38
2023-09-05T09:15:00-05:00,0.513,0.5,0.422,0.386
2023-09-05T09:30:00-05:00,0.532,0.51,0.43,0.401
2023-09-05T09:45:00-05:00,0.548,0.517,0.438,0.421
2023-09-05T10:00:00-05:00,0.563,0.524,0.449,0.463
2023-09-05T10:15:00-05:00,0.583,0.534,0.46,0.487
2023-09-05T10:30:00-05:00,0.61,0.545,0.471,0.507
2023-09-05T10:45:00-05:00,0.637,0.557,0.482,0.523
2023-09-05T11:00:00-05:00,0.677,0.568,0.492,0.529
2023-09-05T11:15:00-05:00,0.708,0.585,0.507,0.547
2023-09-05T11:30:00-05:00,0.733,0.603,0.523,0.569
2023-09-05T11:45:00-05:00,0.755,0.624,0.542,0.593
2023-09-05T12:00:00-05:00,0.778,0.654,0.566,0.629
2023-09-05T12:15:00-05:00,0.799,0.676,0.586,0.654
2023-09-05T12:30:00-05:00,0.812,0.693,0.605,0.674
2023-09-05T12:45:00-05:00,0.819,0.708,0.624,0.692
2023-09-05T13:00:00-05:00,0.818,0.713,0.641,0.699
2023-09-05T13:15:00-05:00,0.824,0.727,0.66,0.715
2023-09-05T13:30:00-05:00,0.826,0.74,0.676,0.729
2023-09-05T13:45:00-05:00,0.826,0.755,0.692,0.744
2023-09-05T14:00:00-05:00,0.821,0.775,0.711,0.759
2023-09-05T14:15:00-05:00,0.82,0.788,0.724,0.772
2023-09-05T14:30:00-05:00,0.823,0.799,0.738,0.788
2023-09-05T14:45:00-05:00,0.828,0.809,0.75,0.806
2023-09-05T15:00:00-05:00,0.845,0.814,0.761,0.823
2023-09-05T15:15:00-05:00,0.852,0.824,0.773,0.84
2023-09-05T15:30:00-05:00,0.858,0.839,0.788,0.862
2023-09-05T15:45:00-05:00,0.857,0.853,0.8,0.886
2023-09-05T16:00:00-05:00,0.851,0.876,0.817,0.921
2023-09-05T16:15:00-05:00,0.848,0.892,0.829,0.944
2023-09-05T16:30:00-05:00,0.847,0.903,0.836,0.956
2023-09-05T16:45:00-05:00,0.853,0.914,0.844,0.964
2023-09-05T17:00:00-05:00,0.856,0.919,0.842,0.956
2023-09-05T17:15:00-05:00,0.863,0.936,0.853,0.965
2023-09-05T17:30:00-05:00,0.869,0.95,0.862,0.972
2023-09-05T17:45:00-05:00,0.872,0.957,0.867,0.974
2023-09-05T18:00:00-05:00,0.878,0.971,0.873,0.982
2023-09-05T18:15:00-05:00,0.877,0.974,0.876,0.979
2023-09-05T18:30:00-05:00,0.876,0.973,0.88,0.973
2023-09-05T18:45:00-05:00,0.87,0.962,0.883,0.958
2023-09-05T19:00:00-05:00,0.864,0.946,0.896,0.942
2023-09-05T19:15:00-05:00,0.86,0.934,0.901,0.926
2023-09-05T19:30:00-05:00,0.858,0.925,0.904,0.91
2023-09-05T19:45:00-05:00,0.856,0.915,0.901,0.894
2023-09-05T20:00:00-05:00,0.875,0.923,0.907,0.885
2023-09-05T20:15:00-05:00,0.879,0.92,0.91,0.874
2023-09-05T20:30:00-05:00,0.875,0.913,0.909,0.866
2023-09-05T20:45:00-05:00,0.862,0.9,0.903,0.856
2023-09-05T21:00:00-05:00,0.839,0.889,0.904,0.862
2023-09-05T21:15:00-05:00,0.826,0.876,0.897,0.853
2023-09-05T21:30:00-05:00,0.811,0.854,0.877,0.829
2023-09-05T21:45:00-05:00,0.794,0.826,0.847,0.797
2023-09-05T22:00:00-05:00,0.789,0.799,0.817,0.761
2023-09-05T22:15:00-05:00,0.775,0.775,0.789,0.731
2023-09-05T22:30:00-05:00,0.755,0.75,0.758,0.702
2023-09-05T22:45:00-05:00,0.732,0.724,0.724,0.671
2023-09-05T23:00:00-05:00,0.709,0.704,0.692,0.646
2023-09-05T23:15:00-05:00,0.687,0.681,0.663,0.62
2023-09-05T23:30:00-05:00,0.665,0.659,0.639,0.598
2023-09-05T23:45:00-05:00,0.644,0.638,0.616,0.577
2023-09-06T00:00:00-05:00,0.561,0.601,0.578,0.567
2023-09-06T00:15:00-05:00,0.542,0.583,0.561,0.55
2023-09-06T00:30:00-05:00,0.525,0.569,0.547,0.536
2023-09-06T00:45:00-05:00,0.509,0.555,0.533,0.522
2023-09-06T01:00:00-05:00,0.486,0.543,0.523,0.509
2023-09-06T01:15:00-05:00,0.472,0.53,0.509,0.497
2023-09-06T01:30:00-05:00,0.46,0.519,0.495,0.485
2023-09-06T01:45:00-05:00,0.451,0.511,0.485,0.477
2023-09-06T02:00:00-05:00,0.44,0.494,0.458,0.46
2023-09-06T02:15:00-05:00,0.432,0.486,0.448,0.451
2023-09-06T02:30:00-05:00,0.423,0.477,0.438,0.442
2023-09-06T02:45:00-05:00,0.418,0.472,0.43,0.436
2023-09-06T03:00:00-05:00,0.408,0.465,0.426,0.426
2023-09-06T03:15:00-05:00,0.403,0.46,0.42,0.419
2023-09-06T03:30:00-05:00,0.399,0.456,0.416,0.414
2023-09-06T03:45:00-05:00,0.396,0.454,0.413,0.41
2023-09-06T04:00:00-05:00,0.384,0.446,0.402,0.396
2023-09-06T04:15:00-05:00,0.384,0.443,0.399,0.392
2023-09-06T04:30:00-05:00,0.386,0.442,0.398,0.389
2023-09-06T04:45:00-05:00,0.388,0.439,0.395,0.385
2023-09-06T05:00:00-05:00,0.41,0.435,0.39,0.378
2023-09-06T05:15:00-05:00,0.422,0.437,0.393,0.38
2023-09-06T05:30:00-05:00,0.427,0.436,0.394,0.381
2023-09-06T05:45:00-05:00,0.43,0.435,0.397,0.384
2023-09-06T06:00:00-05:00,0.426,0.438,0.42,0.408
2023-09-06T06:15:00-05:00,0.424,0.439,0.432,0.421
2023-09-06T06:30:00-05:00,0.414,0.436,0.433,0.424
2023-09-06T06:45:00-05:00,0.406,0.439,0.432,0.426
2023-09-06T07:00:00-05:00,0.399,0.456,0.427,0.425
2023-09-06T07:15:00-05:00,0.388,0.455,0.416,0.417
2023-09-06T07:30:00-05:00,0.379,0.448,0.397,0.402
2023-09-06T07:45:00-05:00,0.379,0.441,0.383,0.389
2023-09-06T08:00:00-05:00,0.385,0.434,0.378,0.385
2023-09-06T08:15:00-05:00,0.395,0.438,0.377,0.385
2023-09-06T08:30:00-05:00,0.408,0.445,0.377,0.384
2023-09-06T08:45:00-05:00,0.427,0.458,0.384,0.387
2023-09-06T09:00:00-05:00,0.458,0.482,0.394,0.382
2023-09-06T09:15:00-05:00,0.483,0.501,0.405,0.391
2023-09-06T09:30:00-05:00,0.505,0.513,0.414,0.408
2023-09-06T09:45:00-05:00,0.524,0.522,0.422,0.428
2023-09-06T10:00:00-05:00,0.546,0.531,0.435,0.466
2023-09-06T10:15:00-05:00,0.569,0.543,0.447,0.491
2023-09-06T10:30:00-05:00,0.593,0.557,0.459,0.515
2023-09-06T10:45:00-05:00,0.616,0.571,0.472,0.537
2023-09-06T11:00:00-05:00,0.644,0.585,0.484,0.553
2023-09-06T11:15:00-05:00,0.67,0.604,0.5,0.577
2023-09-06T11:30:00-05:00,0.692,0.625,0.517,0.602
2023-09-06T11:45:00-05:00,0.712,0.648,0.535,0.628
2023-09-06T12:00:00-05:00,0.732,0.68,0.557,0.665
2023-09-06T12:15:00-05:00,0.753,0.704,0.576,0.691
2023-09-06T12:30:00-05:00,0.767,0.724,0.594,0.711
2023-09-06T12:45:00-05:00,0.781,0.741,0.613,0.728
2023-09-06T13:00:00-05:00,0.792,0.751,0.631,0.734
2023-09-06T13:15:00-05:00,0.803,0.767,0.649,0.749
2023-09-06T13:30:00-05:00,0.809,0.782,0.665,0.761
2023-09-06T13:45:00-05:00,0.811,0.797,0.68,0.772
2023-09-06T14:00:00-05:00,0.8,0.816,0.695,0.782
2023-09-06T14:15:00-05:00,0.802,0.829,0.707,0.792
2023-09-06T14:30:00-05:00,0.812,0.841,0.722,0.805
2023-09-06T14:45:00-05:00,0.827,0.85,0.737,0.818
2023-09-06T15:00:00-05:00,0.861,0.858,0.754,0.832
2023-09-06T15:15:00-05:00,0.877,0.868,0.768,0.846
2023-09-06T15:30:00-05:00,0.893,0.882,0.783,0.864
2023-09-06T15:45:00-05:00,0.904,0.893,0.796,0.883
2023-09-06T16:00:00-05:00,0.908,0.911,0.808,0.913
2023-09-06T16:15:00-05:00,0.917,0.922,0.82,0.93
2023-09-06T16:30:00-05:00,0.923,0.929,0.83,0.937
2023-09-06T16:45:00-05:00,0.934,0.939,0.842,0.942
2023-09-06T17:00:00-05:00,0.946,0.937,0.855,0.931
2023-09-06T17:15:00-05:00,0.961,0.95,0.873,0.934
2023-09-06T17:30:00-05:00,0.97,0.963,0.884,0.936
2023-09-06T17:45:00-05:00,0.97,0.971,0.887,0.933
2023-09-06T18:00:00-05:00,0.965,0.99,0.88,0.936
2023-09-06T18:15:00-05:00,0.961,0.994,0.879,0.93
2023-09-06T18:30:00-05:00,0.957,0.993,0.881,0.923
2023-09-06T18:45:00-05:00,0.95,0.98,0.883,0.909
2023-09-06T19:00:00-05:00,0.945,0.962,0.897,0.897
2023-09-06T19:15:00-05:00,0.939,0.949,0.9,0.882
2023-09-06T19:30:00-05:00,0.936,0.938,0.902,0.867
2023-09-06T19:45:00-05:00,0.931,0.926,0.898,0.851
2023-09-06T20:00:00-05:00,0.948,0.931,0.901,0.844
2023-09-06T20:15:00-05:00,0.95,0.925,0.903,0.834
2023-09-06T20:30:00-05:00,0.945,0.916,0.904,0.824
2023-09-06T20:45:00-05:00,0.933,0.903,0.901,0.814
2023-09-06T21:00:00-05:00,0.915,0.892,0.914,0.813
2023-09-06T21:15:00-05:00,0.902,0.878,0.91,0.803
2023-09-06T21:30:00-05:00,0.885,0.853,0.891,0.781
2023-09-06T21:45:00-05:00,0.864,0.823,0.857,0.752
2023-09-06T22:00:00-05:00,0.853,0.792,0.818,0.726
2023-09-06T22:15:00-05:00,0.835,0.767,0.787,0.699
2023-09-06T22:30:00-05:00,0.811,0.741,0.755,0.671
2023-09-06T22:45:00-05:00,0.783,0.717,0.72,0.64
2023-09-06T23:00:00-05:00,0.754,0.702,0.689,0.609
2023-09-06T23:15:00-05:00,0.729,0.68,0.661,0.583
2023-09-06T23:30:00-05:00,0.705,0.659,0.636,0.561
2023-09-06T23:45:00-05:00,0.682,0.639,0.614,0.541
2023-09-07T00:00:00-05:00,0.577,0.606,0.593,0.552
2023-09-07T00:15:00-05:00,0.558,0.588,0.575,0.535
2023-09-07T00:30:00-05:00,0.541,0.573,0.561,0.521
2023-09-07T00:45:00-05:00,0.525,0.558,0.547,0.508
2023-09-07T01:00:00-05:00,0.504,0.545,0.537,0.496
2023-09-07T01:15:00-05:00,0.49,0.532,0.523,0.483
2023-09-07T01:30:00-05:00,0.477,0.52,0.508,0.471
2023-09-07T01:45:00-05:00,0.468,0.512,0.498,0.463
2023-09-07T02:00:00-05:00,0.455,0.495,0.467,0.445
2023-09-07T02:15:00-05:00,0.447,0.487,0.458,0.437
2023-09-07T02:30:00-05:00,0.438,0.477,0.448,0.427
2023-09-07T02:45:00-05:00,0.433,0.472,0.44,0.422
2023-09-07T03:00:00-05:00,0.425,0.464,0.439,0.414
2023-09-07T03:15:00-05:00,0.419,0.458,0.433,0.407
2023-09-07T03:30:00-05:00,0.415,0.454,0.429,0.402
2023-09-07T03:45:00-05:00,0.412,0.451,0.427,0.398
2023-09-07T04:00:00-05:00,0.395,0.442,0.414,0.382
2023-09-07T04:15:00-05:00,0.395,0.438,0.41,0.378
2023-09-07T04:30:00-05:00,0.397,0.437,0.408,0.375
2023-09-07T04:45:00-05:00,0.399,0.433,0.404,0.37
2023-09-07T05:00:00-05:00,0.427,0.425,0.395,0.362
2023-09-07T05:15:00-05:00,0.442,0.426,0.396,0.363
2023-09-07T05:30:00-05:00,0.449,0.423,0.397,0.363
2023-09-07T05:45:00-05:00,0.453,0.421,0.401,0.367
2023-09-07T06:00:00-05:00,0.451,0.422,0.43,0.39
2023-09-07T06:15:00-05:00,0.451,0.42,0.445,0.403
2023-09-07T06:30:00-05:00,0.442,0.417,0.446,0.407
2023-09-07T06:45:00-05:00,0.434,0.42,0.444,0.41
2023-09-07T07:00:00-05:00,0.424,0.437,0.434,0.412
2023-09-07T07:15:00-05:00,0.412,0.436,0.42,0.405
2023-09-07T07:30:00-05:00,0.401,0.431,0.399,0.392
2023-09-07T07:45:00-05:00,0.4,0.427,0.384,0.38
2023-09-07T08:00:00-05:00,0.407,0.421,0.38,0.375
2023-09-07T08:15:00-05:00,0.418,0.427,0.379,0.374
2023-09-07T08:30:00-05:00,0.429,0.435,0.381,0.372
2023-09-07T08:45:00-05:00,0.449,0.45,0.39,0.375
2023-09-07T09:00:00-05:00,0.478,0.475,0.406,0.368
2023-09-07T09:15:00-05:00,0.503,0.496,0.419,0.375
2023-09-07T09:30:00-05:00,0.524,0.512,0.43,0.392
2023-09-07T09:45:00-05:00,0.542,0.525,0.439,0.413
2023-09-07T10:00:00-05:00,0.558,0.54,0.449,0.453
2023-09-07T10:15:00-05:00,0.58,0.557,0.462,0.478
2023-09-07T10:30:00-05:00,0.606,0.576,0.477,0.503
2023-09-07T10:45:00-05:00,0.633,0.594,0.493,0.526
2023-09-07T11:00:00-05:00,0.671,0.611,0.511,0.542
2023-09-07T11:15:00-05:00,0.702,0.633,0.531,0.567
2023-09-07T11:30:00-05:00,0.726,0.659,0.552,0.593
2023-09-07T11:45:00-05:00,0.747,0.686,0.574,0.623
2023-09-07T12:00:00-05:00,0.767,0.724,0.602,0.664
2023-09-07T12:15:00-05:00,0.788,0.753,0.625,0.693
2023-09-07T12:30:00-05:00,0.804,0.777,0.646,0.714
2023-09-07T12:45:00-05:00,0.817,0.798,0.666,0.73
2023-09-07T13:00:00-05:00,0.829,0.809,0.683,0.731
2023-09-07T13:15:00-05:00,0.841,0.829,0.702,0.745
2023-09-07T13:30:00-05:00,0.847,0.847,0.718,0.759
2023-09-07T13:45:00-05:00,0.849,0.866,0.734,0.773
2023-09-07T14:00:00-05:00,0.836,0.89,0.752,0.79
2023-09-07T14:15:00-05:00,0.838,0.905,0.765,0.803
2023-09-07T14:30:00-05:00,0.848,0.921,0.778,0.818
2023-09-07T14:45:00-05:00,0.866,0.933,0.79,0.833
2023-09-07T15:00:00-05:00,0.902,0.945,0.8,0.847
2023-09-07T15:15:00-05:00,0.92,0.957,0.811,0.861
2023-09-07T15:30:00-05:00,0.937,0.972,0.824,0.881
2023-09-07T15:45:00-05:00,0.948,0.985,0.835,0.902
2023-09-07T16:00:00-05:00,0.952,1.001,0.847,0.935
2023-09-07T16:15:00-05:00,0.96,1.012,0.858,0.955
2023-09-07T16:30:00-05:00,0.966,1.02,0.866,0.964
2023-09-07T16:45:00-05:00,0.976,1.03,0.878,0.971
2023-09-07T17:00:00-05:00,0.985,1.031,0.89,0.963
2023-09-07T17:15:00-05:00,0.998,1.045,0.906,0.969
2023-09-07T17:30:00-05:00,1.007,1.057,0.917,0.973
2023-09-07T17:45:00-05:00,1.007,1.064,0.92,0.971
2023-09-07T18:00:00-05:00,1.005,1.081,0.914,0.974
2023-09-07T18:15:00-05:00,1.001,1.082,0.914,0.968
2023-09-07T18:30:00-05:00,0.997,1.079,0.916,0.961
2023-09-07T18:45:00-05:00,0.989,1.063,0.917,0.946
2023-09-07T19:00:00-05:00,0.984,1.044,0.929,0.933
2023-09-07T19:15:00-05:00,0.976,1.027,0.932,0.917
2023-09-07T19:30:00-05:00,0.971,1.013,0.936,0.902
2023-09-07T19:45:00-05:00,0.964,0.998,0.934,0.887
2023-09-07T20:00:00-05:00,0.977,1.002,0.943,0.882
2023-09-07T20:15:00-05:00,0.976,0.993,0.949,0.873
2023-09-07T20:30:00-05:00,0.969,0.981,0.951,0.863
2023-09-07T20:45:00-05:00,0.953,0.963,0.947,0.85
2023-09-07T21:00:00-05:00,0.929,0.946,0.956,0.847
2023-09-07T21:15:00-05:00,0.913,0.928,0.952,0.835
2023-09-07T21:30:00-05:00,0.891,0.899,0.932,0.812
2023-09-07T21:45:00-05:00,0.867,0.866,0.898,0.782
2023-09-07T22:00:00-05:00,0.851,0.834,0.86,0.756
2023-09-07T22:15:00-05:00,0.831,0.806,0.828,0.728
2023-09-07T22:30:00-05:00,0.806,0.779,0.795,0.698
2023-09-07T22:45:00-05:00,0.779,0.753,0.758,0.664
2023-09-07T23:00:00-05:00,0.755,0.738,0.723,0.631
2023-09-07T23:15:00-05:00,0.731,0.715,0.693,0.603
2023-09-07T23:30:00-05:00,0.708,0.693,0.667,0.58
2023-09-07T23:45:00-05:00,0.685,0.672,0.643,0.559
2023-09-08T00:00:00-05:00,0.595,0.634,0.615,0.582
2023-09-08T00:15:00-05:00,0.575,0.616,0.596,0.562
2023-09-08T00:30:00-05:00,0.559,0.602,0.58,0.545
2023-09-08T00:45:00-05:00,0.541,0.588,0.563,0.528
2023-09-08T01:00:00-05:00,0.52,0.578,0.55,0.505
2023-09-08T01:15:00-05:00,0.505,0.565,0.534,0.49
2023-09-08T01:30:00-05:00,0.491,0.554,0.514,0.476
2023-09-08T01:45:00-05:00,0.482,0.546,0.503,0.466
2023-09-08T02:00:00-05:00,0.466,0.532,0.46,0.45
2023-09-08T02:15:00-05:00,0.457,0.521,0.45,0.442
2023-09-08T02:30:00-05:00,0.448,0.509,0.439,0.432
2023-09-08T02:45:00-05:00,0.442,0.503,0.429,0.427
2023-09-08T03:00:00-05:00,0.435,0.485,0.434,0.42
2023-09-08T03:15:00-05:00,0.428,0.476,0.429,0.412
2023-09-08T03:30:00-05:00,0.424,0.47,0.426,0.407
2023-09-08T03:45:00-05:00,0.42,0.464,0.424,0.403
2023-09-08T04:00:00-05:00,0.404,0.453,0.411,0.383
2023-09-08T04:15:00-05:00,0.402,0.448,0.407,0.379
2023-09-08T04:30:00-05:00,0.402,0.444,0.404,0.375
2023-09-08T04:45:00-05:00,0.402,0.437,0.4,0.37
2023-09-08T05:00:00-05:00,0.416,0.422,0.388,0.363
2023-09-08T05:15:00-05:00,0.425,0.419,0.389,0.365
2023-09-08T05:30:00-05:00,0.43,0.415,0.389,0.366
2023-09-08T05:45:00-05:00,0.435,0.412,0.393,0.37
2023-09-08T06:00:00-05:00,0.443,0.417,0.424,0.398
2023-09-08T06:15:00-05:00,0.45,0.418,0.44,0.413
2023-09-08T06:30:00-05:00,0.449,0.419,0.444,0.417
2023-09-08T06:45:00-05:00,0.449,0.428,0.443,0.417
2023-09-08T07:00:00-05:00,0.454,0.461,0.436,0.416
2023-09-08T07:15:00-05:00,0.447,0.465,0.424,0.404
2023-09-08T07:30:00-05:00,0.432,0.458,0.403,0.381
2023-09-08T07:45:00-05:00,0.421,0.445,0.387,0.362
2023-09-08T08:00:00-05:00,0.404,0.424,0.376,0.347
2023-09-08T08:15:00-05:00,0.407,0.424,0.375,0.342
2023-09-08T08:30:00-05:00,0.42,0.428,0.379,0.343
2023-09-08T08:45:00-05:00,0.444,0.44,0.391,0.35
2023-09-08T09:00:00-05:00,0.494,0.458,0.415,0.366
2023-09-08T09:15:00-05:00,0.525,0.475,0.432,0.379
2023-09-08T09:30:00-05:00,0.547,0.493,0.444,0.393
2023-09-08T09:45:00-05:00,0.563,0.51,0.455,0.406
2023-09-08T10:00:00-05:00,0.568,0.536,0.463,0.42
2023-09-08T10:15:00-05:00,0.587,0.557,0.476,0.437
2023-09-08T10:30:00-05:00,0.618,0.578,0.493,0.46
2023-09-08T10:45:00-05:00,0.651,0.597,0.511,0.484
2023-09-08T11:00:00-05:00,0.698,0.613,0.534,0.512
2023-09-08T11:15:00-05:00,0.737,0.635,0.556,0.54
2023-09-08T11:30:00-05:00,0.771,0.658,0.576,0.567
2023-09-08T11:45:00-05:00,0.806,0.681,0.597,0.596
2023-09-08T12:00:00-05:00,0.847,0.71,0.616,0.632
2023-09-08T12:15:00-05:00,0.88,0.735,0.638,0.66
2023-09-08T12:30:00-05:00,0.904,0.756,0.659,0.683
2023-09-08T12:45:00-05:00,0.924,0.776,0.682,0.704
2023-09-08T13:00:00-05:00,0.936,0.787,0.705,0.713
2023-09-08T13:15:00-05:00,0.952,0.806,0.728,0.733
2023-09-08T13:30:00-05:00,0.962,0.824,0.749,0.752
2023-09-08T13:45:00-05:00,0.966,0.844,0.769,0.772
2023-09-08T14:00:00-05:00,0.966,0.874,0.796,0.802
2023-09-08T14:15:00-05:00,0.969,0.89,0.813,0.82
2023-09-08T14:30:00-05:00,0.973,0.904,0.829,0.836
2023-09-08T14:45:00-05:00,0.976,0.913,0.842,0.847
2023-09-08T15:00:00-05:00,0.988,0.913,0.851,0.851
2023-09-08T15:15:00-05:00,0.994,0.923,0.863,0.863
2023-09-08T15:30:00-05:00,0.998,0.939,0.876,0.879
2023-09-08T15:45:00-05:00,0.994,0.955,0.887,0.894
2023-09-08T16:00:00-05:00,0.991,0.986,0.899,0.924
2023-09-08T16:15:00-05:00,0.983,1.004,0.908,0.939
2023-09-08T16:30:00-05:00,0.974,1.014,0.915,0.943
2023-09-08T16:45:00-05:00,0.971,1.023,0.924,0.947
2023-09-08T17:00:00-05:00,0.96,1.023,0.931,0.93
2023-09-08T17:15:00-05:00,0.949,1.034,0.942,0.931
2023-09-08T17:30:00-05:00,0.938,1.042,0.948,0.933
2023-09-08T17:45:00-05:00,0.923,1.043,0.947,0.933
2023-09-08T18:00:00-05:00,0.91,1.046,0.943,0.945
2023-09-08T18:15:00-05:00,0.892,1.042,0.937,0.941
2023-09-08T18:30:00-05:00,0.878,1.036,0.932,0.933
2023-09-08T18:45:00-05:00,0.86,1.022,0.92,0.916
2023-09-08T19:00:00-05:00,0.843,1.009,0.911,0.893
2023-09-08T19:15:00-05:00,0.826,0.994,0.9,0.875
2023-09-08T19:30:00-05:00,0.813,0.98,0.892,0.859
2023-09-08T19:45:00-05:00,0.803,0.966,0.884,0.844
2023-09-08T20:00:00-05:00,0.812,0.967,0.892,0.846
2023-09-08T20:15:00-05:00,0.808,0.958,0.89,0.837
2023-09-08T20:30:00-05:00,0.801,0.946,0.886,0.827
2023-09-08T20:45:00-05:00,0.79,0.929,0.877,0.813
2023-09-08T21:00:00-05:00,0.771,0.909,0.875,0.798
2023-09-08T21:15:00-05:00,0.76,0.892,0.865,0.784
2023-09-08T21:30:00-05:00,0.752,0.868,0.844,0.765
2023-09-08T21:45:00-05:00,0.744,0.843,0.814,0.744
2023-09-08T22:00:00-05:00,0.753,0.818,0.781,0.728
2023-09-08T22:15:00-05:00,0.747,0.798,0.755,0.711
2023-09-08T22:30:00-05:00,0.731,0.779,0.729,0.692
2023-09-08T22:45:00-05:00,0.709,0.762,0.704,0.672
2023-09-08T23:00:00-05:00,0.681,0.757,0.686,0.658
2023-09-08T23:15:00-05:00,0.659,0.74,0.663,0.639
2023-09-08T23:30:00-05:00,0.638,0.721,0.642,0.62
2023-09-08T23:45:00-05:00,0.618,0.701,0.622,0.601
2023-09-09T00:00:00-05:00,0.561,0.607,0.633,0.583
2023-09-09T00:15:00-05:00,0.536,0.591,0.614,0.563
2023-09-09T00:30:00-05:00,0.515,0.578,0.598,0.546
2023-09-09T00:45:00-05:00,0.492,0.566,0.583,0.529
2023-09-09T01:00:00-05:00,0.449,0.561,0.571,0.506
2023-09-09T01:15:00-05:00,0.432,0.549,0.556,0.491
2023-09-09T01:30:00-05:00,0.418,0.538,0.539,0.477
2023-09-09T01:45:00-05:00,0.407,0.53,0.528,0.467
2023-09-09T02:00:00-05:00,0.41,0.511,0.495,0.452
2023-09-09T02:15:00-05:00,0.403,0.501,0.483,0.443
2023-09-09T02:30:00-05:00,0.396,0.489,0.471,0.434
2023-09-09T02:45:00-05:00,0.393,0.483,0.462,0.428
2023-09-09T03:00:00-05:00,0.381,0.469,0.453,0.421
2023-09-09T03:15:00-05:00,0.376,0.461,0.445,0.414
2023-09-09T03:30:00-05:00,0.373,0.456,0.44,0.409
2023-09-09T03:45:00-05:00,0.37,0.451,0.435,0.405
2023-09-09T04:00:00-05:00,0.364,0.442,0.423,0.388
2023-09-09T04:15:00-05:00,0.362,0.437,0.419,0.383
2023-09-09T04:30:00-05:00,0.362,0.434,0.415,0.379
2023-09-09T04:45:00-05:00,0.362,0.428,0.409,0.372
2023-09-09T05:00:00-05:00,0.371,0.417,0.398,0.36
2023-09-09T05:15:00-05:00,0.376,0.414,0.397,0.357
2023-09-09T05:30:00-05:00,0.375,0.409,0.393,0.354
2023-09-09T05:45:00-05:00,0.371,0.403,0.39,0.35
2023-09-09T06:00:00-05:00,0.353,0.395,0.393,0.358
2023-09-09T06:15:00-05:00,0.341,0.387,0.392,0.358
2023-09-09T06:30:00-05:00,0.33,0.384,0.388,0.354
2023-09-09T06:45:00-05:00,0.328,0.393,0.391,0.354
2023-09-09T07:00:00-05:00,0.329,0.425,0.4,0.356
2023-09-09T07:15:00-05:00,0.334,0.435,0.401,0.355
2023-09-09T07:30:00-05:00,0.349,0.443,0.402,0.355
2023-09-09T07:45:00-05:00,0.372,0.448,0.406,0.36
2023-09-09T08:00:00-05:00,0.404,0.444,0.411,0.368
2023-09-09T08:15:00-05:00,0.426,0.455,0.422,0.379
2023-09-09T08:30:00-05:00,0.435,0.464,0.43,0.387
2023-09-09T08:45:00-05:00,0.447,0.479,0.444,0.401
2023-09-09T09:00:00-05:00,0.447,0.503,0.463,0.407
2023-09-09T09:15:00-05:00,0.461,0.522,0.481,0.426
2023-09-09T09:30:00-05:00,0.474,0.535,0.495,0.451
2023-09-09T09:45:00-05:00,0.487,0.544,0.505,0.477
2023-09-09T10:00:00-05:00,0.507,0.555,0.518,0.529
2023-09-09T10:15:00-05:00,0.524,0.567,0.532,0.56
2023-09-09T10:30:00-05:00,0.542,0.575,0.545,0.58
2023-09-09T10:45:00-05:00,0.559,0.583,0.558,0.596
2023-09-09T11:00:00-05:00,0.577,0.583,0.569,0.593
2023-09-09T11:15:00-05:00,0.598,0.595,0.586,0.609
2023-09-09T11:30:00-05:00,0.617,0.611,0.606,0.63
2023-09-09T11:45:00-05:00,0.637,0.631,0.627,0.653
2023-09-09T12:00:00-05:00,0.657,0.662,0.658,0.688
2023-09-09T12:15:00-05:00,0.679,0.684,0.681,0.713
2023-09-09T12:30:00-05:00,0.699,0.703,0.7,0.735
2023-09-09T12:45:00-05:00,0.72,0.72,0.716,0.756
2023-09-09T13:00:00-05:00,0.752,0.734,0.725,0.774
2023-09-09T13:15:00-05:00,0.77,0.75,0.74,0.794
2023-09-09T13:30:00-05:00,0.779,0.764,0.754,0.808
2023-09-09T13:45:00-05:00,0.779,0.775,0.769,0.82
2023-09-09T14:00:00-05:00,0.763,0.786,0.792,0.829
2023-09-09T14:15:00-05:00,0.761,0.796,0.805,0.839
2023-09-09T14:30:00-05:00,0.764,0.808,0.813,0.851
2023-09-09T14:45:00-05:00,0.77,0.819,0.818,0.864
2023-09-09T15:00:00-05:00,0.784,0.837,0.816,0.881
2023-09-09T15:15:00-05:00,0.793,0.848,0.822,0.894
2023-09-09T15:30:00-05:00,0.805,0.859,0.83,0.909
2023-09-09T15:45:00-05:00,0.817,0.866,0.836,0.921
2023-09-09T16:00:00-05:00,0.834,0.868,0.851,0.943
2023-09-09T16:15:00-05:00,0.846,0.872,0.857,0.953
2023-09-09T16:30:00-05:00,0.853,0.875,0.86,0.954
2023-09-09T16:45:00-05:00,0.863,0.883,0.864,0.954
2023-09-09T17:00:00-05:00,0.871,0.897,0.861,0.937
2023-09-09T17:15:00-05:00,0.882,0.905,0.865,0.931
2023-09-09T17:30:00-05:00,0.888,0.906,0.869,0.926
2023-09-09T17:45:00-05:00,0.886,0.897,0.867,0.917
2023-09-09T18:00:00-05:00,0.879,0.876,0.865,0.911
2023-09-09T18:15:00-05:00,0.872,0.863,0.862,0.899
2023-09-09T18:30:00-05:00,0.866,0.852,0.862,0.889
2023-09-09T18:45:00-05:00,0.854,0.84,0.86,0.876
2023-09-09T19:00:00-05:00,0.846,0.833,0.874,0.873
2023-09-09T19:15:00-05:00,0.834,0.821,0.873,0.859
2023-09-09T19:30:00-05:00,0.824,0.81,0.866,0.841
2023-09-09T19:45:00-05:00,0.813,0.8,0.852,0.821
2023-09-09T20:00:00-05:00,0.814,0.806,0.834,0.803
2023-09-09T20:15:00-05:00,0.808,0.8,0.824,0.786
2023-09-09T20:30:00-05:00,0.8,0.789,0.817,0.771
2023-09-09T20:45:00-05:00,0.788,0.772,0.811,0.756
2023-09-09T21:00:00-05:00,0.771,0.749,0.817,0.745
2023-09-09T21:15:00-05:00,0.759,0.733,0.81,0.731
2023-09-09T21:30:00-05:00,0.748,0.711,0.797,0.709
2023-09-09T21:45:00-05:00,0.737,0.689,0.775,0.686
2023-09-09T22:00:00-05:00,0.741,0.673,0.756,0.663
2023-09-09T22:15:00-05:00,0.732,0.654,0.736,0.643
2023-09-09T22:30:00-05:00,0.715,0.634,0.713,0.624
2023-09-09T22:45:00-05:00,0.692,0.611,0.686,0.606
2023-09-09T23:00:00-05:00,0.665,0.593,0.661,0.597
2023-09-09T23:15:00-05:00,0.643,0.573,0.638,0.581
2023-09-09T23:30:00-05:00,0.622,0.555,0.616,0.564
2023-09-09T23:45:00-05:00,0.602,0.537,0.596,0.547
2023-09-10T00:00:00-05:00,0.524,0.518,0.572,0.541
2023-09-10T00:15:00-05:00,0.506,0.503,0.556,0.523
2023-09-10T00:30:00-05:00,0.49,0.491,0.543,0.508
2023-09-10T00:45:00-05:00,0.474,0.48,0.53,0.493
2023-09-10T01:00:00-05:00,0.45,0.473,0.525,0.474
2023-09-10T01:15:00-05:00,0.437,0.461,0.511,0.461
2023-09-10T01:30:00-05:00,0.425,0.45,0.496,0.45
2023-09-10T01:45:00-05:00,0.417,0.443,0.486,0.441
2023-09-10T02:00:00-05:00,0.408,0.423,0.45,0.431
2023-09-10T02:15:00-05:00,0.402,0.414,0.439,0.422
2023-09-10T02:30:00-05:00,0.394,0.403,0.428,0.412
2023-09-10T02:45:00-05:00,0.39,0.397,0.419,0.407
2023-09-10T03:00:00-05:00,0.386,0.386,0.414,0.39
2023-09-10T03:15:00-05:00,0.378,0.378,0.408,0.383
2023-09-10T03:30:00-05:00,0.374,0.372,0.404,0.379
2023-09-10T03:45:00-05:00,0.371,0.368,0.401,0.374
2023-09-10T04:00:00-05:00,0.348,0.352,0.394,0.37
2023-09-10T04:15:00-05:00,0.345,0.349,0.39,0.366
2023-09-10T04:30:00-05:00,0.342,0.345,0.387,0.364
2023-09-10T04:45:00-05:00,0.338,0.341,0.381,0.359
2023-09-10T05:00:00-05:00,0.342,0.339,0.364,0.345
2023-09-10T05:15:00-05:00,0.346,0.339,0.36,0.342
2023-09-10T05:30:00-05:00,0.347,0.337,0.356,0.339
2023-09-10T05:45:00-05:00,0.347,0.335,0.352,0.336
2023-09-10T06:00:00-05:00,0.349,0.33,0.358,0.343
2023-09-10T06:15:00-05:00,0.351,0.327,0.358,0.344
2023-09-10T06:30:00-05:00,0.349,0.326,0.356,0.341
2023-09-10T06:45:00-05:00,0.352,0.333,0.359,0.342
2023-09-10T07:00:00-05:00,0.355,0.354,0.363,0.346
2023-09-10T07:15:00-05:00,0.356,0.362,0.367,0.345
2023-09-10T07:30:00-05:00,0.36,0.369,0.375,0.344
2023-09-10T07:45:00-05:00,0.368,0.375,0.386,0.346
2023-09-10T08:00:00-05:00,0.376,0.372,0.396,0.349
2023-09-10T08:15:00-05:00,0.389,0.383,0.412,0.358
2023-09-10T08:30:00-05:00,0.399,0.394,0.424,0.366
2023-09-10T08:45:00-05:00,0.415,0.411,0.441,0.379
2023-09-10T09:00:00-05:00,0.437,0.439,0.466,0.392
2023-09-10T09:15:00-05:00,0.456,0.46,0.487,0.41
2023-09-10T09:30:00-05:00,0.47,0.472,0.501,0.429
2023-09-10T09:45:00-05:00,0.48,0.479,0.511,0.446
2023-09-10T10:00:00-05:00,0.487,0.483,0.523,0.477
2023-09-10T10:15:00-05:00,0.5,0.493,0.536,0.498
2023-09-10T10:30:00-05:00,0.519,0.504,0.546,0.514
2023-09-10T10:45:00-05:00,0.538,0.515,0.555,0.529
2023-09-10T11:00:00-05:00,0.566,0.528,0.56,0.533
2023-09-10T11:15:00-05:00,0.589,0.543,0.572,0.55
2023-09-10T11:30:00-05:00,0.61,0.559,0.587,0.569
2023-09-10T11:45:00-05:00,0.631,0.577,0.603,0.59
2023-09-10T12:00:00-05:00,0.652,0.597,0.623,0.618
2023-09-10T12:15:00-05:00,0.673,0.617,0.642,0.641
2023-09-10T12:30:00-05:00,0.691,0.635,0.661,0.663
2023-09-10T12:45:00-05:00,0.708,0.654,0.683,0.686
2023-09-10T13:00:00-05:00,0.727,0.677,0.707,0.714
2023-09-10T13:15:00-05:00,0.742,0.695,0.728,0.735
2023-09-10T13:30:00-05:00,0.752,0.707,0.746,0.749
2023-09-10T13:45:00-05:00,0.757,0.716,0.761,0.756
2023-09-10T14:00:00-05:00,0.758,0.724,0.784,0.757
2023-09-10T14:15:00-05:00,0.761,0.73,0.797,0.763
2023-09-10T14:30:00-05:00,0.765,0.736,0.805,0.77
2023-09-10T14:45:00-05:00,0.767,0.74,0.807,0.778
2023-09-10T15:00:00-05:00,0.772,0.745,0.803,0.787
2023-09-10T15:15:00-05:00,0.777,0.751,0.807,0.796
2023-09-10T15:30:00-05:00,0.785,0.758,0.811,0.809
2023-09-10T15:45:00-05:00,0.79,0.762,0.812,0.822
2023-09-10T16:00:00-05:00,0.802,0.767,0.817,0.845
2023-09-10T16:15:00-05:00,0.807,0.771,0.818,0.858
2023-09-10T16:30:00-05:00,0.809,0.776,0.818,0.863
2023-09-10T16:45:00-05:00,0.814,0.785,0.822,0.868
2023-09-10T17:00:00-05:00,0.816,0.8,0.819,0.861
2023-09-10T17:15:00-05:00,0.82,0.813,0.824,0.865
2023-09-10T17:30:00-05:00,0.821,0.819,0.829,0.868
2023-09-10T17:45:00-05:00,0.815,0.815,0.832,0.867
2023-09-10T18:00:00-05:00,0.806,0.804,0.838,0.869
2023-09-10T18:15:00-05:00,0.797,0.797,0.839,0.865
2023-09-10T18:30:00-05:00,0.788,0.791,0.841,0.86
2023-09-10T18:45:00-05:00,0.775,0.782,0.84,0.849
2023-09-10T19:00:00-05:00,0.761,0.778,0.846,0.844
2023-09-10T19:15:00-05:00,0.749,0.77,0.847,0.832
2023-09-10T19:30:00-05:00,0.742,0.763,0.848,0.82
2023-09-10T19:45:00-05:00,0.737,0.756,0.845,0.807
2023-09-10T20:00:00-05:00,0.756,0.764,0.854,0.801
2023-09-10T20:15:00-05:00,0.757,0.761,0.857,0.791
2023-09-10T20:30:00-05:00,0.752,0.755,0.855,0.78
2023-09-10T20:45:00-05:00,0.739,0.743,0.848,0.767
2023-09-10T21:00:00-05:00,0.719,0.737,0.849,0.759
2023-09-10T21:15:00-05:00,0.706,0.725,0.84,0.746
2023-09-10T21:30:00-05:00,0.689,0.699,0.818,0.723
2023-09-10T21:45:00-05:00,0.672,0.666,0.785,0.695
2023-09-10T22:00:00-05:00,0.666,0.63,0.753,0.67
2023-09-10T22:15:00-05:00,0.65,0.6,0.721,0.645
2023-09-10T22:30:00-05:00,0.628,0.573,0.688,0.62
2023-09-10T22:45:00-05:00,0.6,0.546,0.65,0.594
2023-09-10T23:00:00-05:00,0.567,0.526,0.612,0.571
2023-09-10T23:15:00-05:00,0.543,0.505,0.581,0.548
2023-09-10T23:30:00-05:00,0.523,0.486,0.557,0.529
2023-09-10T23:45:00-05:00,0.504,0.469,0.535,0.51
2023-09-11T00:00:00-05:00,0.45,0.445,0.515,0.473
2023-09-11T00:15:00-05:00,0.433,0.432,0.498,0.458
2023-09-11T00:30:00-05:00,0.418,0.421,0.485,0.446
2023-09-11T00:45:00-05:00,0.403,0.41,0.471,0.434
2023-09-11T01:00:00-05:00,0.378,0.399,0.457,0.421
2023-09-11T01:15:00-05:00,0.366,0.389,0.444,0.411
2023-09-11T01:30:00-05:00,0.356,0.38,0.429,0.401
2023-09-11T01:45:00-05:00,0.348,0.374,0.42,0.394
2023-09-11T02:00:00-05:00,0.345,0.362,0.391,0.383
2023-09-11T02:15:00-05:00,0.34,0.356,0.383,0.374
2023-09-11T02:30:00-05:00,0.333,0.349,0.375,0.366
2023-09-11T02:45:00-05:00,0.33,0.345,0.368,0.361
2023-09-11T03:00:00-05:00,0.323,0.34,0.37,0.348
2023-09-11T03:15:00-05:00,0.318,0.335,0.366,0.341
2023-09-11T03:30:00-05:00,0.314,0.332,0.364,0.337
2023-09-11T03:45:00-05:00,0.312,0.33,0.363,0.333
2023-09-11T04:00:00-05:00,0.299,0.318,0.355,0.325
2023-09-11T04:15:00-05:00,0.298,0.317,0.353,0.323
2023-09-11T04:30:00-05:00,0.298,0.317,0.352,0.323
2023-09-11T04:45:00-05:00,0.298,0.317,0.351,0.322
2023-09-11T05:00:00-05:00,0.31,0.327,0.348,0.324
2023-09-11T05:15:00-05:00,0.318,0.335,0.353,0.329
2023-09-11T05:30:00-05:00,0.321,0.339,0.357,0.333
2023-09-11T05:45:00-05:00,0.323,0.344,0.364,0.34
2023-09-11T06:00:00-05:00,0.324,0.349,0.394,0.358
2023-09-11T06:15:00-05:00,0.326,0.357,0.414,0.373
2023-09-11T06:30:00-05:00,0.322,0.362,0.42,0.382
2023-09-11T06:45:00-05:00,0.32,0.373,0.421,0.391
2023-09-11T07:00:00-05:00,0.315,0.397,0.412,0.406
2023-09-11T07:15:00-05:00,0.311,0.399,0.4,0.403
2023-09-11T07:30:00-05:00,0.309,0.389,0.381,0.387
2023-09-11T07:45:00-05:00,0.312,0.374,0.365,0.368
2023-09-11T08:00:00-05:00,0.322,0.352,0.358,0.35
2023-09-11T08:15:00-05:00,0.331,0.349,0.355,0.343
2023-09-11T08:30:00-05:00,0.337,0.351,0.354,0.338
2023-09-11T08:45:00-05:00,0.347,0.359,0.358,0.336
2023-09-11T09:00:00-05:00,0.357,0.384,0.367,0.329
2023-09-11T09:15:00-05:00,0.371,0.396,0.374,0.332
2023-09-11T09:30:00-05:00,0.385,0.4,0.381,0.341
2023-09-11T09:45:00-05:00,0.398,0.401,0.387,0.354
2023-09-11T10:00:00-05:00,0.422,0.394,0.396,0.383
2023-09-11T10:15:00-05:00,0.438,0.397,0.405,0.399
2023-09-11T10:30:00-05:00,0.449,0.402,0.414,0.413
2023-09-11T10:45:00-05:00,0.458,0.408,0.423,0.424
2023-09-11T11:00:00-05:00,0.46,0.418,0.433,0.431
2023-09-11T11:15:00-05:00,0.471,0.428,0.445,0.444
2023-09-11T11:30:00-05:00,0.485,0.438,0.458,0.458
2023-09-11T11:45:00-05:00,0.5,0.448,0.471,0.472
2023-09-11T12:00:00-05:00,0.521,0.461,0.485,0.491
2023-09-11T12:15:00-05:00,0.537,0.473,0.501,0.507
2023-09-11T12:30:00-05:00,0.552,0.483,0.517,0.52
2023-09-11T12:45:00-05:00,0.567,0.493,0.536,0.532
2023-09-11T13:00:00-05:00,0.586,0.502,0.558,0.542
2023-09-11T13:15:00-05:00,0.599,0.513,0.576,0.553
2023-09-11T13:30:00-05:00,0.607,0.522,0.591,0.561
2023-09-11T13:45:00-05:00,0.609,0.53,0.603,0.568
2023-09-11T14:00:00-05:00,0.599,0.54,0.612,0.571
2023-09-11T14:15:00-05:00,0.6,0.547,0.623,0.577
2023-09-11T14:30:00-05:00,0.608,0.555,0.636,0.587
2023-09-11T14:45:00-05:00,0.62,0.563,0.651,0.599
2023-09-11T15:00:00-05:00,0.645,0.571,0.669,0.612
2023-09-11T15:15:00-05:00,0.658,0.579,0.682,0.624
2023-09-11T15:30:00-05:00,0.67,0.591,0.696,0.642
2023-09-11T15:45:00-05:00,0.679,0.603,0.707,0.662
2023-09-11T16:00:00-05:00,0.683,0.62,0.715,0.69
2023-09-11T16:15:00-05:00,0.691,0.633,0.725,0.711
2023-09-11T16:30:00-05:00,0.697,0.643,0.733,0.724
2023-09-11T16:45:00-05:00,0.707,0.654,0.743,0.735
2023-09-11T17:00:00-05:00,0.719,0.667,0.747,0.738
2023-09-11T17:15:00-05:00,0.732,0.683,0.763,0.755
2023-09-11T17:30:00-05:00,0.74,0.693,0.777,0.767
2023-09-11T17:45:00-05:00,0.74,0.695,0.787,0.774
2023-09-11T18:00:00-05:00,0.731,0.693,0.801,0.784
2023-09-11T18:15:00-05:00,0.728,0.691,0.809,0.787
2023-09-11T18:30:00-05:00,0.727,0.689,0.813,0.787
2023-09-11T18:45:00-05:00,0.726,0.682,0.813,0.779
2023-09-11T19:00:00-05:00,0.729,0.674,0.813,0.773
2023-09-11T19:15:00-05:00,0.729,0.667,0.813,0.764
2023-09-11T19:30:00-05:00,0.733,0.663,0.814,0.754
2023-09-11T19:45:00-05:00,0.734,0.658,0.811,0.741
2023-09-11T20:00:00-05:00,0.757,0.667,0.821,0.733
2023-09-11T20:15:00-05:00,0.764,0.666,0.824,0.724
2023-09-11T20:30:00-05:00,0.762,0.663,0.823,0.716
2023-09-11T20:45:00-05:00,0.752,0.655,0.816,0.706
2023-09-11T21:00:00-05:00,0.734,0.653,0.816,0.707
2023-09-11T21:15:00-05:00,0.722,0.645,0.808,0.698
2023-09-11T21:30:00-05:00,0.706,0.624,0.788,0.677
2023-09-11T21:45:00-05:00,0.687,0.598,0.758,0.649
2023-09-11T22:00:00-05:00,0.677,0.569,0.729,0.618
2023-09-11T22:15:00-05:00,0.66,0.544,0.7,0.592
2023-09-11T22:30:00-05:00,0.637,0.52,0.669,0.57
2023-09-11T22:45:00-05:00,0.61,0.496,0.634,0.547
2023-09-11T23:00:00-05:00,0.581,0.476,0.599,0.532
2023-09-11T23:15:00-05:00,0.557,0.456,0.57,0.513
2023-09-11T23:30:00-05:00,0.537,0.439,0.547,0.496
2023-09-11T23:45:00-05:00,0.518,0.423,0.526,0.479
2023-09-12T00:00:00-05:00,0.464,0.416,0.503,0.386
2023-09-12T00:15:00-05:00,0.447,0.403,0.488,0.373
2023-09-12T00:30:00-05:00,0.433,0.391,0.477,0.361
2023-09-12T00:45:00-05:00,0.419,0.38,0.465,0.349
2023-09-12T01:00:00-05:00,0.399,0.368,0.459,0.33
2023-09-12T01:15:00-05:00,0.387,0.358,0.447,0.321
2023-09-12T01:30:00-05:00,0.376,0.348,0.435,0.313
2023-09-12T01:45:00-05:00,0.368,0.341,0.427,0.307
2023-09-12T02:00:00-05:00,0.359,0.327,0.4,0.306
2023-09-12T02:15:00-05:00,0.353,0.322,0.392,0.302
2023-09-12T02:30:00-05:00,0.345,0.316,0.383,0.296
2023-09-12T02:45:00-05:00,0.341,0.312,0.377,0.294
2023-09-12T03:00:00-05:00,0.332,0.31,0.377,0.285
2023-09-12T03:15:00-05:00,0.327,0.308,0.372,0.281
2023-09-12T03:30:00-05:00,0.324,0.306,0.369,0.278
2023-09-12T03:45:00-05:00,0.322,0.306,0.367,0.276
2023-09-12T04:00:00-05:00,0.313,0.303,0.354,0.27
2023-09-12T04:15:00-05:00,0.313,0.302,0.351,0.268
2023-09-12T04:30:00-05:00,0.315,0.305,0.351,0.269
2023-09-12T04:45:00-05:00,0.317,0.307,0.349,0.269
2023-09-12T05:00:00-05:00,0.335,0.314,0.347,0.274
2023-09-12T05:15:00-05:00,0.347,0.322,0.353,0.28
2023-09-12T05:30:00-05:00,0.353,0.327,0.358,0.285
2023-09-12T05:45:00-05:00,0.358,0.332,0.367,0.292
2023-09-12T06:00:00-05:00,0.363,0.339,0.4,0.311
2023-09-12T06:15:00-05:00,0.368,0.348,0.423,0.327
2023-09-12T06:30:00-05:00,0.367,0.353,0.432,0.335
2023-09-12T06:45:00-05:00,0.365,0.36,0.435,0.341
2023-09-12T07:00:00-05:00,0.359,0.376,0.423,0.346
2023-09-12T07:15:00-05:00,0.352,0.376,0.413,0.342
2023-09-12T07:30:00-05:00,0.344,0.367,0.396,0.329
2023-09-12T07:45:00-05:00,0.342,0.356,0.384,0.315
2023-09-12T08:00:00-05:00,0.345,0.343,0.38,0.304
2023-09-12T08:15:00-05:00,0.352,0.342,0.38,0.3
2023-09-12T08:30:00-05:00,0.36,0.342,0.38,0.296
2023-09-12T08:45:00-05:00,0.375,0.347,0.386,0.295
2023-09-12T09:00:00-05:00,0.399,0.36,0.397,0.295
2023-09-12T09:15:00-05:00,0.418,0.367,0.407,0.296
2023-09-12T09:30:00-05:00,0.433,0.369,0.413,0.297
2023-09-12T09:45:00-05:00,0.445,0.368,0.417,0.298
2023-09-12T10:00:00-05:00,0.456,0.363,0.426,0.299
2023-09-12T10:15:00-05:00,0.471,0.365,0.434,0.302
2023-09-12T10:30:00-05:00,0.489,0.368,0.439,0.309
2023-09-12T10:45:00-05:00,0.507,0.373,0.443,0.317
2023-09-12T11:00:00-05:00,0.53,0.382,0.449,0.335
2023-09-12T11:15:00-05:00,0.551,0.39,0.456,0.345
2023-09-12T11:30:00-05:00,0.568,0.4,0.462,0.352
2023-09-12T11:45:00-05:00,0.585,0.409,0.467,0.356
2023-09-12T12:00:00-05:00,0.603,0.423,0.467,0.358
2023-09-12T12:15:00-05:00,0.621,0.435,0.474,0.363
2023-09-12T12:30:00-05:00,0.634,0.444,0.485,0.364
2023-09-12T12:45:00-05:00,0.645,0.453,0.501,0.364
2023-09-12T13:00:00-05:00,0.655,0.46,0.525,0.36
2023-09-12T13:15:00-05:00,0.665,0.469,0.541,0.361
2023-09-12T13:30:00-05:00,0.671,0.475,0.554,0.361
2023-09-12T13:45:00-05:00,0.674,0.481,0.563,0.361
2023-09-12T14:00:00-05:00,0.669,0.487,0.571,0.36
2023-09-12T14:15:00-05:00,0.671,0.491,0.579,0.36
2023-09-12T14:30:00-05:00,0.678,0.496,0.589,0.365
2023-09-12T14:45:00-05:00,0.689,0.5,0.598,0.373
2023-09-12T15:00:00-05:00,0.711,0.503,0.607,0.388
2023-09-12T15:15:00-05:00,0.723,0.509,0.616,0.396
2023-09-12T15:30:00-05:00,0.735,0.516,0.628,0.404
2023-09-12T15:45:00-05:00,0.743,0.523,0.639,0.41
2023-09-12T16:00:00-05:00,0.749,0.533,0.651,0.414
2023-09-12T16:15:00-05:00,0.755,0.54,0.662,0.42
2023-09-12T16:30:00-05:00,0.759,0.546,0.671,0.424
2023-09-12T16:45:00-05:00,0.767,0.553,0.681,0.43
2023-09-12T17:00:00-05:00,0.771,0.559,0.689,0.434
2023-09-12T17:15:00-05:00,0.781,0.57,0.704,0.443
2023-09-12T17:30:00-05:00,0.788,0.577,0.715,0.45
2023-09-12T17:45:00-05:00,0.789,0.579,0.719,0.453
2023-09-12T18:00:00-05:00,0.788,0.582,0.717,0.457
2023-09-12T18:15:00-05:00,0.786,0.581,0.718,0.459
2023-09-12T18:30:00-05:00,0.785,0.579,0.722,0.46
2023-09-12T18:45:00-05:00,0.78,0.572,0.726,0.457
2023-09-12T19:00:00-05:00,0.778,0.563,0.74,0.455
2023-09-12T19:15:00-05:00,0.775,0.556,0.745,0.453
2023-09-12T19:30:00-05:00,0.774,0.551,0.748,0.452
2023-09-12T19:45:00-05:00,0.772,0.547,0.747,0.451
2023-09-12T20:00:00-05:00,0.787,0.553,0.748,0.458
2023-09-12T20:15:00-05:00,0.79,0.553,0.752,0.46
2023-09-12T20:30:00-05:00,0.788,0.552,0.755,0.459
2023-09-12T20:45:00-05:00,0.78,0.547,0.755,0.456
2023-09-12T21:00:00-05:00,0.769,0.55,0.774,0.451
2023-09-12T21:15:00-05:00,0.76,0.546,0.774,0.447
2023-09-12T21:30:00-05:00,0.745,0.533,0.758,0.441
2023-09-12T21:45:00-05:00,0.725,0.513,0.727,0.433
2023-09-12T22:00:00-05:00,0.711,0.492,0.689,0.433
2023-09-12T22:15:00-05:00,0.693,0.474,0.66,0.424
2023-09-12T22:30:00-05:00,0.671,0.455,0.631,0.409
2023-09-12T22:45:00-05:00,0.644,0.433,0.601,0.389
2023-09-12T23:00:00-05:00,0.618,0.413,0.573,0.362
2023-09-12T23:15:00-05:00,0.595,0.395,0.548,0.344
2023-09-12T23:30:00-05:00,0.574,0.38,0.527,0.33
2023-09-12T23:45:00-05:00,0.555,0.367,0.508,0.318
2023-09-13T00:00:00-05:00,0.489,0.371,0.476,0.321
2023-09-13T00:15:00-05:00,0.472,0.359,0.461,0.31
2023-09-13T00:30:00-05:00,0.458,0.349,0.449,0.301
2023-09-13T00:45:00-05:00,0.444,0.339,0.436,0.292
2023-09-13T01:00:00-05:00,0.424,0.328,0.424,0.279
2023-09-13T01:15:00-05:00,0.412,0.318,0.412,0.271
2023-09-13T01:30:00-05:00,0.402,0.309,0.401,0.265
2023-09-13T01:45:00-05:00,0.394,0.302,0.394,0.26
2023-09-13T02:00:00-05:00,0.385,0.286,0.377,0.257
2023-09-13T02:15:00-05:00,0.378,0.281,0.37,0.254
2023-09-13T02:30:00-05:00,0.371,0.276,0.362,0.25
2023-09-13T02:45:00-05:00,0.367,0.273,0.357,0.248
2023-09-13T03:00:00-05:00,0.358,0.274,0.352,0.244
2023-09-13T03:15:00-05:00,0.353,0.273,0.347,0.242
2023-09-13T03:30:00-05:00,0.35,0.272,0.344,0.24
2023-09-13T03:45:00-05:00,0.348,0.273,0.341,0.239
2023-09-13T04:00:00-05:00,0.341,0.271,0.332,0.232
2023-09-13T04:15:00-05:00,0.34,0.271,0.33,0.231
2023-09-13T04:30:00-05:00,0.341,0.273,0.33,0.232
2023-09-13T04:45:00-05:00,0.343,0.274,0.329,0.233
2023-09-13T05:00:00-05:00,0.355,0.279,0.329,0.239
2023-09-13T05:15:00-05:00,0.363,0.286,0.334,0.246
2023-09-13T05:30:00-05:00,0.367,0.29,0.339,0.252
2023-09-13T05:45:00-05:00,0.37,0.294,0.347,0.26
2023-09-13T06:00:00-05:00,0.373,0.302,0.378,0.279
2023-09-13T06:15:00-05:00,0.376,0.312,0.398,0.296
2023-09-13T06:30:00-05:00,0.374,0.318,0.406,0.306
2023-09-13T06:45:00-05:00,0.373,0.327,0.408,0.315
2023-09-13T07:00:00-05:00,0.375,0.343,0.396,0.321
2023-09-13T07:15:00-05:00,0.37,0.345,0.386,0.32
2023-09-13T07:30:00-05:00,0.362,0.339,0.369,0.312
2023-09-13T07:45:00-05:00,0.359,0.33,0.357,0.301
2023-09-13T08:00:00-05:00,0.356,0.318,0.355,0.293
2023-09-13T08:15:00-05:00,0.363,0.317,0.354,0.291
2023-09-13T08:30:00-05:00,0.372,0.317,0.353,0.286
2023-09-13T08:45:00-05:00,0.387,0.321,0.356,0.284
2023-09-13T09:00:00-05:00,0.415,0.332,0.362,0.278
2023-09-13T09:15:00-05:00,0.435,0.339,0.368,0.278
2023-09-13T09:30:00-05:00,0.45,0.341,0.373,0.28
2023-09-13T09:45:00-05:00,0.462,0.341,0.377,0.284
2023-09-13T10:00:00-05:00,0.472,0.338,0.387,0.293
2023-09-13T10:15:00-05:00,0.487,0.341,0.394,0.3
2023-09-13T10:30:00-05:00,0.502,0.346,0.398,0.309
2023-09-13T10:45:00-05:00,0.517,0.353,0.401,0.317
2023-09-13T11:00:00-05:00,0.537,0.364,0.401,0.332
2023-09-13T11:15:00-05:00,0.556,0.375,0.407,0.343
2023-09-13T11:30:00-05:00,0.57,0.384,0.413,0.35
2023-09-13T11:45:00-05:00,0.583,0.394,0.42,0.355
2023-09-13T12:00:00-05:00,0.597,0.407,0.427,0.361
2023-09-13T12:15:00-05:00,0.611,0.418,0.437,0.367
2023-09-13T12:30:00-05:00,0.621,0.426,0.446,0.368
2023-09-13T12:45:00-05:00,0.628,0.433,0.458,0.368
2023-09-13T13:00:00-05:00,0.633,0.437,0.472,0.359
2023-09-13T13:15:00-05:00,0.64,0.444,0.484,0.359
2023-09-13T13:30:00-05:00,0.644,0.45,0.494,0.361
2023-09-13T13:45:00-05:00,0.646,0.456,0.504,0.365
2023-09-13T14:00:00-05:00,0.643,0.466,0.514,0.371
2023-09-13T14:15:00-05:00,0.644,0.471,0.522,0.376
2023-09-13T14:30:00-05:00,0.65,0.475,0.53,0.382
2023-09-13T14:45:00-05:00,0.658,0.478,0.538,0.391
2023-09-13T15:00:00-05:00,0.676,0.479,0.547,0.404
2023-09-13T15:15:00-05:00,0.685,0.483,0.555,0.412
2023-09-13T15:30:00-05:00,0.695,0.49,0.564,0.421
2023-09-13T15:45:00-05:00,0.701,0.496,0.571,0.427
2023-09-13T16:00:00-05:00,0.704,0.507,0.578,0.431
2023-09-13T16:15:00-05:00,0.709,0.514,0.586,0.436
2023-09-13T16:30:00-05:00,0.712,0.52,0.592,0.442
2023-09-13T16:45:00-05:00,0.718,0.527,0.6,0.449
2023-09-13T17:00:00-05:00,0.719,0.53,0.607,0.457
2023-09-13T17:15:00-05:00,0.728,0.541,0.619,0.467
2023-09-13T17:30:00-05:00,0.737,0.55,0.628,0.475
2023-09-13T17:45:00-05:00,0.742,0.555,0.632,0.478
2023-09-13T18:00:00-05:00,0.752,0.565,0.633,0.481
2023-09-13T18:15:00-05:00,0.755,0.568,0.635,0.481
2023-09-13T18:30:00-05:00,0.757,0.569,0.638,0.481
2023-09-13T18:45:00-05:00,0.754,0.563,0.64,0.477
2023-09-13T19:00:00-05:00,0.751,0.556,0.648,0.471
2023-09-13T19:15:00-05:00,0.749,0.55,0.651,0.467
2023-09-13T19:30:00-05:00,0.751,0.546,0.653,0.466
2023-09-13T19:45:00-05:00,0.75,0.54,0.65,0.465
2023-09-13T20:00:00-05:00,0.767,0.541,0.65,0.476
2023-09-13T20:15:00-05:00,0.773,0.54,0.653,0.479
2023-09-13T20:30:00-05:00,0.775,0.538,0.656,0.48
2023-09-13T20:45:00-05:00,0.769,0.535,0.657,0.477
2023-09-13T21:00:00-05:00,0.762,0.539,0.676,0.475
2023-09-13T21:15:00-05:00,0.755,0.536,0.676,0.471
2023-09-13T21:30:00-05:00,0.746,0.525,0.664,0.465
2023-09-13T21:45:00-05:00,0.73,0.508,0.639,0.454
2023-09-13T22:00:00-05:00,0.722,0.49,0.607,0.451
2023-09-13T22:15:00-05:00,0.708,0.474,0.583,0.44
2023-09-13T22:30:00-05:00,0.687,0.457,0.56,0.423
2023-09-13T22:45:00-05:00,0.661,0.438,0.535,0.399
2023-09-13T23:00:00-05:00,0.631,0.42,0.513,0.368
2023-09-13T23:15:00-05:00,0.607,0.404,0.493,0.349
2023-09-13T23:30:00-05:00,0.586,0.39,0.475,0.334
2023-09-13T23:45:00-05:00,0.566,0.376,0.458,0.32
2023-09-14T00:00:00-05:00,0.461,0.349,0.438,0.307
2023-09-14T00:15:00-05:00,0.445,0.338,0.424,0.298
2023-09-14T00:30:00-05:00,0.432,0.329,0.412,0.291
2023-09-14T00:45:00-05:00,0.419,0.319,0.401,0.284
2023-09-14T01:00:00-05:00,0.402,0.31,0.385,0.278
2023-09-14T01:15:00-05:00,0.391,0.302,0.376,0.272
2023-09-14T01:30:00-05:00,0.38,0.293,0.368,0.267
2023-09-14T01:45:00-05:00,0.373,0.287,0.363,0.264
2023-09-14T02:00:00-05:00,0.363,0.272,0.362,0.257
2023-09-14T02:15:00-05:00,0.355,0.268,0.355,0.254
2023-09-14T02:30:00-05:00,0.347,0.263,0.348,0.25
2023-09-14T02:45:00-05:00,0.342,0.26,0.345,0.248
2023-09-14T03:00:00-05:00,0.327,0.262,0.328,0.245
2023-09-14T03:15:00-05:00,0.324,0.262,0.324,0.243
2023-09-14T03:30:00-05:00,0.321,0.261,0.321,0.241
2023-09-14T03:45:00-05:00,0.319,0.262,0.318,0.241
2023-09-14T04:00:00-05:00,0.325,0.261,0.32,0.238
2023-09-14T04:15:00-05:00,0.326,0.261,0.319,0.238
2023-09-14T04:30:00-05:00,0.331,0.263,0.321,0.24
2023-09-14T04:45:00-05:00,0.337,0.266,0.322,0.242
2023-09-14T05:00:00-05:00,0.354,0.273,0.32,0.248
2023-09-14T05:15:00-05:00,0.367,0.281,0.325,0.256
2023-09-14T05:30:00-05:00,0.374,0.286,0.33,0.262
2023-09-14T05:45:00-05:00,0.38,0.291,0.338,0.27
2023-09-14T06:00:00-05:00,0.386,0.299,0.368,0.289
2023-09-14T06:15:00-05:00,0.393,0.308,0.388,0.307
2023-09-14T06:30:00-05:00,0.389,0.314,0.395,0.318
2023-09-14T06:45:00-05:00,0.384,0.322,0.397,0.33
2023-09-14T07:00:00-05:00,0.374,0.336,0.385,0.337
2023-09-14T07:15:00-05:00,0.362,0.337,0.374,0.339
2023-09-14T07:30:00-05:00,0.348,0.33,0.359,0.333
2023-09-14T07:45:00-05:00,0.342,0.322,0.347,0.325
2023-09-14T08:00:00-05:00,0.349,0.312,0.344,0.32
2023-09-14T08:15:00-05:00,0.353,0.311,0.344,0.318
2023-09-14T08:30:00-05:00,0.355,0.311,0.345,0.313
2023-09-14T08:45:00-05:00,0.361,0.315,0.35,0.309
2023-09-14T09:00:00-05:00,0.366,0.326,0.359,0.292
2023-09-14T09:15:00-05:00,0.376,0.332,0.368,0.29
2023-09-14T09:30:00-05:00,0.387,0.332,0.374,0.295
2023-09-14T09:45:00-05:00,0.398,0.331,0.38,0.305
2023-09-14T10:00:00-05:00,0.417,0.325,0.393,0.331
2023-09-14T10:15:00-05:00,0.432,0.325,0.402,0.344
2023-09-14T10:30:00-05:00,0.447,0.328,0.407,0.354
2023-09-14T10:45:00-05:00,0.462,0.331,0.41,0.363
2023-09-14T11:00:00-05:00,0.483,0.341,0.407,0.369
2023-09-14T11:15:00-05:00,0.5,0.348,0.413,0.379
2023-09-14T11:30:00-05:00,0.511,0.355,0.423,0.388
2023-09-14T11:45:00-05:00,0.518,0.361,0.434,0.396
2023-09-14T12:00:00-05:00,0.525,0.371,0.451,0.408
2023-09-14T12:15:00-05:00,0.533,0.379,0.465,0.418
2023-09-14T12:30:00-05:00,0.535,0.383,0.48,0.423
2023-09-14T12:45:00-05:00,0.535,0.387,0.496,0.427
2023-09-14T13:00:00-05:00,0.533,0.386,0.514,0.422
2023-09-14T13:15:00-05:00,0.531,0.39,0.53,0.427
2023-09-14T13:30:00-05:00,0.526,0.394,0.543,0.433
2023-09-14T13:45:00-05:00,0.517,0.398,0.556,0.443
2023-09-14T14:00:00-05:00,0.497,0.405,0.568,0.457
2023-09-14T14:15:00-05:00,0.489,0.409,0.579,0.466
2023-09-14T14:30:00-05:00,0.487,0.411,0.592,0.477
2023-09-14T14:45:00-05:00,0.488,0.412,0.605,0.49
2023-09-14T15:00:00-05:00,0.502,0.41,0.624,0.504
2023-09-14T15:15:00-05:00,0.507,0.412,0.635,0.515
2023-09-14T15:30:00-05:00,0.513,0.418,0.644,0.528
2023-09-14T15:45:00-05:00,0.518,0.424,0.646,0.541
2023-09-14T16:00:00-05:00,0.522,0.437,0.637,0.555
2023-09-14T16:15:00-05:00,0.526,0.444,0.636,0.568
2023-09-14T16:30:00-05:00,0.53,0.45,0.638,0.577
2023-09-14T16:45:00-05:00,0.536,0.456,0.644,0.587
2023-09-14T17:00:00-05:00,0.543,0.458,0.654,0.597
2023-09-14T17:15:00-05:00,0.551,0.469,0.663,0.612
2023-09-14T17:30:00-05:00,0.557,0.478,0.667,0.622
2023-09-14T17:45:00-05:00,0.557,0.485,0.665,0.626
2023-09-14T18:00:00-05:00,0.551,0.496,0.656,0.629
2023-09-14T18:15:00-05:00,0.55,0.501,0.652,0.629
2023-09-14T18:30:00-05:00,0.553,0.503,0.65,0.627
2023-09-14T18:45:00-05:00,0.558,0.499,0.648,0.619
2023-09-14T19:00:00-05:00,0.57,0.495,0.655,0.607
2023-09-14T19:15:00-05:00,0.577,0.491,0.654,0.599
2023-09-14T19:30:00-05:00,0.585,0.489,0.653,0.594
2023-09-14T19:45:00-05:00,0.589,0.485,0.649,0.59
2023-09-14T20:00:00-05:00,0.606,0.486,0.652,0.598
2023-09-14T20:15:00-05:00,0.615,0.486,0.653,0.599
2023-09-14T20:30:00-05:00,0.618,0.486,0.652,0.598
2023-09-14T20:45:00-05:00,0.614,0.484,0.648,0.593
2023-09-14T21:00:00-05:00,0.611,0.49,0.653,0.595
2023-09-14T21:15:00-05:00,0.606,0.487,0.649,0.59
2023-09-14T21:30:00-05:00,0.594,0.479,0.634,0.577
2023-09-14T21:45:00-05:00,0.576,0.464,0.609,0.557
2023-09-14T22:00:00-05:00,0.557,0.448,0.582,0.541
2023-09-14T22:15:00-05:00,0.54,0.434,0.559,0.521
2023-09-14T22:30:00-05:00,0.522,0.418,0.537,0.498
2023-09-14T22:45:00-05:00,0.502,0.401,0.514,0.471
2023-09-14T23:00:00-05:00,0.484,0.384,0.495,0.44
2023-09-14T23:15:00-05:00,0.467,0.369,0.475,0.418
2023-09-14T23:30:00-05:00,0.451,0.355,0.458,0.4
2023-09-14T23:45:00-05:00,0.436,0.343,0.442,0.385
2023-09-15T00:00:00-05:00,0.422,0.327,0.423,0.369
2023-09-15T00:15:00-05:00,0.406,0.317,0.408,0.358
2023-09-15T00:30:00-05:00,0.393,0.309,0.396,0.348
2023-09-15T00:45:00-05:00,0.38,0.301,0.383,0.338
2023-09-15T01:00:00-05:00,0.36,0.294,0.367,0.326
2023-09-15T01:15:00-05:00,0.349,0.287,0.356,0.317
2023-09-15T01:30:00-05:00,0.338,0.28,0.344,0.31
2023-09-15T01:45:00-05:00,0.331,0.275,0.336,0.305
2023-09-15T02:00:00-05:00,0.325,0.262,0.318,0.298
2023-09-15T02:15:00-05:00,0.317,0.258,0.311,0.294
2023-09-15T02:30:00-05:00,0.309,0.254,0.304,0.289
2023-09-15T02:45:00-05:00,0.305,0.251,0.299,0.287
2023-09-15T03:00:00-05:00,0.288,0.251,0.293,0.284
2023-09-15T03:15:00-05:00,0.285,0.25,0.29,0.281
2023-09-15T03:30:00-05:00,0.282,0.249,0.288,0.279
2023-09-15T03:45:00-05:00,0.279,0.249,0.286,0.278
2023-09-15T04:00:00-05:00,0.287,0.249,0.285,0.269
2023-09-15T04:15:00-05:00,0.288,0.249,0.285,0.268
2023-09-15T04:30:00-05:00,0.293,0.252,0.286,0.268
2023-09-15T04:45:00-05:00,0.297,0.256,0.288,0.268
2023-09-15T05:00:00-05:00,0.308,0.265,0.291,0.272
2023-09-15T05:15:00-05:00,0.319,0.274,0.298,0.279
2023-09-15T05:30:00-05:00,0.325,0.279,0.303,0.284
2023-09-15T05:45:00-05:00,0.332,0.286,0.311,0.292
2023-09-15T06:00:00-05:00,0.344,0.293,0.336,0.315
2023-09-15T06:15:00-05:00,0.356,0.303,0.355,0.333
2023-09-15T06:30:00-05:00,0.358,0.31,0.362,0.343
2023-09-15T06:45:00-05:00,0.36,0.32,0.365,0.352
2023-09-15T07:00:00-05:00,0.358,0.333,0.355,0.354
2023-09-15T07:15:00-05:00,0.351,0.337,0.347,0.351
2023-09-15T07:30:00-05:00,0.339,0.334,0.335,0.342
2023-09-15T07:45:00-05:00,0.331,0.328,0.327,0.331
2023-09-15T08:00:00-05:00,0.326,0.322,0.327,0.324
2023-09-15T08:15:00-05:00,0.327,0.323,0.328,0.322
2023-09-15T08:30:00-05:00,0.331,0.323,0.329,0.32
2023-09-15T08:45:00-05:00,0.34,0.326,0.334,0.32
2023-09-15T09:00:00-05:00,0.354,0.332,0.342,0.317
2023-09-15T09:15:00-05:00,0.367,0.337,0.35,0.32
2023-09-15T09:30:00-05:00,0.38,0.339,0.354,0.326
2023-09-15T09:45:00-05:00,0.391,0.339,0.358,0.334
2023-09-15T10:00:00-05:00,0.406,0.337,0.365,0.35
2023-09-15T10:15:00-05:00,0.421,0.339,0.372,0.361
2023-09-15T10:30:00-05:00,0.439,0.342,0.376,0.372
2023-09-15T10:45:00-05:00,0.458,0.346,0.381,0.381
2023-09-15T11:00:00-05:00,0.482,0.353,0.386,0.392
2023-09-15T11:15:00-05:00,0.504,0.36,0.393,0.404
2023-09-15T11:30:00-05:00,0.524,0.367,0.4,0.414
2023-09-15T11:45:00-05:00,0.544,0.373,0.407,0.424
2023-09-15T12:00:00-05:00,0.569,0.383,0.413,0.437
2023-09-15T12:15:00-05:00,0.588,0.391,0.422,0.448
2023-09-15T12:30:00-05:00,0.601,0.395,0.432,0.455
2023-09-15T12:45:00-05:00,0.61,0.399,0.445,0.46
2023-09-15T13:00:00-05:00,0.619,0.396,0.46,0.456
2023-09-15T13:15:00-05:00,0.625,0.4,0.473,0.462
2023-09-15T13:30:00-05:00,0.625,0.406,0.484,0.47
2023-09-15T13:45:00-05:00,0.618,0.414,0.496,0.481
2023-09-15T14:00:00-05:00,0.601,0.429,0.505,0.499
2023-09-15T14:15:00-05:00,0.593,0.436,0.516,0.508
2023-09-15T14:30:00-05:00,0.587,0.442,0.53,0.518
2023-09-15T14:45:00-05:00,0.583,0.448,0.548,0.527
2023-09-15T15:00:00-05:00,0.586,0.449,0.572,0.534
2023-09-15T15:15:00-05:00,0.586,0.454,0.587,0.542
2023-09-15T15:30:00-05:00,0.586,0.463,0.601,0.553
2023-09-15T15:45:00-05:00,0.583,0.472,0.612,0.563
2023-09-15T16:00:00-05:00,0.584,0.486,0.613,0.575
2023-09-15T16:15:00-05:00,0.58,0.496,0.622,0.584
2023-09-15T16:30:00-05:00,0.576,0.504,0.631,0.591
2023-09-15T16:45:00-05:00,0.576,0.513,0.642,0.598
2023-09-15T17:00:00-05:00,0.577,0.523,0.661,0.602
2023-09-15T17:15:00-05:00,0.573,0.537,0.678,0.613
2023-09-15T17:30:00-05:00,0.567,0.546,0.689,0.619
2023-09-15T17:45:00-05:00,0.555,0.549,0.69,0.621
2023-09-15T18:00:00-05:00,0.532,0.549,0.685,0.625
2023-09-15T18:15:00-05:00,0.52,0.549,0.682,0.624
2023-09-15T18:30:00-05:00,0.514,0.548,0.679,0.621
2023-09-15T18:45:00-05:00,0.513,0.543,0.67,0.611
2023-09-15T19:00:00-05:00,0.522,0.539,0.661,0.599
2023-09-15T19:15:00-05:00,0.523,0.534,0.653,0.589
2023-09-15T19:30:00-05:00,0.526,0.53,0.647,0.582
2023-09-15T19:45:00-05:00,0.528,0.524,0.641,0.575
2023-09-15T20:00:00-05:00,0.542,0.525,0.644,0.579
2023-09-15T20:15:00-05:00,0.548,0.523,0.644,0.577
2023-09-15T20:30:00-05:00,0.55,0.52,0.643,0.574
2023-09-15T20:45:00-05:00,0.546,0.515,0.641,0.568
2023-09-15T21:00:00-05:00,0.539,0.514,0.648,0.567
2023-09-15T21:15:00-05:00,0.535,0.508,0.645,0.561
2023-09-15T21:30:00-05:00,0.529,0.499,0.634,0.549
2023-09-15T21:45:00-05:00,0.52,0.485,0.615,0.533
2023-09-15T22:00:00-05:00,0.515,0.473,0.591,0.518
2023-09-15T22:15:00-05:00,0.508,0.461,0.574,0.504
2023-09-15T22:30:00-05:00,0.495,0.446,0.556,0.487
2023-09-15T22:45:00-05:00,0.48,0.43,0.537,0.469
2023-09-15T23:00:00-05:00,0.465,0.414,0.523,0.454
2023-09-15T23:15:00-05:00,0.45,0.4,0.506,0.438
2023-09-15T23:30:00-05:00,0.437,0.387,0.491,0.424
2023-09-15T23:45:00-05:00,0.423,0.374,0.475,0.41
2023-09-16T00:00:00-05:00,0.408,0.34,0.453,0.399
2023-09-16T00:15:00-05:00,0.394,0.329,0.437,0.385
2023-09-16T00:30:00-05:00,0.382,0.32,0.424,0.372
2023-09-16T00:45:00-05:00,0.369,0.311,0.41,0.359
2023-09-16T01:00:00-05:00,0.352,0.302,0.39,0.339
2023-09-16T01:15:00-05:00,0.342,0.294,0.379,0.328
2023-09-16T01:30:00-05:00,0.332,0.286,0.37,0.319
2023-09-16T01:45:00-05:00,0.326,0.28,0.362,0.313
2023-09-16T02:00:00-05:00,0.319,0.266,0.36,0.308
2023-09-16T02:15:00-05:00,0.313,0.262,0.353,0.304
2023-09-16T02:30:00-05:00,0.306,0.257,0.345,0.298
2023-09-16T02:45:00-05:00,0.303,0.254,0.341,0.296
2023-09-16T03:00:00-05:00,0.293,0.256,0.325,0.294
2023-09-16T03:15:00-05:00,0.289,0.255,0.32,0.291
2023-09-16T03:30:00-05:00,0.286,0.253,0.316,0.289
2023-09-16T03:45:00-05:00,0.283,0.253,0.313,0.288
2023-09-16T04:00:00-05:00,0.277,0.248,0.314,0.278
2023-09-16T04:15:00-05:00,0.276,0.248,0.312,0.276
2023-09-16T04:30:00-05:00,0.277,0.249,0.313,0.276
2023-09-16T04:45:00-05:00,0.277,0.25,0.312,0.275
2023-09-16T05:00:00-05:00,0.284,0.256,0.31,0.277
2023-09-16T05:15:00-05:00,0.29,0.262,0.314,0.281
2023-09-16T05:30:00-05:00,0.295,0.265,0.315,0.283
2023-09-16T05:45:00-05:00,0.3,0.269,0.317,0.286
2023-09-16T06:00:00-05:00,0.315,0.27,0.326,0.293
2023-09-16T06:15:00-05:00,0.326,0.276,0.333,0.3
2023-09-16T06:30:00-05:00,0.328,0.282,0.337,0.305
2023-09-16T06:45:00-05:00,0.328,0.293,0.343,0.314
2023-09-16T07:00:00-05:00,0.308,0.301,0.347,0.328
2023-09-16T07:15:00-05:00,0.304,0.311,0.351,0.332
2023-09-16T07:30:00-05:00,0.308,0.324,0.354,0.33
2023-09-16T07:45:00-05:00,0.319,0.335,0.359,0.326
2023-09-16T08:00:00-05:00,0.339,0.345,0.365,0.32
2023-09-16T08:15:00-05:00,0.355,0.358,0.375,0.323
2023-09-16T08:30:00-05:00,0.365,0.364,0.381,0.324
2023-09-16T08:45:00-05:00,0.379,0.373,0.39,0.328
2023-09-16T09:00:00-05:00,0.39,0.381,0.4,0.327
2023-09-16T09:15:00-05:00,0.408,0.391,0.412,0.335
2023-09-16T09:30:00-05:00,0.427,0.398,0.421,0.348
2023-09-16T09:45:00-05:00,0.445,0.402,0.428,0.362
2023-09-16T10:00:00-05:00,0.483,0.406,0.442,0.395
2023-09-16T10:15:00-05:00,0.504,0.413,0.453,0.413
2023-09-16T10:30:00-05:00,0.515,0.422,0.459,0.423
2023-09-16T10:45:00-05:00,0.521,0.431,0.463,0.431
2023-09-16T11:00:00-05:00,0.517,0.446,0.464,0.433
2023-09-16T11:15:00-05:00,0.524,0.459,0.471,0.441
2023-09-16T11:30:00-05:00,0.528,0.47,0.478,0.446
2023-09-16T11:45:00-05:00,0.531,0.48,0.486,0.449
2023-09-16T12:00:00-05:00,0.53,0.494,0.497,0.45
2023-09-16T12:15:00-05:00,0.536,0.506,0.508,0.455
2023-09-16T12:30:00-05:00,0.544,0.513,0.517,0.46
2023-09-16T12:45:00-05:00,0.555,0.519,0.528,0.467
2023-09-16T13:00:00-05:00,0.576,0.517,0.542,0.475
2023-09-16T13:15:00-05:00,0.587,0.523,0.553,0.483
2023-09-16T13:30:00-05:00,0.593,0.529,0.561,0.489
2023-09-16T13:45:00-05:00,0.594,0.536,0.566,0.495
2023-09-16T14:00:00-05:00,0.588,0.549,0.573,0.503
2023-09-16T14:15:00-05:00,0.588,0.556,0.577,0.508
2023-09-16T14:30:00-05:00,0.59,0.562,0.581,0.514
2023-09-16T14:45:00-05:00,0.593,0.567,0.583,0.518
2023-09-16T15:00:00-05:00,0.604,0.574,0.585,0.522
2023-09-16T15:15:00-05:00,0.609,0.579,0.588,0.527
2023-09-16T15:30:00-05:00,0.612,0.585,0.593,0.536
2023-09-16T15:45:00-05:00,0.61,0.588,0.596,0.543
2023-09-16T16:00:00-05:00,0.606,0.587,0.603,0.559
2023-09-16T16:15:00-05:00,0.602,0.59,0.606,0.567
2023-09-16T16:30:00-05:00,0.596,0.593,0.608,0.57
2023-09-16T16:45:00-05:00,0.595,0.602,0.613,0.573
2023-09-16T17:00:00-05:00,0.589,0.615,0.613,0.571
2023-09-16T17:15:00-05:00,0.583,0.627,0.618,0.572
2023-09-16T17:30:00-05:00,0.576,0.633,0.622,0.572
2023-09-16T17:45:00-05:00,0.566,0.633,0.623,0.567
2023-09-16T18:00:00-05:00,0.547,0.627,0.623,0.557
2023-09-16T18:15:00-05:00,0.537,0.623,0.622,0.551
2023-09-16T18:30:00-05:00,0.534,0.62,0.622,0.548
2023-09-16T18:45:00-05:00,0.537,0.613,0.621,0.545
2023-09-16T19:00:00-05:00,0.555,0.609,0.629,0.552
2023-09-16T19:15:00-05:00,0.56,0.602,0.628,0.549
2023-09-16T19:30:00-05:00,0.562,0.596,0.624,0.545
2023-09-16T19:45:00-05:00,0.56,0.589,0.616,0.537
2023-09-16T20:00:00-05:00,0.565,0.592,0.606,0.531
2023-09-16T20:15:00-05:00,0.565,0.588,0.601,0.526
2023-09-16T20:30:00-05:00,0.562,0.581,0.598,0.52
2023-09-16T20:45:00-05:00,0.554,0.571,0.594,0.513
2023-09-16T21:00:00-05:00,0.544,0.556,0.598,0.507
2023-09-16T21:15:00-05:00,0.535,0.546,0.594,0.5
2023-09-16T21:30:00-05:00,0.523,0.533,0.586,0.491
2023-09-16T21:45:00-05:00,0.508,0.519,0.572,0.479
2023-09-16T22:00:00-05:00,0.501,0.513,0.561,0.473
2023-09-16T22:15:00-05:00,0.486,0.5,0.548,0.463
2023-09-16T22:30:00-05:00,0.467,0.484,0.531,0.45
2023-09-16T22:45:00-05:00,0.443,0.466,0.511,0.435
2023-09-16T23:00:00-05:00,0.415,0.446,0.49,0.42
2023-09-16T23:15:00-05:00,0.395,0.43,0.472,0.406
2023-09-16T23:30:00-05:00,0.379,0.415,0.456,0.393
2023-09-16T23:45:00-05:00,0.364,0.401,0.441,0.38
2023-09-17T00:00:00-05:00,0.39,0.349,0.428,0.357
2023-09-17T00:15:00-05:00,0.376,0.338,0.415,0.345
2023-09-17T00:30:00-05:00,0.364,0.329,0.404,0.336
2023-09-17T00:45:00-05:00,0.352,0.32,0.393,0.326
2023-09-17T01:00:00-05:00,0.334,0.312,0.384,0.315
2023-09-17T01:15:00-05:00,0.324,0.303,0.374,0.307
2023-09-17T01:30:00-05:00,0.315,0.295,0.364,0.299
2023-09-17T01:45:00-05:00,0.309,0.29,0.358,0.294
2023-09-17T02:00:00-05:00,0.305,0.278,0.344,0.285
2023-09-17T02:15:00-05:00,0.299,0.272,0.336,0.279
2023-09-17T02:30:00-05:00,0.292,0.267,0.327,0.274
2023-09-17T02:45:00-05:00,0.288,0.263,0.322,0.271
2023-09-17T03:00:00-05:00,0.275,0.259,0.309,0.265
2023-09-17T03:15:00-05:00,0.271,0.256,0.304,0.262
2023-09-17T03:30:00-05:00,0.267,0.253,0.301,0.259
2023-09-17T03:45:00-05:00,0.264,0.252,0.298,0.258
2023-09-17T04:00:00-05:00,0.258,0.244,0.3,0.252
2023-09-17T04:15:00-05:00,0.258,0.243,0.298,0.251
2023-09-17T04:30:00-05:00,0.26,0.243,0.298,0.25
2023-09-17T04:45:00-05:00,0.261,0.243,0.296,0.248
2023-09-17T05:00:00-05:00,0.274,0.25,0.288,0.245
2023-09-17T05:15:00-05:00,0.283,0.256,0.288,0.247
2023-09-17T05:30:00-05:00,0.289,0.26,0.288,0.248
2023-09-17T05:45:00-05:00,0.295,0.264,0.29,0.25
2023-09-17T06:00:00-05:00,0.304,0.267,0.301,0.258
2023-09-17T06:15:00-05:00,0.314,0.274,0.309,0.266
2023-09-17T06:30:00-05:00,0.317,0.279,0.312,0.271
2023-09-17T06:45:00-05:00,0.319,0.289,0.318,0.28
2023-09-17T07:00:00-05:00,0.307,0.29,0.312,0.286
2023-09-17T07:15:00-05:00,0.306,0.299,0.316,0.292
2023-09-17T07:30:00-05:00,0.306,0.31,0.326,0.298
2023-09-17T07:45:00-05:00,0.313,0.324,0.341,0.303
2023-09-17T08:00:00-05:00,0.323,0.334,0.357,0.307
2023-09-17T08:15:00-05:00,0.335,0.349,0.373,0.316
2023-09-17T08:30:00-05:00,0.344,0.358,0.383,0.321
2023-09-17T08:45:00-05:00,0.357,0.372,0.398,0.33
2023-09-17T09:00:00-05:00,0.376,0.388,0.415,0.332
2023-09-17T09:15:00-05:00,0.393,0.404,0.432,0.344
2023-09-17T09:30:00-05:00,0.405,0.413,0.442,0.358
2023-09-17T09:45:00-05:00,0.415,0.419,0.449,0.374
2023-09-17T10:00:00-05:00,0.422,0.421,0.457,0.406
2023-09-17T10:15:00-05:00,0.434,0.429,0.466,0.425
2023-09-17T10:30:00-05:00,0.452,0.44,0.474,0.438
2023-09-17T10:45:00-05:00,0.471,0.451,0.48,0.449
2023-09-17T11:00:00-05:00,0.498,0.468,0.485,0.452
2023-09-17T11:15:00-05:00,0.521,0.483,0.495,0.464
2023-09-17T11:30:00-05:00,0.54,0.497,0.507,0.477
2023-09-17T11:45:00-05:00,0.559,0.51,0.52,0.49
2023-09-17T12:00:00-05:00,0.575,0.526,0.537,0.507
2023-09-17T12:15:00-05:00,0.594,0.541,0.553,0.521
2023-09-17T12:30:00-05:00,0.611,0.554,0.567,0.534
2023-09-17T12:45:00-05:00,0.629,0.567,0.581,0.546
2023-09-17T13:00:00-05:00,0.655,0.578,0.594,0.56
2023-09-17T13:15:00-05:00,0.67,0.59,0.609,0.571
2023-09-17T13:30:00-05:00,0.676,0.601,0.622,0.579
2023-09-17T13:45:00-05:00,0.675,0.61,0.635,0.585
2023-09-17T14:00:00-05:00,0.659,0.624,0.655,0.588
2023-09-17T14:15:00-05:00,0.657,0.631,0.666,0.592
2023-09-17T14:30:00-05:00,0.659,0.637,0.673,0.598
2023-09-17T14:45:00-05:00,0.664,0.639,0.676,0.604
2023-09-17T15:00:00-05:00,0.676,0.639,0.676,0.611
2023-09-17T15:15:00-05:00,0.684,0.643,0.68,0.618
2023-09-17T15:30:00-05:00,0.694,0.649,0.684,0.627
2023-09-17T15:45:00-05:00,0.704,0.653,0.685,0.635
2023-09-17T16:00:00-05:00,0.72,0.659,0.685,0.647
2023-09-17T16:15:00-05:00,0.73,0.664,0.685,0.655
2023-09-17T16:30:00-05:00,0.734,0.669,0.688,0.661
2023-09-17T16:45:00-05:00,0.739,0.678,0.696,0.668
2023-09-17T17:00:00-05:00,0.74,0.692,0.704,0.676
2023-09-17T17:15:00-05:00,0.744,0.704,0.716,0.686
2023-09-17T17:30:00-05:00,0.744,0.711,0.724,0.691
2023-09-17T17:45:00-05:00,0.737,0.71,0.727,0.69
2023-09-17T18:00:00-05:00,0.727,0.702,0.727,0.685
2023-09-17T18:15:00-05:00,0.718,0.698,0.728,0.68
2023-09-17T18:30:00-05:00,0.711,0.695,0.729,0.677
2023-09-17T18:45:00-05:00,0.701,0.689,0.729,0.67
2023-09-17T19:00:00-05:00,0.693,0.688,0.735,0.669
2023-09-17T19:15:00-05:00,0.684,0.683,0.736,0.662
2023-09-17T19:30:00-05:00,0.68,0.678,0.737,0.656
2023-09-17T19:45:00-05:00,0.676,0.672,0.735,0.648
2023-09-17T20:00:00-05:00,0.694,0.676,0.743,0.648
2023-09-17T20:15:00-05:00,0.695,0.673,0.746,0.644
2023-09-17T20:30:00-05:00,0.689,0.667,0.746,0.638
2023-09-17T20:45:00-05:00,0.675,0.658,0.741,0.629
2023-09-17T21:00:00-05:00,0.653,0.651,0.744,0.624
2023-09-17T21:15:00-05:00,0.638,0.642,0.738,0.616
2023-09-17T21:30:00-05:00,0.617,0.621,0.719,0.598
2023-09-17T21:45:00-05:00,0.595,0.596,0.69,0.575
2023-09-17T22:00:00-05:00,0.579,0.571,0.663,0.557
2023-09-17T22:15:00-05:00,0.559,0.547,0.635,0.536
2023-09-17T22:30:00-05:00,0.538,0.523,0.605,0.512
2023-09-17T22:45:00-05:00,0.515,0.497,0.57,0.484
2023-09-17T23:00:00-05:00,0.495,0.472,0.532,0.454
2023-09-17T23:15:00-05:00,0.475,0.45,0.504,0.432
2023-09-17T23:30:00-05:00,0.459,0.432,0.482,0.414
2023-09-17T23:45:00-05:00,0.443,0.416,0.463,0.398
2023-09-18T00:00:00-05:00,0.383,0.354,0.423,0.343
2023-09-18T00:15:00-05:00,0.369,0.342,0.408,0.332
2023-09-18T00:30:00-05:00,0.357,0.332,0.395,0.323
2023-09-18T00:45:00-05:00,0.345,0.322,0.383,0.314
2023-09-18T01:00:00-05:00,0.326,0.31,0.367,0.306
2023-09-18T01:15:00-05:00,0.316,0.301,0.356,0.298
2023-09-18T01:30:00-05:00,0.308,0.293,0.344,0.29
2023-09-18T01:45:00-05:00,0.301,0.288,0.336,0.285
2023-09-18T02:00:00-05:00,0.297,0.279,0.316,0.273
2023-09-18T02:15:00-05:00,0.292,0.275,0.31,0.268
2023-09-18T02:30:00-05:00,0.286,0.27,0.304,0.262
2023-09-18T02:45:00-05:00,0.283,0.267,0.299,0.258
2023-09-18T03:00:00-05:00,0.274,0.265,0.3,0.253
2023-09-18T03:15:00-05:00,0.27,0.262,0.298,0.249
2023-09-18T03:30:00-05:00,0.267,0.26,0.297,0.247
2023-09-18T03:45:00-05:00,0.265,0.259,0.297,0.245
2023-09-18T04:00:00-05:00,0.255,0.248,0.294,0.235
2023-09-18T04:15:00-05:00,0.256,0.247,0.293,0.235
2023-09-18T04:30:00-05:00,0.258,0.248,0.294,0.235
2023-09-18T04:45:00-05:00,0.261,0.25,0.295,0.236
2023-09-18T05:00:00-05:00,0.28,0.263,0.291,0.244
2023-09-18T05:15:00-05:00,0.292,0.272,0.297,0.252
2023-09-18T05:30:00-05:00,0.299,0.278,0.304,0.259
2023-09-18T05:45:00-05:00,0.307,0.285,0.315,0.268
2023-09-18T06:00:00-05:00,0.315,0.292,0.355,0.286
2023-09-18T06:15:00-05:00,0.324,0.304,0.382,0.305
2023-09-18T06:30:00-05:00,0.325,0.313,0.393,0.318
2023-09-18T06:45:00-05:00,0.323,0.325,0.396,0.331
2023-09-18T07:00:00-05:00,0.308,0.343,0.376,0.346
2023-09-18T07:15:00-05:00,0.301,0.347,0.364,0.347
2023-09-18T07:30:00-05:00,0.296,0.343,0.346,0.338
2023-09-18T07:45:00-05:00,0.297,0.334,0.333,0.323
2023-09-18T08:00:00-05:00,0.307,0.318,0.329,0.306
2023-09-18T08:15:00-05:00,0.315,0.318,0.328,0.3
2023-09-18T08:30:00-05:00,0.32,0.321,0.329,0.296
2023-09-18T08:45:00-05:00,0.33,0.328,0.335,0.294
2023-09-18T09:00:00-05:00,0.339,0.348,0.348,0.284
2023-09-18T09:15:00-05:00,0.352,0.359,0.357,0.286
2023-09-18T09:30:00-05:00,0.363,0.364,0.364,0.297
2023-09-18T09:45:00-05:00,0.374,0.367,0.369,0.311
2023-09-18T10:00:00-05:00,0.39,0.364,0.375,0.344
2023-09-18T10:15:00-05:00,0.403,0.369,0.383,0.362
2023-09-18T10:30:00-05:00,0.415,0.377,0.392,0.376
2023-09-18T10:45:00-05:00,0.425,0.386,0.402,0.388
2023-09-18T11:00:00-05:00,0.433,0.401,0.413,0.395
2023-09-18T11:15:00-05:00,0.446,0.414,0.426,0.408
2023-09-18T11:30:00-05:00,0.459,0.426,0.439,0.421
2023-09-18T11:45:00-05:00,0.473,0.438,0.453,0.435
2023-09-18T12:00:00-05:00,0.488,0.452,0.467,0.452
2023-09-18T12:15:00-05:00,0.503,0.465,0.482,0.466
2023-09-18T12:30:00-05:00,0.518,0.476,0.497,0.478
2023-09-18T12:45:00-05:00,0.532,0.487,0.514,0.489
2023-09-18T13:00:00-05:00,0.554,0.491,0.535,0.498
2023-09-18T13:15:00-05:00,0.567,0.502,0.552,0.508
2023-09-18T13:30:00-05:00,0.573,0.513,0.565,0.517
2023-09-18T13:45:00-05:00,0.573,0.525,0.576,0.524
2023-09-18T14:00:00-05:00,0.557,0.543,0.583,0.531
2023-09-18T14:15:00-05:00,0.557,0.554,0.592,0.537
2023-09-18T14:30:00-05:00,0.565,0.566,0.604,0.547
2023-09-18T14:45:00-05:00,0.578,0.577,0.618,0.557
2023-09-18T15:00:00-05:00,0.606,0.586,0.636,0.568
2023-09-18T15:15:00-05:00,0.62,0.597,0.649,0.578
2023-09-18T15:30:00-05:00,0.634,0.61,0.661,0.592
2023-09-18T15:45:00-05:00,0.646,0.623,0.67,0.608
2023-09-18T16:00:00-05:00,0.655,0.637,0.672,0.627
2023-09-18T16:15:00-05:00,0.665,0.651,0.679,0.643
2023-09-18T16:30:00-05:00,0.671,0.663,0.686,0.655
2023-09-18T16:45:00-05:00,0.679,0.677,0.698,0.667
2023-09-18T17:00:00-05:00,0.682,0.696,0.709,0.677
2023-09-18T17:15:00-05:00,0.692,0.717,0.727,0.694
2023-09-18T17:30:00-05:00,0.699,0.728,0.741,0.706
2023-09-18T17:45:00-05:00,0.7,0.73,0.75,0.711
2023-09-18T18:00:00-05:00,0.698,0.724,0.76,0.714
2023-09-18T18:15:00-05:00,0.697,0.722,0.765,0.715
2023-09-18T18:30:00-05:00,0.698,0.719,0.768,0.714
2023-09-18T18:45:00-05:00,0.696,0.711,0.765,0.707
2023-09-18T19:00:00-05:00,0.699,0.706,0.76,0.701
2023-09-18T19:15:00-05:00,0.699,0.698,0.759,0.693
2023-09-18T19:30:00-05:00,0.701,0.692,0.76,0.685
2023-09-18T19:45:00-05:00,0.701,0.685,0.76,0.675
2023-09-18T20:00:00-05:00,0.721,0.691,0.778,0.672
2023-09-18T20:15:00-05:00,0.725,0.688,0.784,0.666
2023-09-18T20:30:00-05:00,0.721,0.681,0.785,0.659
2023-09-18T20:45:00-05:00,0.708,0.67,0.778,0.651
2023-09-18T21:00:00-05:00,0.686,0.661,0.774,0.65
2023-09-18T21:15:00-05:00,0.672,0.649,0.766,0.642
2023-09-18T21:30:00-05:00,0.65,0.628,0.747,0.622
2023-09-18T21:45:00-05:00,0.627,0.602,0.719,0.596
2023-09-18T22:00:00-05:00,0.608,0.578,0.695,0.569
2023-09-18T22:15:00-05:00,0.587,0.553,0.668,0.545
2023-09-18T22:30:00-05:00,0.564,0.529,0.638,0.521
2023-09-18T22:45:00-05:00,0.54,0.503,0.602,0.496
2023-09-18T23:00:00-05:00,0.517,0.48,0.563,0.474
2023-09-18T23:15:00-05:00,0.496,0.459,0.534,0.453
2023-09-18T23:30:00-05:00,0.478,0.441,0.511,0.436
2023-09-18T23:45:00-05:00,0.462,0.425,0.491,0.42
2023-09-19T00:00:00-05:00,0.405,0.43,0.479,0.403
2023-09-19T00:15:00-05:00,0.39,0.416,0.464,0.391
2023-09-19T00:30:00-05:00,0.378,0.405,0.451,0.382
2023-09-19T00:45:00-05:00,0.364,0.394,0.438,0.373
2023-09-19T01:00:00-05:00,0.345,0.381,0.422,0.366
2023-09-19T01:15:00-05:00,0.334,0.371,0.411,0.358
2023-09-19T01:30:00-05:00,0.324,0.362,0.399,0.351
2023-09-19T01:45:00-05:00,0.317,0.356,0.391,0.345
2023-09-19T02:00:00-05:00,0.31,0.345,0.376,0.334
2023-09-19T02:15:00-05:00,0.304,0.34,0.369,0.329
2023-09-19T02:30:00-05:00,0.297,0.334,0.361,0.322
2023-09-19T02:45:00-05:00,0.293,0.331,0.357,0.319
2023-09-19T03:00:00-05:00,0.283,0.329,0.352,0.315
2023-09-19T03:15:00-05:00,0.279,0.325,0.348,0.311
2023-09-19T03:30:00-05:00,0.277,0.322,0.346,0.309
2023-09-19T03:45:00-05:00,0.274,0.321,0.344,0.307
2023-09-19T04:00:00-05:00,0.268,0.31,0.337,0.298
2023-09-19T04:15:00-05:00,0.269,0.309,0.336,0.297
2023-09-19T04:30:00-05:00,0.271,0.31,0.337,0.298
2023-09-19T04:45:00-05:00,0.275,0.31,0.337,0.298
2023-09-19T05:00:00-05:00,0.292,0.319,0.338,0.302
2023-09-19T05:15:00-05:00,0.304,0.327,0.344,0.309
2023-09-19T05:30:00-05:00,0.311,0.333,0.35,0.315
2023-09-19T05:45:00-05:00,0.319,0.341,0.358,0.323
2023-09-19T06:00:00-05:00,0.328,0.357,0.386,0.344
2023-09-19T06:15:00-05:00,0.339,0.373,0.406,0.363
2023-09-19T06:30:00-05:00,0.34,0.383,0.412,0.374
2023-09-19T06:45:00-05:00,0.339,0.394,0.413,0.386
2023-09-19T07:00:00-05:00,0.33,0.405,0.402,0.396
2023-09-19T07:15:00-05:00,0.323,0.407,0.391,0.397
2023-09-19T07:30:00-05:00,0.315,0.399,0.374,0.387
2023-09-19T07:45:00-05:00,0.312,0.389,0.362,0.374
2023-09-19T08:00:00-05:00,0.315,0.378,0.361,0.363
2023-09-19T08:15:00-05:00,0.32,0.378,0.36,0.36
2023-09-19T08:30:00-05:00,0.326,0.378,0.36,0.356
2023-09-19T08:45:00-05:00,0.336,0.383,0.364,0.356
2023-09-19T09:00:00-05:00,0.352,0.394,0.371,0.347
2023-09-19T09:15:00-05:00,0.366,0.402,0.378,0.35
2023-09-19T09:30:00-05:00,0.377,0.403,0.384,0.36
2023-09-19T09:45:00-05:00,0.386,0.403,0.39,0.373
2023-09-19T10:00:00-05:00,0.396,0.397,0.399,0.403
2023-09-19T10:15:00-05:00,0.407,0.399,0.407,0.42
2023-09-19T10:30:00-05:00,0.42,0.404,0.415,0.433
2023-09-19T10:45:00-05:00,0.433,0.411,0.424,0.443
2023-09-19T11:00:00-05:00,0.449,0.424,0.433,0.446
2023-09-19T11:15:00-05:00,0.465,0.435,0.444,0.458
2023-09-19T11:30:00-05:00,0.48,0.447,0.455,0.471
2023-09-19T11:45:00-05:00,0.494,0.458,0.466,0.484
2023-09-19T12:00:00-05:00,0.512,0.473,0.478,0.502
2023-09-19T12:15:00-05:00,0.527,0.486,0.491,0.517
2023-09-19T12:30:00-05:00,0.538,0.498,0.504,0.529
2023-09-19T12:45:00-05:00,0.548,0.509,0.519,0.54
2023-09-19T13:00:00-05:00,0.556,0.517,0.535,0.549
2023-09-19T13:15:00-05:00,0.565,0.529,0.55,0.559
2023-09-19T13:30:00-05:00,0.57,0.541,0.562,0.568
2023-09-19T13:45:00-05:00,0.573,0.555,0.573,0.575
2023-09-19T14:00:00-05:00,0.57,0.576,0.584,0.579
2023-09-19T14:15:00-05:00,0.572,0.588,0.594,0.586
2023-09-19T14:30:00-05:00,0.578,0.597,0.605,0.597
2023-09-19T14:45:00-05:00,0.586,0.604,0.615,0.61
2023-09-19T15:00:00-05:00,0.601,0.604,0.626,0.627
2023-09-19T15:15:00-05:00,0.61,0.611,0.636,0.64
2023-09-19T15:30:00-05:00,0.62,0.622,0.649,0.655
2023-09-19T15:45:00-05:00,0.629,0.632,0.662,0.67
2023-09-19T16:00:00-05:00,0.639,0.649,0.677,0.686
2023-09-19T16:15:00-05:00,0.647,0.661,0.69,0.7
2023-09-19T16:30:00-05:00,0.652,0.669,0.698,0.71
2023-09-19T16:45:00-05:00,0.658,0.679,0.707,0.721
2023-09-19T17:00:00-05:00,0.659,0.686,0.71,0.729
2023-09-19T17:15:00-05:00,0.667,0.7,0.723,0.744
2023-09-19T17:30:00-05:00,0.672,0.711,0.734,0.754
2023-09-19T17:45:00-05:00,0.673,0.715,0.74,0.757
2023-09-19T18:00:00-05:00,0.671,0.72,0.745,0.757
2023-09-19T18:15:00-05:00,0.669,0.721,0.749,0.756
2023-09-19T18:30:00-05:00,0.669,0.721,0.753,0.755
2023-09-19T18:45:00-05:00,0.667,0.715,0.756,0.748
2023-09-19T19:00:00-05:00,0.667,0.709,0.767,0.747
2023-09-19T19:15:00-05:00,0.666,0.703,0.771,0.74
2023-09-19T19:30:00-05:00,0.668,0.7,0.773,0.732
2023-09-19T19:45:00-05:00,0.667,0.696,0.77,0.721
2023-09-19T20:00:00-05:00,0.682,0.707,0.774,0.713
2023-09-19T20:15:00-05:00,0.687,0.708,0.776,0.706
2023-09-19T20:30:00-05:00,0.686,0.704,0.776,0.7
2023-09-19T20:45:00-05:00,0.679,0.696,0.77,0.692
2023-09-19T21:00:00-05:00,0.672,0.687,0.771,0.694
2023-09-19T21:15:00-05:00,0.664,0.678,0.765,0.687
2023-09-19T21:30:00-05:00,0.648,0.661,0.748,0.668
2023-09-19T21:45:00-05:00,0.627,0.638,0.723,0.643
2023-09-19T22:00:00-05:00,0.609,0.618,0.7,0.619
2023-09-19T22:15:00-05:00,0.589,0.598,0.677,0.595
2023-09-19T22:30:00-05:00,0.567,0.577,0.65,0.57
2023-09-19T22:45:00-05:00,0.54,0.554,0.62,0.542
2023-09-19T23:00:00-05:00,0.513,0.533,0.589,0.515
2023-09-19T23:15:00-05:00,0.491,0.514,0.563,0.492
2023-09-19T23:30:00-05:00,0.472,0.496,0.542,0.473
2023-09-19T23:45:00-05:00,0.455,0.479,0.522,0.455
2023-09-20T00:00:00-05:00,0.42,0.456,0.494,0.448
2023-09-20T00:15:00-05:00,0.405,0.442,0.478,0.435
2023-09-20T00:30:00-05:00,0.392,0.431,0.465,0.425
2023-09-20T00:45:00-05:00,0.378,0.42,0.451,0.415
2023-09-20T01:00:00-05:00,0.358,0.408,0.436,0.407
2023-09-20T01:15:00-05:00,0.348,0.399,0.424,0.398
2023-09-20T01:30:00-05:00,0.338,0.39,0.412,0.39
2023-09-20T01:45:00-05:00,0.331,0.384,0.404,0.384
2023-09-20T02:00:00-05:00,0.329,0.373,0.387,0.37
2023-09-20T02:15:00-05:00,0.322,0.367,0.38,0.363
2023-09-20T02:30:00-05:00,0.314,0.361,0.373,0.356
2023-09-20T02:45:00-05:00,0.311,0.358,0.368,0.352
2023-09-20T03:00:00-05:00,0.296,0.353,0.362,0.345
2023-09-20T03:15:00-05:00,0.292,0.35,0.359,0.341
2023-09-20T03:30:00-05:00,0.289,0.348,0.356,0.337
2023-09-20T03:45:00-05:00,0.286,0.346,0.354,0.335
2023-09-20T04:00:00-05:00,0.285,0.34,0.349,0.326
2023-09-20T04:15:00-05:00,0.286,0.339,0.348,0.324
2023-09-20T04:30:00-05:00,0.29,0.341,0.349,0.324
2023-09-20T04:45:00-05:00,0.294,0.342,0.349,0.323
2023-09-20T05:00:00-05:00,0.312,0.348,0.351,0.324
2023-09-20T05:15:00-05:00,0.324,0.355,0.358,0.33
2023-09-20T05:30:00-05:00,0.331,0.36,0.362,0.335
2023-09-20T05:45:00-05:00,0.338,0.366,0.369,0.341
2023-09-20T06:00:00-05:00,0.343,0.376,0.393,0.361
2023-09-20T06:15:00-05:00,0.351,0.388,0.409,0.378
2023-09-20T06:30:00-05:00,0.35,0.394,0.413,0.387
2023-09-20T06:45:00-05:00,0.348,0.403,0.413,0.398
2023-09-20T07:00:00-05:00,0.339,0.417,0.402,0.409
2023-09-20T07:15:00-05:00,0.332,0.418,0.391,0.409
2023-09-20T07:30:00-05:00,0.325,0.411,0.374,0.399
2023-09-20T07:45:00-05:00,0.324,0.402,0.363,0.386
2023-09-20T08:00:00-05:00,0.329,0.392,0.363,0.376
2023-09-20T08:15:00-05:00,0.336,0.393,0.362,0.373
2023-09-20T08:30:00-05:00,0.344,0.394,0.362,0.369
2023-09-20T08:45:00-05:00,0.357,0.401,0.366,0.368
2023-09-20T09:00:00-05:00,0.376,0.417,0.371,0.356
2023-09-20T09:15:00-05:00,0.393,0.427,0.378,0.359
2023-09-20T09:30:00-05:00,0.408,0.43,0.384,0.369
2023-09-20T09:45:00-05:00,0.42,0.431,0.39,0.384
2023-09-20T10:00:00-05:00,0.437,0.427,0.4,0.418
2023-09-20T10:15:00-05:00,0.452,0.43,0.409,0.437
2023-09-20T10:30:00-05:00,0.467,0.434,0.418,0.453
2023-09-20T10:45:00-05:00,0.481,0.439,0.426,0.467
2023-09-20T11:00:00-05:00,0.494,0.446,0.434,0.473
2023-09-20T11:15:00-05:00,0.511,0.455,0.446,0.488
2023-09-20T11:30:00-05:00,0.527,0.467,0.459,0.505
2023-09-20T11:45:00-05:00,0.543,0.48,0.473,0.524
2023-09-20T12:00:00-05:00,0.562,0.501,0.491,0.549
2023-09-20T12:15:00-05:00,0.579,0.516,0.506,0.569
2023-09-20T12:30:00-05:00,0.592,0.528,0.522,0.584
2023-09-20T12:45:00-05:00,0.603,0.538,0.538,0.599
2023-09-20T13:00:00-05:00,0.614,0.54,0.554,0.607
2023-09-20T13:15:00-05:00,0.624,0.551,0.569,0.621
2023-09-20T13:30:00-05:00,0.629,0.562,0.583,0.632
2023-09-20T13:45:00-05:00,0.629,0.575,0.595,0.642
2023-09-20T14:00:00-05:00,0.62,0.595,0.605,0.651
2023-09-20T14:15:00-05:00,0.62,0.607,0.616,0.661
2023-09-20T14:30:00-05:00,0.625,0.618,0.629,0.674
2023-09-20T14:45:00-05:00,0.633,0.628,0.643,0.688
2023-09-20T15:00:00-05:00,0.651,0.634,0.66,0.704
2023-09-20T15:15:00-05:00,0.661,0.643,0.673,0.718
2023-09-20T15:30:00-05:00,0.672,0.657,0.688,0.737
2023-09-20T15:45:00-05:00,0.681,0.669,0.702,0.757
2023-09-20T16:00:00-05:00,0.69,0.686,0.716,0.783
2023-09-20T16:15:00-05:00,0.698,0.7,0.729,0.802
2023-09-20T16:30:00-05:00,0.704,0.711,0.737,0.814
2023-09-20T16:45:00-05:00,0.711,0.724,0.746,0.825
2023-09-20T17:00:00-05:00,0.714,0.738,0.749,0.831
2023-09-20T17:15:00-05:00,0.725,0.757,0.762,0.846
2023-09-20T17:30:00-05:00,0.733,0.77,0.773,0.855
2023-09-20T17:45:00-05:00,0.736,0.774,0.779,0.857
2023-09-20T18:00:00-05:00,0.738,0.775,0.784,0.857
2023-09-20T18:15:00-05:00,0.739,0.775,0.788,0.855
2023-09-20T18:30:00-05:00,0.739,0.774,0.792,0.852
2023-09-20T18:45:00-05:00,0.738,0.768,0.794,0.844
2023-09-20T19:00:00-05:00,0.738,0.763,0.805,0.842
2023-09-20T19:15:00-05:00,0.738,0.756,0.808,0.833
2023-09-20T19:30:00-05:00,0.739,0.752,0.81,0.822
2023-09-20T19:45:00-05:00,0.739,0.745,0.807,0.809
2023-09-20T20:00:00-05:00,0.755,0.752,0.811,0.8
2023-09-20T20:15:00-05:00,0.76,0.75,0.813,0.79
2023-09-20T20:30:00-05:00,0.758,0.744,0.81,0.78
2023-09-20T20:45:00-05:00,0.748,0.734,0.803,0.768
2023-09-20T21:00:00-05:00,0.735,0.724,0.798,0.763
2023-09-20T21:15:00-05:00,0.724,0.713,0.789,0.751
2023-09-20T21:30:00-05:00,0.708,0.695,0.773,0.728
2023-09-20T21:45:00-05:00,0.688,0.672,0.749,0.699
2023-09-20T22:00:00-05:00,0.673,0.652,0.731,0.67
2023-09-20T22:15:00-05:00,0.654,0.632,0.709,0.643
2023-09-20T22:30:00-05:00,0.632,0.61,0.683,0.617
2023-09-20T22:45:00-05:00,0.607,0.586,0.653,0.588
2023-09-20T23:00:00-05:00,0.582,0.564,0.621,0.562
2023-09-20T23:15:00-05:00,0.56,0.543,0.595,0.539
2023-09-20T23:30:00-05:00,0.541,0.525,0.573,0.518
2023-09-20T23:45:00-05:00,0.522,0.507,0.552,0.5
2023-09-21T00:00:00-05:00,0.438,0.495,0.496,0.482
2023-09-21T00:15:00-05:00,0.423,0.48,0.481,0.468
2023-09-21T00:30:00-05:00,0.41,0.467,0.468,0.456
2023-09-21T00:45:00-05:00,0.396,0.455,0.455,0.445
2023-09-21T01:00:00-05:00,0.376,0.443,0.444,0.434
2023-09-21T01:15:00-05:00,0.365,0.432,0.432,0.424
2023-09-21T01:30:00-05:00,0.356,0.422,0.42,0.415
2023-09-21T01:45:00-05:00,0.348,0.415,0.411,0.408
2023-09-21T02:00:00-05:00,0.344,0.402,0.387,0.397
2023-09-21T02:15:00-05:00,0.337,0.396,0.38,0.391
2023-09-21T02:30:00-05:00,0.33,0.389,0.372,0.383
2023-09-21T02:45:00-05:00,0.326,0.385,0.366,0.38
2023-09-21T03:00:00-05:00,0.31,0.381,0.365,0.374
2023-09-21T03:15:00-05:00,0.306,0.378,0.362,0.368
2023-09-21T03:30:00-05:00,0.304,0.376,0.36,0.365
2023-09-21T03:45:00-05:00,0.301,0.375,0.358,0.362
2023-09-21T04:00:00-05:00,0.301,0.373,0.352,0.348
2023-09-21T04:15:00-05:00,0.303,0.371,0.35,0.345
2023-09-21T04:30:00-05:00,0.307,0.373,0.351,0.344
2023-09-21T04:45:00-05:00,0.313,0.374,0.35,0.341
2023-09-21T05:00:00-05:00,0.338,0.375,0.349,0.341
2023-09-21T05:15:00-05:00,0.352,0.381,0.355,0.346
2023-09-21T05:30:00-05:00,0.361,0.384,0.359,0.349
2023-09-21T05:45:00-05:00,0.368,0.388,0.367,0.355
2023-09-21T06:00:00-05:00,0.371,0.399,0.396,0.375
2023-09-21T06:15:00-05:00,0.377,0.409,0.414,0.391
2023-09-21T06:30:00-05:00,0.374,0.412,0.418,0.398
2023-09-21T06:45:00-05:00,0.37,0.418,0.417,0.406
2023-09-21T07:00:00-05:00,0.359,0.425,0.399,0.412
2023-09-21T07:15:00-05:00,0.35,0.424,0.385,0.41
2023-09-21T07:30:00-05:00,0.342,0.417,0.369,0.4
2023-09-21T07:45:00-05:00,0.341,0.411,0.359,0.39
2023-09-21T08:00:00-05:00,0.349,0.407,0.363,0.385
2023-09-21T08:15:00-05:00,0.357,0.411,0.364,0.385
2023-09-21T08:30:00-05:00,0.364,0.415,0.366,0.383
2023-09-21T08:45:00-05:00,0.377,0.424,0.372,0.385
2023-09-21T09:00:00-05:00,0.393,0.441,0.381,0.377
2023-09-21T09:15:00-05:00,0.41,0.453,0.39,0.383
2023-09-21T09:30:00-05:00,0.426,0.459,0.396,0.395
2023-09-21T09:45:00-05:00,0.441,0.463,0.402,0.411
2023-09-21T10:00:00-05:00,0.46,0.463,0.411,0.447
2023-09-21T10:15:00-05:00,0.479,0.47,0.42,0.468
2023-09-21T10:30:00-05:00,0.498,0.478,0.428,0.483
2023-09-21T10:45:00-05:00,0.518,0.488,0.436,0.496
2023-09-21T11:00:00-05:00,0.54,0.5,0.443,0.5
2023-09-21T11:15:00-05:00,0.562,0.514,0.455,0.515
2023-09-21T11:30:00-05:00,0.581,0.529,0.468,0.531
2023-09-21T11:45:00-05:00,0.6,0.544,0.482,0.548
2023-09-21T12:00:00-05:00,0.621,0.567,0.5,0.574
2023-09-21T12:15:00-05:00,0.64,0.584,0.517,0.592
2023-09-21T12:30:00-05:00,0.654,0.596,0.533,0.605
2023-09-21T12:45:00-05:00,0.667,0.606,0.55,0.614
2023-09-21T13:00:00-05:00,0.683,0.609,0.57,0.618
2023-09-21T13:15:00-05:00,0.693,0.619,0.586,0.626
2023-09-21T13:30:00-05:00,0.696,0.628,0.6,0.632
2023-09-21T13:45:00-05:00,0.691,0.638,0.611,0.635
2023-09-21T14:00:00-05:00,0.67,0.653,0.617,0.635
2023-09-21T14:15:00-05:00,0.666,0.661,0.627,0.637
2023-09-21T14:30:00-05:00,0.669,0.669,0.641,0.644
2023-09-21T14:45:00-05:00,0.678,0.674,0.656,0.652
2023-09-21T15:00:00-05:00,0.702,0.677,0.678,0.664
2023-09-21T15:15:00-05:00,0.713,0.683,0.693,0.674
2023-09-21T15:30:00-05:00,0.725,0.693,0.707,0.687
2023-09-21T15:45:00-05:00,0.735,0.702,0.719,0.7
2023-09-21T16:00:00-05:00,0.743,0.717,0.725,0.719
2023-09-21T16:15:00-05:00,0.75,0.726,0.734,0.732
2023-09-21T16:30:00-05:00,0.756,0.733,0.743,0.74
2023-09-21T16:45:00-05:00,0.764,0.741,0.754,0.749
2023-09-21T17:00:00-05:00,0.772,0.745,0.768,0.755
2023-09-21T17:15:00-05:00,0.783,0.757,0.785,0.767
2023-09-21T17:30:00-05:00,0.789,0.766,0.796,0.773
2023-09-21T17:45:00-05:00,0.789,0.77,0.8,0.771
2023-09-21T18:00:00-05:00,0.781,0.775,0.797,0.764
2023-09-21T18:15:00-05:00,0.778,0.775,0.798,0.76
2023-09-21T18:30:00-05:00,0.778,0.774,0.8,0.756
2023-09-21T18:45:00-05:00,0.778,0.768,0.801,0.75
2023-09-21T19:00:00-05:00,0.788,0.762,0.809,0.753
2023-09-21T19:15:00-05:00,0.789,0.755,0.812,0.746
2023-09-21T19:30:00-05:00,0.791,0.75,0.815,0.736
2023-09-21T19:45:00-05:00,0.789,0.742,0.814,0.722
2023-09-21T20:00:00-05:00,0.802,0.747,0.824,0.706
2023-09-21T20:15:00-05:00,0.805,0.745,0.829,0.695
2023-09-21T20:30:00-05:00,0.8,0.739,0.83,0.686
2023-09-21T20:45:00-05:00,0.787,0.729,0.825,0.676
2023-09-21T21:00:00-05:00,0.768,0.722,0.826,0.678
2023-09-21T21:15:00-05:00,0.754,0.712,0.821,0.669
2023-09-21T21:30:00-05:00,0.733,0.694,0.806,0.649
2023-09-21T21:45:00-05:00,0.71,0.671,0.781,0.623
2023-09-21T22:00:00-05:00,0.691,0.65,0.759,0.598
2023-09-21T22:15:00-05:00,0.67,0.63,0.736,0.573
2023-09-21T22:30:00-05:00,0.648,0.609,0.709,0.549
2023-09-21T22:45:00-05:00,0.625,0.588,0.678,0.522
2023-09-21T23:00:00-05:00,0.606,0.57,0.645,0.498
2023-09-21T23:15:00-05:00,0.586,0.551,0.619,0.476
2023-09-21T23:30:00-05:00,0.567,0.534,0.596,0.457
2023-09-21T23:45:00-05:00,0.548,0.516,0.575,0.441
2023-09-22T00:00:00-05:00,0.465,0.505,0.528,0.493
2023-09-22T00:15:00-05:00,0.449,0.491,0.511,0.478
2023-09-22T00:30:00-05:00,0.437,0.48,0.496,0.466
2023-09-22T00:45:00-05:00,0.424,0.469,0.482,0.454
2023-09-22T01:00:00-05:00,0.408,0.461,0.468,0.441
2023-09-22T01:15:00-05:00,0.397,0.452,0.454,0.43
2023-09-22T01:30:00-05:00,0.387,0.444,0.438,0.421
2023-09-22T01:45:00-05:00,0.38,0.438,0.428,0.414
2023-09-22T02:00:00-05:00,0.371,0.427,0.396,0.401
2023-09-22T02:15:00-05:00,0.364,0.42,0.388,0.394
2023-09-22T02:30:00-05:00,0.355,0.412,0.38,0.387
2023-09-22T02:45:00-05:00,0.351,0.408,0.372,0.383
2023-09-22T03:00:00-05:00,0.336,0.398,0.376,0.376
2023-09-22T03:15:00-05:00,0.331,0.394,0.373,0.371
2023-09-22T03:30:00-05:00,0.328,0.391,0.371,0.367
2023-09-22T03:45:00-05:00,0.325,0.388,0.37,0.364
2023-09-22T04:00:00-05:00,0.325,0.386,0.362,0.352
2023-09-22T04:15:00-05:00,0.325,0.384,0.36,0.349
2023-09-22T04:30:00-05:00,0.328,0.385,0.36,0.348
2023-09-22T04:45:00-05:00,0.332,0.386,0.359,0.346
2023-09-22T05:00:00-05:00,0.349,0.386,0.357,0.345
2023-09-22T05:15:00-05:00,0.36,0.392,0.362,0.349
2023-09-22T05:30:00-05:00,0.367,0.394,0.366,0.353
2023-09-22T05:45:00-05:00,0.374,0.398,0.373,0.359
2023-09-22T06:00:00-05:00,0.382,0.408,0.402,0.381
2023-09-22T06:15:00-05:00,0.391,0.417,0.421,0.398
2023-09-22T06:30:00-05:00,0.391,0.421,0.425,0.405
2023-09-22T06:45:00-05:00,0.39,0.428,0.425,0.411
2023-09-22T07:00:00-05:00,0.384,0.438,0.409,0.415
2023-09-22T07:15:00-05:00,0.376,0.439,0.396,0.41
2023-09-22T07:30:00-05:00,0.365,0.434,0.379,0.397
2023-09-22T07:45:00-05:00,0.358,0.43,0.369,0.385
2023-09-22T08:00:00-05:00,0.354,0.427,0.37,0.377
2023-09-22T08:15:00-05:00,0.359,0.432,0.371,0.375
2023-09-22T08:30:00-05:00,0.368,0.436,0.374,0.374
2023-09-22T08:45:00-05:00,0.385,0.445,0.382,0.378
2023-09-22T09:00:00-05:00,0.414,0.458,0.397,0.377
2023-09-22T09:15:00-05:00,0.435,0.471,0.408,0.385
2023-09-22T09:30:00-05:00,0.452,0.479,0.416,0.397
2023-09-22T09:45:00-05:00,0.466,0.484,0.422,0.41
2023-09-22T10:00:00-05:00,0.48,0.492,0.427,0.439
2023-09-22T10:15:00-05:00,0.496,0.501,0.436,0.456
2023-09-22T10:30:00-05:00,0.515,0.509,0.445,0.47
2023-09-22T10:45:00-05:00,0.534,0.517,0.455,0.482
2023-09-22T11:00:00-05:00,0.556,0.526,0.466,0.487
2023-09-22T11:15:00-05:00,0.579,0.539,0.479,0.502
2023-09-22T11:30:00-05:00,0.6,0.552,0.492,0.519
2023-09-22T11:45:00-05:00,0.62,0.565,0.506,0.537
2023-09-22T12:00:00-05:00,0.643,0.586,0.522,0.563
2023-09-22T12:15:00-05:00,0.664,0.601,0.538,0.583
2023-09-22T12:30:00-05:00,0.683,0.612,0.554,0.599
2023-09-22T12:45:00-05:00,0.701,0.621,0.571,0.614
2023-09-22T13:00:00-05:00,0.725,0.62,0.589,0.623
2023-09-22T13:15:00-05:00,0.74,0.63,0.607,0.637
2023-09-22T13:30:00-05:00,0.745,0.64,0.622,0.649
2023-09-22T13:45:00-05:00,0.741,0.654,0.636,0.661
2023-09-22T14:00:00-05:00,0.717,0.677,0.653,0.675
2023-09-22T14:15:00-05:00,0.713,0.688,0.665,0.684
2023-09-22T14:30:00-05:00,0.717,0.699,0.679,0.694
2023-09-22T14:45:00-05:00,0.727,0.707,0.692,0.703
2023-09-22T15:00:00-05:00,0.752,0.709,0.707,0.708
2023-09-22T15:15:00-05:00,0.764,0.717,0.719,0.718
2023-09-22T15:30:00-05:00,0.777,0.73,0.731,0.732
2023-09-22T15:45:00-05:00,0.787,0.742,0.74,0.748
2023-09-22T16:00:00-05:00,0.799,0.762,0.744,0.774
2023-09-22T16:15:00-05:00,0.807,0.775,0.751,0.79
2023-09-22T16:30:00-05:00,0.81,0.784,0.757,0.799
2023-09-22T16:45:00-05:00,0.813,0.794,0.766,0.807
2023-09-22T17:00:00-05:00,0.809,0.804,0.775,0.807
2023-09-22T17:15:00-05:00,0.81,0.817,0.788,0.817
2023-09-22T17:30:00-05:00,0.81,0.824,0.797,0.822
2023-09-22T17:45:00-05:00,0.805,0.823,0.798,0.822
2023-09-22T18:00:00-05:00,0.798,0.816,0.799,0.821
2023-09-22T18:15:00-05:00,0.791,0.811,0.797,0.817
2023-09-22T18:30:00-05:00,0.786,0.807,0.794,0.812
2023-09-22T18:45:00-05:00,0.78,0.799,0.785,0.801
2023-09-22T19:00:00-05:00,0.78,0.797,0.775,0.798
2023-09-22T19:15:00-05:00,0.774,0.79,0.767,0.786
2023-09-22T19:30:00-05:00,0.77,0.783,0.761,0.771
2023-09-22T19:45:00-05:00,0.764,0.774,0.756,0.754
2023-09-22T20:00:00-05:00,0.773,0.778,0.765,0.737
2023-09-22T20:15:00-05:00,0.772,0.773,0.766,0.723
2023-09-22T20:30:00-05:00,0.766,0.765,0.763,0.71
2023-09-22T20:45:00-05:00,0.753,0.752,0.757,0.697
2023-09-22T21:00:00-05:00,0.733,0.735,0.752,0.693
2023-09-22T21:15:00-05:00,0.719,0.722,0.745,0.681
2023-09-22T21:30:00-05:00,0.705,0.704,0.732,0.659
2023-09-22T21:45:00-05:00,0.689,0.684,0.713,0.633
2023-09-22T22:00:00-05:00,0.682,0.667,0.695,0.602
2023-09-22T22:15:00-05:00,0.67,0.651,0.679,0.58
2023-09-22T22:30:00-05:00,0.653,0.633,0.66,0.562
2023-09-22T22:45:00-05:00,0.634,0.616,0.639,0.547
2023-09-22T23:00:00-05:00,0.617,0.606,0.623,0.543
2023-09-22T23:15:00-05:00,0.599,0.59,0.604,0.53
2023-09-22T23:30:00-05:00,0.581,0.573,0.585,0.515
2023-09-22T23:45:00-05:00,0.563,0.556,0.567,0.5
2023-09-23T00:00:00-05:00,0.51,0.533,0.569,0.517
2023-09-23T00:15:00-05:00,0.49,0.519,0.552,0.501
2023-09-23T00:30:00-05:00,0.473,0.508,0.538,0.487
2023-09-23T00:45:00-05:00,0.454,0.497,0.525,0.473
2023-09-23T01:00:00-05:00,0.422,0.492,0.514,0.458
2023-09-23T01:15:00-05:00,0.408,0.482,0.502,0.446
2023-09-23T01:30:00-05:00,0.397,0.473,0.488,0.436
2023-09-23T01:45:00-05:00,0.389,0.467,0.479,0.428
2023-09-23T02:00:00-05:00,0.392,0.451,0.453,0.416
2023-09-23T02:15:00-05:00,0.386,0.443,0.444,0.409
2023-09-23T02:30:00-05:00,0.379,0.434,0.434,0.402
2023-09-23T02:45:00-05:00,0.377,0.429,0.427,0.398
2023-09-23T03:00:00-05:00,0.365,0.42,0.422,0.395
2023-09-23T03:15:00-05:00,0.36,0.414,0.417,0.389
2023-09-23T03:30:00-05:00,0.356,0.411,0.413,0.386
2023-09-23T03:45:00-05:00,0.353,0.408,0.41,0.383
2023-09-23T04:00:00-05:00,0.344,0.403,0.402,0.369
2023-09-23T04:15:00-05:00,0.343,0.399,0.399,0.365
2023-09-23T04:30:00-05:00,0.343,0.397,0.398,0.363
2023-09-23T04:45:00-05:00,0.343,0.393,0.395,0.359
2023-09-23T05:00:00-05:00,0.354,0.381,0.39,0.353
2023-09-23T05:15:00-05:00,0.361,0.38,0.392,0.354
2023-09-23T05:30:00-05:00,0.363,0.377,0.391,0.353
2023-09-23T05:45:00-05:00,0.363,0.376,0.39,0.352
2023-09-23T06:00:00-05:00,0.356,0.38,0.393,0.356
2023-09-23T06:15:00-05:00,0.352,0.382,0.394,0.359
2023-09-23T06:30:00-05:00,0.347,0.383,0.391,0.361
2023-09-23T06:45:00-05:00,0.348,0.393,0.393,0.369
2023-09-23T07:00:00-05:00,0.344,0.402,0.397,0.383
2023-09-23T07:15:00-05:00,0.348,0.412,0.398,0.389
2023-09-23T07:30:00-05:00,0.36,0.425,0.401,0.393
2023-09-23T07:45:00-05:00,0.38,0.44,0.409,0.398
2023-09-23T08:00:00-05:00,0.404,0.453,0.419,0.402
2023-09-23T08:15:00-05:00,0.425,0.471,0.432,0.411
2023-09-23T08:30:00-05:00,0.438,0.481,0.441,0.416
2023-09-23T08:45:00-05:00,0.455,0.497,0.456,0.425
2023-09-23T09:00:00-05:00,0.472,0.513,0.475,0.42
2023-09-23T09:15:00-05:00,0.492,0.531,0.493,0.434
2023-09-23T09:30:00-05:00,0.51,0.546,0.506,0.456
2023-09-23T09:45:00-05:00,0.524,0.557,0.515,0.481
2023-09-23T10:00:00-05:00,0.545,0.573,0.526,0.539
2023-09-23T10:15:00-05:00,0.563,0.588,0.539,0.569
2023-09-23T10:30:00-05:00,0.579,0.602,0.551,0.586
2023-09-23T10:45:00-05:00,0.592,0.616,0.562,0.598
2023-09-23T11:00:00-05:00,0.603,0.628,0.572,0.591
2023-09-23T11:15:00-05:00,0.62,0.646,0.588,0.603
2023-09-23T11:30:00-05:00,0.637,0.664,0.605,0.617
2023-09-23T11:45:00-05:00,0.654,0.683,0.623,0.632
2023-09-23T12:00:00-05:00,0.672,0.711,0.646,0.65
2023-09-23T12:15:00-05:00,0.691,0.732,0.666,0.668
2023-09-23T12:30:00-05:00,0.71,0.747,0.684,0.686
2023-09-23T12:45:00-05:00,0.73,0.76,0.702,0.706
2023-09-23T13:00:00-05:00,0.762,0.764,0.719,0.731
2023-09-23T13:15:00-05:00,0.78,0.776,0.736,0.751
2023-09-23T13:30:00-05:00,0.789,0.787,0.749,0.766
2023-09-23T13:45:00-05:00,0.789,0.799,0.758,0.779
2023-09-23T14:00:00-05:00,0.778,0.817,0.771,0.791
2023-09-23T14:15:00-05:00,0.777,0.826,0.779,0.801
2023-09-23T14:30:00-05:00,0.779,0.834,0.784,0.812
2023-09-23T14:45:00-05:00,0.782,0.84,0.786,0.822
2023-09-23T15:00:00-05:00,0.793,0.844,0.786,0.831
2023-09-23T15:15:00-05:00,0.799,0.851,0.791,0.841
2023-09-23T15:30:00-05:00,0.807,0.86,0.796,0.854
2023-09-23T15:45:00-05:00,0.812,0.864,0.797,0.866
2023-09-23T16:00:00-05:00,0.823,0.872,0.804,0.888
2023-09-23T16:15:00-05:00,0.827,0.877,0.805,0.898
2023-09-23T16:30:00-05:00,0.828,0.879,0.804,0.9
2023-09-23T16:45:00-05:00,0.831,0.886,0.806,0.901
2023-09-23T17:00:00-05:00,0.825,0.893,0.799,0.888
2023-09-23T17:15:00-05:00,0.827,0.901,0.8,0.885
2023-09-23T17:30:00-05:00,0.828,0.903,0.802,0.881
2023-09-23T17:45:00-05:00,0.826,0.898,0.801,0.872
2023-09-23T18:00:00-05:00,0.824,0.886,0.802,0.862
2023-09-23T18:15:00-05:00,0.82,0.877,0.801,0.852
2023-09-23T18:30:00-05:00,0.816,0.872,0.801,0.845
2023-09-23T18:45:00-05:00,0.81,0.865,0.802,0.838
2023-09-23T19:00:00-05:00,0.812,0.869,0.817,0.848
2023-09-23T19:15:00-05:00,0.806,0.863,0.818,0.84
2023-09-23T19:30:00-05:00,0.799,0.856,0.815,0.827
2023-09-23T19:45:00-05:00,0.79,0.846,0.805,0.808
2023-09-23T20:00:00-05:00,0.791,0.85,0.795,0.786
2023-09-23T20:15:00-05:00,0.785,0.843,0.789,0.769
2023-09-23T20:30:00-05:00,0.775,0.832,0.783,0.755
2023-09-23T20:45:00-05:00,0.761,0.814,0.773,0.74
2023-09-23T21:00:00-05:00,0.739,0.783,0.765,0.733
2023-09-23T21:15:00-05:00,0.725,0.765,0.756,0.72
2023-09-23T21:30:00-05:00,0.71,0.745,0.744,0.698
2023-09-23T21:45:00-05:00,0.697,0.728,0.73,0.673
2023-09-23T22:00:00-05:00,0.698,0.722,0.725,0.644
2023-09-23T22:15:00-05:00,0.687,0.709,0.712,0.624
2023-09-23T22:30:00-05:00,0.667,0.692,0.693,0.606
2023-09-23T22:45:00-05:00,0.642,0.673,0.669,0.592
2023-09-23T23:00:00-05:00,0.613,0.66,0.642,0.591
2023-09-23T23:15:00-05:00,0.59,0.642,0.62,0.577
2023-09-23T23:30:00-05:00,0.57,0.624,0.6,0.562
2023-09-23T23:45:00-05:00,0.55,0.605,0.58,0.546
2023-09-24T00:00:00-05:00,0.502,0.546,0.556,0.537
2023-09-24T00:15:00-05:00,0.485,0.532,0.542,0.52
2023-09-24T00:30:00-05:00,0.471,0.521,0.53,0.506
2023-09-24T00:45:00-05:00,0.457,0.511,0.52,0.493
2023-09-24T01:00:00-05:00,0.436,0.507,0.52,0.478
2023-09-24T01:15:00-05:00,0.424,0.497,0.508,0.466
2023-09-24T01:30:00-05:00,0.415,0.489,0.495,0.455
2023-09-24T01:45:00-05:00,0.408,0.482,0.486,0.448
2023-09-24T02:00:00-05:00,0.407,0.467,0.45,0.437
2023-09-24T02:15:00-05:00,0.4,0.459,0.44,0.429
2023-09-24T02:30:00-05:00,0.392,0.449,0.43,0.42
2023-09-24T02:45:00-05:00,0.389,0.445,0.422,0.415
2023-09-24T03:00:00-05:00,0.374,0.434,0.421,0.404
2023-09-24T03:15:00-05:00,0.368,0.428,0.417,0.397
2023-09-24T03:30:00-05:00,0.363,0.423,0.414,0.393
2023-09-24T03:45:00-05:00,0.359,0.419,0.412,0.389
2023-09-24T04:00:00-05:00,0.347,0.409,0.409,0.378
2023-09-24T04:15:00-05:00,0.345,0.405,0.406,0.374
2023-09-24T04:30:00-05:00,0.345,0.402,0.405,0.37
2023-09-24T04:45:00-05:00,0.343,0.397,0.402,0.365
2023-09-24T05:00:00-05:00,0.352,0.385,0.391,0.353
2023-09-24T05:15:00-05:00,0.359,0.384,0.389,0.351
2023-09-24T05:30:00-05:00,0.36,0.38,0.385,0.347
2023-09-24T05:45:00-05:00,0.361,0.378,0.38,0.344
2023-09-24T06:00:00-05:00,0.358,0.382,0.375,0.348
2023-09-24T06:15:00-05:00,0.357,0.383,0.369,0.349
2023-09-24T06:30:00-05:00,0.353,0.381,0.361,0.348
2023-09-24T06:45:00-05:00,0.354,0.386,0.362,0.355
2023-09-24T07:00:00-05:00,0.354,0.388,0.365,0.367
2023-09-24T07:15:00-05:00,0.356,0.394,0.369,0.372
2023-09-24T07:30:00-05:00,0.361,0.405,0.379,0.376
2023-09-24T07:45:00-05:00,0.372,0.422,0.395,0.382
2023-09-24T08:00:00-05:00,0.383,0.439,0.413,0.386
2023-09-24T08:15:00-05:00,0.399,0.458,0.433,0.397
2023-09-24T08:30:00-05:00,0.412,0.472,0.446,0.405
2023-09-24T08:45:00-05:00,0.431,0.491,0.464,0.418
2023-09-24T09:00:00-05:00,0.455,0.519,0.489,0.429
2023-09-24T09:15:00-05:00,0.479,0.542,0.511,0.447
2023-09-24T09:30:00-05:00,0.501,0.554,0.524,0.465
2023-09-24T09:45:00-05:00,0.519,0.561,0.533,0.483
2023-09-24T10:00:00-05:00,0.544,0.561,0.541,0.511
2023-09-24T10:15:00-05:00,0.566,0.571,0.552,0.533
2023-09-24T10:30:00-05:00,0.588,0.582,0.561,0.555
2023-09-24T10:45:00-05:00,0.608,0.593,0.569,0.575
2023-09-24T11:00:00-05:00,0.626,0.604,0.573,0.594
2023-09-24T11:15:00-05:00,0.649,0.62,0.585,0.617
2023-09-24T11:30:00-05:00,0.672,0.64,0.601,0.639
2023-09-24T11:45:00-05:00,0.697,0.661,0.618,0.662
2023-09-24T12:00:00-05:00,0.725,0.692,0.639,0.685
2023-09-24T12:15:00-05:00,0.75,0.715,0.66,0.708
2023-09-24T12:30:00-05:00,0.772,0.735,0.682,0.731
2023-09-24T12:45:00-05:00,0.793,0.754,0.706,0.755
2023-09-24T13:00:00-05:00,0.822,0.769,0.737,0.784
2023-09-24T13:15:00-05:00,0.839,0.787,0.761,0.806
2023-09-24T13:30:00-05:00,0.846,0.802,0.779,0.822
2023-09-24T13:45:00-05:00,0.843,0.815,0.793,0.833
2023-09-24T14:00:00-05:00,0.827,0.83,0.81,0.843
2023-09-24T14:15:00-05:00,0.822,0.841,0.821,0.852
2023-09-24T14:30:00-05:00,0.821,0.851,0.829,0.859
2023-09-24T14:45:00-05:00,0.82,0.86,0.831,0.862
2023-09-24T15:00:00-05:00,0.828,0.871,0.832,0.864
2023-09-24T15:15:00-05:00,0.832,0.88,0.836,0.87
2023-09-24T15:30:00-05:00,0.838,0.888,0.841,0.879
2023-09-24T15:45:00-05:00,0.84,0.89,0.84,0.887
2023-09-24T16:00:00-05:00,0.847,0.886,0.842,0.905
2023-09-24T16:15:00-05:00,0.849,0.887,0.84,0.912
2023-09-24T16:30:00-05:00,0.85,0.889,0.837,0.912
2023-09-24T16:45:00-05:00,0.856,0.898,0.84,0.914
2023-09-24T17:00:00-05:00,0.864,0.916,0.83,0.901
2023-09-24T17:15:00-05:00,0.867,0.927,0.833,0.9
2023-09-24T17:30:00-05:00,0.866,0.931,0.838,0.899
2023-09-24T17:45:00-05:00,0.855,0.924,0.843,0.896
2023-09-24T18:00:00-05:00,0.83,0.903,0.854,0.897
2023-09-24T18:15:00-05:00,0.817,0.892,0.858,0.891
2023-09-24T18:30:00-05:00,0.809,0.886,0.862,0.887
2023-09-24T18:45:00-05:00,0.804,0.881,0.865,0.879
2023-09-24T19:00:00-05:00,0.811,0.888,0.877,0.88
2023-09-24T19:15:00-05:00,0.808,0.884,0.881,0.872
2023-09-24T19:30:00-05:00,0.806,0.879,0.885,0.863
2023-09-24T19:45:00-05:00,0.801,0.871,0.883,0.851
2023-09-24T20:00:00-05:00,0.817,0.877,0.898,0.85
2023-09-24T20:15:00-05:00,0.817,0.874,0.901,0.842
2023-09-24T20:30:00-05:00,0.809,0.866,0.897,0.83
2023-09-24T20:45:00-05:00,0.791,0.851,0.884,0.815
2023-09-24T21:00:00-05:00,0.76,0.836,0.863,0.798
2023-09-24T21:15:00-05:00,0.741,0.821,0.849,0.782
2023-09-24T21:30:00-05:00,0.719,0.793,0.828,0.758
2023-09-24T21:45:00-05:00,0.698,0.762,0.803,0.731
2023-09-24T22:00:00-05:00,0.689,0.726,0.792,0.709
2023-09-24T22:15:00-05:00,0.67,0.699,0.769,0.686
2023-09-24T22:30:00-05:00,0.648,0.674,0.739,0.662
2023-09-24T22:45:00-05:00,0.622,0.652,0.703,0.637
2023-09-24T23:00:00-05:00,0.596,0.641,0.66,0.617
2023-09-24T23:15:00-05:00,0.574,0.621,0.629,0.595
2023-09-24T23:30:00-05:00,0.554,0.602,0.604,0.575
2023-09-24T23:45:00-05:00,0.535,0.583,0.581,0.556
2023-09-25T00:00:00-05:00,0.49,0.484,0.532,0.501
2023-09-25T00:15:00-05:00,0.473,0.47,0.516,0.486
2023-09-25T00:30:00-05:00,0.459,0.46,0.503,0.472
2023-09-25T00:45:00-05:00,0.444,0.449,0.49,0.459
2023-09-25T01:00:00-05:00,0.423,0.443,0.482,0.443
2023-09-25T01:15:00-05:00,0.411,0.433,0.469,0.432
2023-09-25T01:30:00-05:00,0.402,0.423,0.454,0.422
2023-09-25T01:45:00-05:00,0.394,0.417,0.445,0.415
2023-09-25T02:00:00-05:00,0.39,0.4,0.41,0.408
2023-09-25T02:15:00-05:00,0.383,0.393,0.403,0.4
2023-09-25T02:30:00-05:00,0.376,0.386,0.394,0.392
2023-09-25T02:45:00-05:00,0.373,0.381,0.387,0.388
2023-09-25T03:00:00-05:00,0.362,0.376,0.393,0.377
2023-09-25T03:15:00-05:00,0.357,0.372,0.391,0.37
2023-09-25T03:30:00-05:00,0.354,0.37,0.389,0.365
2023-09-25T03:45:00-05:00,0.352,0.368,0.389,0.361
2023-09-25T04:00:00-05:00,0.346,0.366,0.384,0.343
2023-09-25T04:15:00-05:00,0.346,0.364,0.382,0.341
2023-09-25T04:30:00-05:00,0.349,0.365,0.382,0.339
2023-09-25T04:45:00-05:00,0.352,0.364,0.382,0.336
2023-09-25T05:00:00-05:00,0.369,0.36,0.377,0.341
2023-09-25T05:15:00-05:00,0.379,0.363,0.381,0.347
2023-09-25T05:30:00-05:00,0.385,0.363,0.384,0.351
2023-09-25T05:45:00-05:00,0.389,0.363,0.389,0.357
2023-09-25T06:00:00-05:00,0.389,0.365,0.416,0.374
2023-09-25T06:15:00-05:00,0.392,0.367,0.431,0.388
2023-09-25T06:30:00-05:00,0.389,0.368,0.432,0.396
2023-09-25T06:45:00-05:00,0.389,0.375,0.428,0.404
2023-09-25T07:00:00-05:00,0.391,0.398,0.413,0.417
2023-09-25T07:15:00-05:00,0.387,0.399,0.398,0.416
2023-09-25T07:30:00-05:00,0.38,0.393,0.378,0.403
2023-09-25T07:45:00-05:00,0.377,0.384,0.367,0.389
2023-09-25T08:00:00-05:00,0.38,0.367,0.368,0.376
2023-09-25T08:15:00-05:00,0.386,0.369,0.369,0.373
2023-09-25T08:30:00-05:00,0.39,0.374,0.37,0.37
2023-09-25T08:45:00-05:00,0.399,0.386,0.376,0.372
2023-09-25T09:00:00-05:00,0.407,0.415,0.386,0.37
2023-09-25T09:15:00-05:00,0.42,0.432,0.396,0.376
2023-09-25T09:30:00-05:00,0.433,0.438,0.403,0.386
2023-09-25T09:45:00-05:00,0.447,0.439,0.41,0.398
2023-09-25T10:00:00-05:00,0.466,0.433,0.419,0.421
2023-09-25T10:15:00-05:00,0.483,0.437,0.429,0.437
2023-09-25T10:30:00-05:00,0.503,0.441,0.437,0.454
2023-09-25T10:45:00-05:00,0.523,0.445,0.446,0.469
2023-09-25T11:00:00-05:00,0.546,0.45,0.453,0.487
2023-09-25T11:15:00-05:00,0.57,0.459,0.465,0.505
2023-09-25T11:30:00-05:00,0.59,0.471,0.479,0.52
2023-09-25T11:45:00-05:00,0.61,0.485,0.494,0.534
2023-09-25T12:00:00-05:00,0.635,0.508,0.509,0.55
2023-09-25T12:15:00-05:00,0.656,0.523,0.526,0.564
2023-09-25T12:30:00-05:00,0.67,0.536,0.546,0.574
2023-09-25T12:45:00-05:00,0.681,0.546,0.569,0.583
2023-09-25T13:00:00-05:00,0.693,0.551,0.601,0.589
2023-09-25T13:15:00-05:00,0.7,0.562,0.623,0.596
2023-09-25T13:30:00-05:00,0.7,0.571,0.64,0.6
2023-09-25T13:45:00-05:00,0.69,0.581,0.651,0.6
2023-09-25T14:00:00-05:00,0.667,0.59,0.656,0.597
2023-09-25T14:15:00-05:00,0.658,0.598,0.666,0.597
2023-09-25T14:30:00-05:00,0.654,0.611,0.679,0.599
2023-09-25T14:45:00-05:00,0.653,0.625,0.695,0.602
2023-09-25T15:00:00-05:00,0.667,0.644,0.72,0.608
2023-09-25T15:15:00-05:00,0.671,0.657,0.734,0.613
2023-09-25T15:30:00-05:00,0.672,0.672,0.745,0.622
2023-09-25T15:45:00-05:00,0.668,0.684,0.749,0.631
2023-09-25T16:00:00-05:00,0.661,0.692,0.741,0.646
2023-09-25T16:15:00-05:00,0.655,0.704,0.742,0.656
2023-09-25T16:30:00-05:00,0.652,0.714,0.746,0.662
2023-09-25T16:45:00-05:00,0.654,0.728,0.757,0.669
2023-09-25T17:00:00-05:00,0.656,0.749,0.77,0.671
2023-09-25T17:15:00-05:00,0.658,0.768,0.786,0.68
2023-09-25T17:30:00-05:00,0.658,0.779,0.798,0.687
2023-09-25T17:45:00-05:00,0.655,0.778,0.803,0.689
2023-09-25T18:00:00-05:00,0.646,0.767,0.805,0.692
2023-09-25T18:15:00-05:00,0.643,0.762,0.807,0.691
2023-09-25T18:30:00-05:00,0.644,0.758,0.809,0.691
2023-09-25T18:45:00-05:00,0.649,0.752,0.809,0.686
2023-09-25T19:00:00-05:00,0.666,0.75,0.816,0.688
2023-09-25T19:15:00-05:00,0.673,0.744,0.817,0.683
2023-09-25T19:30:00-05:00,0.679,0.737,0.819,0.675
2023-09-25T19:45:00-05:00,0.68,0.728,0.816,0.663
2023-09-25T20:00:00-05:00,0.695,0.728,0.825,0.654
2023-09-25T20:15:00-05:00,0.7,0.723,0.827,0.645
2023-09-25T20:30:00-05:00,0.696,0.716,0.825,0.637
2023-09-25T20:45:00-05:00,0.684,0.706,0.817,0.626
2023-09-25T21:00:00-05:00,0.662,0.702,0.812,0.622
2023-09-25T21:15:00-05:00,0.648,0.692,0.803,0.612
2023-09-25T21:30:00-05:00,0.631,0.67,0.783,0.594
2023-09-25T21:45:00-05:00,0.613,0.643,0.755,0.572
2023-09-25T22:00:00-05:00,0.601,0.613,0.729,0.548
2023-09-25T22:15:00-05:00,0.585,0.589,0.703,0.528
2023-09-25T22:30:00-05:00,0.566,0.567,0.675,0.51
2023-09-25T22:45:00-05:00,0.546,0.544,0.643,0.491
2023-09-25T23:00:00-05:00,0.526,0.529,0.611,0.479
2023-09-25T23:15:00-05:00,0.508,0.51,0.584,0.463
2023-09-25T23:30:00-05:00,0.491,0.493,0.561,0.448
2023-09-25T23:45:00-05:00,0.475,0.477,0.541,0.433
2023-09-26T00:00:00-05:00,0.416,0.438,0.524,0.412
2023-09-26T00:15:00-05:00,0.401,0.425,0.507,0.399
2023-09-26T00:30:00-05:00,0.388,0.413,0.493,0.388
2023-09-26T00:45:00-05:00,0.376,0.402,0.478,0.377
2023-09-26T01:00:00-05:00,0.358,0.39,0.464,0.365
2023-09-26T01:15:00-05:00,0.347,0.38,0.451,0.355
2023-09-26T01:30:00-05:00,0.337,0.371,0.437,0.346
2023-09-26T01:45:00-05:00,0.33,0.364,0.427,0.34
2023-09-26T02:00:00-05:00,0.322,0.349,0.399,0.33
2023-09-26T02:15:00-05:00,0.315,0.344,0.392,0.324
2023-09-26T02:30:00-05:00,0.307,0.337,0.384,0.317
2023-09-26T02:45:00-05:00,0.303,0.333,0.377,0.313
2023-09-26T03:00:00-05:00,0.287,0.33,0.379,0.306
2023-09-26T03:15:00-05:00,0.284,0.327,0.375,0.302
2023-09-26T03:30:00-05:00,0.282,0.325,0.373,0.299
2023-09-26T03:45:00-05:00,0.279,0.324,0.372,0.297
2023-09-26T04:00:00-05:00,0.285,0.321,0.366,0.289
2023-09-26T04:15:00-05:00,0.287,0.32,0.364,0.288
2023-09-26T04:30:00-05:00,0.293,0.321,0.364,0.288
2023-09-26T04:45:00-05:00,0.301,0.322,0.363,0.287
2023-09-26T05:00:00-05:00,0.325,0.326,0.359,0.29
2023-09-26T05:15:00-05:00,0.34,0.332,0.363,0.296
2023-09-26T05:30:00-05:00,0.349,0.335,0.366,0.301
2023-09-26T05:45:00-05:00,0.356,0.338,0.373,0.307
2023-09-26T06:00:00-05:00,0.359,0.343,0.403,0.325
2023-09-26T06:15:00-05:00,0.364,0.349,0.42,0.34
2023-09-26T06:30:00-05:00,0.36,0.352,0.422,0.349
2023-09-26T06:45:00-05:00,0.353,0.358,0.418,0.357
2023-09-26T07:00:00-05:00,0.336,0.37,0.398,0.365
2023-09-26T07:15:00-05:00,0.325,0.371,0.382,0.364
2023-09-26T07:30:00-05:00,0.315,0.369,0.363,0.355
2023-09-26T07:45:00-05:00,0.314,0.366,0.352,0.344
2023-09-26T08:00:00-05:00,0.329,0.361,0.356,0.337
2023-09-26T08:15:00-05:00,0.336,0.366,0.357,0.335
2023-09-26T08:30:00-05:00,0.339,0.371,0.358,0.331
2023-09-26T08:45:00-05:00,0.346,0.381,0.363,0.33
2023-09-26T09:00:00-05:00,0.346,0.4,0.369,0.316
2023-09-26T09:15:00-05:00,0.356,0.414,0.378,0.318
2023-09-26T09:30:00-05:00,0.368,0.421,0.385,0.33
2023-09-26T09:45:00-05:00,0.382,0.425,0.392,0.346
2023-09-26T10:00:00-05:00,0.406,0.426,0.405,0.384
2023-09-26T10:15:00-05:00,0.423,0.433,0.415,0.405
2023-09-26T10:30:00-05:00,0.44,0.441,0.423,0.42
2023-09-26T10:45:00-05:00,0.455,0.45,0.43,0.433
2023-09-26T11:00:00-05:00,0.47,0.459,0.434,0.436
2023-09-26T11:15:00-05:00,0.487,0.472,0.445,0.45
2023-09-26T11:30:00-05:00,0.5,0.487,0.458,0.467
2023-09-26T11:45:00-05:00,0.513,0.504,0.473,0.486
2023-09-26T12:00:00-05:00,0.525,0.529,0.492,0.514
2023-09-26T12:15:00-05:00,0.538,0.547,0.509,0.534
2023-09-26T12:30:00-05:00,0.549,0.561,0.526,0.549
2023-09-26T12:45:00-05:00,0.56,0.572,0.545,0.563
2023-09-26T13:00:00-05:00,0.578,0.573,0.567,0.573
2023-09-26T13:15:00-05:00,0.586,0.584,0.586,0.585
2023-09-26T13:30:00-05:00,0.585,0.596,0.6,0.593
2023-09-26T13:45:00-05:00,0.576,0.609,0.612,0.599
2023-09-26T14:00:00-05:00,0.543,0.63,0.619,0.602
2023-09-26T14:15:00-05:00,0.535,0.642,0.63,0.607
2023-09-26T14:30:00-05:00,0.538,0.654,0.644,0.615
2023-09-26T14:45:00-05:00,0.55,0.665,0.66,0.624
2023-09-26T15:00:00-05:00,0.58,0.676,0.683,0.633
2023-09-26T15:15:00-05:00,0.594,0.687,0.697,0.643
2023-09-26T15:30:00-05:00,0.61,0.698,0.711,0.659
2023-09-26T15:45:00-05:00,0.625,0.708,0.72,0.677
2023-09-26T16:00:00-05:00,0.639,0.716,0.723,0.705
2023-09-26T16:15:00-05:00,0.654,0.726,0.729,0.725
2023-09-26T16:30:00-05:00,0.665,0.734,0.735,0.738
2023-09-26T16:45:00-05:00,0.676,0.746,0.744,0.749
2023-09-26T17:00:00-05:00,0.692,0.761,0.754,0.758
2023-09-26T17:15:00-05:00,0.707,0.778,0.767,0.773
2023-09-26T17:30:00-05:00,0.714,0.789,0.775,0.78
2023-09-26T17:45:00-05:00,0.71,0.792,0.777,0.778
2023-09-26T18:00:00-05:00,0.687,0.791,0.772,0.767
2023-09-26T18:15:00-05:00,0.681,0.79,0.771,0.762
2023-09-26T18:30:00-05:00,0.681,0.787,0.771,0.758
2023-09-26T18:45:00-05:00,0.687,0.779,0.771,0.751
2023-09-26T19:00:00-05:00,0.71,0.774,0.779,0.755
2023-09-26T19:15:00-05:00,0.718,0.766,0.779,0.748
2023-09-26T19:30:00-05:00,0.724,0.758,0.78,0.737
2023-09-26T19:45:00-05:00,0.723,0.748,0.776,0.721
2023-09-26T20:00:00-05:00,0.732,0.749,0.783,0.708
2023-09-26T20:15:00-05:00,0.735,0.743,0.784,0.695
2023-09-26T20:30:00-05:00,0.731,0.733,0.783,0.681
2023-09-26T20:45:00-05:00,0.721,0.719,0.776,0.666
2023-09-26T21:00:00-05:00,0.71,0.705,0.773,0.656
2023-09-26T21:15:00-05:00,0.699,0.691,0.766,0.641
2023-09-26T21:30:00-05:00,0.676,0.669,0.75,0.616
2023-09-26T21:45:00-05:00,0.648,0.644,0.727,0.588
2023-09-26T22:00:00-05:00,0.617,0.623,0.707,0.563
2023-09-26T22:15:00-05:00,0.591,0.601,0.686,0.536
2023-09-26T22:30:00-05:00,0.568,0.578,0.662,0.511
2023-09-26T22:45:00-05:00,0.546,0.554,0.635,0.484
2023-09-26T23:00:00-05:00,0.531,0.534,0.607,0.459
2023-09-26T23:15:00-05:00,0.512,0.513,0.583,0.438
2023-09-26T23:30:00-05:00,0.494,0.495,0.563,0.42
2023-09-26T23:45:00-05:00,0.478,0.478,0.543,0.404
2023-09-27T00:00:00-05:00,0.412,0.427,0.493,0.389
2023-09-27T00:15:00-05:00,0.398,0.414,0.477,0.377
2023-09-27T00:30:00-05:00,0.386,0.402,0.463,0.367
2023-09-27T00:45:00-05:00,0.373,0.39,0.449,0.357
2023-09-27T01:00:00-05:00,0.355,0.377,0.434,0.346
2023-09-27T01:15:00-05:00,0.345,0.366,0.422,0.337
2023-09-27T01:30:00-05:00,0.335,0.357,0.409,0.33
2023-09-27T01:45:00-05:00,0.328,0.35,0.4,0.324
2023-09-27T02:00:00-05:00,0.322,0.335,0.379,0.316
2023-09-27T02:15:00-05:00,0.316,0.33,0.372,0.311
2023-09-27T02:30:00-05:00,0.308,0.324,0.364,0.306
2023-09-27T02:45:00-05:00,0.304,0.32,0.359,0.303
2023-09-27T03:00:00-05:00,0.29,0.318,0.358,0.299
2023-09-27T03:15:00-05:00,0.287,0.315,0.355,0.295
2023-09-27T03:30:00-05:00,0.285,0.313,0.353,0.292
2023-09-27T03:45:00-05:00,0.282,0.312,0.351,0.291
2023-09-27T04:00:00-05:00,0.285,0.309,0.346,0.281
2023-09-27T04:15:00-05:00,0.286,0.308,0.344,0.279
2023-09-27T04:30:00-05:00,0.29,0.309,0.345,0.28
2023-09-27T04:45:00-05:00,0.296,0.309,0.344,0.28
2023-09-27T05:00:00-05:00,0.315,0.312,0.341,0.285
2023-09-27T05:15:00-05:00,0.327,0.317,0.346,0.292
2023-09-27T05:30:00-05:00,0.335,0.32,0.349,0.297
2023-09-27T05:45:00-05:00,0.342,0.324,0.357,0.305
2023-09-27T06:00:00-05:00,0.347,0.332,0.388,0.323
2023-09-27T06:15:00-05:00,0.355,0.34,0.407,0.339
2023-09-27T06:30:00-05:00,0.355,0.344,0.411,0.349
2023-09-27T06:45:00-05:00,0.354,0.352,0.408,0.359
2023-09-27T07:00:00-05:00,0.347,0.361,0.388,0.368
2023-09-27T07:15:00-05:00,0.34,0.363,0.374,0.368
2023-09-27T07:30:00-05:00,0.332,0.361,0.356,0.36
2023-09-27T07:45:00-05:00,0.329,0.359,0.346,0.35
2023-09-27T08:00:00-05:00,0.33,0.355,0.349,0.342
2023-09-27T08:15:00-05:00,0.336,0.36,0.35,0.341
2023-09-27T08:30:00-05:00,0.342,0.365,0.351,0.337
2023-09-27T08:45:00-05:00,0.355,0.375,0.356,0.337
2023-09-27T09:00:00-05:00,0.374,0.391,0.363,0.326
2023-09-27T09:15:00-05:00,0.391,0.404,0.371,0.329
2023-09-27T09:30:00-05:00,0.405,0.413,0.378,0.339
2023-09-27T09:45:00-05:00,0.417,0.419,0.385,0.353
2023-09-27T10:00:00-05:00,0.431,0.423,0.396,0.385
2023-09-27T10:15:00-05:00,0.446,0.432,0.406,0.403
2023-09-27T10:30:00-05:00,0.464,0.443,0.413,0.417
2023-09-27T10:45:00-05:00,0.482,0.455,0.42,0.429
2023-09-27T11:00:00-05:00,0.504,0.471,0.425,0.435
2023-09-27T11:15:00-05:00,0.525,0.487,0.434,0.448
2023-09-27T11:30:00-05:00,0.543,0.504,0.445,0.462
2023-09-27T11:45:00-05:00,0.561,0.522,0.457,0.477
2023-09-27T12:00:00-05:00,0.582,0.546,0.469,0.499
2023-09-27T12:15:00-05:00,0.6,0.565,0.483,0.515
2023-09-27T12:30:00-05:00,0.614,0.579,0.498,0.527
2023-09-27T12:45:00-05:00,0.626,0.591,0.514,0.537
2023-09-27T13:00:00-05:00,0.639,0.593,0.535,0.543
2023-09-27T13:15:00-05:00,0.649,0.605,0.552,0.552
2023-09-27T13:30:00-05:00,0.652,0.616,0.564,0.559
2023-09-27T13:45:00-05:00,0.648,0.63,0.575,0.565
2023-09-27T14:00:00-05:00,0.632,0.651,0.583,0.57
2023-09-27T14:15:00-05:00,0.628,0.663,0.592,0.575
2023-09-27T14:30:00-05:00,0.63,0.674,0.603,0.582
2023-09-27T14:45:00-05:00,0.637,0.683,0.615,0.59
2023-09-27T15:00:00-05:00,0.655,0.69,0.632,0.599
2023-09-27T15:15:00-05:00,0.664,0.699,0.643,0.608
2023-09-27T15:30:00-05:00,0.674,0.709,0.654,0.62
2023-09-27T15:45:00-05:00,0.681,0.718,0.66,0.633
2023-09-27T16:00:00-05:00,0.688,0.727,0.659,0.651
2023-09-27T16:15:00-05:00,0.694,0.736,0.663,0.664
2023-09-27T16:30:00-05:00,0.697,0.743,0.669,0.674
2023-09-27T16:45:00-05:00,0.703,0.753,0.678,0.684
2023-09-27T17:00:00-05:00,0.705,0.763,0.693,0.695
2023-09-27T17:15:00-05:00,0.711,0.777,0.707,0.708
2023-09-27T17:30:00-05:00,0.715,0.787,0.715,0.716
2023-09-27T17:45:00-05:00,0.713,0.79,0.715,0.716
2023-09-27T18:00:00-05:00,0.706,0.792,0.706,0.709
2023-09-27T18:15:00-05:00,0.702,0.791,0.703,0.706
2023-09-27T18:30:00-05:00,0.702,0.788,0.703,0.702
2023-09-27T18:45:00-05:00,0.703,0.78,0.704,0.696
2023-09-27T19:00:00-05:00,0.713,0.775,0.714,0.697
2023-09-27T19:15:00-05:00,0.715,0.767,0.716,0.69
2023-09-27T19:30:00-05:00,0.717,0.759,0.716,0.681
2023-09-27T19:45:00-05:00,0.714,0.748,0.713,0.67
2023-09-27T20:00:00-05:00,0.723,0.749,0.715,0.663
2023-09-27T20:15:00-05:00,0.726,0.743,0.716,0.655
2023-09-27T20:30:00-05:00,0.723,0.733,0.716,0.646
2023-09-27T20:45:00-05:00,0.714,0.72,0.712,0.635
2023-09-27T21:00:00-05:00,0.705,0.706,0.719,0.63
2023-09-27T21:15:00-05:00,0.696,0.692,0.714,0.619
2023-09-27T21:30:00-05:00,0.678,0.671,0.7,0.599
2023-09-27T21:45:00-05:00,0.656,0.647,0.675,0.575
2023-09-27T22:00:00-05:00,0.635,0.626,0.648,0.555
2023-09-27T22:15:00-05:00,0.615,0.605,0.626,0.532
2023-09-27T22:30:00-05:00,0.593,0.583,0.602,0.509
2023-09-27T22:45:00-05:00,0.569,0.56,0.576,0.482
2023-09-27T23:00:00-05:00,0.546,0.541,0.552,0.456
2023-09-27T23:15:00-05:00,0.526,0.521,0.53,0.434
2023-09-27T23:30:00-05:00,0.507,0.503,0.511,0.417
2023-09-27T23:45:00-05:00,0.49,0.486,0.493,0.401
2023-09-28T00:00:00-05:00,0.418,0.451,0.48,0.384
2023-09-28T00:15:00-05:00,0.404,0.437,0.464,0.373
2023-09-28T00:30:00-05:00,0.391,0.425,0.45,0.363
2023-09-28T00:45:00-05:00,0.379,0.413,0.436,0.353
2023-09-28T01:00:00-05:00,0.361,0.4,0.42,0.343
2023-09-28T01:15:00-05:00,0.35,0.39,0.407,0.334
2023-09-28T01:30:00-05:00,0.341,0.38,0.395,0.327
2023-09-28T01:45:00-05:00,0.335,0.373,0.386,0.321
2023-09-28T02:00:00-05:00,0.33,0.359,0.367,0.311
2023-09-28T02:15:00-05:00,0.323,0.354,0.36,0.306
2023-09-28T02:30:00-05:00,0.316,0.347,0.353,0.3
2023-09-28T02:45:00-05:00,0.312,0.343,0.348,0.297
2023-09-28T03:00:00-05:00,0.298,0.339,0.346,0.291
2023-09-28T03:15:00-05:00,0.295,0.336,0.343,0.287
2023-09-28T03:30:00-05:00,0.292,0.334,0.341,0.284
2023-09-28T03:45:00-05:00,0.29,0.333,0.34,0.282
2023-09-28T04:00:00-05:00,0.291,0.331,0.336,0.275
2023-09-28T04:15:00-05:00,0.292,0.33,0.335,0.274
2023-09-28T04:30:00-05:00,0.296,0.331,0.336,0.275
2023-09-28T04:45:00-05:00,0.301,0.332,0.337,0.276
2023-09-28T05:00:00-05:00,0.319,0.332,0.338,0.282
2023-09-28T05:15:00-05:00,0.331,0.338,0.344,0.289
2023-09-28T05:30:00-05:00,0.338,0.34,0.348,0.295
2023-09-28T05:45:00-05:00,0.344,0.343,0.355,0.303
2023-09-28T06:00:00-05:00,0.347,0.351,0.38,0.32
2023-09-28T06:15:00-05:00,0.353,0.358,0.396,0.337
2023-09-28T06:30:00-05:00,0.352,0.361,0.398,0.348
2023-09-28T06:45:00-05:00,0.351,0.367,0.395,0.359
2023-09-28T07:00:00-05:00,0.345,0.376,0.38,0.37
2023-09-28T07:15:00-05:00,0.339,0.377,0.367,0.37
2023-09-28T07:30:00-05:00,0.332,0.374,0.35,0.361
2023-09-28T07:45:00-05:00,0.33,0.372,0.341,0.349
2023-09-28T08:00:00-05:00,0.333,0.367,0.345,0.338
2023-09-28T08:15:00-05:00,0.34,0.373,0.346,0.335
2023-09-28T08:30:00-05:00,0.347,0.378,0.346,0.33
2023-09-28T08:45:00-05:00,0.36,0.39,0.35,0.329
2023-09-28T09:00:00-05:00,0.379,0.408,0.353,0.317
2023-09-28T09:15:00-05:00,0.396,0.423,0.36,0.319
2023-09-28T09:30:00-05:00,0.41,0.433,0.366,0.328
2023-09-28T09:45:00-05:00,0.422,0.44,0.372,0.341
2023-09-28T10:00:00-05:00,0.438,0.446,0.383,0.371
2023-09-28T10:15:00-05:00,0.453,0.456,0.393,0.388
2023-09-28T10:30:00-05:00,0.468,0.468,0.401,0.401
2023-09-28T10:45:00-05:00,0.483,0.48,0.409,0.413
2023-09-28T11:00:00-05:00,0.5,0.495,0.417,0.418
2023-09-28T11:15:00-05:00,0.518,0.511,0.428,0.432
2023-09-28T11:30:00-05:00,0.534,0.527,0.44,0.446
2023-09-28T11:45:00-05:00,0.549,0.545,0.453,0.461
2023-09-28T12:00:00-05:00,0.567,0.57,0.468,0.481
2023-09-28T12:15:00-05:00,0.584,0.589,0.482,0.497
2023-09-28T12:30:00-05:00,0.597,0.601,0.497,0.511
2023-09-28T12:45:00-05:00,0.609,0.611,0.513,0.524
2023-09-28T13:00:00-05:00,0.625,0.609,0.531,0.535
2023-09-28T13:15:00-05:00,0.635,0.618,0.547,0.547
2023-09-28T13:30:00-05:00,0.639,0.628,0.56,0.556
2023-09-28T13:45:00-05:00,0.635,0.64,0.57,0.563
2023-09-28T14:00:00-05:00,0.618,0.66,0.577,0.567
2023-09-28T14:15:00-05:00,0.615,0.67,0.586,0.573
2023-09-28T14:30:00-05:00,0.619,0.679,0.599,0.582
2023-09-28T14:45:00-05:00,0.628,0.685,0.614,0.593
2023-09-28T15:00:00-05:00,0.65,0.688,0.634,0.605
2023-09-28T15:15:00-05:00,0.661,0.695,0.648,0.616
2023-09-28T15:30:00-05:00,0.673,0.705,0.662,0.631
2023-09-28T15:45:00-05:00,0.683,0.714,0.674,0.648
2023-09-28T16:00:00-05:00,0.693,0.727,0.68,0.67
2023-09-28T16:15:00-05:00,0.702,0.737,0.69,0.687
2023-09-28T16:30:00-05:00,0.708,0.744,0.699,0.699
2023-09-28T16:45:00-05:00,0.715,0.754,0.709,0.71
2023-09-28T17:00:00-05:00,0.718,0.762,0.721,0.72
2023-09-28T17:15:00-05:00,0.728,0.776,0.737,0.735
2023-09-28T17:30:00-05:00,0.735,0.786,0.748,0.745
2023-09-28T17:45:00-05:00,0.737,0.789,0.751,0.745
2023-09-28T18:00:00-05:00,0.735,0.793,0.748,0.74
2023-09-28T18:15:00-05:00,0.735,0.793,0.748,0.737
2023-09-28T18:30:00-05:00,0.737,0.792,0.75,0.735
2023-09-28T18:45:00-05:00,0.738,0.785,0.752,0.729
2023-09-28T19:00:00-05:00,0.747,0.783,0.763,0.732
2023-09-28T19:15:00-05:00,0.75,0.776,0.766,0.726
2023-09-28T19:30:00-05:00,0.752,0.769,0.766,0.717
2023-09-28T19:45:00-05:00,0.75,0.758,0.762,0.705
2023-09-28T20:00:00-05:00,0.761,0.757,0.765,0.697
2023-09-28T20:15:00-05:00,0.763,0.75,0.766,0.687
2023-09-28T20:30:00-05:00,0.76,0.74,0.764,0.676
2023-09-28T20:45:00-05:00,0.751,0.727,0.757,0.663
2023-09-28T21:00:00-05:00,0.74,0.713,0.756,0.654
2023-09-28T21:15:00-05:00,0.729,0.699,0.749,0.641
2023-09-28T21:30:00-05:00,0.711,0.678,0.733,0.618
2023-09-28T21:45:00-05:00,0.689,0.655,0.711,0.592
2023-09-28T22:00:00-05:00,0.67,0.636,0.691,0.57
2023-09-28T22:15:00-05:00,0.65,0.616,0.67,0.546
2023-09-28T22:30:00-05:00,0.627,0.595,0.646,0.522
2023-09-28T22:45:00-05:00,0.602,0.573,0.617,0.496
2023-09-28T23:00:00-05:00,0.579,0.555,0.589,0.471
2023-09-28T23:15:00-05:00,0.558,0.535,0.565,0.45
2023-09-28T23:30:00-05:00,0.538,0.518,0.544,0.433
2023-09-28T23:45:00-05:00,0.52,0.5,0.525,0.417
2023-09-29T00:00:00-05:00,0.43,0.456,0.491,0.429
2023-09-29T00:15:00-05:00,0.416,0.442,0.474,0.415
2023-09-29T00:30:00-05:00,0.405,0.431,0.459,0.403
2023-09-29T00:45:00-05:00,0.393,0.42,0.443,0.392
2023-09-29T01:00:00-05:00,0.378,0.41,0.423,0.377
2023-09-29T01:15:00-05:00,0.368,0.401,0.41,0.367
2023-09-29T01:30:00-05:00,0.359,0.392,0.395,0.359
2023-09-29T01:45:00-05:00,0.352,0.386,0.385,0.352
2023-09-29T02:00:00-05:00,0.344,0.376,0.362,0.343
2023-09-29T02:15:00-05:00,0.337,0.369,0.355,0.338
2023-09-29T02:30:00-05:00,0.329,0.361,0.348,0.332
2023-09-29T02:45:00-05:00,0.325,0.358,0.342,0.329
2023-09-29T03:00:00-05:00,0.309,0.347,0.342,0.324
2023-09-29T03:15:00-05:00,0.305,0.343,0.34,0.32
2023-09-29T03:30:00-05:00,0.302,0.341,0.338,0.317
2023-09-29T03:45:00-05:00,0.299,0.339,0.337,0.315
2023-09-29T04:00:00-05:00,0.3,0.339,0.334,0.303
2023-09-29T04:15:00-05:00,0.301,0.337,0.333,0.302
2023-09-29T04:30:00-05:00,0.305,0.339,0.334,0.301
2023-09-29T04:45:00-05:00,0.31,0.339,0.335,0.301
2023-09-29T05:00:00-05:00,0.328,0.34,0.333,0.305
2023-09-29T05:15:00-05:00,0.341,0.345,0.338,0.312
2023-09-29T05:30:00-05:00,0.349,0.347,0.343,0.317
2023-09-29T05:45:00-05:00,0.357,0.351,0.35,0.325
2023-09-29T06:00:00-05:00,0.369,0.359,0.379,0.347
2023-09-29T06:15:00-05:00,0.38,0.367,0.398,0.365
2023-09-29T06:30:00-05:00,0.382,0.371,0.403,0.375
2023-09-29T06:45:00-05:00,0.38,0.379,0.402,0.383
2023-09-29T07:00:00-05:00,0.371,0.391,0.386,0.39
2023-09-29T07:15:00-05:00,0.362,0.393,0.373,0.387
2023-09-29T07:30:00-05:00,0.35,0.39,0.357,0.374
2023-09-29T07:45:00-05:00,0.344,0.387,0.346,0.36
2023-09-29T08:00:00-05:00,0.343,0.383,0.347,0.347
2023-09-29T08:15:00-05:00,0.347,0.387,0.348,0.343
2023-09-29T08:30:00-05:00,0.353,0.391,0.35,0.342
2023-09-29T08:45:00-05:00,0.365,0.4,0.356,0.345
2023-09-29T09:00:00-05:00,0.384,0.413,0.368,0.349
2023-09-29T09:15:00-05:00,0.4,0.426,0.378,0.356
2023-09-29T09:30:00-05:00,0.413,0.435,0.385,0.365
2023-09-29T09:45:00-05:00,0.424,0.443,0.391,0.374
2023-09-29T10:00:00-05:00,0.436,0.454,0.399,0.393
2023-09-29T10:15:00-05:00,0.45,0.465,0.408,0.406
2023-09-29T10:30:00-05:00,0.465,0.476,0.417,0.418
2023-09-29T10:45:00-05:00,0.48,0.486,0.427,0.428
2023-09-29T11:00:00-05:00,0.498,0.497,0.439,0.436
2023-09-29T11:15:00-05:00,0.516,0.511,0.451,0.449
2023-09-29T11:30:00-05:00,0.532,0.525,0.464,0.462
2023-09-29T11:45:00-05:00,0.549,0.54,0.477,0.476
2023-09-29T12:00:00-05:00,0.567,0.562,0.489,0.493
2023-09-29T12:15:00-05:00,0.585,0.578,0.504,0.509
2023-09-29T12:30:00-05:00,0.6,0.589,0.518,0.522
2023-09-29T12:45:00-05:00,0.615,0.597,0.535,0.536
2023-09-29T13:00:00-05:00,0.638,0.595,0.552,0.549
2023-09-29T13:15:00-05:00,0.65,0.604,0.568,0.562
2023-09-29T13:30:00-05:00,0.654,0.614,0.582,0.572
2023-09-29T13:45:00-05:00,0.648,0.627,0.596,0.581
2023-09-29T14:00:00-05:00,0.623,0.648,0.613,0.59
2023-09-29T14:15:00-05:00,0.618,0.659,0.625,0.597
2023-09-29T14:30:00-05:00,0.621,0.67,0.637,0.604
2023-09-29T14:45:00-05:00,0.63,0.677,0.649,0.611
2023-09-29T15:00:00-05:00,0.654,0.681,0.663,0.616
2023-09-29T15:15:00-05:00,0.665,0.689,0.674,0.623
2023-09-29T15:30:00-05:00,0.678,0.701,0.684,0.634
2023-09-29T15:45:00-05:00,0.69,0.712,0.691,0.644
2023-09-29T16:00:00-05:00,0.706,0.729,0.694,0.661
2023-09-29T16:15:00-05:00,0.717,0.741,0.699,0.673
2023-09-29T16:30:00-05:00,0.721,0.749,0.704,0.68
2023-09-29T16:45:00-05:00,0.725,0.76,0.712,0.688
2023-09-29T17:00:00-05:00,0.72,0.774,0.722,0.693
2023-09-29T17:15:00-05:00,0.722,0.788,0.734,0.704
2023-09-29T17:30:00-05:00,0.723,0.793,0.741,0.711
2023-09-29T17:45:00-05:00,0.72,0.789,0.741,0.711
2023-09-29T18:00:00-05:00,0.714,0.774,0.739,0.71
2023-09-29T18:15:00-05:00,0.71,0.766,0.736,0.708
2023-09-29T18:30:00-05:00,0.707,0.761,0.732,0.705
2023-09-29T18:45:00-05:00,0.704,0.753,0.723,0.697
2023-09-29T19:00:00-05:00,0.709,0.753,0.716,0.697
2023-09-29T19:15:00-05:00,0.707,0.745,0.707,0.689
2023-09-29T19:30:00-05:00,0.705,0.737,0.701,0.678
2023-09-29T19:45:00-05:00,0.701,0.726,0.693,0.664
2023-09-29T20:00:00-05:00,0.709,0.726,0.697,0.653
2023-09-29T20:15:00-05:00,0.709,0.719,0.695,0.641
2023-09-29T20:30:00-05:00,0.703,0.709,0.69,0.631
2023-09-29T20:45:00-05:00,0.691,0.695,0.682,0.619
2023-09-29T21:00:00-05:00,0.673,0.676,0.675,0.611
2023-09-29T21:15:00-05:00,0.661,0.662,0.666,0.599
2023-09-29T21:30:00-05:00,0.644,0.643,0.653,0.581
2023-09-29T21:45:00-05:00,0.625,0.624,0.635,0.56
2023-09-29T22:00:00-05:00,0.612,0.61,0.618,0.539
2023-09-29T22:15:00-05:00,0.596,0.594,0.603,0.521
2023-09-29T22:30:00-05:00,0.578,0.576,0.586,0.505
2023-09-29T22:45:00-05:00,0.559,0.558,0.568,0.49
2023-09-29T23:00:00-05:00,0.544,0.545,0.554,0.484
2023-09-29T23:15:00-05:00,0.527,0.529,0.537,0.47
2023-09-29T23:30:00-05:00,0.511,0.513,0.52,0.457
2023-09-29T23:45:00-05:00,0.495,0.497,0.504,0.443
2023-09-30T00:00:00-05:00,0.46,0.45,0.484,0.439
2023-09-30T00:15:00-05:00,0.442,0.438,0.469,0.424
2023-09-30T00:30:00-05:00,0.427,0.428,0.457,0.411
2023-09-30T00:45:00-05:00,0.41,0.419,0.444,0.398
2023-09-30T01:00:00-05:00,0.381,0.413,0.432,0.38
2023-09-30T01:15:00-05:00,0.368,0.404,0.42,0.369
2023-09-30T01:30:00-05:00,0.358,0.395,0.408,0.36
2023-09-30T01:45:00-05:00,0.351,0.389,0.4,0.352
2023-09-30T02:00:00-05:00,0.354,0.372,0.378,0.344
2023-09-30T02:15:00-05:00,0.349,0.365,0.369,0.339
2023-09-30T02:30:00-05:00,0.342,0.357,0.361,0.332
2023-09-30T02:45:00-05:00,0.34,0.352,0.354,0.329
2023-09-30T03:00:00-05:00,0.328,0.345,0.349,0.324
2023-09-30T03:15:00-05:00,0.323,0.34,0.344,0.319
2023-09-30T03:30:00-05:00,0.32,0.336,0.341,0.316
2023-09-30T03:45:00-05:00,0.317,0.334,0.339,0.313
2023-09-30T04:00:00-05:00,0.311,0.328,0.334,0.302
2023-09-30T04:15:00-05:00,0.31,0.325,0.332,0.3
2023-09-30T04:30:00-05:00,0.311,0.324,0.331,0.299
2023-09-30T04:45:00-05:00,0.312,0.322,0.33,0.298
2023-09-30T05:00:00-05:00,0.323,0.317,0.328,0.302
2023-09-30T05:15:00-05:00,0.33,0.318,0.332,0.306
2023-09-30T05:30:00-05:00,0.333,0.317,0.333,0.309
2023-09-30T05:45:00-05:00,0.335,0.317,0.335,0.311
2023-09-30T06:00:00-05:00,0.332,0.319,0.345,0.315
2023-09-30T06:15:00-05:00,0.333,0.322,0.352,0.321
2023-09-30T06:30:00-05:00,0.331,0.324,0.353,0.325
2023-09-30T06:45:00-05:00,0.333,0.334,0.356,0.334
2023-09-30T07:00:00-05:00,0.328,0.343,0.35,0.346
2023-09-30T07:15:00-05:00,0.332,0.353,0.35,0.351
2023-09-30T07:30:00-05:00,0.343,0.367,0.354,0.353
2023-09-30T07:45:00-05:00,0.36,0.382,0.363,0.355
2023-09-30T08:00:00-05:00,0.383,0.393,0.378,0.354
2023-09-30T08:15:00-05:00,0.402,0.41,0.392,0.361
2023-09-30T08:30:00-05:00,0.411,0.42,0.399,0.366
2023-09-30T08:45:00-05:00,0.424,0.435,0.41,0.374
2023-09-30T09:00:00-05:00,0.431,0.452,0.422,0.378
2023-09-30T09:15:00-05:00,0.446,0.469,0.435,0.39
2023-09-30T09:30:00-05:00,0.459,0.48,0.446,0.405
2023-09-30T09:45:00-05:00,0.472,0.488,0.454,0.421
2023-09-30T10:00:00-05:00,0.493,0.496,0.466,0.453
2023-09-30T10:15:00-05:00,0.509,0.507,0.477,0.472
2023-09-30T10:30:00-05:00,0.52,0.517,0.486,0.484
2023-09-30T10:45:00-05:00,0.529,0.527,0.494,0.493
2023-09-30T11:00:00-05:00,0.533,0.536,0.5,0.494
2023-09-30T11:15:00-05:00,0.544,0.55,0.511,0.503
2023-09-30T11:30:00-05:00,0.556,0.564,0.524,0.513
2023-09-30T11:45:00-05:00,0.569,0.579,0.538,0.521
2023-09-30T12:00:00-05:00,0.582,0.601,0.557,0.528
2023-09-30T12:15:00-05:00,0.598,0.618,0.573,0.539
2023-09-30T12:30:00-05:00,0.613,0.63,0.588,0.552
2023-09-30T12:45:00-05:00,0.63,0.642,0.603,0.567
2023-09-30T13:00:00-05:00,0.659,0.646,0.618,0.591
2023-09-30T13:15:00-05:00,0.674,0.657,0.633,0.605
2023-09-30T13:30:00-05:00,0.681,0.668,0.644,0.614
2023-09-30T13:45:00-05:00,0.679,0.68,0.653,0.618
2023-09-30T14:00:00-05:00,0.666,0.699,0.662,0.616
2023-09-30T14:15:00-05:00,0.663,0.709,0.67,0.619
2023-09-30T14:30:00-05:00,0.663,0.717,0.678,0.625
2023-09-30T14:45:00-05:00,0.665,0.723,0.686,0.632
2023-09-30T15:00:00-05:00,0.674,0.728,0.699,0.646
2023-09-30T15:15:00-05:00,0.679,0.735,0.707,0.655
2023-09-30T15:30:00-05:00,0.686,0.742,0.715,0.665
2023-09-30T15:45:00-05:00,0.691,0.746,0.718,0.672
2023-09-30T16:00:00-05:00,0.702,0.751,0.72,0.682
2023-09-30T16:15:00-05:00,0.706,0.754,0.721,0.687
2023-09-30T16:30:00-05:00,0.707,0.757,0.722,0.689
2023-09-30T16:45:00-05:00,0.711,0.763,0.726,0.692
2023-09-30T17:00:00-05:00,0.706,0.771,0.727,0.69
2023-09-30T17:15:00-05:00,0.709,0.778,0.732,0.692
2023-09-30T17:30:00-05:00,0.71,0.78,0.734,0.691
2023-09-30T17:45:00-05:00,0.708,0.774,0.732,0.687
2023-09-30T18:00:00-05:00,0.704,0.759,0.727,0.678
2023-09-30T18:15:00-05:00,0.701,0.751,0.723,0.671
2023-09-30T18:30:00-05:00,0.7,0.745,0.721,0.668
2023-09-30T18:45:00-05:00,0.7,0.74,0.72,0.665
2023-09-30T19:00:00-05:00,0.711,0.745,0.731,0.676
2023-09-30T19:15:00-05:00,0.712,0.74,0.73,0.672
2023-09-30T19:30:00-05:00,0.71,0.733,0.725,0.663
2023-09-30T19:45:00-05:00,0.704,0.724,0.714,0.649
2023-09-30T20:00:00-05:00,0.706,0.726,0.703,0.634
2023-09-30T20:15:00-05:00,0.702,0.719,0.696,0.622
2023-09-30T20:30:00-05:00,0.695,0.708,0.689,0.609
2023-09-30T20:45:00-05:00,0.682,0.691,0.681,0.594
2023-09-30T21:00:00-05:00,0.663,0.664,0.676,0.578
2023-09-30T21:15:00-05:00,0.65,0.646,0.668,0.564
2023-09-30T21:30:00-05:00,0.635,0.627,0.657,0.546
2023-09-30T21:45:00-05:00,0.619,0.609,0.642,0.528
2023-09-30T22:00:00-05:00,0.614,0.602,0.634,0.514
2023-09-30T22:15:00-05:00,0.6,0.587,0.621,0.5
2023-09-30T22:30:00-05:00,0.581,0.569,0.603,0.486
2023-09-30T22:45:00-05:00,0.558,0.549,0.582,0.474
2023-09-30T23:00:00-05:00,0.532,0.529,0.559,0.469
2023-09-30T23:15:00-05:00,0.511,0.511,0.539,0.457
2023-09-30T23:30:00-05:00,0.493,0.494,0.521,0.444
2023-09-30T23:45:00-05:00,0.476,0.478,0.504,0.431
2026-09-20T00:00:00-05:00,0.453,0.518,0.47,0.483
2026-09-20T00:15:00-05:00,0.437,0.504,0.457,0.468
2026-09-20T00:30:00-05:00,0.423,0.492,0.446,0.456
2026-09-20T00:45:00-05:00,0.409,0.481,0.436,0.443
2026-09-20T01:00:00-05:00,0.386,0.472,0.43,0.429
2026-09-20T01:15:00-05:00,0.375,0.462,0.419,0.418
2026-09-20T01:30:00-05:00,0.366,0.454,0.407,0.409
2026-09-20T01:45:00-05:00,0.358,0.447,0.4,0.402
2026-09-20T02:00:00-05:00,0.357,0.435,0.375,0.395
2026-09-20T02:15:00-05:00,0.35,0.428,0.367,0.387
2026-09-20T02:30:00-05:00,0.343,0.42,0.359,0.379
2026-09-20T02:45:00-05:00,0.34,0.416,0.352,0.376
2026-09-20T03:00:00-05:00,0.325,0.408,0.346,0.365
2026-09-20T03:15:00-05:00,0.32,0.402,0.343,0.359
2026-09-20T03:30:00-05:00,0.316,0.398,0.34,0.355
2026-09-20T03:45:00-05:00,0.312,0.395,0.338,0.352
2026-09-20T04:00:00-05:00,0.308,0.384,0.338,0.343
2026-09-20T04:15:00-05:00,0.307,0.381,0.335,0.339
2026-09-20T04:30:00-05:00,0.307,0.379,0.335,0.337
2026-09-20T04:45:00-05:00,0.307,0.375,0.332,0.334
2026-09-20T05:00:00-05:00,0.312,0.368,0.319,0.328
2026-09-20T05:15:00-05:00,0.317,0.369,0.318,0.329
2026-09-20T05:30:00-05:00,0.319,0.367,0.316,0.327
2026-09-20T05:45:00-05:00,0.319,0.365,0.317,0.325
2026-09-20T06:00:00-05:00,0.318,0.368,0.331,0.327
2026-09-20T06:15:00-05:00,0.318,0.369,0.339,0.327
2026-09-20T06:30:00-05:00,0.316,0.368,0.341,0.325
2026-09-20T06:45:00-05:00,0.318,0.372,0.345,0.33
2026-09-20T07:00:00-05:00,0.32,0.374,0.335,0.339
2026-09-20T07:15:00-05:00,0.322,0.379,0.338,0.343
2026-09-20T07:30:00-05:00,0.328,0.389,0.347,0.347
2026-09-20T07:45:00-05:00,0.338,0.404,0.362,0.352
2026-09-20T08:00:00-05:00,0.348,0.418,0.38,0.357
2026-09-20T08:15:00-05:00,0.362,0.437,0.398,0.367
2026-09-20T08:30:00-05:00,0.373,0.45,0.411,0.374
2026-09-20T08:45:00-05:00,0.389,0.47,0.429,0.387
2026-09-20T09:00:00-05:00,0.407,0.499,0.454,0.398
2026-09-20T09:15:00-05:00,0.427,0.522,0.475,0.414
2026-09-20T09:30:00-05:00,0.445,0.535,0.488,0.43
2026-09-20T09:45:00-05:00,0.46,0.542,0.496,0.445
2026-09-20T10:00:00-05:00,0.479,0.544,0.504,0.467
2026-09-20T10:15:00-05:00,0.498,0.555,0.515,0.486
2026-09-20T10:30:00-05:00,0.518,0.566,0.522,0.503
2026-09-20T10:45:00-05:00,0.538,0.577,0.528,0.52
2026-09-20T11:00:00-05:00,0.559,0.591,0.531,0.535
2026-09-20T11:15:00-05:00,0.582,0.607,0.541,0.554
2026-09-20T11:30:00-05:00,0.604,0.625,0.553,0.573
2026-09-20T11:45:00-05:00,0.626,0.644,0.567,0.591
2026-09-20T12:00:00-05:00,0.651,0.672,0.583,0.615
2026-09-20T12:15:00-05:00,0.674,0.693,0.6,0.634
2026-09-20T12:30:00-05:00,0.694,0.708,0.617,0.651
2026-09-20T12:45:00-05:00,0.715,0.721,0.637,0.666
2026-09-20T13:00:00-05:00,0.745,0.725,0.663,0.679
2026-09-20T13:15:00-05:00,0.761,0.737,0.682,0.693
2026-09-20T13:30:00-05:00,0.768,0.746,0.697,0.703
2026-09-20T13:45:00-05:00,0.764,0.756,0.709,0.71
2026-09-20T14:00:00-05:00,0.745,0.77,0.723,0.717
2026-09-20T14:15:00-05:00,0.74,0.778,0.732,0.722
2026-09-20T14:30:00-05:00,0.739,0.784,0.739,0.727
2026-09-20T14:45:00-05:00,0.74,0.787,0.741,0.729
2026-09-20T15:00:00-05:00,0.75,0.792,0.743,0.73
2026-09-20T15:15:00-05:00,0.755,0.797,0.747,0.735
2026-09-20T15:30:00-05:00,0.763,0.801,0.749,0.744
2026-09-20T15:45:00-05:00,0.768,0.8,0.746,0.752
2026-09-20T16:00:00-05:00,0.778,0.797,0.739,0.77
2026-09-20T16:15:00-05:00,0.783,0.795,0.735,0.779
2026-09-20T16:30:00-05:00,0.787,0.794,0.735,0.783
2026-09-20T16:45:00-05:00,0.793,0.799,0.741,0.788
2026-09-20T17:00:00-05:00,0.802,0.807,0.749,0.787
2026-09-20T17:15:00-05:00,0.808,0.811,0.758,0.792
2026-09-20T17:30:00-05:00,0.808,0.811,0.765,0.794
2026-09-20T17:45:00-05:00,0.798,0.804,0.766,0.791
2026-09-20T18:00:00-05:00,0.775,0.788,0.765,0.789
2026-09-20T18:15:00-05:00,0.763,0.778,0.765,0.782
2026-09-20T18:30:00-05:00,0.756,0.772,0.765,0.776
2026-09-20T18:45:00-05:00,0.749,0.767,0.764,0.764
2026-09-20T19:00:00-05:00,0.752,0.774,0.767,0.752
2026-09-20T19:15:00-05:00,0.747,0.77,0.767,0.74
2026-09-20T19:30:00-05:00,0.744,0.765,0.77,0.73
2026-09-20T19:45:00-05:00,0.74,0.757,0.771,0.721
2026-09-20T20:00:00-05:00,0.755,0.759,0.789,0.727
2026-09-20T20:15:00-05:00,0.756,0.755,0.795,0.722
2026-09-20T20:30:00-05:00,0.75,0.748,0.797,0.712
2026-09-20T20:45:00-05:00,0.736,0.735,0.79,0.698
2026-09-20T21:00:00-05:00,0.713,0.725,0.788,0.68
2026-09-20T21:15:00-05:00,0.699,0.712,0.781,0.665
2026-09-20T21:30:00-05:00,0.681,0.689,0.762,0.643
2026-09-20T21:45:00-05:00,0.662,0.66,0.734,0.62
2026-09-20T22:00:00-05:00,0.652,0.629,0.711,0.601
2026-09-20T22:15:00-05:00,0.636,0.604,0.684,0.58
2026-09-20T22:30:00-05:00,0.615,0.582,0.654,0.558
2026-09-20T22:45:00-05:00,0.592,0.561,0.617,0.535
2026-09-20T23:00:00-05:00,0.568,0.549,0.577,0.515
2026-09-20T23:15:00-05:00,0.547,0.531,0.548,0.495
2026-09-20T23:30:00-05:00,0.529,0.514,0.525,0.478
2026-09-20T23:45:00-05:00,0.511,0.497,0.504,0.461
2026-09-21T00:00:00-05:00,0.462,0.477,0.488,0.415
2026-09-21T00:15:00-05:00,0.447,0.462,0.473,0.402
2026-09-21T00:30:00-05:00,0.433,0.449,0.46,0.391
2026-09-21T00:45:00-05:00,0.42,0.437,0.448,0.38
2026-09-21T01:00:00-05:00,0.4,0.422,0.435,0.367
2026-09-21T01:15:00-05:00,0.39,0.412,0.424,0.358
2026-09-21T01:30:00-05:00,0.381,0.402,0.413,0.35
2026-09-21T01:45:00-05:00,0.374,0.395,0.405,0.344
2026-09-21T02:00:00-05:00,0.371,0.384,0.386,0.335
2026-09-21T02:15:00-05:00,0.365,0.378,0.38,0.329
2026-09-21T02:30:00-05:00,0.358,0.372,0.372,0.322
2026-09-21T02:45:00-05:00,0.355,0.369,0.368,0.319
2026-09-21T03:00:00-05:00,0.345,0.363,0.365,0.309
2026-09-21T03:15:00-05:00,0.341,0.361,0.363,0.304
2026-09-21T03:30:00-05:00,0.338,0.359,0.361,0.3
2026-09-21T03:45:00-05:00,0.335,0.357,0.36,0.297
2026-09-21T04:00:00-05:00,0.327,0.357,0.359,0.287
2026-09-21T04:15:00-05:00,0.326,0.355,0.358,0.286
2026-09-21T04:30:00-05:00,0.328,0.356,0.359,0.286
2026-09-21T04:45:00-05:00,0.331,0.357,0.359,0.286
2026-09-21T05:00:00-05:00,0.347,0.356,0.353,0.294
2026-09-21T05:15:00-05:00,0.358,0.361,0.358,0.301
2026-09-21T05:30:00-05:00,0.363,0.363,0.362,0.306
2026-09-21T05:45:00-05:00,0.367,0.366,0.37,0.313
2026-09-21T06:00:00-05:00,0.367,0.377,0.403,0.329
2026-09-21T06:15:00-05:00,0.37,0.386,0.424,0.344
2026-09-21T06:30:00-05:00,0.367,0.389,0.43,0.352
2026-09-21T06:45:00-05:00,0.366,0.395,0.429,0.361
2026-09-21T07:00:00-05:00,0.364,0.402,0.414,0.371
2026-09-21T07:15:00-05:00,0.36,0.401,0.4,0.369
2026-09-21T07:30:00-05:00,0.355,0.396,0.381,0.357
2026-09-21T07:45:00-05:00,0.355,0.391,0.368,0.343
2026-09-21T08:00:00-05:00,0.36,0.386,0.364,0.33
2026-09-21T08:15:00-05:00,0.368,0.391,0.364,0.326
2026-09-21T08:30:00-05:00,0.376,0.396,0.366,0.323
2026-09-21T08:45:00-05:00,0.389,0.408,0.374,0.324
2026-09-21T09:00:00-05:00,0.406,0.429,0.39,0.314
2026-09-21T09:15:00-05:00,0.423,0.445,0.403,0.32
2026-09-21T09:30:00-05:00,0.439,0.453,0.411,0.335
2026-09-21T09:45:00-05:00,0.452,0.459,0.419,0.354
2026-09-21T10:00:00-05:00,0.472,0.459,0.427,0.397
2026-09-21T10:15:00-05:00,0.489,0.468,0.437,0.421
2026-09-21T10:30:00-05:00,0.505,0.48,0.448,0.438
2026-09-21T10:45:00-05:00,0.521,0.494,0.459,0.453
2026-09-21T11:00:00-05:00,0.538,0.512,0.471,0.456
2026-09-21T11:15:00-05:00,0.556,0.53,0.486,0.471
2026-09-21T11:30:00-05:00,0.574,0.549,0.501,0.488
2026-09-21T11:45:00-05:00,0.591,0.568,0.518,0.505
2026-09-21T12:00:00-05:00,0.61,0.591,0.535,0.528
2026-09-21T12:15:00-05:00,0.629,0.611,0.554,0.547
2026-09-21T12:30:00-05:00,0.644,0.629,0.573,0.564
2026-09-21T12:45:00-05:00,0.659,0.646,0.596,0.58
2026-09-21T13:00:00-05:00,0.68,0.662,0.624,0.597
2026-09-21T13:15:00-05:00,0.691,0.678,0.645,0.612
2026-09-21T13:30:00-05:00,0.695,0.69,0.662,0.622
2026-09-21T13:45:00-05:00,0.69,0.7,0.675,0.629
2026-09-21T14:00:00-05:00,0.667,0.706,0.687,0.634
2026-09-21T14:15:00-05:00,0.662,0.714,0.697,0.639
2026-09-21T14:30:00-05:00,0.666,0.725,0.709,0.645
2026-09-21T14:45:00-05:00,0.674,0.738,0.72,0.649
2026-09-21T15:00:00-05:00,0.701,0.757,0.736,0.65
2026-09-21T15:15:00-05:00,0.712,0.769,0.746,0.657
2026-09-21T15:30:00-05:00,0.721,0.781,0.753,0.669
2026-09-21T15:45:00-05:00,0.726,0.789,0.754,0.683
2026-09-21T16:00:00-05:00,0.726,0.792,0.743,0.709
2026-09-21T16:15:00-05:00,0.728,0.798,0.741,0.725
2026-09-21T16:30:00-05:00,0.729,0.804,0.744,0.736
2026-09-21T16:45:00-05:00,0.735,0.813,0.753,0.746
2026-09-21T17:00:00-05:00,0.736,0.827,0.767,0.752
2026-09-21T17:15:00-05:00,0.744,0.838,0.782,0.766
2026-09-21T17:30:00-05:00,0.75,0.842,0.792,0.775
2026-09-21T17:45:00-05:00,0.753,0.836,0.795,0.777
2026-09-21T18:00:00-05:00,0.756,0.821,0.795,0.779
2026-09-21T18:15:00-05:00,0.757,0.812,0.796,0.777
2026-09-21T18:30:00-05:00,0.759,0.803,0.797,0.773
2026-09-21T18:45:00-05:00,0.76,0.791,0.797,0.761
2026-09-21T19:00:00-05:00,0.768,0.783,0.802,0.752
2026-09-21T19:15:00-05:00,0.77,0.771,0.803,0.74
2026-09-21T19:30:00-05:00,0.774,0.763,0.804,0.727
2026-09-21T19:45:00-05:00,0.773,0.754,0.802,0.713
2026-09-21T20:00:00-05:00,0.792,0.76,0.814,0.704
2026-09-21T20:15:00-05:00,0.796,0.757,0.817,0.693
2026-09-21T20:30:00-05:00,0.791,0.75,0.815,0.684
2026-09-21T20:45:00-05:00,0.777,0.739,0.806,0.673
2026-09-21T21:00:00-05:00,0.749,0.733,0.802,0.674
2026-09-21T21:15:00-05:00,0.734,0.722,0.793,0.664
2026-09-21T21:30:00-05:00,0.715,0.699,0.77,0.64
2026-09-21T21:45:00-05:00,0.695,0.669,0.739,0.611
2026-09-21T22:00:00-05:00,0.685,0.637,0.709,0.578
2026-09-21T22:15:00-05:00,0.669,0.61,0.679,0.551
2026-09-21T22:30:00-05:00,0.648,0.586,0.649,0.527
2026-09-21T22:45:00-05:00,0.625,0.562,0.615,0.504
2026-09-21T23:00:00-05:00,0.603,0.545,0.581,0.487
2026-09-21T23:15:00-05:00,0.583,0.525,0.554,0.468
2026-09-21T23:30:00-05:00,0.564,0.507,0.531,0.452
2026-09-21T23:45:00-05:00,0.545,0.49,0.511,0.436
