interval_start_ct,LZ_HOUSTON,LZ_NORTH,LZ_SOUTH,LZ_WEST
2023-07-01T00:00:00-05:00,24.93,25.16,22.72,25.3
2023-07-01T00:15:00-05:00,24.7,24.82,22.8,24.9
2023-07-01T00:30:00-05:00,24.03,24.07,23.09,24.09
2023-07-01T00:45:00-05:00,19.87,19.93,19.51,19.97
2023-07-01T01:00:00-05:00,19.34,19.36,19.23,19.37
2023-07-01T01:15:00-05:00,20.04,20.04,20.04,20.04
2023-07-01T01:30:00-05:00,20.25,20.25,20.25,20.25
2023-07-01T01:45:00-05:00,22.5,22.5,22.5,22.5
2023-07-01T02:00:00-05:00,23.1,23.1,23.1,23.1
2023-07-01T02:15:00-05:00,21.56,21.56,21.56,21.56
2023-07-01T02:30:00-05:00,22.12,22.12,22.12,22.12
2023-07-01T02:45:00-05:00,21.99,21.99,21.99,21.99
2023-07-01T03:00:00-05:00,22.02,22.02,22.02,22.02
2023-07-01T03:15:00-05:00,21.77,21.77,21.77,21.77
2023-07-01T03:30:00-05:00,20.5,20.5,20.5,20.5
2023-07-01T03:45:00-05:00,20.26,20.26,20.26,20.26
2023-07-01T04:00:00-05:00,20.12,20.12,20.12,20.12
2023-07-01T04:15:00-05:00,19.66,19.66,19.66,19.66
2023-07-01T04:30:00-05:00,19.37,19.37,19.37,19.37
2023-07-01T04:45:00-05:00,19.21,19.21,19.21,19.21
2023-07-01T05:00:00-05:00,19.07,19.07,19.07,19.07
2023-07-01T05:15:00-05:00,18.69,18.69,18.69,18.69
2023-07-01T05:30:00-05:00,18.21,18.21,18.21,18.21
2023-07-01T05:45:00-05:00,17.43,17.43,17.43,17.43
2023-07-01T06:00:00-05:00,16.46,16.46,16.46,16.46
2023-07-01T06:15:00-05:00,16.74,16.74,16.74,16.74
2023-07-01T06:30:00-05:00,17.6,17.6,17.6,17.6
2023-07-01T06:45:00-05:00,17.34,17.34,17.34,17.34
2023-07-01T07:00:00-05:00,17.92,17.92,17.92,17.92
2023-07-01T07:15:00-05:00,18.73,18.73,18.73,18.73
2023-07-01T07:30:00-05:00,18.79,18.79,18.79,18.79
2023-07-01T07:45:00-05:00,18.76,18.76,18.76,18.76
2023-07-01T08:00:00-05:00,19.02,19.02,19.02,19.02
2023-07-01T08:15:00-05:00,18.49,18.49,18.49,18.49
2023-07-01T08:30:00-05:00,18.44,18.44,18.44,18.44
2023-07-01T08:45:00-05:00,18.36,18.45,16.96,18.51
2023-07-01T09:00:00-05:00,20.11,20.02,17.92,19.99
2023-07-01T09:15:00-05:00,19.13,19.21,16.05,19.23
2023-07-01T09:30:00-05:00,20.65,21.02,16.91,21.07
2023-07-01T09:45:00-05:00,18.93,19.2,15.96,19.2
2023-07-01T10:00:00-05:00,19.79,19.96,17.07,19.96
2023-07-01T10:15:00-05:00,19.88,19.98,17.8,19.9
2023-07-01T10:30:00-05:00,20.79,20.92,18.49,20.96
2023-07-01T10:45:00-05:00,20.45,20.12,18.89,20.22
2023-07-01T11:00:00-05:00,21.77,19.59,19.06,19.88
2023-07-01T11:15:00-05:00,22.91,20.28,19.9,20.65
2023-07-01T11:30:00-05:00,23.77,21.86,21.87,22.11
2023-07-01T11:45:00-05:00,23.91,22.22,22.15,22.46
2023-07-01T12:00:00-05:00,23.73,20.1,20.31,20.17
2023-07-01T12:15:00-05:00,22.59,20.15,19.67,20.06
2023-07-01T12:30:00-05:00,21.84,20.74,19.24,20.42
2023-07-01T12:45:00-05:00,22.36,20.71,19.42,20.47
2023-07-01T13:00:00-05:00,23.13,19.52,19.48,19.48
2023-07-01T13:15:00-05:00,23.68,20.04,20.21,20.02
2023-07-01T13:30:00-05:00,24.44,21.88,22.93,22.11
2023-07-01T13:45:00-05:00,24.82,23.14,24.37,23.36
2023-07-01T14:00:00-05:00,24.51,23.04,24.09,23.23
2023-07-01T14:15:00-05:00,27.28,23.47,24.75,23.69
2023-07-01T14:30:00-05:00,26.22,23.43,24.96,23.69
2023-07-01T14:45:00-05:00,25.15,22.72,24.28,22.98
2023-07-01T15:00:00-05:00,25.3,21.85,24.68,22.47
2023-07-01T15:15:00-05:00,29.88,22.42,27.13,23.47
2023-07-01T15:30:00-05:00,80.72,23.41,26.82,23.99
2023-07-01T15:45:00-05:00,114.41,25.2,29.67,25.89
2023-07-01T16:00:00-05:00,109.58,21.79,26.34,22.53
2023-07-01T16:15:00-05:00,107.75,20.6,26.19,21.53
2023-07-01T16:30:00-05:00,106.67,20.19,24.56,19.34
2023-07-01T16:45:00-05:00,108.8,23.67,25.48,23.33
2023-07-01T17:00:00-05:00,110.07,25.83,24.92,25.65
2023-07-01T17:15:00-05:00,108.44,24.72,22.92,24.47
2023-07-01T17:30:00-05:00,108.27,24.87,22.43,24.63
2023-07-01T17:45:00-05:00,57.16,23.26,19.6,23.3
2023-07-01T18:00:00-05:00,25.87,23.79,17.71,24.04
2023-07-01T18:15:00-05:00,25.27,23.61,15.57,23.89
2023-07-01T18:30:00-05:00,24.11,23.93,15.07,24.2
2023-07-01T18:45:00-05:00,24.86,24.61,14.46,24.97
2023-07-01T19:00:00-05:00,25.39,26.13,14.97,26.52
2023-07-01T19:15:00-05:00,26.19,26.28,16.87,25.61
2023-07-01T19:30:00-05:00,25.2,25.51,16.82,24.98
2023-07-01T19:45:00-05:00,25.44,25.65,17.38,25.04
2023-07-01T20:00:00-05:00,24.41,24.94,16.47,24.94
2023-07-01T20:15:00-05:00,25.06,25.75,18.77,26.18
2023-07-01T20:30:00-05:00,25.29,25.95,19.49,26.35
2023-07-01T20:45:00-05:00,25.77,26.29,21.62,26.59
2023-07-01T21:00:00-05:00,26.11,26.54,22.72,26.79
2023-07-01T21:15:00-05:00,25.93,26.21,23.71,26.38
2023-07-01T21:30:00-05:00,25.65,25.74,25.22,25.78
2023-07-01T21:45:00-05:00,25.21,25.29,24.8,25.33
2023-07-01T22:00:00-05:00,25.18,25.26,24.78,25.31
2023-07-01T22:15:00-05:00,25.69,25.12,24.48,24.93
2023-07-01T22:30:00-05:00,24.29,24.18,23.67,24.16
2023-07-01T22:45:00-05:00,23.74,23.72,22.8,23.73
2023-07-01T23:00:00-05:00,23.83,23.86,23.36,23.88
2023-07-01T23:15:00-05:00,23.92,23.88,23.4,23.89
2023-07-01T23:30:00-05:00,23.63,23.7,23.24,23.74
2023-07-01T23:45:00-05:00,22.93,23.0,22.55,23.03
2023-07-02T00:00:00-05:00,23.34,23.35,23.33,23.35
2023-07-02T00:15:00-05:00,23.26,23.26,23.26,23.26
2023-07-02T00:30:00-05:00,23.21,23.21,23.21,23.21
2023-07-02T00:45:00-05:00,22.55,22.55,22.55,22.55
2023-07-02T01:00:00-05:00,22.38,22.38,22.38,22.38
2023-07-02T01:15:00-05:00,22.58,22.58,22.58,22.58
2023-07-02T01:30:00-05:00,22.91,22.91,22.91,22.91
2023-07-02T01:45:00-05:00,22.2,22.2,22.2,22.2
2023-07-02T02:00:00-05:00,20.51,20.51,20.51,20.51
2023-07-02T02:15:00-05:00,20.08,20.08,20.08,20.08
2023-07-02T02:30:00-05:00,20.66,20.66,20.66,20.66
2023-07-02T02:45:00-05:00,20.14,20.14,20.14,20.14
2023-07-02T03:00:00-05:00,20.34,20.34,20.34,20.34
2023-07-02T03:15:00-05:00,20.13,20.13,20.13,20.13
2023-07-02T03:30:00-05:00,19.9,19.9,19.9,19.9
2023-07-02T03:45:00-05:00,19.88,19.88,19.88,19.88
2023-07-02T04:00:00-05:00,19.11,19.11,19.11,19.11
2023-07-02T04:15:00-05:00,19.35,19.35,18.87,19.35
2023-07-02T04:30:00-05:00,19.83,19.83,18.9,19.83
2023-07-02T04:45:00-05:00,19.75,19.75,18.81,19.75
2023-07-02T05:00:00-05:00,20.45,20.45,19.45,20.45
2023-07-02T05:15:00-05:00,21.9,21.9,21.67,21.9
2023-07-02T05:30:00-05:00,21.11,21.11,20.23,21.11
2023-07-02T05:45:00-05:00,22.61,22.61,21.68,22.61
2023-07-02T06:00:00-05:00,21.47,21.47,20.59,21.47
2023-07-02T06:15:00-05:00,20.65,20.65,20.0,20.65
2023-07-02T06:30:00-05:00,20.38,20.38,20.08,20.38
2023-07-02T06:45:00-05:00,21.03,21.03,21.02,21.03
2023-07-02T07:00:00-05:00,21.55,21.55,21.55,21.55
2023-07-02T07:15:00-05:00,20.85,20.85,20.85,20.85
2023-07-02T07:30:00-05:00,19.7,19.7,19.7,19.7
2023-07-02T07:45:00-05:00,20.07,20.07,20.07,20.07
2023-07-02T08:00:00-05:00,19.55,19.55,19.55,19.55
2023-07-02T08:15:00-05:00,19.21,19.21,19.21,19.21
2023-07-02T08:30:00-05:00,19.08,19.08,19.08,19.08
2023-07-02T08:45:00-05:00,19.16,19.16,19.16,19.16
2023-07-02T09:00:00-05:00,19.35,19.35,19.35,19.35
2023-07-02T09:15:00-05:00,19.72,19.72,19.72,19.72
2023-07-02T09:30:00-05:00,19.77,19.77,19.77,19.77
2023-07-02T09:45:00-05:00,21.34,21.34,21.34,21.34
2023-07-02T10:00:00-05:00,22.99,22.99,22.99,22.99
2023-07-02T10:15:00-05:00,23.79,23.79,23.79,23.79
2023-07-02T10:30:00-05:00,23.17,23.17,23.17,23.17
2023-07-02T10:45:00-05:00,23.2,23.2,23.2,23.2
2023-07-02T11:00:00-05:00,24.22,24.22,24.22,24.22
2023-07-02T11:15:00-05:00,25.7,25.7,25.7,25.7
2023-07-02T11:30:00-05:00,24.49,24.49,24.49,24.49
2023-07-02T11:45:00-05:00,26.15,26.15,26.15,26.15
2023-07-02T12:00:00-05:00,26.26,26.26,26.26,26.26
2023-07-02T12:15:00-05:00,27.1,27.1,27.1,27.1
2023-07-02T12:30:00-05:00,27.79,27.79,27.79,27.79
2023-07-02T12:45:00-05:00,28.56,28.56,28.56,28.56
2023-07-02T13:00:00-05:00,28.85,28.85,28.85,28.85
2023-07-02T13:15:00-05:00,28.8,28.8,28.8,28.8
2023-07-02T13:30:00-05:00,29.46,29.46,29.46,29.46
2023-07-02T13:45:00-05:00,30.9,30.9,30.9,30.9
2023-07-02T14:00:00-05:00,28.87,28.87,28.87,28.87
2023-07-02T14:15:00-05:00,36.06,36.06,36.06,36.06
2023-07-02T14:30:00-05:00,43.38,43.38,43.38,43.38
2023-07-02T14:45:00-05:00,59.34,59.34,59.34,59.34
2023-07-02T15:00:00-05:00,33.09,33.09,33.09,33.09
2023-07-02T15:15:00-05:00,30.07,30.07,30.07,30.07
2023-07-02T15:30:00-05:00,30.61,30.61,30.61,30.61
2023-07-02T15:45:00-05:00,30.09,30.09,29.58,30.09
2023-07-02T16:00:00-05:00,32.19,32.19,28.14,32.19
2023-07-02T16:15:00-05:00,66.27,66.27,52.23,66.27
2023-07-02T16:30:00-05:00,74.73,74.73,69.85,74.73
2023-07-02T16:45:00-05:00,49.95,49.95,49.95,49.95
2023-07-02T17:00:00-05:00,30.25,30.25,30.25,30.25
2023-07-02T17:15:00-05:00,33.27,33.27,33.27,33.27
2023-07-02T17:30:00-05:00,28.49,28.49,28.49,28.49
2023-07-02T17:45:00-05:00,27.7,27.7,27.7,27.7
2023-07-02T18:00:00-05:00,27.55,27.55,27.55,27.55
2023-07-02T18:15:00-05:00,27.46,27.46,27.47,27.46
2023-07-02T18:30:00-05:00,27.02,27.02,27.02,27.02
2023-07-02T18:45:00-05:00,26.43,26.43,26.43,26.43
2023-07-02T19:00:00-05:00,27.62,27.62,27.62,27.62
2023-07-02T19:15:00-05:00,28.26,28.26,28.26,28.26
2023-07-02T19:30:00-05:00,27.49,27.49,27.49,27.49
2023-07-02T19:45:00-05:00,28.03,28.36,25.17,28.56
2023-07-02T20:00:00-05:00,38.18,38.5,35.41,38.69
2023-07-02T20:15:00-05:00,63.74,64.01,61.15,64.15
2023-07-02T20:30:00-05:00,74.65,75.01,71.0,75.18
2023-07-02T20:45:00-05:00,80.06,80.59,75.22,80.86
2023-07-02T21:00:00-05:00,70.53,71.07,65.49,71.33
2023-07-02T21:15:00-05:00,37.55,38.11,33.14,38.44
2023-07-02T21:30:00-05:00,28.33,28.65,25.72,28.84
2023-07-02T21:45:00-05:00,28.19,28.52,25.57,28.71
2023-07-02T22:00:00-05:00,28.08,28.6,24.03,28.9
2023-07-02T22:15:00-05:00,27.8,28.53,22.16,28.95
2023-07-02T22:30:00-05:00,27.14,27.8,21.99,28.19
2023-07-02T22:45:00-05:00,26.28,26.88,21.69,27.22
2023-07-02T23:00:00-05:00,27.24,27.38,26.18,27.46
2023-07-02T23:15:00-05:00,27.21,27.21,27.14,27.2
2023-07-02T23:30:00-05:00,25.48,25.48,25.11,25.47
2023-07-02T23:45:00-05:00,24.43,24.59,23.12,24.68
2023-07-03T00:00:00-05:00,24.53,24.56,23.96,24.57
2023-07-03T00:15:00-05:00,23.98,23.99,23.62,23.98
2023-07-03T00:30:00-05:00,23.66,23.65,23.47,23.63
2023-07-03T00:45:00-05:00,23.18,23.18,23.06,23.16
2023-07-03T01:00:00-05:00,23.36,23.36,23.36,23.36
2023-07-03T01:15:00-05:00,23.32,23.32,23.32,23.32
2023-07-03T01:30:00-05:00,23.41,23.41,23.41,23.41
2023-07-03T01:45:00-05:00,23.3,23.3,23.3,23.3
2023-07-03T02:00:00-05:00,23.54,23.54,23.54,23.54
2023-07-03T02:15:00-05:00,23.66,23.66,23.66,23.66
2023-07-03T02:30:00-05:00,24.15,24.15,24.15,24.15
2023-07-03T02:45:00-05:00,23.76,23.76,23.76,23.76
2023-07-03T03:00:00-05:00,24.07,24.07,24.07,24.07
2023-07-03T03:15:00-05:00,23.95,23.95,23.95,23.95
2023-07-03T03:30:00-05:00,24.14,24.14,24.14,24.14
2023-07-03T03:45:00-05:00,24.56,24.56,24.56,24.56
2023-07-03T04:00:00-05:00,25.14,25.14,25.14,25.14
2023-07-03T04:15:00-05:00,24.74,24.74,24.74,24.74
2023-07-03T04:30:00-05:00,24.72,24.72,24.72,24.72
2023-07-03T04:45:00-05:00,24.54,24.54,24.54,24.54
2023-07-03T05:00:00-05:00,25.19,25.19,25.19,25.19
2023-07-03T05:15:00-05:00,25.5,25.5,25.5,25.5
2023-07-03T05:30:00-05:00,25.44,25.44,25.44,25.44
2023-07-03T05:45:00-05:00,25.18,25.18,25.18,25.18
2023-07-03T06:00:00-05:00,26.24,26.24,26.24,26.24
2023-07-03T06:15:00-05:00,25.32,25.32,25.32,25.32
2023-07-03T06:30:00-05:00,24.89,24.89,24.89,24.89
2023-07-03T06:45:00-05:00,24.71,24.71,24.71,24.71
2023-07-03T07:00:00-05:00,24.57,24.57,24.57,24.57
2023-07-03T07:15:00-05:00,23.39,23.39,23.39,23.39
2023-07-03T07:30:00-05:00,22.89,22.89,22.89,22.89
2023-07-03T07:45:00-05:00,22.41,22.41,22.41,22.41
2023-07-03T08:00:00-05:00,22.87,22.87,22.87,22.87
2023-07-03T08:15:00-05:00,22.57,22.57,22.57,22.57
2023-07-03T08:30:00-05:00,21.54,21.54,21.54,21.54
2023-07-03T08:45:00-05:00,22.82,22.82,22.82,22.82
2023-07-03T09:00:00-05:00,23.09,23.09,23.09,23.09
2023-07-03T09:15:00-05:00,23.29,23.29,23.29,23.29
2023-07-03T09:30:00-05:00,23.53,23.53,23.53,23.53
2023-07-03T09:45:00-05:00,24.69,24.69,24.69,24.69
2023-07-03T10:00:00-05:00,24.68,24.68,24.68,24.68
2023-07-03T10:15:00-05:00,26.03,26.03,26.03,26.03
2023-07-03T10:30:00-05:00,31.39,31.39,31.39,31.39
2023-07-03T10:45:00-05:00,30.92,30.92,30.92,30.92
2023-07-03T11:00:00-05:00,28.29,28.29,28.29,28.29
2023-07-03T11:15:00-05:00,35.06,35.06,35.06,35.06
2023-07-03T11:30:00-05:00,40.12,40.12,40.12,40.12
2023-07-03T11:45:00-05:00,45.67,45.67,45.67,45.67
2023-07-03T12:00:00-05:00,29.48,29.48,29.48,29.48
2023-07-03T12:15:00-05:00,31.32,31.32,31.32,31.32
2023-07-03T12:30:00-05:00,64.38,64.38,64.38,64.38
2023-07-03T12:45:00-05:00,49.23,49.23,49.23,49.23
2023-07-03T13:00:00-05:00,57.91,57.91,57.91,57.91
2023-07-03T13:15:00-05:00,75.01,75.01,75.01,75.01
2023-07-03T13:30:00-05:00,75.02,75.02,75.02,75.02
2023-07-03T13:45:00-05:00,75.02,75.02,75.02,75.02
2023-07-03T14:00:00-05:00,75.8,75.8,75.8,75.8
2023-07-03T14:15:00-05:00,75.04,75.04,75.04,75.04
2023-07-03T14:30:00-05:00,79.12,79.12,79.12,79.12
2023-07-03T14:45:00-05:00,83.26,83.26,83.21,83.26
2023-07-03T15:00:00-05:00,75.02,75.02,75.02,75.02
2023-07-03T15:15:00-05:00,116.24,116.37,114.65,116.41
2023-07-03T15:30:00-05:00,73.37,73.38,73.32,73.38
2023-07-03T15:45:00-05:00,74.92,74.92,74.92,74.92
2023-07-03T16:00:00-05:00,655.35,656.63,639.71,657.0
2023-07-03T16:15:00-05:00,146.6,147.36,137.24,147.58
2023-07-03T16:30:00-05:00,88.09,88.1,87.43,88.1
2023-07-03T16:45:00-05:00,78.78,78.81,78.25,78.82
2023-07-03T17:00:00-05:00,48.49,48.49,48.39,48.48
2023-07-03T17:15:00-05:00,82.51,82.51,82.51,82.51
2023-07-03T17:30:00-05:00,47.62,47.6,47.25,47.59
2023-07-03T17:45:00-05:00,65.55,65.53,55.09,65.53
2023-07-03T18:00:00-05:00,31.72,32.17,29.61,32.26
2023-07-03T18:15:00-05:00,29.23,29.73,27.98,29.85
2023-07-03T18:30:00-05:00,28.35,29.02,24.89,29.17
2023-07-03T18:45:00-05:00,34.17,35.79,24.33,36.15
2023-07-03T19:00:00-05:00,33.21,34.46,25.62,34.74
2023-07-03T19:15:00-05:00,34.69,34.89,33.44,34.94
2023-07-03T19:30:00-05:00,39.87,40.2,37.93,40.27
2023-07-03T19:45:00-05:00,42.42,43.06,37.07,43.41
2023-07-03T20:00:00-05:00,36.62,37.53,29.29,38.04
2023-07-03T20:15:00-05:00,41.52,42.47,34.0,43.01
2023-07-03T20:30:00-05:00,37.74,38.47,31.88,38.88
2023-07-03T20:45:00-05:00,28.93,29.35,25.6,29.59
2023-07-03T21:00:00-05:00,27.72,27.71,27.38,27.69
2023-07-03T21:15:00-05:00,26.06,26.05,25.89,26.04
2023-07-03T21:30:00-05:00,24.39,24.38,24.16,24.35
2023-07-03T21:45:00-05:00,23.93,23.91,23.7,23.89
2023-07-03T22:00:00-05:00,24.4,24.39,24.18,24.37
2023-07-03T22:15:00-05:00,23.63,23.62,23.41,23.61
2023-07-03T22:30:00-05:00,22.77,22.76,22.56,22.74
2023-07-03T22:45:00-05:00,21.74,21.73,21.54,21.71
2023-07-03T23:00:00-05:00,22.88,22.87,22.67,22.85
2023-07-03T23:15:00-05:00,23.09,23.08,22.88,23.06
2023-07-03T23:30:00-05:00,22.14,22.13,22.07,22.13
2023-07-03T23:45:00-05:00,20.55,20.55,20.55,20.55
2023-07-04T00:00:00-05:00,21.64,21.64,21.64,21.64
2023-07-04T00:15:00-05:00,21.24,20.25,21.76,24.37
2023-07-04T00:30:00-05:00,20.59,19.61,21.09,23.68
2023-07-04T00:45:00-05:00,20.19,19.22,20.68,23.24
2023-07-04T01:00:00-05:00,19.67,18.6,20.21,23.06
2023-07-04T01:15:00-05:00,19.46,18.43,19.87,22.6
2023-07-04T01:30:00-05:00,18.6,17.55,19.08,21.89
2023-07-04T01:45:00-05:00,18.03,16.9,18.5,21.52
2023-07-04T02:00:00-05:00,17.88,17.19,17.99,20.1
2023-07-04T02:15:00-05:00,19.35,16.76,20.64,35.34
2023-07-04T02:30:00-05:00,19.41,15.81,21.32,41.71
2023-07-04T02:45:00-05:00,18.7,13.92,21.46,48.23
2023-07-04T03:00:00-05:00,18.42,13.96,21.45,46.04
2023-07-04T03:15:00-05:00,17.89,14.71,20.05,37.64
2023-07-04T03:30:00-05:00,18.22,14.9,20.45,38.87
2023-07-04T03:45:00-05:00,18.0,15.35,19.79,34.47
2023-07-04T04:00:00-05:00,17.78,15.58,19.27,31.44
2023-07-04T04:15:00-05:00,18.15,15.14,20.2,36.93
2023-07-04T04:30:00-05:00,18.57,14.36,21.42,44.8
2023-07-04T04:45:00-05:00,18.52,13.57,21.87,49.25
2023-07-04T05:00:00-05:00,18.63,13.03,22.43,53.5
2023-07-04T05:15:00-05:00,20.65,13.5,25.5,65.1
2023-07-04T05:30:00-05:00,19.83,13.58,24.05,58.61
2023-07-04T05:45:00-05:00,19.97,15.57,22.95,47.3
2023-07-04T06:00:00-05:00,19.66,16.13,22.05,41.56
2023-07-04T06:15:00-05:00,19.07,17.07,20.42,31.43
2023-07-04T06:30:00-05:00,18.49,17.13,19.41,26.91
2023-07-04T06:45:00-05:00,18.46,17.56,19.07,24.08
2023-07-04T07:00:00-05:00,18.52,18.29,18.67,19.95
2023-07-04T07:15:00-05:00,18.55,18.55,18.55,18.55
2023-07-04T07:30:00-05:00,17.97,17.97,17.97,17.97
2023-07-04T07:45:00-05:00,17.73,17.73,17.73,17.73
2023-07-04T08:00:00-05:00,17.86,17.86,17.86,17.86
2023-07-04T08:15:00-05:00,17.63,17.63,17.63,17.63
2023-07-04T08:30:00-05:00,17.3,17.29,17.25,17.28
2023-07-04T08:45:00-05:00,17.45,17.38,17.19,17.33
2023-07-04T09:00:00-05:00,17.89,17.81,17.57,17.75
2023-07-04T09:15:00-05:00,18.14,17.98,17.51,17.87
2023-07-04T09:30:00-05:00,18.28,17.97,17.05,17.78
2023-07-04T09:45:00-05:00,18.54,18.23,17.27,18.04
2023-07-04T10:00:00-05:00,18.45,18.14,17.15,17.96
2023-07-04T10:15:00-05:00,18.67,18.6,18.39,18.56
2023-07-04T10:30:00-05:00,19.96,19.91,19.75,19.89
2023-07-04T10:45:00-05:00,19.7,19.65,19.51,19.63
2023-07-04T11:00:00-05:00,20.25,20.22,20.12,20.21
2023-07-04T11:15:00-05:00,22.6,21.35,20.47,21.14
2023-07-04T11:30:00-05:00,21.84,20.9,20.98,20.92
2023-07-04T11:45:00-05:00,22.39,22.38,22.38,22.38
2023-07-04T12:00:00-05:00,22.66,22.48,22.23,22.43
2023-07-04T12:15:00-05:00,23.33,23.33,23.33,23.33
2023-07-04T12:30:00-05:00,22.91,22.88,22.84,22.87
2023-07-04T12:45:00-05:00,23.08,23.0,22.89,22.98
2023-07-04T13:00:00-05:00,22.61,22.18,21.6,22.06
2023-07-04T13:15:00-05:00,22.57,22.57,22.57,22.57
2023-07-04T13:30:00-05:00,22.79,22.79,22.79,22.79
2023-07-04T13:45:00-05:00,23.28,23.28,23.28,23.28
2023-07-04T14:00:00-05:00,22.77,22.77,22.77,22.77
2023-07-04T14:15:00-05:00,24.34,24.34,24.34,24.34
2023-07-04T14:30:00-05:00,24.05,24.05,24.05,24.05
2023-07-04T14:45:00-05:00,25.13,25.13,25.13,25.13
2023-07-04T15:00:00-05:00,25.06,25.06,25.06,25.06
2023-07-04T15:15:00-05:00,24.8,24.8,24.8,24.8
2023-07-04T15:30:00-05:00,25.78,25.78,25.78,25.78
2023-07-04T15:45:00-05:00,26.2,26.2,26.2,26.2
2023-07-04T16:00:00-05:00,26.56,26.56,26.56,26.56
2023-07-04T16:15:00-05:00,26.99,26.99,26.99,26.99
2023-07-04T16:30:00-05:00,25.0,25.03,24.7,25.03
2023-07-04T16:45:00-05:00,25.38,25.62,24.53,25.67
2023-07-04T17:00:00-05:00,25.57,25.68,24.62,25.7
2023-07-04T17:15:00-05:00,25.18,25.26,23.72,25.27
2023-07-04T17:30:00-05:00,25.92,25.9,24.21,25.89
2023-07-04T17:45:00-05:00,26.35,26.48,24.99,26.5
2023-07-04T18:00:00-05:00,24.28,24.39,20.4,24.41
2023-07-04T18:15:00-05:00,25.87,26.4,21.09,26.51
2023-07-04T18:30:00-05:00,25.7,26.03,20.47,26.16
2023-07-04T18:45:00-05:00,25.95,26.5,20.02,26.77
2023-07-04T19:00:00-05:00,25.65,26.16,18.9,26.49
2023-07-04T19:15:00-05:00,26.21,26.72,17.64,27.04
2023-07-04T19:30:00-05:00,25.02,25.52,16.08,25.85
2023-07-04T19:45:00-05:00,26.16,26.77,17.95,27.15
2023-07-04T20:00:00-05:00,27.19,27.35,20.95,27.48
2023-07-04T20:15:00-05:00,28.67,28.79,22.75,28.89
2023-07-04T20:30:00-05:00,28.62,28.73,23.96,31.32
2023-07-04T20:45:00-05:00,26.29,26.39,22.53,31.63
2023-07-04T21:00:00-05:00,25.42,25.44,22.36,25.47
2023-07-04T21:15:00-05:00,24.19,24.13,21.77,24.1
2023-07-04T21:30:00-05:00,24.0,22.69,22.34,27.5
2023-07-04T21:45:00-05:00,23.8,22.39,21.97,27.54
2023-07-04T22:00:00-05:00,24.32,22.91,22.73,28.14
2023-07-04T22:15:00-05:00,23.4,22.07,23.26,27.26
2023-07-04T22:30:00-05:00,22.53,21.27,22.96,26.33
2023-07-04T22:45:00-05:00,21.0,19.78,21.42,24.67
2023-07-04T23:00:00-05:00,21.49,20.34,21.87,24.96
2023-07-04T23:15:00-05:00,20.97,19.83,21.36,24.43
2023-07-04T23:30:00-05:00,19.81,18.8,20.02,22.84
2023-07-04T23:45:00-05:00,20.03,19.05,20.0,22.93
2023-07-05T00:00:00-05:00,20.27,19.25,19.39,23.03
2023-07-05T00:15:00-05:00,20.07,19.0,18.84,22.9
2023-07-05T00:30:00-05:00,19.68,18.66,18.97,22.52
2023-07-05T00:45:00-05:00,19.01,18.09,19.31,21.84
2023-07-05T01:00:00-05:00,18.37,17.61,18.6,20.69
2023-07-05T01:15:00-05:00,18.39,17.28,18.79,21.8
2023-07-05T01:30:00-05:00,18.19,17.03,18.62,21.79
2023-07-05T01:45:00-05:00,17.41,16.26,17.89,21.01
2023-07-05T02:00:00-05:00,16.9,15.76,17.36,20.48
2023-07-05T02:15:00-05:00,16.78,15.64,17.26,20.37
2023-07-05T02:30:00-05:00,16.3,15.13,16.88,20.02
2023-07-05T02:45:00-05:00,15.29,14.1,15.9,19.08
2023-07-05T03:00:00-05:00,15.51,14.41,16.07,19.02
2023-07-05T03:15:00-05:00,14.27,13.19,14.81,17.71
2023-07-05T03:30:00-05:00,13.9,12.7,14.67,16.95
2023-07-05T03:45:00-05:00,14.18,12.68,15.66,16.42
2023-07-05T04:00:00-05:00,15.16,13.96,16.01,18.16
2023-07-05T04:15:00-05:00,15.8,14.82,16.29,18.9
2023-07-05T04:30:00-05:00,16.25,15.98,16.39,17.1
2023-07-05T04:45:00-05:00,16.79,16.79,16.79,16.79
2023-07-05T05:00:00-05:00,17.44,17.44,17.44,17.44
2023-07-05T05:15:00-05:00,17.49,17.49,17.49,17.49
2023-07-05T05:30:00-05:00,17.59,17.59,17.59,17.59
2023-07-05T05:45:00-05:00,18.04,18.04,18.04,18.04
2023-07-05T06:00:00-05:00,18.74,18.74,18.74,18.74
2023-07-05T06:15:00-05:00,19.37,19.37,19.37,19.37
2023-07-05T06:30:00-05:00,19.44,19.44,19.44,19.44
2023-07-05T06:45:00-05:00,19.81,19.81,19.81,19.81
2023-07-05T07:00:00-05:00,20.91,20.91,20.91,20.91
2023-07-05T07:15:00-05:00,20.09,20.09,20.09,20.09
2023-07-05T07:30:00-05:00,20.33,20.33,20.33,20.33
2023-07-05T07:45:00-05:00,20.49,20.49,20.49,20.49
2023-07-05T08:00:00-05:00,20.28,20.28,20.28,20.28
2023-07-05T08:15:00-05:00,19.16,19.16,19.16,19.16
2023-07-05T08:30:00-05:00,19.01,18.64,19.85,18.04
2023-07-05T08:45:00-05:00,18.3,17.74,19.59,16.84
2023-07-05T09:00:00-05:00,18.72,17.56,20.41,15.88
2023-07-05T09:15:00-05:00,19.85,18.31,21.79,16.16
2023-07-05T09:30:00-05:00,20.07,18.58,21.99,16.49
2023-07-05T09:45:00-05:00,22.16,20.21,23.63,18.34
2023-07-05T10:00:00-05:00,23.59,21.79,24.24,20.87
2023-07-05T10:15:00-05:00,24.58,23.55,25.6,22.59
2023-07-05T10:30:00-05:00,25.57,24.9,27.11,23.86
2023-07-05T10:45:00-05:00,28.06,27.41,29.65,26.32
2023-07-05T11:00:00-05:00,25.85,25.63,26.4,25.26
2023-07-05T11:15:00-05:00,35.56,35.56,35.56,35.56
2023-07-05T11:30:00-05:00,50.81,50.81,50.81,50.81
2023-07-05T11:45:00-05:00,58.37,58.37,58.37,58.37
2023-07-05T12:00:00-05:00,27.75,27.91,27.53,27.87
2023-07-05T12:15:00-05:00,26.58,26.58,26.57,26.58
2023-07-05T12:30:00-05:00,27.45,27.45,27.45,27.45
2023-07-05T12:45:00-05:00,55.26,55.26,55.26,55.26
2023-07-05T13:00:00-05:00,38.02,38.0,38.02,37.99
2023-07-05T13:15:00-05:00,61.06,61.06,61.06,61.06
2023-07-05T13:30:00-05:00,50.24,50.24,50.24,50.24
2023-07-05T13:45:00-05:00,83.1,64.97,54.95,59.92
2023-07-05T14:00:00-05:00,63.17,51.34,35.73,48.04
2023-07-05T14:15:00-05:00,34.21,32.81,30.97,32.42
2023-07-05T14:30:00-05:00,32.01,30.37,27.51,29.9
2023-07-05T14:45:00-05:00,36.29,34.59,28.48,34.07
2023-07-05T15:00:00-05:00,39.14,39.13,38.82,39.12
2023-07-05T15:15:00-05:00,31.04,30.56,30.34,30.52
2023-07-05T15:30:00-05:00,29.81,29.81,29.78,29.81
2023-07-05T15:45:00-05:00,28.04,28.08,27.08,28.09
2023-07-05T16:00:00-05:00,27.28,27.55,25.91,27.58
2023-07-05T16:15:00-05:00,33.33,33.56,33.02,33.56
2023-07-05T16:30:00-05:00,33.35,33.35,33.35,33.35
2023-07-05T16:45:00-05:00,30.48,30.48,30.48,30.48
2023-07-05T17:00:00-05:00,30.61,30.61,30.61,30.61
2023-07-05T17:15:00-05:00,31.35,31.35,31.35,31.35
2023-07-05T17:30:00-05:00,30.71,30.71,30.71,30.71
2023-07-05T17:45:00-05:00,28.88,28.87,28.7,28.87
2023-07-05T18:00:00-05:00,27.09,27.03,25.77,26.94
2023-07-05T18:15:00-05:00,26.54,26.53,22.58,26.46
2023-07-05T18:30:00-05:00,25.78,26.11,20.87,26.38
2023-07-05T18:45:00-05:00,25.36,25.7,19.97,25.97
2023-07-05T19:00:00-05:00,25.28,25.79,18.5,26.21
2023-07-05T19:15:00-05:00,25.16,25.83,18.08,26.37
2023-07-05T19:30:00-05:00,26.5,27.28,19.42,27.87
2023-07-05T19:45:00-05:00,27.16,27.97,20.15,28.58
2023-07-05T20:00:00-05:00,25.98,26.79,19.85,27.4
2023-07-05T20:15:00-05:00,28.09,29.01,22.03,29.68
2023-07-05T20:30:00-05:00,27.51,28.01,24.13,28.38
2023-07-05T20:45:00-05:00,27.24,27.94,22.61,28.45
2023-07-05T21:00:00-05:00,30.94,31.11,29.83,31.23
2023-07-05T21:15:00-05:00,31.42,31.41,31.25,33.12
2023-07-05T21:30:00-05:00,33.67,33.35,32.35,33.4
2023-07-05T21:45:00-05:00,29.04,28.95,28.62,28.93
2023-07-05T22:00:00-05:00,26.82,26.35,26.7,28.02
2023-07-05T22:15:00-05:00,27.05,27.01,26.81,27.08
2023-07-05T22:30:00-05:00,25.16,23.88,25.64,28.87
2023-07-05T22:45:00-05:00,23.88,22.58,24.47,27.73
2023-07-05T23:00:00-05:00,25.25,23.9,25.79,29.24
2023-07-05T23:15:00-05:00,28.72,27.33,29.25,32.84
2023-07-05T23:30:00-05:00,28.79,28.29,29.05,30.29
2023-07-05T23:45:00-05:00,25.99,25.99,25.99,25.99
2023-07-06T00:00:00-05:00,23.48,23.48,23.48,23.48
2023-07-06T00:15:00-05:00,22.33,22.33,22.33,22.33
2023-07-06T00:30:00-05:00,22.34,22.34,22.34,22.34
2023-07-06T00:45:00-05:00,20.24,20.24,20.24,20.24
2023-07-06T01:00:00-05:00,19.4,19.4,19.4,19.4
2023-07-06T01:15:00-05:00,20.05,20.05,20.05,20.05
2023-07-06T01:30:00-05:00,20.12,20.12,20.12,20.12
2023-07-06T01:45:00-05:00,20.23,20.23,20.23,20.23
2023-07-06T02:00:00-05:00,20.8,20.8,20.8,20.8
2023-07-06T02:15:00-05:00,21.34,21.34,21.34,21.34
2023-07-06T02:30:00-05:00,22.56,22.56,22.56,22.56
2023-07-06T02:45:00-05:00,20.69,20.69,20.69,20.69
2023-07-06T03:00:00-05:00,20.0,20.0,20.0,20.0
2023-07-06T03:15:00-05:00,20.15,20.15,20.15,20.15
2023-07-06T03:30:00-05:00,20.22,20.22,20.22,20.22
2023-07-06T03:45:00-05:00,20.13,20.13,20.13,20.13
2023-07-06T04:00:00-05:00,21.12,21.12,19.31,21.12
2023-07-06T04:15:00-05:00,21.17,21.17,20.0,21.17
2023-07-06T04:30:00-05:00,20.82,20.82,17.66,20.82
2023-07-06T04:45:00-05:00,23.41,22.16,22.35,27.29
2023-07-06T05:00:00-05:00,24.4,24.01,23.62,25.62
2023-07-06T05:15:00-05:00,25.03,24.99,24.41,24.97
2023-07-06T05:30:00-05:00,26.19,26.17,25.83,26.16
2023-07-06T05:45:00-05:00,26.83,26.75,25.6,26.72
2023-07-06T06:00:00-05:00,28.03,27.27,26.58,31.72
2023-07-06T06:15:00-05:00,30.35,29.64,28.8,33.7
2023-07-06T06:30:00-05:00,34.27,26.56,39.57,80.61
2023-07-06T06:45:00-05:00,37.67,30.11,42.9,83.16
2023-07-06T07:00:00-05:00,32.67,27.0,36.6,66.76
2023-07-06T07:15:00-05:00,27.58,27.54,27.61,27.85
2023-07-06T07:30:00-05:00,24.87,24.87,24.87,24.87
2023-07-06T07:45:00-05:00,22.15,22.15,21.64,22.15
2023-07-06T08:00:00-05:00,21.02,21.02,20.63,21.02
2023-07-06T08:15:00-05:00,20.22,20.22,19.91,20.22
2023-07-06T08:30:00-05:00,23.51,23.51,22.86,23.51
2023-07-06T08:45:00-05:00,21.48,21.48,20.94,21.48
2023-07-06T09:00:00-05:00,21.47,21.45,20.53,21.42
2023-07-06T09:15:00-05:00,21.83,21.79,20.61,21.73
2023-07-06T09:30:00-05:00,25.4,25.37,23.41,25.32
2023-07-06T09:45:00-05:00,26.47,26.45,24.94,26.4
2023-07-06T10:00:00-05:00,35.97,35.91,35.91,35.79
2023-07-06T10:15:00-05:00,30.91,30.91,30.91,30.91
2023-07-06T10:30:00-05:00,46.79,46.64,46.64,46.37
2023-07-06T10:45:00-05:00,48.62,48.47,48.47,48.21
2023-07-06T11:00:00-05:00,27.07,27.07,27.07,27.07
2023-07-06T11:15:00-05:00,28.18,28.18,28.18,28.18
2023-07-06T11:30:00-05:00,43.74,43.74,43.74,43.74
2023-07-06T11:45:00-05:00,52.52,52.52,52.52,52.52
2023-07-06T12:00:00-05:00,27.97,27.97,27.97,27.97
2023-07-06T12:15:00-05:00,27.6,27.6,27.6,27.6
2023-07-06T12:30:00-05:00,27.43,27.43,26.89,27.43
2023-07-06T12:45:00-05:00,27.42,27.94,22.09,28.04
2023-07-06T13:00:00-05:00,27.53,28.42,20.95,28.59
2023-07-06T13:15:00-05:00,31.19,32.3,22.36,32.52
2023-07-06T13:30:00-05:00,27.23,28.44,19.04,28.71
2023-07-06T13:45:00-05:00,26.27,27.48,18.4,27.78
2023-07-06T14:00:00-05:00,25.62,26.69,19.56,26.92
2023-07-06T14:15:00-05:00,25.75,27.42,16.26,27.73
2023-07-06T14:30:00-05:00,25.9,27.28,17.37,27.72
2023-07-06T14:45:00-05:00,31.1,32.07,25.62,32.75
2023-07-06T15:00:00-05:00,29.5,30.46,24.01,31.1
2023-07-06T15:15:00-05:00,29.61,30.49,24.58,31.09
2023-07-06T15:30:00-05:00,32.89,33.63,28.63,34.18
2023-07-06T15:45:00-05:00,28.08,28.49,25.79,28.79
2023-07-06T16:00:00-05:00,30.27,31.23,24.72,31.93
2023-07-06T16:15:00-05:00,27.11,27.92,22.34,28.52
2023-07-06T16:30:00-05:00,26.59,26.98,24.32,27.27
2023-07-06T16:45:00-05:00,27.58,28.28,23.58,28.8
2023-07-06T17:00:00-05:00,27.71,27.72,27.61,27.73
2023-07-06T17:15:00-05:00,26.88,26.88,26.88,26.88
2023-07-06T17:30:00-05:00,31.59,31.55,31.33,31.55
2023-07-06T17:45:00-05:00,31.2,31.16,30.94,31.16
2023-07-06T18:00:00-05:00,28.26,28.23,28.03,28.23
2023-07-06T18:15:00-05:00,27.81,27.74,27.44,27.72
2023-07-06T18:30:00-05:00,27.72,27.62,27.27,27.59
2023-07-06T18:45:00-05:00,27.65,27.62,27.43,27.62
2023-07-06T19:00:00-05:00,28.54,28.52,28.35,28.52
2023-07-06T19:15:00-05:00,40.98,40.94,40.67,40.94
2023-07-06T19:30:00-05:00,67.91,67.88,67.69,67.87
2023-07-06T19:45:00-05:00,216.2,216.2,216.2,216.2
2023-07-06T20:00:00-05:00,57.95,57.87,57.39,57.87
2023-07-06T20:15:00-05:00,75.05,74.96,74.41,74.96
2023-07-06T20:30:00-05:00,83.17,83.05,82.34,83.05
2023-07-06T20:45:00-05:00,40.1,40.05,39.75,40.05
2023-07-06T21:00:00-05:00,94.32,94.05,92.88,93.92
2023-07-06T21:15:00-05:00,75.27,75.27,75.26,75.27
2023-07-06T21:30:00-05:00,66.59,66.59,66.59,66.59
2023-07-06T21:45:00-05:00,31.11,31.07,30.92,31.06
2023-07-06T22:00:00-05:00,34.59,34.59,34.53,34.58
2023-07-06T22:15:00-05:00,33.62,33.16,33.9,38.14
2023-07-06T22:30:00-05:00,28.5,28.46,28.63,36.51
2023-07-06T22:45:00-05:00,27.03,27.02,27.13,34.57
2023-07-06T23:00:00-05:00,27.19,27.18,27.29,34.08
2023-07-06T23:15:00-05:00,27.73,27.73,27.78,31.22
2023-07-06T23:30:00-05:00,26.22,26.22,26.22,26.22
2023-07-06T23:45:00-05:00,24.66,24.66,24.66,24.66
2023-07-07T00:00:00-05:00,24.42,24.42,24.42,24.42
2023-07-07T00:15:00-05:00,25.21,25.21,25.21,25.21
2023-07-07T00:30:00-05:00,22.44,21.65,22.83,24.85
2023-07-07T00:45:00-05:00,22.57,21.32,23.19,26.39
2023-07-07T01:00:00-05:00,22.24,21.01,22.87,26.05
2023-07-07T01:15:00-05:00,22.66,21.41,23.29,26.48
2023-07-07T01:30:00-05:00,23.07,21.82,23.7,26.93
2023-07-07T01:45:00-05:00,20.78,20.4,20.97,21.96
2023-07-07T02:00:00-05:00,19.51,19.51,19.51,19.51
2023-07-07T02:15:00-05:00,18.72,18.72,18.72,18.72
2023-07-07T02:30:00-05:00,18.71,18.71,18.71,18.71
2023-07-07T02:45:00-05:00,18.13,18.13,18.13,18.13
2023-07-07T03:00:00-05:00,18.13,18.13,18.13,18.13
2023-07-07T03:15:00-05:00,18.09,18.09,18.09,18.09
2023-07-07T03:30:00-05:00,18.81,18.81,18.81,18.81
2023-07-07T03:45:00-05:00,18.65,18.65,18.65,18.65
2023-07-07T04:00:00-05:00,18.73,18.73,18.73,18.73
2023-07-07T04:15:00-05:00,18.47,18.41,18.51,18.68
2023-07-07T04:30:00-05:00,18.4,17.51,18.84,21.13
2023-07-07T04:45:00-05:00,18.17,17.28,18.62,20.94
2023-07-07T05:00:00-05:00,19.13,19.11,19.14,19.19
2023-07-07T05:15:00-05:00,20.57,20.57,20.57,20.57
2023-07-07T05:30:00-05:00,24.84,24.84,22.33,24.84
2023-07-07T05:45:00-05:00,24.67,24.67,24.2,24.67
2023-07-07T06:00:00-05:00,29.96,29.96,29.96,29.96
2023-07-07T06:15:00-05:00,26.06,26.06,26.06,26.06
2023-07-07T06:30:00-05:00,28.8,28.8,28.8,28.8
2023-07-07T06:45:00-05:00,28.47,28.47,28.47,28.47
2023-07-07T07:00:00-05:00,58.57,58.57,58.57,58.57
2023-07-07T07:15:00-05:00,59.83,59.83,59.83,59.83
2023-07-07T07:30:00-05:00,26.56,26.56,26.56,26.56
2023-07-07T07:45:00-05:00,26.07,26.07,26.07,26.07
2023-07-07T08:00:00-05:00,25.91,25.91,25.91,25.91
2023-07-07T08:15:00-05:00,24.43,24.43,24.43,24.43
2023-07-07T08:30:00-05:00,24.28,24.28,24.28,24.28
2023-07-07T08:45:00-05:00,24.51,24.51,24.51,24.51
2023-07-07T09:00:00-05:00,25.34,25.34,25.34,25.34
2023-07-07T09:15:00-05:00,25.12,25.12,25.12,25.12
2023-07-07T09:30:00-05:00,26.33,26.33,26.33,26.33
2023-07-07T09:45:00-05:00,25.56,25.56,25.56,25.56
2023-07-07T10:00:00-05:00,60.68,60.68,60.68,60.68
2023-07-07T10:15:00-05:00,60.13,59.99,59.99,59.73
2023-07-07T10:30:00-05:00,28.79,28.79,28.79,28.79
2023-07-07T10:45:00-05:00,25.47,25.47,25.47,25.47
2023-07-07T11:00:00-05:00,24.11,24.06,24.06,23.96
2023-07-07T11:15:00-05:00,22.68,22.5,22.94,21.6
2023-07-07T11:30:00-05:00,22.58,22.04,23.44,19.27
2023-07-07T11:45:00-05:00,20.97,20.44,21.82,17.75
2023-07-07T12:00:00-05:00,20.29,19.75,21.1,17.04
2023-07-07T12:15:00-05:00,21.68,21.1,22.49,18.29
2023-07-07T12:30:00-05:00,20.12,19.58,20.79,16.88
2023-07-07T12:45:00-05:00,19.69,19.16,20.06,16.43
2023-07-07T13:00:00-05:00,19.84,18.64,20.52,18.22
2023-07-07T13:15:00-05:00,20.43,19.12,21.03,18.64
2023-07-07T13:30:00-05:00,22.56,18.73,20.05,12.13
2023-07-07T13:45:00-05:00,19.74,18.84,20.29,9.95
2023-07-07T14:00:00-05:00,19.64,19.05,19.87,4.17
2023-07-07T14:15:00-05:00,20.7,20.12,20.99,3.67
2023-07-07T14:30:00-05:00,21.03,20.52,21.14,3.03
2023-07-07T14:45:00-05:00,21.59,21.34,21.29,1.44
2023-07-07T15:00:00-05:00,23.0,22.85,22.53,0.68
2023-07-07T15:15:00-05:00,25.04,25.12,24.58,0.37
2023-07-07T15:30:00-05:00,24.61,24.28,24.24,0.39
2023-07-07T15:45:00-05:00,24.15,24.14,23.51,0.22
2023-07-07T16:00:00-05:00,23.67,23.38,23.13,0.22
2023-07-07T16:15:00-05:00,24.12,24.07,23.4,0.23
2023-07-07T16:30:00-05:00,23.12,23.01,22.56,0.15
2023-07-07T16:45:00-05:00,23.1,23.42,22.8,0.27
2023-07-07T17:00:00-05:00,22.1,23.4,20.8,0.05
2023-07-07T17:15:00-05:00,22.89,24.18,22.06,0.08
2023-07-07T17:30:00-05:00,22.79,23.27,22.64,0.1
2023-07-07T17:45:00-05:00,22.62,23.45,22.98,0.05
2023-07-07T18:00:00-05:00,22.29,23.46,22.39,0.1
2023-07-07T18:15:00-05:00,22.8,23.7,23.33,0.13
2023-07-07T18:30:00-05:00,22.12,22.17,23.24,0.2
2023-07-07T18:45:00-05:00,22.36,22.22,23.47,0.64
2023-07-07T19:00:00-05:00,21.73,21.69,22.82,2.95
2023-07-07T19:15:00-05:00,22.88,23.66,24.06,13.97
2023-07-07T19:30:00-05:00,28.92,27.52,30.22,23.43
2023-07-07T19:45:00-05:00,55.8,55.73,55.25,55.62
2023-07-07T20:00:00-05:00,61.16,61.13,60.51,61.07
2023-07-07T20:15:00-05:00,93.91,93.85,92.68,93.75
2023-07-07T20:30:00-05:00,133.33,133.14,130.5,156.26
2023-07-07T20:45:00-05:00,83.87,83.81,83.08,92.53
2023-07-07T21:00:00-05:00,96.66,96.6,95.75,103.66
2023-07-07T21:15:00-05:00,106.71,106.65,105.56,106.6
2023-07-07T21:30:00-05:00,121.84,121.78,120.57,121.72
2023-07-07T21:45:00-05:00,75.85,75.81,75.07,75.77
2023-07-07T22:00:00-05:00,66.64,66.61,65.98,66.58
2023-07-07T22:15:00-05:00,52.67,52.65,52.14,52.62
2023-07-07T22:30:00-05:00,31.39,31.28,30.82,31.26
2023-07-07T22:45:00-05:00,26.34,26.32,26.07,26.31
2023-07-07T23:00:00-05:00,30.65,30.64,30.36,30.62
2023-07-07T23:15:00-05:00,28.37,28.35,28.1,28.34
2023-07-07T23:30:00-05:00,24.11,24.1,23.88,24.09
2023-07-07T23:45:00-05:00,22.2,22.19,22.12,22.19
2023-07-08T00:00:00-05:00,21.93,21.93,21.93,21.93
2023-07-08T00:15:00-05:00,24.39,24.39,24.39,24.39
2023-07-08T00:30:00-05:00,24.51,24.51,24.51,24.51
2023-07-08T00:45:00-05:00,25.87,25.87,25.87,25.87
2023-07-08T01:00:00-05:00,286.51,286.51,286.51,286.51
2023-07-08T01:15:00-05:00,58.03,58.03,58.03,58.03
2023-07-08T01:30:00-05:00,34.82,34.82,34.82,34.82
2023-07-08T01:45:00-05:00,101.49,101.49,101.49,101.49
2023-07-08T02:00:00-05:00,46.45,46.45,46.45,46.45
2023-07-08T02:15:00-05:00,68.92,68.92,68.92,68.92
2023-07-08T02:30:00-05:00,81.15,81.15,81.15,81.15
2023-07-08T02:45:00-05:00,77.16,77.16,77.16,77.16
2023-07-08T03:00:00-05:00,54.72,54.72,54.72,54.72
2023-07-08T03:15:00-05:00,29.35,29.35,29.35,29.35
2023-07-08T03:30:00-05:00,26.28,26.28,26.28,26.28
2023-07-08T03:45:00-05:00,28.89,28.89,28.89,28.89
2023-07-08T04:00:00-05:00,25.87,25.87,25.87,25.87
2023-07-08T04:15:00-05:00,24.82,24.82,24.82,24.82
2023-07-08T04:30:00-05:00,23.97,23.97,23.97,23.97
2023-07-08T04:45:00-05:00,21.57,21.57,21.57,21.57
2023-07-08T05:00:00-05:00,21.38,21.38,21.38,21.38
2023-07-08T05:15:00-05:00,21.24,21.24,21.24,21.24
2023-07-08T05:30:00-05:00,19.99,19.99,19.99,19.99
2023-07-08T05:45:00-05:00,19.39,19.39,19.39,19.39
2023-07-08T06:00:00-05:00,19.07,19.07,19.07,19.07
2023-07-08T06:15:00-05:00,19.18,19.18,19.18,19.18
2023-07-08T06:30:00-05:00,19.35,19.35,19.35,19.35
2023-07-08T06:45:00-05:00,20.3,20.3,20.3,20.3
2023-07-08T07:00:00-05:00,20.17,20.17,20.17,20.17
2023-07-08T07:15:00-05:00,21.96,21.96,21.96,21.96
2023-07-08T07:30:00-05:00,22.51,22.51,22.51,22.51
2023-07-08T07:45:00-05:00,22.24,22.24,22.24,22.24
2023-07-08T08:00:00-05:00,21.55,21.55,21.55,21.55
2023-07-08T08:15:00-05:00,23.44,23.44,23.44,23.44
2023-07-08T08:30:00-05:00,22.5,22.5,22.5,22.5
2023-07-08T08:45:00-05:00,21.09,21.09,19.73,21.09
2023-07-08T09:00:00-05:00,21.41,21.41,17.74,21.41
2023-07-08T09:15:00-05:00,21.01,20.89,20.53,20.82
2023-07-08T09:30:00-05:00,20.49,20.45,20.31,20.42
2023-07-08T09:45:00-05:00,21.7,21.7,21.7,21.7
2023-07-08T10:00:00-05:00,19.95,19.95,19.95,19.95
2023-07-08T10:15:00-05:00,20.35,20.34,20.34,20.3
2023-07-08T10:30:00-05:00,22.65,22.58,22.58,22.45
2023-07-08T10:45:00-05:00,23.63,23.64,23.46,23.48
2023-07-08T11:00:00-05:00,27.15,27.3,26.83,27.13
2023-07-08T11:15:00-05:00,27.39,27.6,26.92,27.35
2023-07-08T11:30:00-05:00,24.59,24.6,24.39,24.43
2023-07-08T11:45:00-05:00,26.58,26.46,26.44,26.22
2023-07-08T12:00:00-05:00,25.33,25.18,25.14,24.84
2023-07-08T12:15:00-05:00,26.4,26.23,26.18,25.85
2023-07-08T12:30:00-05:00,58.35,57.82,57.64,56.56
2023-07-08T12:45:00-05:00,31.76,31.54,31.46,31.02
2023-07-08T13:00:00-05:00,25.12,24.97,24.92,24.63
2023-07-08T13:15:00-05:00,24.45,24.45,24.45,24.44
2023-07-08T13:30:00-05:00,25.16,25.16,25.16,25.16
2023-07-08T13:45:00-05:00,24.95,24.95,24.95,24.95
2023-07-08T14:00:00-05:00,24.42,24.42,24.42,24.42
2023-07-08T14:15:00-05:00,24.92,24.46,25.4,21.75
2023-07-08T14:30:00-05:00,25.56,25.09,26.06,22.31
2023-07-08T14:45:00-05:00,26.95,26.47,27.46,23.63
2023-07-08T15:00:00-05:00,27.28,26.8,27.8,23.94
2023-07-08T15:15:00-05:00,32.05,31.53,32.61,28.44
2023-07-08T15:30:00-05:00,33.19,32.65,33.75,29.53
2023-07-08T15:45:00-05:00,41.12,40.52,41.75,37.05
2023-07-08T16:00:00-05:00,48.35,47.7,49.05,43.91
2023-07-08T16:15:00-05:00,54.76,54.22,55.33,51.11
2023-07-08T16:30:00-05:00,32.27,32.61,30.17,32.7
2023-07-08T16:45:00-05:00,42.6,43.92,34.5,44.25
2023-07-08T17:00:00-05:00,41.18,42.65,32.14,43.02
2023-07-08T17:15:00-05:00,36.78,37.98,29.42,38.29
2023-07-08T17:30:00-05:00,29.61,30.31,24.91,30.48
2023-07-08T17:45:00-05:00,33.31,34.4,26.43,34.67
2023-07-08T18:00:00-05:00,29.11,29.95,23.57,30.16
2023-07-08T18:15:00-05:00,32.77,34.03,24.45,34.34
2023-07-08T18:30:00-05:00,32.18,33.43,24.46,33.74
2023-07-08T18:45:00-05:00,42.28,44.06,31.25,44.65
2023-07-08T19:00:00-05:00,76.88,80.31,56.17,81.32
2023-07-08T19:15:00-05:00,167.1,173.32,129.08,175.12
2023-07-08T19:30:00-05:00,75.02,76.27,67.04,76.55
2023-07-08T19:45:00-05:00,170.14,173.57,149.43,175.01
2023-07-08T20:00:00-05:00,109.93,112.28,95.1,113.51
2023-07-08T20:15:00-05:00,84.44,86.7,71.64,88.11
2023-07-08T20:30:00-05:00,131.98,135.05,115.05,137.41
2023-07-08T20:45:00-05:00,73.87,75.59,62.55,76.84
2023-07-08T21:00:00-05:00,139.42,140.66,131.36,141.56
2023-07-08T21:15:00-05:00,73.57,74.3,68.76,74.83
2023-07-08T21:30:00-05:00,48.97,49.28,46.96,49.51
2023-07-08T21:45:00-05:00,40.31,39.14,40.6,44.06
2023-07-08T22:00:00-05:00,30.01,28.72,30.19,34.14
2023-07-08T22:15:00-05:00,27.97,26.65,28.52,31.89
2023-07-08T22:30:00-05:00,26.46,25.23,26.89,30.26
2023-07-08T22:45:00-05:00,24.11,22.91,24.7,27.8
2023-07-08T23:00:00-05:00,23.49,22.25,23.99,27.22
2023-07-08T23:15:00-05:00,22.93,21.72,23.5,26.61
2023-07-08T23:30:00-05:00,21.61,20.44,22.15,25.17
2023-07-08T23:45:00-05:00,20.71,19.55,21.31,24.32
2023-07-09T00:00:00-05:00,19.85,18.66,20.47,23.57
2023-07-09T00:15:00-05:00,19.61,18.47,20.21,23.22
2023-07-09T00:30:00-05:00,18.84,17.79,19.39,22.17
2023-07-09T00:45:00-05:00,16.9,16.85,16.92,17.04
2023-07-09T01:00:00-05:00,16.39,16.39,16.39,16.39
2023-07-09T01:15:00-05:00,16.13,16.13,16.13,16.13
2023-07-09T01:30:00-05:00,16.22,16.22,16.22,16.22
2023-07-09T01:45:00-05:00,15.21,15.2,15.18,15.2
2023-07-09T02:00:00-05:00,14.66,14.49,14.83,14.28
2023-07-09T02:15:00-05:00,14.21,13.78,14.59,13.22
2023-07-09T02:30:00-05:00,13.86,13.36,14.45,12.69
2023-07-09T02:45:00-05:00,13.21,12.9,13.67,12.48
2023-07-09T03:00:00-05:00,12.7,12.24,13.39,11.61
2023-07-09T03:15:00-05:00,12.39,11.64,13.04,11.06
2023-07-09T03:30:00-05:00,12.53,12.07,13.21,11.44
2023-07-09T03:45:00-05:00,12.31,11.26,12.93,10.73
2023-07-09T04:00:00-05:00,12.01,11.01,11.96,11.15
2023-07-09T04:15:00-05:00,12.26,11.95,12.24,12.0
2023-07-09T04:30:00-05:00,11.96,11.96,11.96,11.96
2023-07-09T04:45:00-05:00,11.48,11.24,11.82,10.92
2023-07-09T05:00:00-05:00,11.98,11.98,11.98,11.98
2023-07-09T05:15:00-05:00,11.66,11.66,11.66,11.66
2023-07-09T05:30:00-05:00,11.82,11.82,11.82,11.82
2023-07-09T05:45:00-05:00,11.73,11.73,11.73,11.73
2023-07-09T06:00:00-05:00,12.46,12.46,12.46,12.46
2023-07-09T06:15:00-05:00,14.61,14.61,14.61,14.61
2023-07-09T06:30:00-05:00,16.02,16.02,16.02,16.02
2023-07-09T06:45:00-05:00,17.33,17.33,17.33,17.33
2023-07-09T07:00:00-05:00,19.35,19.35,19.35,19.35
2023-07-09T07:15:00-05:00,18.09,18.09,18.09,18.09
2023-07-09T07:30:00-05:00,17.47,17.47,17.47,17.47
2023-07-09T07:45:00-05:00,17.53,17.53,17.53,17.53
2023-07-09T08:00:00-05:00,17.42,17.42,17.42,17.42
2023-07-09T08:15:00-05:00,16.08,16.08,16.08,16.08
2023-07-09T08:30:00-05:00,15.71,15.7,15.68,15.69
2023-07-09T08:45:00-05:00,14.65,14.65,14.65,14.65
2023-07-09T09:00:00-05:00,14.8,14.46,14.64,15.66
2023-07-09T09:15:00-05:00,14.63,14.38,14.45,15.09
2023-07-09T09:30:00-05:00,16.29,16.25,16.1,16.23
2023-07-09T09:45:00-05:00,16.34,16.29,15.99,16.26
2023-07-09T10:00:00-05:00,17.56,17.51,16.84,17.45
2023-07-09T10:15:00-05:00,18.61,18.55,17.54,18.48
2023-07-09T10:30:00-05:00,19.92,19.87,19.13,19.8
2023-07-09T10:45:00-05:00,20.24,20.2,19.67,20.15
2023-07-09T11:00:00-05:00,20.7,19.59,17.27,19.31
2023-07-09T11:15:00-05:00,20.47,19.61,18.3,19.37
2023-07-09T11:30:00-05:00,21.48,20.62,19.49,20.37
2023-07-09T11:45:00-05:00,25.12,21.13,19.3,20.73
2023-07-09T12:00:00-05:00,21.76,21.13,20.73,21.04
2023-07-09T12:15:00-05:00,21.14,21.07,20.99,21.05
2023-07-09T12:30:00-05:00,21.62,21.39,21.08,21.32
2023-07-09T12:45:00-05:00,22.05,21.71,21.35,21.63
2023-07-09T13:00:00-05:00,22.39,22.02,21.54,21.91
2023-07-09T13:15:00-05:00,23.03,23.03,23.03,23.03
2023-07-09T13:30:00-05:00,23.64,23.64,23.64,23.64
2023-07-09T13:45:00-05:00,23.44,23.44,23.44,23.44
2023-07-09T14:00:00-05:00,23.94,23.97,25.83,23.98
2023-07-09T14:15:00-05:00,23.64,23.71,27.12,23.75
2023-07-09T14:30:00-05:00,25.91,26.06,32.12,26.13
2023-07-09T14:45:00-05:00,24.84,24.95,28.79,25.0
2023-07-09T15:00:00-05:00,26.28,26.43,31.71,26.5
2023-07-09T15:15:00-05:00,28.61,28.74,33.18,28.8
2023-07-09T15:30:00-05:00,27.66,28.13,29.97,28.25
2023-07-09T15:45:00-05:00,26.86,27.32,28.88,27.43
2023-07-09T16:00:00-05:00,26.03,26.77,24.35,26.93
2023-07-09T16:15:00-05:00,25.76,26.33,25.53,26.47
2023-07-09T16:30:00-05:00,25.85,26.7,22.04,26.88
2023-07-09T16:45:00-05:00,28.3,28.4,24.23,28.52
2023-07-09T17:00:00-05:00,29.94,30.14,27.44,30.28
2023-07-09T17:15:00-05:00,26.89,27.74,24.48,27.93
2023-07-09T17:30:00-05:00,26.21,27.07,22.4,27.25
2023-07-09T17:45:00-05:00,27.32,28.25,23.07,28.44
2023-07-09T18:00:00-05:00,26.56,27.48,21.93,27.67
2023-07-09T18:15:00-05:00,25.87,26.33,20.39,28.48
2023-07-09T18:30:00-05:00,25.76,25.97,28.99,27.2
2023-07-09T18:45:00-05:00,25.54,26.46,20.78,27.83
2023-07-09T19:00:00-05:00,31.12,31.79,24.19,35.71
2023-07-09T19:15:00-05:00,30.86,31.78,23.75,34.56
2023-07-09T19:30:00-05:00,28.35,29.5,22.26,30.11
2023-07-09T19:45:00-05:00,27.72,28.32,22.05,31.22
2023-07-09T20:00:00-05:00,26.5,26.15,21.82,34.57
2023-07-09T20:15:00-05:00,29.22,25.17,25.56,63.46
2023-07-09T20:30:00-05:00,29.98,25.03,27.46,67.3
2023-07-09T20:45:00-05:00,25.92,21.23,23.96,62.44
2023-07-09T21:00:00-05:00,26.38,21.76,28.37,57.72
2023-07-09T21:15:00-05:00,25.35,21.11,28.27,50.82
2023-07-09T21:30:00-05:00,24.4,22.84,25.43,33.93
2023-07-09T21:45:00-05:00,24.72,24.76,24.42,25.0
2023-07-09T22:00:00-05:00,24.74,24.81,24.45,24.85
2023-07-09T22:15:00-05:00,24.78,24.84,24.48,24.89
2023-07-09T22:30:00-05:00,23.9,23.96,23.65,23.99
2023-07-09T22:45:00-05:00,23.3,23.38,22.94,23.43
2023-07-09T23:00:00-05:00,24.69,24.76,24.39,24.81
2023-07-09T23:15:00-05:00,25.08,25.08,25.0,25.08
2023-07-09T23:30:00-05:00,25.29,25.28,25.13,25.26
2023-07-09T23:45:00-05:00,24.63,24.62,24.41,24.6
2023-07-10T00:00:00-05:00,24.43,24.44,24.15,24.45
2023-07-10T00:15:00-05:00,23.29,23.3,23.04,23.3
2023-07-10T00:30:00-05:00,23.08,23.12,22.78,23.15
2023-07-10T00:45:00-05:00,22.97,22.99,22.79,23.0
2023-07-10T01:00:00-05:00,23.04,23.07,22.92,23.09
2023-07-10T01:15:00-05:00,22.94,22.94,22.94,22.94
2023-07-10T01:30:00-05:00,22.47,22.47,22.47,22.47
2023-07-10T01:45:00-05:00,21.95,21.95,21.95,21.95
2023-07-10T02:00:00-05:00,21.72,21.72,21.72,21.72
2023-07-10T02:15:00-05:00,22.15,22.15,22.15,22.15
2023-07-10T02:30:00-05:00,21.74,21.74,21.74,21.74
2023-07-10T02:45:00-05:00,21.51,21.51,21.51,21.51
2023-07-10T03:00:00-05:00,21.69,21.69,21.69,21.69
2023-07-10T03:15:00-05:00,21.42,21.42,21.42,21.42
2023-07-10T03:30:00-05:00,21.0,21.0,21.0,21.0
2023-07-10T03:45:00-05:00,21.24,21.24,21.24,21.24
2023-07-10T04:00:00-05:00,21.61,21.61,21.61,21.61
2023-07-10T04:15:00-05:00,21.74,21.74,21.74,21.74
2023-07-10T04:30:00-05:00,21.5,21.5,21.5,21.5
2023-07-10T04:45:00-05:00,21.9,21.9,21.9,21.9
2023-07-10T05:00:00-05:00,23.07,23.07,23.07,23.07
2023-07-10T05:15:00-05:00,23.28,23.28,23.28,23.28
2023-07-10T05:30:00-05:00,24.31,24.31,24.31,24.31
2023-07-10T05:45:00-05:00,24.07,24.07,24.07,24.07
2023-07-10T06:00:00-05:00,33.44,33.44,33.44,33.44
2023-07-10T06:15:00-05:00,32.91,32.91,32.91,32.91
2023-07-10T06:30:00-05:00,28.27,28.27,28.27,28.27
2023-07-10T06:45:00-05:00,26.42,26.42,26.42,26.42
2023-07-10T07:00:00-05:00,26.66,26.66,26.66,26.66
2023-07-10T07:15:00-05:00,27.09,27.09,27.09,27.09
2023-07-10T07:30:00-05:00,25.7,25.7,25.7,25.7
2023-07-10T07:45:00-05:00,25.26,25.26,25.26,25.26
2023-07-10T08:00:00-05:00,24.11,24.11,24.11,24.11
2023-07-10T08:15:00-05:00,22.12,22.12,22.12,22.12
2023-07-10T08:30:00-05:00,21.74,21.74,21.74,21.74
2023-07-10T08:45:00-05:00,21.82,21.82,21.82,21.82
2023-07-10T09:00:00-05:00,21.44,21.44,21.44,21.44
2023-07-10T09:15:00-05:00,21.63,21.63,21.63,21.63
2023-07-10T09:30:00-05:00,23.46,23.46,23.46,23.46
2023-07-10T09:45:00-05:00,24.34,24.34,24.34,24.34
2023-07-10T10:00:00-05:00,23.85,23.83,23.82,23.78
2023-07-10T10:15:00-05:00,25.2,25.17,25.16,25.11
2023-07-10T10:30:00-05:00,28.42,28.42,28.42,28.42
2023-07-10T10:45:00-05:00,25.4,25.34,25.32,25.22
2023-07-10T11:00:00-05:00,24.38,24.36,24.35,24.3
2023-07-10T11:15:00-05:00,25.07,25.01,24.99,24.9
2023-07-10T11:30:00-05:00,29.01,28.96,28.95,28.88
2023-07-10T11:45:00-05:00,28.83,28.75,28.74,28.61
2023-07-10T12:00:00-05:00,32.93,32.84,32.85,32.72
2023-07-10T12:15:00-05:00,58.26,57.62,57.37,56.29
2023-07-10T12:30:00-05:00,64.87,64.13,63.84,62.59
2023-07-10T12:45:00-05:00,59.81,59.14,58.88,57.75
2023-07-10T13:00:00-05:00,118.55,117.07,124.59,113.96
2023-07-10T13:15:00-05:00,65.06,65.04,65.52,65.01
2023-07-10T13:30:00-05:00,78.03,74.45,72.62,74.09
2023-07-10T13:45:00-05:00,83.15,72.14,66.51,71.04
2023-07-10T14:00:00-05:00,46.43,39.02,35.25,38.29
2023-07-10T14:15:00-05:00,58.05,51.14,47.6,50.45
2023-07-10T14:30:00-05:00,259.38,232.96,219.9,230.4
2023-07-10T14:45:00-05:00,192.44,173.42,164.12,171.57
2023-07-10T15:00:00-05:00,89.13,78.13,72.62,77.06
2023-07-10T15:15:00-05:00,106.24,93.2,86.57,91.93
2023-07-10T15:30:00-05:00,255.42,228.27,214.55,225.62
2023-07-10T15:45:00-05:00,291.09,260.64,251.15,257.67
2023-07-10T16:00:00-05:00,490.29,450.13,433.84,446.21
2023-07-10T16:15:00-05:00,750.94,714.05,629.48,711.21
2023-07-10T16:30:00-05:00,319.05,301.32,239.05,300.71
2023-07-10T16:45:00-05:00,225.83,216.22,170.11,216.43
2023-07-10T17:00:00-05:00,84.88,80.03,93.01,79.68
2023-07-10T17:15:00-05:00,213.1,214.4,161.55,215.76
2023-07-10T17:30:00-05:00,132.07,134.27,85.42,135.27
2023-07-10T17:45:00-05:00,109.41,109.79,76.63,110.4
2023-07-10T18:00:00-05:00,98.66,98.63,79.79,99.07
2023-07-10T18:15:00-05:00,314.46,322.34,171.7,325.01
2023-07-10T18:30:00-05:00,291.88,309.08,162.42,312.64
2023-07-10T18:45:00-05:00,1286.59,1385.13,731.62,1403.99
2023-07-10T19:00:00-05:00,3349.01,3551.52,2249.09,3595.92
2023-07-10T19:15:00-05:00,3655.81,3898.84,2307.57,3951.47
2023-07-10T19:30:00-05:00,820.53,895.18,451.85,908.83
2023-07-10T19:45:00-05:00,138.18,153.79,101.59,157.39
2023-07-10T20:00:00-05:00,121.24,130.19,76.7,132.36
2023-07-10T20:15:00-05:00,95.44,99.89,74.47,100.84
2023-07-10T20:30:00-05:00,156.66,153.36,155.59,174.79
2023-07-10T20:45:00-05:00,97.29,94.34,98.34,108.3
2023-07-10T21:00:00-05:00,70.11,68.67,70.26,76.81
2023-07-10T21:15:00-05:00,30.12,28.78,30.62,34.58
2023-07-10T21:30:00-05:00,28.6,27.2,29.4,32.76
2023-07-10T21:45:00-05:00,27.0,25.63,27.74,31.01
2023-07-10T22:00:00-05:00,29.23,27.84,29.98,33.35
2023-07-10T22:15:00-05:00,33.41,31.29,34.67,41.57
2023-07-10T22:30:00-05:00,27.62,25.73,28.73,34.82
2023-07-10T22:45:00-05:00,23.7,21.2,25.25,34.7
2023-07-10T23:00:00-05:00,23.86,22.22,24.8,29.83
2023-07-10T23:15:00-05:00,23.89,22.63,24.56,27.74
2023-07-10T23:30:00-05:00,23.85,22.6,24.51,27.71
2023-07-10T23:45:00-05:00,24.5,23.66,24.94,27.07
2023-07-11T00:00:00-05:00,25.16,25.16,25.16,25.16
2023-07-11T00:15:00-05:00,27.42,27.42,27.42,27.42
2023-07-11T00:30:00-05:00,30.37,30.37,30.37,30.37
2023-07-11T00:45:00-05:00,26.4,26.4,26.4,26.4
2023-07-11T01:00:00-05:00,22.91,22.91,22.91,22.91
2023-07-11T01:15:00-05:00,21.84,21.84,21.84,21.84
2023-07-11T01:30:00-05:00,22.39,22.39,22.39,22.39
2023-07-11T01:45:00-05:00,22.97,22.97,22.97,22.97
2023-07-11T02:00:00-05:00,24.15,23.52,24.66,35.77
2023-07-11T02:15:00-05:00,22.97,21.65,24.03,47.38
2023-07-11T02:30:00-05:00,23.27,22.65,23.76,34.71
2023-07-11T02:45:00-05:00,22.36,22.35,22.37,22.56
2023-07-11T03:00:00-05:00,23.99,23.99,23.99,23.99
2023-07-11T03:15:00-05:00,23.9,23.9,23.9,23.9
2023-07-11T03:30:00-05:00,23.1,23.1,23.1,23.1
2023-07-11T03:45:00-05:00,21.95,21.2,22.33,24.4
2023-07-11T04:00:00-05:00,22.08,20.84,22.73,26.22
2023-07-11T04:15:00-05:00,22.17,20.95,22.8,26.22
2023-07-11T04:30:00-05:00,21.89,20.68,22.52,25.89
2023-07-11T04:45:00-05:00,25.07,24.41,25.44,27.83
2023-07-11T05:00:00-05:00,25.3,25.3,25.3,25.3
2023-07-11T05:15:00-05:00,26.39,26.39,26.39,26.39
2023-07-11T05:30:00-05:00,29.66,29.66,29.66,29.66
2023-07-11T05:45:00-05:00,26.0,26.0,26.0,26.0
2023-07-11T06:00:00-05:00,25.24,25.24,25.24,25.24
2023-07-11T06:15:00-05:00,26.3,26.3,26.3,26.3
2023-07-11T06:30:00-05:00,24.01,24.01,24.01,24.01
2023-07-11T06:45:00-05:00,22.42,22.42,22.42,22.42
2023-07-11T07:00:00-05:00,22.13,22.13,22.13,22.13
2023-07-11T07:15:00-05:00,21.26,21.26,21.26,21.26
2023-07-11T07:30:00-05:00,22.53,22.53,22.53,22.53
2023-07-11T07:45:00-05:00,24.47,24.47,24.47,24.47
2023-07-11T08:00:00-05:00,22.44,22.44,22.44,22.44
2023-07-11T08:15:00-05:00,19.24,19.24,19.24,19.24
2023-07-11T08:30:00-05:00,18.82,18.81,18.81,18.79
2023-07-11T08:45:00-05:00,18.02,17.98,17.98,17.92
2023-07-11T09:00:00-05:00,18.42,18.39,18.38,18.31
2023-07-11T09:15:00-05:00,19.62,19.4,20.36,19.03
2023-07-11T09:30:00-05:00,28.33,21.87,20.72,21.04
2023-07-11T09:45:00-05:00,35.11,25.72,23.46,24.71
2023-07-11T10:00:00-05:00,56.42,23.13,19.66,21.83
2023-07-11T10:15:00-05:00,25.99,21.86,21.51,21.33
2023-07-11T10:30:00-05:00,22.25,21.51,22.91,21.13
2023-07-11T10:45:00-05:00,28.09,20.34,22.44,20.13
2023-07-11T11:00:00-05:00,94.45,20.27,29.77,21.47
2023-07-11T11:15:00-05:00,26.9,20.71,23.72,20.53
2023-07-11T11:30:00-05:00,22.5,21.84,22.06,21.63
2023-07-11T11:45:00-05:00,26.77,22.06,22.81,21.76
2023-07-11T12:00:00-05:00,26.11,20.67,22.07,20.6
2023-07-11T12:15:00-05:00,29.12,19.81,26.2,20.04
2023-07-11T12:30:00-05:00,36.27,19.64,31.06,20.34
2023-07-11T12:45:00-05:00,48.48,22.26,47.25,24.24
2023-07-11T13:00:00-05:00,122.16,20.32,72.48,27.08
2023-07-11T13:15:00-05:00,89.25,27.77,61.89,32.68
2023-07-11T13:30:00-05:00,34.31,22.3,30.67,23.23
2023-07-11T13:45:00-05:00,828.34,21.49,117.41,36.18
2023-07-11T14:00:00-05:00,887.08,23.84,56.61,28.58
2023-07-11T14:15:00-05:00,48.83,26.53,35.84,26.54
2023-07-11T14:30:00-05:00,105.54,41.22,96.5,46.45
2023-07-11T14:45:00-05:00,38.55,28.67,42.36,29.22
2023-07-11T15:00:00-05:00,35.31,24.67,60.33,15.21
2023-07-11T15:15:00-05:00,260.94,61.01,114.27,42.13
2023-07-11T15:30:00-05:00,56.11,32.02,89.87,20.58
2023-07-11T15:45:00-05:00,42.07,30.52,82.51,19.76
2023-07-11T16:00:00-05:00,58.22,41.81,90.35,28.28
2023-07-11T16:15:00-05:00,87.48,55.79,158.04,23.49
2023-07-11T16:30:00-05:00,64.54,46.94,126.58,33.11
2023-07-11T16:45:00-05:00,55.07,41.18,124.13,29.25
2023-07-11T17:00:00-05:00,55.31,46.71,133.74,34.78
2023-07-11T17:15:00-05:00,63.71,53.6,136.34,40.75
2023-07-11T17:30:00-05:00,57.73,47.71,116.87,36.12
2023-07-11T17:45:00-05:00,55.37,48.65,110.07,37.06
2023-07-11T18:00:00-05:00,43.6,37.31,101.44,26.3
2023-07-11T18:15:00-05:00,53.01,49.72,113.86,40.14
2023-07-11T18:30:00-05:00,60.77,54.16,107.02,42.75
2023-07-11T18:45:00-05:00,63.74,63.58,92.53,56.64
2023-07-11T19:00:00-05:00,79.97,84.68,86.1,82.2
2023-07-11T19:15:00-05:00,182.92,198.14,131.71,200.84
2023-07-11T19:30:00-05:00,154.15,167.15,77.45,169.46
2023-07-11T19:45:00-05:00,466.73,506.87,238.94,514.47
2023-07-11T20:00:00-05:00,120.48,130.77,60.23,132.69
2023-07-11T20:15:00-05:00,91.09,98.65,46.8,100.18
2023-07-11T20:30:00-05:00,65.15,70.31,36.48,71.52
2023-07-11T20:45:00-05:00,38.02,38.95,25.32,45.8
2023-07-11T21:00:00-05:00,45.04,45.12,33.52,52.65
2023-07-11T21:15:00-05:00,29.13,28.17,26.16,33.87
2023-07-11T21:30:00-05:00,26.55,25.46,24.07,30.88
2023-07-11T21:45:00-05:00,26.5,25.31,24.43,30.8
2023-07-11T22:00:00-05:00,24.97,23.6,23.42,28.85
2023-07-11T22:15:00-05:00,24.3,22.93,22.67,28.12
2023-07-11T22:30:00-05:00,23.63,22.24,22.03,27.24
2023-07-11T22:45:00-05:00,23.26,21.76,21.37,26.77
2023-07-11T23:00:00-05:00,23.27,21.76,21.27,26.82
2023-07-11T23:15:00-05:00,22.76,20.72,20.36,25.49
2023-07-11T23:30:00-05:00,21.7,20.28,20.21,25.17
2023-07-11T23:45:00-05:00,21.2,19.87,19.8,24.62
2023-07-12T00:00:00-05:00,21.6,20.16,19.99,24.9
2023-07-12T00:15:00-05:00,20.67,19.27,19.07,23.95
2023-07-12T00:30:00-05:00,20.1,18.42,18.24,22.92
2023-07-12T00:45:00-05:00,19.45,17.86,17.75,22.35
2023-07-12T01:00:00-05:00,19.03,17.44,17.26,21.91
2023-07-12T01:15:00-05:00,18.52,16.96,16.9,21.37
2023-07-12T01:30:00-05:00,17.77,16.55,16.55,21.06
2023-07-12T01:45:00-05:00,17.92,16.7,16.7,21.24
2023-07-12T02:00:00-05:00,17.83,16.61,16.61,21.15
2023-07-12T02:15:00-05:00,17.57,16.32,16.44,21.0
2023-07-12T02:30:00-05:00,17.32,16.08,16.28,20.75
2023-07-12T02:45:00-05:00,17.25,16.01,16.28,20.68
2023-07-12T03:00:00-05:00,17.05,15.83,16.22,20.44
2023-07-12T03:15:00-05:00,16.89,15.65,15.45,20.13
2023-07-12T03:30:00-05:00,16.73,15.49,15.09,19.81
2023-07-12T03:45:00-05:00,16.37,15.23,16.14,19.64
2023-07-12T04:00:00-05:00,16.93,15.69,14.94,20.03
2023-07-12T04:15:00-05:00,17.0,15.75,12.83,20.07
2023-07-12T04:30:00-05:00,17.03,15.78,13.26,20.11
2023-07-12T04:45:00-05:00,17.2,15.95,13.88,20.3
2023-07-12T05:00:00-05:00,17.57,16.27,14.3,20.55
2023-07-12T05:15:00-05:00,18.01,16.67,14.93,21.04
2023-07-12T05:30:00-05:00,18.45,17.05,16.22,21.07
2023-07-12T05:45:00-05:00,18.42,17.15,17.28,20.69
2023-07-12T06:00:00-05:00,18.46,17.27,17.67,20.62
2023-07-12T06:15:00-05:00,18.49,17.34,17.88,20.77
2023-07-12T06:30:00-05:00,18.22,17.28,18.41,20.84
2023-07-12T06:45:00-05:00,17.66,17.01,17.75,19.39
2023-07-12T07:00:00-05:00,18.15,17.32,18.36,20.46
2023-07-12T07:15:00-05:00,18.6,17.82,18.86,20.85
2023-07-12T07:30:00-05:00,18.17,17.49,18.39,20.1
2023-07-12T07:45:00-05:00,17.49,17.03,17.61,18.76
2023-07-12T08:00:00-05:00,16.88,16.68,16.8,16.44
2023-07-12T08:15:00-05:00,16.83,14.56,16.37,10.63
2023-07-12T08:30:00-05:00,16.56,12.56,11.14,2.9
2023-07-12T08:45:00-05:00,16.02,12.55,11.41,1.18
2023-07-12T09:00:00-05:00,16.99,13.49,10.66,0.48
2023-07-12T09:15:00-05:00,17.93,14.36,10.09,0.02
2023-07-12T09:30:00-05:00,18.25,16.63,11.94,0.15
2023-07-12T09:45:00-05:00,19.47,17.11,12.38,0.08
2023-07-12T10:00:00-05:00,24.28,18.67,12.35,-0.02
2023-07-12T10:15:00-05:00,25.69,18.38,11.95,-0.07
2023-07-12T10:30:00-05:00,24.92,18.74,15.27,0.53
2023-07-12T10:45:00-05:00,27.15,19.16,14.98,0.74
2023-07-12T11:00:00-05:00,70.59,19.16,13.55,2.35
2023-07-12T11:15:00-05:00,27.77,19.43,15.24,2.78
2023-07-12T11:30:00-05:00,27.79,19.62,16.54,2.87
2023-07-12T11:45:00-05:00,31.63,21.04,18.22,2.8
2023-07-12T12:00:00-05:00,37.52,21.64,16.38,3.37
2023-07-12T12:15:00-05:00,38.93,23.29,16.99,4.96
2023-07-12T12:30:00-05:00,39.36,24.67,21.39,7.35
2023-07-12T12:45:00-05:00,41.49,28.94,24.05,16.23
2023-07-12T13:00:00-05:00,35.61,27.76,24.2,26.13
2023-07-12T13:15:00-05:00,84.27,55.35,29.94,46.77
2023-07-12T13:30:00-05:00,93.23,60.48,32.03,50.41
2023-07-12T13:45:00-05:00,42.94,32.27,25.71,29.12
2023-07-12T14:00:00-05:00,41.65,30.96,23.69,28.09
2023-07-12T14:15:00-05:00,80.42,52.68,30.57,44.26
2023-07-12T14:30:00-05:00,104.71,52.66,47.53,46.48
2023-07-12T14:45:00-05:00,94.52,59.52,23.9,50.98
2023-07-12T15:00:00-05:00,119.77,62.96,33.94,54.87
2023-07-12T15:15:00-05:00,876.0,509.07,92.3,425.0
2023-07-12T15:30:00-05:00,505.9,287.58,53.05,240.04
2023-07-12T15:45:00-05:00,232.87,133.77,36.0,110.36
2023-07-12T16:00:00-05:00,860.5,513.73,107.9,432.33
2023-07-12T16:15:00-05:00,1371.62,859.56,177.54,742.86
2023-07-12T16:30:00-05:00,1244.09,770.85,168.01,668.9
2023-07-12T16:45:00-05:00,836.21,502.66,100.34,427.9
2023-07-12T17:00:00-05:00,851.1,505.95,117.96,371.56
2023-07-12T17:15:00-05:00,439.32,317.33,117.1,142.0
2023-07-12T17:30:00-05:00,776.85,682.64,131.44,271.2
2023-07-12T17:45:00-05:00,182.07,126.57,86.18,67.19
2023-07-12T18:00:00-05:00,96.31,67.82,97.19,36.33
2023-07-12T18:15:00-05:00,140.36,158.89,93.87,35.51
2023-07-12T18:30:00-05:00,83.94,108.2,91.69,30.72
2023-07-12T18:45:00-05:00,107.84,163.04,111.44,77.73
2023-07-12T19:00:00-05:00,165.03,262.43,113.9,126.74
2023-07-12T19:15:00-05:00,392.94,641.85,256.16,287.26
2023-07-12T19:30:00-05:00,671.09,1022.96,326.79,516.57
2023-07-12T19:45:00-05:00,1174.2,1294.62,564.64,1252.19
2023-07-12T20:00:00-05:00,367.32,428.85,179.52,435.46
2023-07-12T20:15:00-05:00,164.98,195.38,87.08,199.85
2023-07-12T20:30:00-05:00,108.77,125.64,61.97,128.22
2023-07-12T20:45:00-05:00,35.87,36.97,23.62,37.32
2023-07-12T21:00:00-05:00,30.94,31.68,22.86,31.93
2023-07-12T21:15:00-05:00,30.6,30.38,25.61,30.28
2023-07-12T21:30:00-05:00,27.2,27.13,22.24,27.14
2023-07-12T21:45:00-05:00,26.42,26.08,21.5,25.98
2023-07-12T22:00:00-05:00,26.83,26.38,21.58,26.21
2023-07-12T22:15:00-05:00,26.75,26.28,21.42,26.1
2023-07-12T22:30:00-05:00,27.31,26.22,21.31,25.86
2023-07-12T22:45:00-05:00,27.16,26.25,21.19,25.97
2023-07-12T23:00:00-05:00,27.58,26.98,22.23,26.68
2023-07-12T23:15:00-05:00,28.03,26.72,20.9,26.21
2023-07-12T23:30:00-05:00,27.61,26.28,22.3,25.71
2023-07-12T23:45:00-05:00,23.98,23.43,19.78,23.1
2023-07-13T00:00:00-05:00,23.94,23.02,18.25,22.53
2023-07-13T00:15:00-05:00,22.82,22.15,16.99,21.82
2023-07-13T00:30:00-05:00,22.89,22.2,18.67,21.86
2023-07-13T00:45:00-05:00,23.42,22.42,18.85,21.97
2023-07-13T01:00:00-05:00,25.23,24.51,20.99,24.15
2023-07-13T01:15:00-05:00,23.46,22.75,19.39,22.37
2023-07-13T01:30:00-05:00,21.08,20.49,17.36,20.14
2023-07-13T01:45:00-05:00,20.84,20.26,17.17,19.92
2023-07-13T02:00:00-05:00,21.35,20.79,17.66,20.46
2023-07-13T02:15:00-05:00,21.72,21.11,18.08,21.61
2023-07-13T02:30:00-05:00,21.81,20.64,18.59,31.92
2023-07-13T02:45:00-05:00,21.4,19.76,18.54,41.38
2023-07-13T03:00:00-05:00,21.95,20.14,19.02,43.93
2023-07-13T03:15:00-05:00,22.03,20.14,19.01,44.74
2023-07-13T03:30:00-05:00,21.73,20.11,18.58,39.42
2023-07-13T03:45:00-05:00,20.92,19.74,17.81,33.44
2023-07-13T04:00:00-05:00,20.52,19.73,15.92,24.41
2023-07-13T04:15:00-05:00,20.0,19.41,16.58,20.29
2023-07-13T04:30:00-05:00,19.8,19.28,16.18,19.03
2023-07-13T04:45:00-05:00,20.02,19.25,14.42,18.93
2023-07-13T05:00:00-05:00,20.16,19.32,14.67,19.06
2023-07-13T05:15:00-05:00,20.22,19.51,15.54,19.3
2023-07-13T05:30:00-05:00,21.33,20.54,17.46,20.43
2023-07-13T05:45:00-05:00,21.31,20.72,17.61,20.6
2023-07-13T06:00:00-05:00,20.55,20.24,18.93,20.17
2023-07-13T06:15:00-05:00,21.17,20.87,20.0,20.7
2023-07-13T06:30:00-05:00,20.9,20.54,19.45,20.35
2023-07-13T06:45:00-05:00,20.7,20.42,19.58,20.25
2023-07-13T07:00:00-05:00,20.89,20.74,20.34,20.68
2023-07-13T07:15:00-05:00,20.35,20.21,19.84,20.15
2023-07-13T07:30:00-05:00,20.18,20.01,19.64,19.9
2023-07-13T07:45:00-05:00,19.49,19.25,18.69,19.13
2023-07-13T08:00:00-05:00,19.57,19.38,18.82,19.27
2023-07-13T08:15:00-05:00,20.02,19.67,18.6,19.45
2023-07-13T08:30:00-05:00,19.1,18.74,17.65,18.52
2023-07-13T08:45:00-05:00,18.23,17.9,16.48,17.69
2023-07-13T09:00:00-05:00,19.29,18.59,15.36,18.26
2023-07-13T09:15:00-05:00,20.47,18.62,14.44,18.09
2023-07-13T09:30:00-05:00,21.6,18.4,14.12,17.9
2023-07-13T09:45:00-05:00,22.75,19.03,13.73,18.82
2023-07-13T10:00:00-05:00,92.4,22.36,13.79,21.17
2023-07-13T10:15:00-05:00,26.68,20.8,14.03,19.94
2023-07-13T10:30:00-05:00,29.71,23.77,15.81,22.45
2023-07-13T10:45:00-05:00,30.6,23.18,16.02,22.01
2023-07-13T11:00:00-05:00,50.17,30.62,16.14,27.81
2023-07-13T11:15:00-05:00,44.79,32.39,18.14,29.75
2023-07-13T11:30:00-05:00,38.21,28.88,18.23,27.32
2023-07-13T11:45:00-05:00,47.93,34.42,19.15,31.84
2023-07-13T12:00:00-05:00,39.34,28.78,17.24,26.96
2023-07-13T12:15:00-05:00,41.78,29.91,16.25,27.66
2023-07-13T12:30:00-05:00,80.76,54.24,22.26,48.14
2023-07-13T12:45:00-05:00,64.28,46.14,20.33,41.77
2023-07-13T13:00:00-05:00,50.01,37.0,15.03,33.95
2023-07-13T13:15:00-05:00,50.17,38.03,17.02,35.15
2023-07-13T13:30:00-05:00,49.86,43.02,22.07,41.58
2023-07-13T13:45:00-05:00,40.0,39.36,26.94,39.14
2023-07-13T14:00:00-05:00,48.18,42.77,27.59,41.26
2023-07-13T14:15:00-05:00,83.41,64.01,54.03,58.93
2023-07-13T14:30:00-05:00,174.25,127.71,71.59,114.68
2023-07-13T14:45:00-05:00,128.91,94.25,64.55,84.65
2023-07-13T15:00:00-05:00,163.8,119.71,72.64,107.57
2023-07-13T15:15:00-05:00,243.65,174.85,86.17,155.97
2023-07-13T15:30:00-05:00,168.25,122.66,70.53,110.12
2023-07-13T15:45:00-05:00,70.32,51.26,56.37,46.03
2023-07-13T16:00:00-05:00,123.04,90.89,64.21,80.91
2023-07-13T16:15:00-05:00,195.02,146.45,78.45,128.88
2023-07-13T16:30:00-05:00,85.78,61.4,61.98,55.31
2023-07-13T16:45:00-05:00,105.16,64.41,79.05,60.93
2023-07-13T17:00:00-05:00,57.5,44.19,66.11,42.39
2023-07-13T17:15:00-05:00,39.91,33.68,58.32,33.05
2023-07-13T17:30:00-05:00,37.98,37.45,58.03,36.86
2023-07-13T17:45:00-05:00,37.48,41.93,57.69,41.0
2023-07-13T18:00:00-05:00,38.39,42.97,58.35,42.12
2023-07-13T18:15:00-05:00,38.39,42.81,58.54,42.09
2023-07-13T18:30:00-05:00,45.94,51.9,61.45,50.58
2023-07-13T18:45:00-05:00,76.94,88.96,72.07,85.35
2023-07-13T19:00:00-05:00,78.22,89.52,73.7,86.45
2023-07-13T19:15:00-05:00,74.4,83.31,74.58,82.03
2023-07-13T19:30:00-05:00,120.75,131.02,73.36,133.05
2023-07-13T19:45:00-05:00,73.96,80.18,36.71,81.56
2023-07-13T20:00:00-05:00,69.96,75.01,40.07,76.19
2023-07-13T20:15:00-05:00,70.23,75.38,39.91,76.78
2023-07-13T20:30:00-05:00,69.83,74.84,40.09,76.2
2023-07-13T20:45:00-05:00,57.49,60.52,40.15,61.66
2023-07-13T21:00:00-05:00,30.96,33.09,18.8,33.79
2023-07-13T21:15:00-05:00,25.71,27.31,16.76,27.88
2023-07-13T21:30:00-05:00,26.5,25.73,16.95,31.11
2023-07-13T21:45:00-05:00,24.62,23.89,15.66,29.23
2023-07-13T22:00:00-05:00,24.49,24.22,16.86,27.86
2023-07-13T22:15:00-05:00,24.95,24.07,20.01,28.48
2023-07-13T22:30:00-05:00,25.18,25.45,18.98,25.72
2023-07-13T22:45:00-05:00,24.79,25.01,18.67,25.18
2023-07-13T23:00:00-05:00,23.55,23.63,19.6,23.75
2023-07-13T23:15:00-05:00,23.44,23.56,18.97,23.69
2023-07-13T23:30:00-05:00,21.86,21.93,16.96,22.03
2023-07-13T23:45:00-05:00,20.55,20.5,15.92,20.57
2023-07-14T00:00:00-05:00,21.46,21.05,17.54,21.0
2023-07-14T00:15:00-05:00,19.91,19.89,17.2,19.91
2023-07-14T00:30:00-05:00,19.66,19.58,17.16,19.57
2023-07-14T00:45:00-05:00,20.32,20.18,18.16,20.13
2023-07-14T01:00:00-05:00,20.79,20.66,18.55,20.63
2023-07-14T01:15:00-05:00,20.84,20.25,18.2,20.07
2023-07-14T01:30:00-05:00,20.8,20.61,18.66,20.55
2023-07-14T01:45:00-05:00,22.28,22.14,20.03,22.1
2023-07-14T02:00:00-05:00,24.9,24.73,22.64,24.68
2023-07-14T02:15:00-05:00,21.38,21.4,20.25,21.42
2023-07-14T02:30:00-05:00,20.78,20.77,19.3,21.98
2023-07-14T02:45:00-05:00,21.88,21.87,20.36,24.8
2023-07-14T03:00:00-05:00,22.99,22.9,21.75,23.01
2023-07-14T03:15:00-05:00,25.01,24.74,23.83,24.63
2023-07-14T03:30:00-05:00,27.44,27.19,26.85,27.1
2023-07-14T03:45:00-05:00,25.72,25.71,25.52,25.68
2023-07-14T04:00:00-05:00,25.74,25.72,25.53,25.7
2023-07-14T04:15:00-05:00,25.05,24.99,24.74,24.95
2023-07-14T04:30:00-05:00,25.36,25.21,24.81,25.16
2023-07-14T04:45:00-05:00,24.68,24.55,24.21,24.49
2023-07-14T05:00:00-05:00,26.53,26.38,26.01,26.31
2023-07-14T05:15:00-05:00,26.17,26.02,25.63,25.95
2023-07-14T05:30:00-05:00,26.36,26.18,25.75,26.1
2023-07-14T05:45:00-05:00,26.93,26.94,26.24,31.58
2023-07-14T06:00:00-05:00,26.52,26.61,26.02,31.32
2023-07-14T06:15:00-05:00,30.13,30.21,29.54,35.49
2023-07-14T06:30:00-05:00,30.15,30.36,29.75,35.75
2023-07-14T06:45:00-05:00,28.45,28.62,28.13,33.7
2023-07-14T07:00:00-05:00,28.29,28.43,27.9,33.45
2023-07-14T07:15:00-05:00,28.02,27.86,27.4,27.85
2023-07-14T07:30:00-05:00,26.71,26.61,26.28,26.57
2023-07-14T07:45:00-05:00,25.35,25.2,24.8,25.11
2023-07-14T08:00:00-05:00,26.68,26.53,26.11,26.43
2023-07-14T08:15:00-05:00,26.05,25.88,25.38,25.76
2023-07-14T08:30:00-05:00,25.52,25.3,24.64,25.16
2023-07-14T08:45:00-05:00,23.87,23.69,21.4,23.48
2023-07-14T09:00:00-05:00,24.17,24.16,19.56,23.85
2023-07-14T09:15:00-05:00,25.7,24.88,18.26,24.28
2023-07-14T09:30:00-05:00,26.25,26.17,16.84,25.82
2023-07-14T09:45:00-05:00,34.53,29.93,19.6,28.87
2023-07-14T10:00:00-05:00,34.82,30.31,19.73,29.27
2023-07-14T10:15:00-05:00,35.15,31.02,21.1,30.1
2023-07-14T10:30:00-05:00,46.79,42.36,31.59,41.05
2023-07-14T10:45:00-05:00,54.23,42.24,23.27,39.07
2023-07-14T11:00:00-05:00,60.24,44.08,19.86,39.75
2023-07-14T11:15:00-05:00,42.75,34.3,19.79,32.12
2023-07-14T11:30:00-05:00,45.01,35.67,20.04,33.24
2023-07-14T11:45:00-05:00,60.11,43.92,21.02,39.7
2023-07-14T12:00:00-05:00,41.47,33.04,20.18,31.16
2023-07-14T12:15:00-05:00,33.29,28.83,19.94,28.04
2023-07-14T12:30:00-05:00,38.36,32.34,20.41,30.8
2023-07-14T12:45:00-05:00,32.3,29.39,17.7,28.39
2023-07-14T13:00:00-05:00,31.7,28.66,14.36,27.64
2023-07-14T13:15:00-05:00,46.81,37.39,19.73,34.59
2023-07-14T13:30:00-05:00,98.22,70.23,28.77,62.25
2023-07-14T13:45:00-05:00,63.99,49.31,24.0,45.09
2023-07-14T14:00:00-05:00,29.67,29.21,12.25,28.9
2023-07-14T14:15:00-05:00,40.66,34.54,18.16,32.64
2023-07-14T14:30:00-05:00,52.65,41.14,20.08,37.74
2023-07-14T14:45:00-05:00,49.78,39.47,20.05,36.43
2023-07-14T15:00:00-05:00,44.43,32.43,22.72,29.03
2023-07-14T15:15:00-05:00,61.4,33.58,54.63,29.89
2023-07-14T15:30:00-05:00,62.51,34.42,64.54,30.16
2023-07-14T15:45:00-05:00,44.37,29.28,60.55,25.62
2023-07-14T16:00:00-05:00,50.35,29.81,49.02,26.14
2023-07-14T16:15:00-05:00,58.71,33.51,54.7,29.52
2023-07-14T16:30:00-05:00,40.98,28.36,45.96,24.87
2023-07-14T16:45:00-05:00,41.72,28.23,44.52,24.74
2023-07-14T17:00:00-05:00,29.36,27.16,49.87,24.27
2023-07-14T17:15:00-05:00,30.46,28.01,50.05,25.43
2023-07-14T17:30:00-05:00,28.7,28.06,53.09,25.51
2023-07-14T17:45:00-05:00,29.01,27.86,51.98,25.18
2023-07-14T18:00:00-05:00,27.39,27.08,57.1,24.6
2023-07-14T18:15:00-05:00,27.31,27.44,45.3,24.98
2023-07-14T18:30:00-05:00,29.07,29.42,57.33,26.9
2023-07-14T18:45:00-05:00,31.12,31.44,38.01,28.79
2023-07-14T19:00:00-05:00,31.45,32.75,20.58,30.31
2023-07-14T19:15:00-05:00,45.02,47.44,27.28,47.77
2023-07-14T19:30:00-05:00,43.55,45.47,26.27,45.87
2023-07-14T19:45:00-05:00,75.28,80.48,39.63,81.69
2023-07-14T20:00:00-05:00,65.46,69.49,37.75,70.51
2023-07-14T20:15:00-05:00,104.27,111.79,56.43,113.07
2023-07-14T20:30:00-05:00,45.33,47.19,32.42,47.73
2023-07-14T20:45:00-05:00,35.64,36.89,25.38,37.64
2023-07-14T21:00:00-05:00,33.93,35.67,20.87,36.12
2023-07-14T21:15:00-05:00,28.38,29.25,19.91,33.41
2023-07-14T21:30:00-05:00,27.23,27.95,19.73,35.79
2023-07-14T21:45:00-05:00,26.63,27.24,19.69,34.38
2023-07-14T22:00:00-05:00,26.26,26.76,20.17,29.67
2023-07-14T22:15:00-05:00,26.54,26.55,21.9,29.44
2023-07-14T22:30:00-05:00,24.73,24.85,20.21,24.95
2023-07-14T22:45:00-05:00,24.57,24.47,20.19,24.36
2023-07-14T23:00:00-05:00,23.9,23.47,19.39,23.25
2023-07-14T23:15:00-05:00,23.23,22.49,18.61,22.14
2023-07-14T23:30:00-05:00,21.91,21.31,17.76,20.98
2023-07-14T23:45:00-05:00,20.65,20.11,16.68,19.8
2023-07-15T00:00:00-05:00,20.66,20.01,16.55,19.66
2023-07-15T00:15:00-05:00,20.51,19.87,15.44,19.47
2023-07-15T00:30:00-05:00,19.74,18.95,13.16,18.47
2023-07-15T00:45:00-05:00,19.08,18.38,12.79,17.97
2023-07-15T01:00:00-05:00,18.67,18.18,14.95,17.88
2023-07-15T01:15:00-05:00,18.02,17.6,14.54,17.32
2023-07-15T01:30:00-05:00,17.73,17.25,13.31,16.93
2023-07-15T01:45:00-05:00,16.97,16.4,11.26,16.05
2023-07-15T02:00:00-05:00,16.77,16.32,12.75,16.04
2023-07-15T02:15:00-05:00,17.08,16.68,13.92,16.41
2023-07-15T02:30:00-05:00,16.72,16.32,13.6,16.06
2023-07-15T02:45:00-05:00,16.9,16.49,13.82,16.23
2023-07-15T03:00:00-05:00,16.93,16.41,12.95,16.1
2023-07-15T03:15:00-05:00,16.8,16.36,12.83,16.09
2023-07-15T03:30:00-05:00,16.83,16.35,13.23,16.1
2023-07-15T03:45:00-05:00,16.87,16.47,13.95,16.26
2023-07-15T04:00:00-05:00,17.05,16.65,14.24,16.49
2023-07-15T04:15:00-05:00,17.65,17.27,14.87,17.13
2023-07-15T04:30:00-05:00,17.39,17.04,14.93,16.91
2023-07-15T04:45:00-05:00,17.67,17.43,15.65,17.33
2023-07-15T05:00:00-05:00,17.65,17.29,15.31,17.18
2023-07-15T05:15:00-05:00,17.76,17.59,16.78,17.56
2023-07-15T05:30:00-05:00,17.78,17.56,16.45,17.5
2023-07-15T05:45:00-05:00,17.72,17.33,15.49,17.23
2023-07-15T06:00:00-05:00,18.04,17.55,15.37,17.52
2023-07-15T06:15:00-05:00,18.16,17.66,15.24,17.62
2023-07-15T06:30:00-05:00,17.88,17.37,14.99,17.34
2023-07-15T06:45:00-05:00,17.67,17.18,14.88,17.14
2023-07-15T07:00:00-05:00,17.27,16.78,14.5,16.72
2023-07-15T07:15:00-05:00,17.47,16.99,14.67,16.95
2023-07-15T07:30:00-05:00,17.12,16.62,14.3,16.59
2023-07-15T07:45:00-05:00,17.17,16.69,14.46,16.62
2023-07-15T08:00:00-05:00,17.15,16.71,14.41,16.59
2023-07-15T08:15:00-05:00,16.93,16.66,14.06,16.46
2023-07-15T08:30:00-05:00,16.71,16.22,11.78,15.94
2023-07-15T08:45:00-05:00,17.03,16.47,11.19,16.12
2023-07-15T09:00:00-05:00,17.15,16.43,11.19,16.18
2023-07-15T09:15:00-05:00,17.63,16.82,11.32,16.63
2023-07-15T09:30:00-05:00,18.61,17.23,12.42,18.82
2023-07-15T09:45:00-05:00,20.02,19.06,15.54,19.99
2023-07-15T10:00:00-05:00,19.39,18.79,15.93,18.82
2023-07-15T10:15:00-05:00,22.29,20.29,17.15,20.98
2023-07-15T10:30:00-05:00,24.7,20.87,16.27,20.45
2023-07-15T10:45:00-05:00,23.5,20.72,15.76,20.21
2023-07-15T11:00:00-05:00,29.25,24.08,15.69,22.83
2023-07-15T11:15:00-05:00,27.35,23.91,18.56,23.3
2023-07-15T11:30:00-05:00,25.19,23.97,19.82,23.65
2023-07-15T11:45:00-05:00,24.5,23.53,19.52,23.22
2023-07-15T12:00:00-05:00,24.14,23.58,17.54,23.31
2023-07-15T12:15:00-05:00,23.94,23.08,19.03,22.75
2023-07-15T12:30:00-05:00,28.93,25.33,18.74,24.78
2023-07-15T12:45:00-05:00,25.68,24.95,17.68,24.71
2023-07-15T13:00:00-05:00,25.35,25.26,16.84,25.07
2023-07-15T13:15:00-05:00,26.38,26.46,16.77,26.25
2023-07-15T13:30:00-05:00,29.79,27.82,17.57,27.46
2023-07-15T13:45:00-05:00,29.54,28.15,19.92,27.85
2023-07-15T14:00:00-05:00,29.83,28.65,12.13,28.55
2023-07-15T14:15:00-05:00,34.7,32.02,16.63,31.66
2023-07-15T14:30:00-05:00,30.7,31.96,17.64,32.07
2023-07-15T14:45:00-05:00,36.2,36.53,19.49,36.57
2023-07-15T15:00:00-05:00,51.77,54.95,27.8,55.42
2023-07-15T15:15:00-05:00,47.97,49.27,25.94,49.51
2023-07-15T15:30:00-05:00,30.84,32.13,18.13,32.25
2023-07-15T15:45:00-05:00,29.29,30.46,17.98,30.58
2023-07-15T16:00:00-05:00,37.84,38.38,31.78,38.4
2023-07-15T16:15:00-05:00,42.78,46.03,55.89,45.68
2023-07-15T16:30:00-05:00,37.51,39.05,41.24,38.62
2023-07-15T16:45:00-05:00,28.72,30.74,36.79,30.89
2023-07-15T17:00:00-05:00,29.12,30.53,38.86,30.7
2023-07-15T17:15:00-05:00,30.53,32.27,50.87,32.04
2023-07-15T17:30:00-05:00,30.01,31.44,40.17,31.31
2023-07-15T17:45:00-05:00,27.77,28.83,29.25,28.82
2023-07-15T18:00:00-05:00,27.62,28.59,19.47,28.67
2023-07-15T18:15:00-05:00,27.87,28.86,18.66,28.93
2023-07-15T18:30:00-05:00,29.53,30.66,19.52,30.75
2023-07-15T18:45:00-05:00,35.17,36.95,21.44,37.2
2023-07-15T19:00:00-05:00,33.45,35.42,20.6,35.8
2023-07-15T19:15:00-05:00,37.53,40.05,21.57,40.56
2023-07-15T19:30:00-05:00,58.62,63.24,30.12,64.11
2023-07-15T19:45:00-05:00,67.26,72.64,44.89,73.79
2023-07-15T20:00:00-05:00,68.98,74.38,35.89,75.7
2023-07-15T20:15:00-05:00,62.01,66.01,36.77,67.35
2023-07-15T20:30:00-05:00,60.55,64.46,36.51,65.82
2023-07-15T20:45:00-05:00,37.4,38.68,25.81,47.38
2023-07-15T21:00:00-05:00,32.35,29.86,24.78,90.65
2023-07-15T21:15:00-05:00,29.18,28.87,22.68,42.84
2023-07-15T21:30:00-05:00,26.88,27.4,20.95,34.57
2023-07-15T21:45:00-05:00,26.98,27.2,22.77,39.0
2023-07-15T22:00:00-05:00,26.49,26.9,23.47,28.62
2023-07-15T22:15:00-05:00,26.43,26.93,22.88,27.11
2023-07-15T22:30:00-05:00,25.39,25.95,21.64,26.16
2023-07-15T22:45:00-05:00,25.07,25.67,20.73,25.9
2023-07-15T23:00:00-05:00,25.11,25.73,20.59,25.96
2023-07-15T23:15:00-05:00,24.34,25.0,18.81,25.34
2023-07-15T23:30:00-05:00,23.68,24.33,18.57,24.78
2023-07-15T23:45:00-05:00,22.53,23.07,18.75,23.47
2023-07-16T00:00:00-05:00,22.82,22.65,20.64,22.54
2023-07-16T00:15:00-05:00,22.42,22.19,20.39,22.05
2023-07-16T00:30:00-05:00,21.36,21.05,20.21,23.75
2023-07-16T00:45:00-05:00,20.75,19.92,19.99,23.64
2023-07-16T01:00:00-05:00,20.69,19.68,20.7,24.04
2023-07-16T01:15:00-05:00,20.59,19.12,21.19,32.17
2023-07-16T01:30:00-05:00,20.82,18.77,21.75,43.08
2023-07-16T01:45:00-05:00,21.1,18.97,22.19,57.96
2023-07-16T02:00:00-05:00,20.73,19.15,21.59,50.23
2023-07-16T02:15:00-05:00,19.54,19.5,19.36,20.03
2023-07-16T02:30:00-05:00,19.74,19.64,19.62,21.36
2023-07-16T02:45:00-05:00,19.53,19.49,19.34,19.86
2023-07-16T03:00:00-05:00,19.63,19.43,19.53,22.66
2023-07-16T03:15:00-05:00,19.36,19.29,19.22,20.33
2023-07-16T03:30:00-05:00,19.12,19.12,19.11,19.12
2023-07-16T03:45:00-05:00,18.97,18.96,18.92,18.96
2023-07-16T04:00:00-05:00,18.81,18.69,18.66,19.09
2023-07-16T04:15:00-05:00,18.15,18.13,18.03,18.13
2023-07-16T04:30:00-05:00,17.61,17.59,17.46,17.59
2023-07-16T04:45:00-05:00,16.91,16.9,16.86,16.9
2023-07-16T05:00:00-05:00,16.48,16.48,16.48,16.48
2023-07-16T05:15:00-05:00,15.88,15.88,15.83,15.88
2023-07-16T05:30:00-05:00,15.07,15.07,15.07,15.07
2023-07-16T05:45:00-05:00,16.77,16.75,16.77,17.13
2023-07-16T06:00:00-05:00,17.48,17.22,17.69,22.52
2023-07-16T06:15:00-05:00,19.08,16.35,21.13,70.92
2023-07-16T06:30:00-05:00,19.4,16.32,21.82,78.12
2023-07-16T06:45:00-05:00,19.64,16.96,21.75,70.86
2023-07-16T07:00:00-05:00,18.11,17.19,18.84,35.7
2023-07-16T07:15:00-05:00,18.3,18.27,18.33,18.61
2023-07-16T07:30:00-05:00,19.0,19.0,19.0,19.0
2023-07-16T07:45:00-05:00,19.34,19.34,19.34,19.34
2023-07-16T08:00:00-05:00,19.38,19.38,19.38,19.38
2023-07-16T08:15:00-05:00,19.2,19.2,19.2,19.2
2023-07-16T08:30:00-05:00,18.49,18.49,18.49,18.49
2023-07-16T08:45:00-05:00,18.36,18.32,17.8,18.28
2023-07-16T09:00:00-05:00,19.29,19.2,17.86,19.09
2023-07-16T09:15:00-05:00,19.72,19.49,16.89,19.3
2023-07-16T09:30:00-05:00,19.81,19.42,16.58,19.28
2023-07-16T09:45:00-05:00,19.41,19.01,16.32,18.89
2023-07-16T10:00:00-05:00,19.94,19.57,16.77,19.42
2023-07-16T10:15:00-05:00,20.17,19.85,16.97,19.66
2023-07-16T10:30:00-05:00,20.37,20.16,17.38,19.95
2023-07-16T10:45:00-05:00,24.03,23.89,21.49,23.7
2023-07-16T11:00:00-05:00,23.93,23.04,22.38,22.94
2023-07-16T11:15:00-05:00,25.6,25.56,25.15,25.53
2023-07-16T11:30:00-05:00,24.38,24.34,24.33,24.34
2023-07-16T11:45:00-05:00,25.83,25.82,25.82,25.82
2023-07-16T12:00:00-05:00,25.12,25.12,25.12,25.12
2023-07-16T12:15:00-05:00,25.15,25.15,25.15,25.15
2023-07-16T12:30:00-05:00,25.52,25.52,25.52,25.52
2023-07-16T12:45:00-05:00,26.73,26.73,26.73,26.73
2023-07-16T13:00:00-05:00,25.72,25.72,25.71,25.72
2023-07-16T13:15:00-05:00,27.47,27.47,27.47,27.47
2023-07-16T13:30:00-05:00,26.68,26.68,26.68,26.68
2023-07-16T13:45:00-05:00,26.48,26.48,26.48,26.48
2023-07-16T14:00:00-05:00,26.49,26.49,26.49,26.49
2023-07-16T14:15:00-05:00,26.79,26.79,26.76,26.79
2023-07-16T14:30:00-05:00,26.92,26.92,26.92,26.92
2023-07-16T14:45:00-05:00,90.88,41.97,80.51,48.54
2023-07-16T15:00:00-05:00,28.65,27.31,30.5,27.9
2023-07-16T15:15:00-05:00,27.76,27.74,27.61,27.73
2023-07-16T15:30:00-05:00,28.41,27.7,28.07,27.73
2023-07-16T15:45:00-05:00,30.57,28.89,29.9,28.98
2023-07-16T16:00:00-05:00,29.23,28.48,27.6,28.41
2023-07-16T16:15:00-05:00,30.95,30.1,29.05,30.02
2023-07-16T16:30:00-05:00,32.06,31.65,30.34,31.76
2023-07-16T16:45:00-05:00,29.12,29.51,29.24,29.59
2023-07-16T17:00:00-05:00,31.63,32.31,27.38,32.42
2023-07-16T17:15:00-05:00,51.93,54.73,36.47,55.22
2023-07-16T17:30:00-05:00,28.3,29.07,26.51,29.2
2023-07-16T17:45:00-05:00,29.17,30.04,23.96,30.19
2023-07-16T18:00:00-05:00,32.63,33.98,24.14,34.26
2023-07-16T18:15:00-05:00,29.63,31.47,18.52,31.88
2023-07-16T18:30:00-05:00,32.76,35.09,18.75,35.56
2023-07-16T18:45:00-05:00,50.77,54.59,27.18,55.31
2023-07-16T19:00:00-05:00,53.52,57.54,29.47,58.34
2023-07-16T19:15:00-05:00,70.24,75.69,37.08,76.72
2023-07-16T19:30:00-05:00,145.75,157.63,73.02,159.69
2023-07-16T19:45:00-05:00,65.19,69.81,36.88,71.0
2023-07-16T20:00:00-05:00,60.51,65.3,33.66,66.68
2023-07-16T20:15:00-05:00,44.91,48.39,27.92,49.75
2023-07-16T20:30:00-05:00,44.01,43.28,30.71,122.54
2023-07-16T20:45:00-05:00,31.62,28.75,24.63,124.7
2023-07-16T21:00:00-05:00,42.38,30.45,40.95,186.92
2023-07-16T21:15:00-05:00,35.04,24.74,35.73,139.33
2023-07-16T21:30:00-05:00,25.97,23.47,26.01,45.26
2023-07-16T21:45:00-05:00,25.7,25.41,24.72,30.14
2023-07-16T22:00:00-05:00,27.03,26.81,26.95,28.95
2023-07-16T22:15:00-05:00,24.94,24.73,24.88,26.6
2023-07-16T22:30:00-05:00,22.38,21.1,23.02,30.59
2023-07-16T22:45:00-05:00,21.01,19.99,21.49,27.7
2023-07-16T23:00:00-05:00,20.17,19.76,20.16,22.33
2023-07-16T23:15:00-05:00,20.1,18.99,19.61,23.22
2023-07-16T23:30:00-05:00,19.42,18.26,19.35,22.97
2023-07-16T23:45:00-05:00,19.18,17.99,19.3,22.8
2023-07-17T00:00:00-05:00,19.04,17.86,19.3,22.61
2023-07-17T00:15:00-05:00,18.85,17.67,18.59,22.07
2023-07-17T00:30:00-05:00,18.44,17.72,18.43,20.52
2023-07-17T00:45:00-05:00,17.79,17.65,17.7,18.17
2023-07-17T01:00:00-05:00,17.38,17.37,17.22,17.35
2023-07-17T01:15:00-05:00,17.12,17.1,16.95,17.09
2023-07-17T01:30:00-05:00,16.97,16.96,16.86,16.95
2023-07-17T01:45:00-05:00,16.74,16.73,16.69,16.73
2023-07-17T02:00:00-05:00,16.65,16.65,16.63,16.65
2023-07-17T02:15:00-05:00,16.11,16.11,16.11,16.11
2023-07-17T02:30:00-05:00,16.03,16.03,16.03,16.03
2023-07-17T02:45:00-05:00,15.66,15.66,15.66,15.66
2023-07-17T03:00:00-05:00,15.02,15.02,15.02,15.02
2023-07-17T03:15:00-05:00,15.14,15.14,15.14,15.14
2023-07-17T03:30:00-05:00,14.97,14.97,14.97,14.97
2023-07-17T03:45:00-05:00,14.97,14.97,14.97,14.97
2023-07-17T04:00:00-05:00,14.81,14.81,14.81,14.81
2023-07-17T04:15:00-05:00,14.51,14.51,14.51,14.51
2023-07-17T04:30:00-05:00,14.75,14.75,14.75,14.75
2023-07-17T04:45:00-05:00,13.86,13.86,13.86,13.86
2023-07-17T05:00:00-05:00,15.13,15.13,15.13,15.13
2023-07-17T05:15:00-05:00,15.33,15.33,15.33,15.33
2023-07-17T05:30:00-05:00,14.95,14.95,14.95,14.95
2023-07-17T05:45:00-05:00,14.63,14.63,14.63,14.63
2023-07-17T06:00:00-05:00,13.49,13.49,13.49,13.49
2023-07-17T06:15:00-05:00,14.65,14.65,14.65,14.65
2023-07-17T06:30:00-05:00,13.95,13.95,13.95,13.95
2023-07-17T06:45:00-05:00,14.2,14.2,14.2,14.2
2023-07-17T07:00:00-05:00,14.5,14.5,14.5,14.5
2023-07-17T07:15:00-05:00,13.59,13.59,13.59,13.59
2023-07-17T07:30:00-05:00,12.57,12.57,12.57,12.57
2023-07-17T07:45:00-05:00,12.56,12.56,12.56,12.56
2023-07-17T08:00:00-05:00,14.72,14.14,14.81,14.03
2023-07-17T08:15:00-05:00,14.1,12.69,13.92,10.49
2023-07-17T08:30:00-05:00,14.12,12.61,13.7,10.09
2023-07-17T08:45:00-05:00,14.21,11.8,13.5,7.76
2023-07-17T09:00:00-05:00,14.82,12.23,13.9,7.9
2023-07-17T09:15:00-05:00,15.77,11.54,14.28,4.52
2023-07-17T09:30:00-05:00,16.41,11.65,14.93,3.69
2023-07-17T09:45:00-05:00,17.14,12.24,15.63,4.07
2023-07-17T10:00:00-05:00,19.84,14.09,16.96,5.25
2023-07-17T10:15:00-05:00,22.58,15.44,17.98,5.76
2023-07-17T10:30:00-05:00,22.42,17.94,18.87,12.36
2023-07-17T10:45:00-05:00,24.49,19.27,20.58,16.28
2023-07-17T11:00:00-05:00,22.71,19.55,20.48,16.5
2023-07-17T11:15:00-05:00,23.84,22.05,23.52,18.84
2023-07-17T11:30:00-05:00,27.21,23.87,23.27,20.83
2023-07-17T11:45:00-05:00,24.66,24.14,25.1,21.48
2023-07-17T12:00:00-05:00,23.93,23.44,24.59,20.8
2023-07-17T12:15:00-05:00,25.5,24.95,26.49,22.26
2023-07-17T12:30:00-05:00,26.93,26.37,27.94,23.65
2023-07-17T12:45:00-05:00,28.14,27.92,28.52,26.92
2023-07-17T13:00:00-05:00,40.01,40.0,40.01,40.01
2023-07-17T13:15:00-05:00,41.72,41.7,41.72,41.72
2023-07-17T13:30:00-05:00,28.51,28.5,28.51,28.51
2023-07-17T13:45:00-05:00,28.75,28.75,28.75,28.75
2023-07-17T14:00:00-05:00,32.33,32.33,32.33,32.33
2023-07-17T14:15:00-05:00,63.68,63.66,63.65,63.68
2023-07-17T14:30:00-05:00,36.51,36.55,35.89,36.58
2023-07-17T14:45:00-05:00,31.93,31.95,31.7,31.96
2023-07-17T15:00:00-05:00,37.24,37.25,36.99,37.27
2023-07-17T15:15:00-05:00,30.37,30.4,30.43,29.58
2023-07-17T15:30:00-05:00,31.55,31.22,32.34,28.77
2023-07-17T15:45:00-05:00,32.24,32.05,32.81,29.62
2023-07-17T16:00:00-05:00,32.1,31.77,32.88,29.34
2023-07-17T16:15:00-05:00,34.82,34.81,34.94,32.22
2023-07-17T16:30:00-05:00,37.53,39.08,33.26,35.62
2023-07-17T16:45:00-05:00,41.18,43.15,58.13,39.02
2023-07-17T17:00:00-05:00,34.62,36.4,62.91,33.12
2023-07-17T17:15:00-05:00,49.98,55.38,68.31,50.18
2023-07-17T17:30:00-05:00,40.29,43.58,64.06,39.59
2023-07-17T17:45:00-05:00,44.6,49.45,61.44,44.93
2023-07-17T18:00:00-05:00,29.77,30.82,37.83,28.1
2023-07-17T18:15:00-05:00,37.49,39.68,62.84,35.98
2023-07-17T18:30:00-05:00,36.49,39.19,57.02,35.83
2023-07-17T18:45:00-05:00,48.84,54.47,59.66,49.55
2023-07-17T19:00:00-05:00,68.55,77.1,61.11,70.37
2023-07-17T19:15:00-05:00,114.33,130.82,83.64,119.59
2023-07-17T19:30:00-05:00,114.41,126.8,86.02,123.88
2023-07-17T19:45:00-05:00,161.05,174.41,110.49,177.04
2023-07-17T20:00:00-05:00,76.78,81.9,46.93,83.08
2023-07-17T20:15:00-05:00,104.14,112.05,56.07,113.76
2023-07-17T20:30:00-05:00,62.42,66.32,38.94,67.3
2023-07-17T20:45:00-05:00,103.59,111.03,58.22,112.41
2023-07-17T21:00:00-05:00,30.23,31.24,26.42,31.54
2023-07-17T21:15:00-05:00,29.27,29.32,28.35,31.09
2023-07-17T21:30:00-05:00,27.66,26.55,27.6,31.71
2023-07-17T21:45:00-05:00,25.67,24.43,25.91,29.38
2023-07-17T22:00:00-05:00,26.98,25.71,27.22,30.8
2023-07-17T22:15:00-05:00,25.93,24.59,26.5,29.56
2023-07-17T22:30:00-05:00,24.72,23.37,25.38,28.41
2023-07-17T22:45:00-05:00,23.44,22.16,24.07,26.96
2023-07-17T23:00:00-05:00,24.07,22.76,24.72,27.73
2023-07-17T23:15:00-05:00,21.9,20.62,22.53,25.46
2023-07-17T23:30:00-05:00,20.83,19.58,21.45,24.34
2023-07-17T23:45:00-05:00,19.71,18.48,20.31,23.16
2023-07-18T00:00:00-05:00,20.19,18.92,20.81,23.63
2023-07-18T00:15:00-05:00,20.5,18.87,21.6,22.95
2023-07-18T00:30:00-05:00,20.36,18.52,21.49,22.49
2023-07-18T00:45:00-05:00,19.57,18.1,20.23,15.92
2023-07-18T01:00:00-05:00,19.08,17.94,19.34,11.9
2023-07-18T01:15:00-05:00,18.19,17.01,18.65,10.35
2023-07-18T01:30:00-05:00,17.3,16.07,17.92,8.68
2023-07-18T01:45:00-05:00,16.74,15.56,17.35,7.71
2023-07-18T02:00:00-05:00,17.17,16.09,17.64,4.99
2023-07-18T02:15:00-05:00,16.33,15.14,17.02,4.31
2023-07-18T02:30:00-05:00,16.19,15.0,16.87,4.59
2023-07-18T02:45:00-05:00,15.02,13.59,16.16,4.21
2023-07-18T03:00:00-05:00,14.32,12.8,15.56,7.85
2023-07-18T03:15:00-05:00,13.13,11.62,14.36,7.25
2023-07-18T03:30:00-05:00,13.24,11.67,14.55,8.7
2023-07-18T03:45:00-05:00,12.8,11.22,14.12,8.89
2023-07-18T04:00:00-05:00,13.45,11.61,15.01,12.31
2023-07-18T04:15:00-05:00,13.37,11.45,15.07,15.07
2023-07-18T04:30:00-05:00,13.3,11.31,15.04,15.19
2023-07-18T04:45:00-05:00,13.02,11.14,14.7,14.67
2023-07-18T05:00:00-05:00,13.56,11.78,15.2,14.84
2023-07-18T05:15:00-05:00,13.38,11.54,15.06,14.88
2023-07-18T05:30:00-05:00,13.4,11.55,15.07,14.88
2023-07-18T05:45:00-05:00,13.53,11.61,15.22,15.16
2023-07-18T06:00:00-05:00,15.11,13.57,16.05,18.61
2023-07-18T06:15:00-05:00,16.06,14.65,16.74,20.12
2023-07-18T06:30:00-05:00,15.65,14.24,16.31,19.61
2023-07-18T06:45:00-05:00,15.56,14.22,16.17,19.27
2023-07-18T07:00:00-05:00,16.79,15.36,17.49,20.92
2023-07-18T07:15:00-05:00,15.99,14.58,16.67,20.06
2023-07-18T07:30:00-05:00,15.14,13.84,15.77,18.92
2023-07-18T07:45:00-05:00,14.7,13.37,15.26,15.56
2023-07-18T08:00:00-05:00,15.5,14.26,15.79,8.05
2023-07-18T08:15:00-05:00,15.31,14.5,15.2,3.33
2023-07-18T08:30:00-05:00,15.66,15.16,15.06,0.37
2023-07-18T08:45:00-05:00,15.99,15.69,15.39,0.15
2023-07-18T09:00:00-05:00,16.76,15.88,15.65,0.11
2023-07-18T09:15:00-05:00,16.99,15.69,15.38,-0.14
2023-07-18T09:30:00-05:00,18.22,16.65,15.38,-0.04
2023-07-18T09:45:00-05:00,19.51,16.13,14.34,-0.66
2023-07-18T10:00:00-05:00,21.5,16.07,14.1,-1.01
2023-07-18T10:15:00-05:00,22.17,17.3,15.29,-0.84
2023-07-18T10:30:00-05:00,23.15,18.5,16.69,-0.41
2023-07-18T10:45:00-05:00,22.88,20.13,16.92,0.25
2023-07-18T11:00:00-05:00,25.11,21.17,17.64,0.33
2023-07-18T11:15:00-05:00,26.44,22.74,19.7,0.58
2023-07-18T11:30:00-05:00,24.99,23.47,22.2,0.78
2023-07-18T11:45:00-05:00,26.02,25.04,24.33,0.7
2023-07-18T12:00:00-05:00,25.36,23.05,20.51,0.89
2023-07-18T12:15:00-05:00,24.23,23.34,21.77,1.54
2023-07-18T12:30:00-05:00,24.59,24.52,24.25,2.4
2023-07-18T12:45:00-05:00,24.86,23.9,26.28,2.35
2023-07-18T13:00:00-05:00,33.02,20.34,28.91,2.26
2023-07-18T13:15:00-05:00,27.18,22.48,29.67,4.79
2023-07-18T13:30:00-05:00,31.92,23.3,44.09,4.79
2023-07-18T13:45:00-05:00,27.31,23.52,35.69,2.64
2023-07-18T14:00:00-05:00,48.29,23.95,75.07,3.79
2023-07-18T14:15:00-05:00,39.91,25.6,71.81,4.57
2023-07-18T14:30:00-05:00,24.87,22.3,55.42,5.11
2023-07-18T14:45:00-05:00,25.03,22.24,59.2,6.21
2023-07-18T15:00:00-05:00,27.85,24.0,75.58,7.09
2023-07-18T15:15:00-05:00,48.73,34.12,87.46,6.51
2023-07-18T15:30:00-05:00,27.15,24.1,87.52,7.24
2023-07-18T15:45:00-05:00,31.93,23.59,89.09,6.66
2023-07-18T16:00:00-05:00,45.05,25.08,94.84,8.61
2023-07-18T16:15:00-05:00,39.89,25.66,90.84,7.43
2023-07-18T16:30:00-05:00,30.68,23.79,91.69,5.74
2023-07-18T16:45:00-05:00,31.61,24.73,94.24,4.49
2023-07-18T17:00:00-05:00,26.26,24.81,89.58,4.44
2023-07-18T17:15:00-05:00,26.58,27.06,87.19,4.51
2023-07-18T17:30:00-05:00,29.19,27.69,93.78,6.05
2023-07-18T17:45:00-05:00,36.39,32.52,105.02,7.31
2023-07-18T18:00:00-05:00,44.64,30.77,122.34,8.41
2023-07-18T18:15:00-05:00,34.15,35.52,98.48,7.11
2023-07-18T18:30:00-05:00,34.87,41.24,94.58,9.23
2023-07-18T18:45:00-05:00,67.04,102.71,110.02,14.96
2023-07-18T19:00:00-05:00,71.96,121.32,99.74,21.15
2023-07-18T19:15:00-05:00,47.37,51.63,98.44,24.31
2023-07-18T19:30:00-05:00,56.62,74.13,91.8,35.33
2023-07-18T19:45:00-05:00,51.94,67.92,81.15,40.13
2023-07-18T20:00:00-05:00,38.13,40.5,24.25,44.91
2023-07-18T20:15:00-05:00,56.86,58.96,33.79,68.88
2023-07-18T20:30:00-05:00,34.65,35.15,21.78,43.28
2023-07-18T20:45:00-05:00,30.8,30.32,24.98,38.57
2023-07-18T21:00:00-05:00,28.89,27.59,28.02,36.09
2023-07-18T21:15:00-05:00,24.39,22.97,24.56,29.27
2023-07-18T21:30:00-05:00,23.62,22.17,24.0,28.45
2023-07-18T21:45:00-05:00,23.36,21.85,23.74,28.07
2023-07-18T22:00:00-05:00,26.66,24.12,26.12,30.26
2023-07-18T22:15:00-05:00,25.2,23.06,25.13,29.18
2023-07-18T22:30:00-05:00,24.31,22.37,24.52,28.49
2023-07-18T22:45:00-05:00,23.03,21.15,23.45,27.05
2023-07-18T23:00:00-05:00,22.86,20.93,23.2,26.63
2023-07-18T23:15:00-05:00,23.07,21.42,23.29,27.58
2023-07-18T23:30:00-05:00,22.06,20.14,21.89,26.05
2023-07-18T23:45:00-05:00,20.91,19.2,20.47,25.07
2023-07-19T00:00:00-05:00,21.39,19.62,21.8,24.29
2023-07-19T00:15:00-05:00,21.34,19.82,21.87,24.33
2023-07-19T00:30:00-05:00,21.2,19.5,22.02,23.57
2023-07-19T00:45:00-05:00,20.15,18.61,20.9,22.74
2023-07-19T01:00:00-05:00,19.78,18.39,18.16,22.69
2023-07-19T01:15:00-05:00,18.99,17.56,16.33,21.72
2023-07-19T01:30:00-05:00,18.68,17.36,17.06,21.57
2023-07-19T01:45:00-05:00,17.7,16.45,16.21,20.31
2023-07-19T02:00:00-05:00,17.93,16.72,16.93,20.8
2023-07-19T02:15:00-05:00,16.84,15.74,16.23,19.59
2023-07-19T02:30:00-05:00,16.49,15.35,14.95,18.99
2023-07-19T02:45:00-05:00,16.63,15.41,16.68,18.85
2023-07-19T03:00:00-05:00,16.53,15.32,16.16,18.78
2023-07-19T03:15:00-05:00,16.45,15.02,16.39,18.03
2023-07-19T03:30:00-05:00,15.81,14.13,15.56,17.46
2023-07-19T03:45:00-05:00,14.83,13.09,14.17,16.18
2023-07-19T04:00:00-05:00,14.54,12.7,14.01,15.49
2023-07-19T04:15:00-05:00,15.02,13.13,14.58,16.03
2023-07-19T04:30:00-05:00,15.01,13.37,14.17,16.77
2023-07-19T04:45:00-05:00,15.55,14.01,14.55,17.67
2023-07-19T05:00:00-05:00,15.55,14.19,15.1,18.19
2023-07-19T05:15:00-05:00,15.55,14.38,15.47,18.77
2023-07-19T05:30:00-05:00,15.42,14.17,15.39,18.37
2023-07-19T05:45:00-05:00,16.24,14.98,16.2,19.29
2023-07-19T06:00:00-05:00,16.33,15.04,16.47,19.29
2023-07-19T06:15:00-05:00,16.6,15.3,16.91,19.58
2023-07-19T06:30:00-05:00,16.93,15.62,17.31,19.87
2023-07-19T06:45:00-05:00,16.88,15.58,17.15,19.72
2023-07-19T07:00:00-05:00,16.77,15.59,17.23,20.13
2023-07-19T07:15:00-05:00,16.75,15.62,17.31,20.08
2023-07-19T07:30:00-05:00,15.76,14.32,16.18,17.92
2023-07-19T07:45:00-05:00,14.89,13.9,15.48,11.8
2023-07-19T08:00:00-05:00,15.54,14.1,15.74,1.01
2023-07-19T08:15:00-05:00,15.33,11.12,14.61,0.82
2023-07-19T08:30:00-05:00,14.63,10.81,12.41,0.28
2023-07-19T08:45:00-05:00,15.29,12.7,12.87,0.08
2023-07-19T09:00:00-05:00,15.46,11.97,11.93,-0.38
2023-07-19T09:15:00-05:00,17.08,14.0,12.74,-0.47
2023-07-19T09:30:00-05:00,17.86,14.57,12.85,-0.33
2023-07-19T09:45:00-05:00,20.15,16.23,14.09,-0.23
2023-07-19T10:00:00-05:00,20.34,18.23,15.12,0.18
2023-07-19T10:15:00-05:00,22.17,19.35,17.57,0.26
2023-07-19T10:30:00-05:00,23.86,19.88,17.45,0.32
2023-07-19T10:45:00-05:00,51.23,20.58,18.0,0.39
2023-07-19T11:00:00-05:00,489.34,22.31,17.83,0.52
2023-07-19T11:15:00-05:00,25.07,20.22,18.1,0.49
2023-07-19T11:30:00-05:00,22.36,20.26,19.34,0.86
2023-07-19T11:45:00-05:00,25.02,19.84,19.53,3.09
2023-07-19T12:00:00-05:00,29.72,19.88,20.16,8.29
2023-07-19T12:15:00-05:00,24.57,20.97,20.36,19.75
2023-07-19T12:30:00-05:00,28.68,23.43,21.06,22.14
2023-07-19T12:45:00-05:00,31.49,25.73,22.65,24.27
2023-07-19T13:00:00-05:00,31.77,25.39,21.89,24.06
2023-07-19T13:15:00-05:00,30.14,25.88,24.65,25.06
2023-07-19T13:30:00-05:00,27.63,24.55,25.44,23.76
2023-07-19T13:45:00-05:00,28.17,25.24,25.23,24.48
2023-07-19T14:00:00-05:00,28.6,27.22,27.49,24.45
2023-07-19T14:15:00-05:00,42.34,37.2,28.58,30.03
2023-07-19T14:30:00-05:00,29.19,27.54,30.29,26.71
2023-07-19T14:45:00-05:00,29.99,27.23,41.0,23.23
2023-07-19T15:00:00-05:00,37.81,26.04,56.91,23.52
2023-07-19T15:15:00-05:00,46.44,25.59,60.2,20.52
2023-07-19T15:30:00-05:00,47.07,25.96,55.76,17.79
2023-07-19T15:45:00-05:00,40.57,26.36,35.39,16.69
2023-07-19T16:00:00-05:00,48.1,28.13,43.44,17.38
2023-07-19T16:15:00-05:00,47.0,28.06,43.1,17.3
2023-07-19T16:30:00-05:00,40.79,27.37,47.0,16.66
2023-07-19T16:45:00-05:00,42.71,28.11,61.68,17.28
2023-07-19T17:00:00-05:00,46.9,28.36,55.04,18.04
2023-07-19T17:15:00-05:00,47.84,28.82,67.3,17.88
2023-07-19T17:30:00-05:00,41.36,27.81,62.47,16.7
2023-07-19T17:45:00-05:00,35.64,27.35,65.46,16.76
2023-07-19T18:00:00-05:00,28.3,24.75,78.53,14.18
2023-07-19T18:15:00-05:00,27.62,25.52,77.75,15.25
2023-07-19T18:30:00-05:00,28.04,26.47,63.46,15.96
2023-07-19T18:45:00-05:00,29.32,27.23,74.9,16.95
2023-07-19T19:00:00-05:00,30.71,27.55,77.23,17.81
2023-07-19T19:15:00-05:00,32.77,30.69,71.25,22.83
2023-07-19T19:30:00-05:00,39.03,40.22,53.0,40.12
2023-07-19T19:45:00-05:00,60.88,65.08,56.72,65.87
2023-07-19T20:00:00-05:00,46.27,48.35,26.9,48.75
2023-07-19T20:15:00-05:00,57.73,60.21,32.55,60.68
2023-07-19T20:30:00-05:00,45.16,47.71,26.14,48.34
2023-07-19T20:45:00-05:00,31.32,32.44,20.44,36.14
2023-07-19T21:00:00-05:00,28.82,28.51,23.15,34.08
2023-07-19T21:15:00-05:00,28.71,28.05,24.69,33.64
2023-07-19T21:30:00-05:00,26.06,25.22,22.67,30.51
2023-07-19T21:45:00-05:00,25.51,24.45,22.38,29.59
2023-07-19T22:00:00-05:00,26.73,25.49,23.06,30.66
2023-07-19T22:15:00-05:00,24.46,23.28,21.12,28.25
2023-07-19T22:30:00-05:00,23.73,22.33,20.98,27.15
2023-07-19T22:45:00-05:00,22.55,21.35,20.56,26.16
2023-07-19T23:00:00-05:00,23.43,21.82,22.65,26.44
2023-07-19T23:15:00-05:00,22.78,21.11,21.96,25.73
2023-07-19T23:30:00-05:00,21.39,20.0,21.04,24.75
2023-07-19T23:45:00-05:00,20.81,19.42,20.46,24.11
2023-07-20T00:00:00-05:00,20.51,19.19,20.29,23.79
2023-07-20T00:15:00-05:00,20.41,19.0,20.04,23.46
2023-07-20T00:30:00-05:00,19.36,18.15,19.15,22.17
2023-07-20T00:45:00-05:00,18.6,17.81,18.35,20.66
2023-07-20T01:00:00-05:00,18.2,18.17,17.65,18.23
2023-07-20T01:15:00-05:00,17.96,17.96,17.46,17.95
2023-07-20T01:30:00-05:00,17.48,17.48,17.16,17.47
2023-07-20T01:45:00-05:00,17.14,17.12,16.66,17.09
2023-07-20T02:00:00-05:00,17.35,17.35,16.85,17.34
2023-07-20T02:15:00-05:00,17.27,17.28,16.9,17.28
2023-07-20T02:30:00-05:00,16.02,16.0,15.51,15.98
2023-07-20T02:45:00-05:00,16.24,16.23,15.74,16.2
2023-07-20T03:00:00-05:00,16.89,16.93,16.58,16.95
2023-07-20T03:15:00-05:00,16.73,16.69,16.18,16.64
2023-07-20T03:30:00-05:00,16.88,16.84,16.38,16.79
2023-07-20T03:45:00-05:00,17.28,17.26,17.04,17.24
2023-07-20T04:00:00-05:00,17.72,17.7,17.5,17.68
2023-07-20T04:15:00-05:00,17.62,17.59,17.3,17.57
2023-07-20T04:30:00-05:00,17.67,17.65,17.49,17.65
2023-07-20T04:45:00-05:00,17.72,17.7,17.55,17.7
2023-07-20T05:00:00-05:00,18.39,18.37,18.15,18.35
2023-07-20T05:15:00-05:00,18.83,18.83,18.82,18.83
2023-07-20T05:30:00-05:00,19.64,19.64,19.64,19.64
2023-07-20T05:45:00-05:00,19.32,19.32,19.32,19.32
2023-07-20T06:00:00-05:00,19.24,19.24,19.24,19.24
2023-07-20T06:15:00-05:00,20.06,20.06,20.06,20.06
2023-07-20T06:30:00-05:00,20.98,20.98,20.98,20.98
2023-07-20T06:45:00-05:00,20.37,20.37,20.37,20.37
2023-07-20T07:00:00-05:00,20.37,20.37,20.37,20.37
2023-07-20T07:15:00-05:00,20.12,20.78,19.85,21.53
2023-07-20T07:30:00-05:00,19.24,20.26,18.81,21.41
2023-07-20T07:45:00-05:00,18.93,19.62,18.63,20.42
2023-07-20T08:00:00-05:00,19.04,19.06,19.04,19.07
2023-07-20T08:15:00-05:00,18.83,18.96,18.66,18.94
2023-07-20T08:30:00-05:00,17.97,18.16,17.7,18.13
2023-07-20T08:45:00-05:00,17.65,17.81,17.27,17.76
2023-07-20T09:00:00-05:00,17.55,17.67,17.0,17.6
2023-07-20T09:15:00-05:00,17.9,18.05,16.92,17.94
2023-07-20T09:30:00-05:00,18.05,18.2,17.02,18.09
2023-07-20T09:45:00-05:00,18.35,18.5,17.31,18.38
2023-07-20T10:00:00-05:00,18.99,19.06,18.0,18.93
2023-07-20T10:15:00-05:00,19.56,19.52,18.64,19.29
2023-07-20T10:30:00-05:00,20.86,20.72,19.92,20.45
2023-07-20T10:45:00-05:00,22.81,22.39,21.49,22.13
2023-07-20T11:00:00-05:00,26.55,26.52,26.12,26.48
2023-07-20T11:15:00-05:00,24.87,25.11,24.14,25.05
2023-07-20T11:30:00-05:00,27.35,26.92,25.9,26.81
2023-07-20T11:45:00-05:00,32.28,31.28,29.86,31.11
2023-07-20T12:00:00-05:00,26.24,26.52,25.87,26.51
2023-07-20T12:15:00-05:00,26.64,26.92,26.26,26.92
2023-07-20T12:30:00-05:00,27.41,27.52,27.28,27.52
2023-07-20T12:45:00-05:00,36.33,36.59,35.62,36.58
2023-07-20T13:00:00-05:00,29.46,29.77,29.05,29.8
2023-07-20T13:15:00-05:00,40.54,40.85,40.12,40.88
2023-07-20T13:30:00-05:00,37.81,37.92,37.61,37.92
2023-07-20T13:45:00-05:00,38.54,38.91,37.45,38.87
2023-07-20T14:00:00-05:00,64.72,65.36,63.81,65.42
2023-07-20T14:15:00-05:00,75.64,76.35,74.59,76.5
2023-07-20T14:30:00-05:00,42.02,42.43,50.98,42.41
2023-07-20T14:45:00-05:00,31.16,31.7,30.29,31.79
2023-07-20T15:00:00-05:00,49.1,51.31,39.3,51.76
2023-07-20T15:15:00-05:00,71.13,76.14,53.44,77.01
2023-07-20T15:30:00-05:00,53.03,56.38,57.95,54.68
2023-07-20T15:45:00-05:00,57.96,61.81,54.57,58.98
2023-07-20T16:00:00-05:00,37.43,39.2,35.42,36.87
2023-07-20T16:15:00-05:00,38.47,40.69,24.8,39.28
2023-07-20T16:30:00-05:00,40.25,42.65,36.16,40.33
2023-07-20T16:45:00-05:00,67.25,72.54,43.22,69.67
2023-07-20T17:00:00-05:00,54.69,58.81,40.55,56.2
2023-07-20T17:15:00-05:00,42.59,45.81,46.38,43.55
2023-07-20T17:30:00-05:00,42.9,46.15,55.57,43.99
2023-07-20T17:45:00-05:00,41.81,45.02,44.8,43.41
2023-07-20T18:00:00-05:00,37.42,40.08,54.02,38.02
2023-07-20T18:15:00-05:00,54.53,58.37,58.9,55.76
2023-07-20T18:30:00-05:00,72.66,78.1,66.07,74.83
2023-07-20T18:45:00-05:00,103.97,112.19,81.25,110.43
2023-07-20T19:00:00-05:00,88.98,96.53,73.88,97.86
2023-07-20T19:15:00-05:00,89.93,97.51,65.04,98.87
2023-07-20T19:30:00-05:00,117.57,127.41,58.03,129.5
2023-07-20T19:45:00-05:00,81.05,87.12,44.14,88.84
2023-07-20T20:00:00-05:00,88.38,94.99,48.41,96.8
2023-07-20T20:15:00-05:00,144.72,156.54,73.37,159.03
2023-07-20T20:30:00-05:00,60.91,64.76,37.69,66.18
2023-07-20T20:45:00-05:00,65.79,68.64,48.39,69.91
2023-07-20T21:00:00-05:00,34.22,34.99,29.34,35.53
2023-07-20T21:15:00-05:00,30.73,30.84,30.24,30.91
2023-07-20T21:30:00-05:00,28.43,28.52,28.0,28.58
2023-07-20T21:45:00-05:00,27.01,27.1,26.6,27.16
2023-07-20T22:00:00-05:00,26.48,26.57,26.08,26.63
2023-07-20T22:15:00-05:00,26.7,26.64,26.28,26.64
2023-07-20T22:30:00-05:00,25.0,24.95,24.66,24.95
2023-07-20T22:45:00-05:00,24.99,25.02,24.63,25.06
2023-07-20T23:00:00-05:00,24.94,24.92,24.73,24.92
2023-07-20T23:15:00-05:00,24.21,24.18,23.97,24.17
2023-07-20T23:30:00-05:00,21.94,21.91,21.75,21.91
2023-07-20T23:45:00-05:00,20.39,20.36,20.21,20.36
2023-07-21T00:00:00-05:00,20.21,20.18,20.04,20.18
2023-07-21T00:15:00-05:00,19.46,19.43,19.3,19.43
2023-07-21T00:30:00-05:00,18.81,18.79,18.69,18.79
2023-07-21T00:45:00-05:00,18.45,18.45,18.44,18.45
2023-07-21T01:00:00-05:00,18.3,18.3,18.3,18.3
2023-07-21T01:15:00-05:00,17.87,17.87,17.87,17.87
2023-07-21T01:30:00-05:00,17.31,17.31,17.31,17.31
2023-07-21T01:45:00-05:00,16.65,16.65,16.65,16.65
2023-07-21T02:00:00-05:00,16.66,16.66,16.66,16.66
2023-07-21T02:15:00-05:00,16.35,16.32,16.4,16.26
2023-07-21T02:30:00-05:00,16.09,16.09,16.1,16.09
2023-07-21T02:45:00-05:00,16.0,16.0,16.0,16.0
2023-07-21T03:00:00-05:00,15.84,15.84,15.84,15.84
2023-07-21T03:15:00-05:00,15.46,15.46,15.46,15.46
2023-07-21T03:30:00-05:00,15.71,15.71,15.71,15.71
2023-07-21T03:45:00-05:00,16.05,16.05,16.05,16.05
2023-07-21T04:00:00-05:00,16.08,16.08,16.08,16.08
2023-07-21T04:15:00-05:00,16.05,16.05,16.05,16.05
2023-07-21T04:30:00-05:00,16.63,16.63,16.63,16.63
2023-07-21T04:45:00-05:00,16.71,16.71,16.71,16.71
2023-07-21T05:00:00-05:00,17.04,17.04,17.04,17.04
2023-07-21T05:15:00-05:00,17.03,17.03,17.03,17.03
2023-07-21T05:30:00-05:00,17.18,17.18,17.18,17.18
2023-07-21T05:45:00-05:00,17.45,17.45,17.45,17.45
2023-07-21T06:00:00-05:00,17.85,17.85,17.85,17.85
2023-07-21T06:15:00-05:00,18.02,18.02,18.02,18.02
2023-07-21T06:30:00-05:00,18.04,18.04,18.04,18.04
2023-07-21T06:45:00-05:00,18.68,18.68,18.68,18.68
2023-07-21T07:00:00-05:00,19.4,19.4,19.4,19.4
2023-07-21T07:15:00-05:00,19.45,19.74,19.34,20.1
2023-07-21T07:30:00-05:00,19.3,19.64,19.16,20.06
2023-07-21T07:45:00-05:00,19.28,19.28,19.27,19.29
2023-07-21T08:00:00-05:00,19.96,19.96,19.96,19.96
2023-07-21T08:15:00-05:00,20.09,20.09,20.09,20.09
2023-07-21T08:30:00-05:00,18.73,18.73,18.73,18.73
2023-07-21T08:45:00-05:00,18.81,18.81,18.81,18.81
2023-07-21T09:00:00-05:00,18.98,18.98,18.98,18.98
2023-07-21T09:15:00-05:00,19.21,19.21,19.21,19.21
2023-07-21T09:30:00-05:00,19.84,19.84,19.84,19.84
2023-07-21T09:45:00-05:00,21.65,21.65,21.65,21.65
2023-07-21T10:00:00-05:00,23.49,23.49,23.49,23.49
2023-07-21T10:15:00-05:00,23.53,23.53,23.53,23.53
2023-07-21T10:30:00-05:00,25.67,25.67,25.67,25.67
2023-07-21T10:45:00-05:00,25.26,25.26,25.26,25.26
2023-07-21T11:00:00-05:00,24.33,24.33,24.33,24.33
2023-07-21T11:15:00-05:00,27.1,27.1,27.1,27.1
2023-07-21T11:30:00-05:00,27.92,27.92,27.92,27.92
2023-07-21T11:45:00-05:00,28.24,28.24,28.24,28.24
2023-07-21T12:00:00-05:00,27.11,27.11,27.11,27.11
2023-07-21T12:15:00-05:00,27.6,27.6,27.6,27.6
2023-07-21T12:30:00-05:00,29.34,29.34,29.34,29.34
2023-07-21T12:45:00-05:00,39.99,39.99,39.99,39.99
2023-07-21T13:00:00-05:00,29.91,29.91,29.91,29.91
2023-07-21T13:15:00-05:00,29.9,29.9,29.9,29.9
2023-07-21T13:30:00-05:00,38.27,38.27,38.27,38.27
2023-07-21T13:45:00-05:00,37.51,37.51,37.51,37.51
2023-07-21T14:00:00-05:00,32.09,32.09,32.09,32.09
2023-07-21T14:15:00-05:00,40.98,40.98,40.98,40.98
2023-07-21T14:30:00-05:00,34.47,34.47,34.47,34.47
2023-07-21T14:45:00-05:00,50.26,50.26,50.26,50.26
2023-07-21T15:00:00-05:00,34.33,34.33,34.33,34.33
2023-07-21T15:15:00-05:00,63.27,63.27,63.54,63.27
2023-07-21T15:30:00-05:00,39.04,39.06,39.72,39.07
2023-07-21T15:45:00-05:00,60.79,60.91,60.09,60.94
2023-07-21T16:00:00-05:00,32.7,32.7,34.39,32.7
2023-07-21T16:15:00-05:00,36.69,36.69,38.24,36.69
2023-07-21T16:30:00-05:00,35.31,37.49,42.11,37.4
2023-07-21T16:45:00-05:00,53.04,59.98,86.41,59.14
2023-07-21T17:00:00-05:00,28.61,28.6,28.53,28.6
2023-07-21T17:15:00-05:00,29.66,30.08,31.08,30.15
2023-07-21T17:30:00-05:00,30.37,30.82,31.71,30.9
2023-07-21T17:45:00-05:00,29.67,30.13,28.62,30.21
2023-07-21T18:00:00-05:00,28.31,28.7,27.31,28.77
2023-07-21T18:15:00-05:00,27.26,27.58,26.38,27.64
2023-07-21T18:30:00-05:00,26.62,27.25,24.02,27.39
2023-07-21T18:45:00-05:00,26.99,27.72,23.94,27.87
2023-07-21T19:00:00-05:00,27.19,27.94,23.99,28.11
2023-07-21T19:15:00-05:00,27.38,28.15,24.33,28.31
2023-07-21T19:30:00-05:00,27.5,28.22,24.68,28.43
2023-07-21T19:45:00-05:00,27.69,28.26,25.1,28.54
2023-07-21T20:00:00-05:00,28.5,28.93,26.19,29.79
2023-07-21T20:15:00-05:00,29.21,28.62,27.32,35.45
2023-07-21T20:30:00-05:00,30.4,27.96,29.99,47.33
2023-07-21T20:45:00-05:00,28.32,25.11,28.56,49.66
2023-07-21T21:00:00-05:00,27.49,24.77,28.81,44.1
2023-07-21T21:15:00-05:00,26.74,24.45,28.02,40.67
2023-07-21T21:30:00-05:00,25.63,24.89,25.83,30.62
2023-07-21T21:45:00-05:00,25.55,25.64,25.15,25.7
2023-07-21T22:00:00-05:00,26.26,26.35,25.85,26.41
2023-07-21T22:15:00-05:00,26.45,26.55,26.05,26.61
2023-07-21T22:30:00-05:00,25.6,25.69,25.21,25.75
2023-07-21T22:45:00-05:00,25.86,25.95,25.46,26.01
2023-07-21T23:00:00-05:00,25.77,25.83,25.43,25.86
2023-07-21T23:15:00-05:00,26.45,26.44,26.23,26.41
2023-07-21T23:30:00-05:00,26.23,26.21,26.0,26.19
2023-07-21T23:45:00-05:00,25.72,25.71,25.5,25.68
2023-07-22T00:00:00-05:00,25.27,25.26,25.06,25.24
2023-07-22T00:15:00-05:00,24.74,24.72,24.53,24.7
2023-07-22T00:30:00-05:00,24.29,24.28,24.1,24.26
2023-07-22T00:45:00-05:00,24.47,24.45,24.28,24.43
2023-07-22T01:00:00-05:00,25.24,25.23,25.13,25.22
2023-07-22T01:15:00-05:00,24.98,25.07,24.62,25.12
2023-07-22T01:30:00-05:00,23.7,23.73,23.57,23.75
2023-07-22T01:45:00-05:00,23.13,23.13,23.13,23.13
2023-07-22T02:00:00-05:00,22.99,22.99,22.99,22.99
2023-07-22T02:15:00-05:00,23.0,23.0,23.0,23.0
2023-07-22T02:30:00-05:00,23.11,23.11,23.11,23.11
2023-07-22T02:45:00-05:00,23.16,23.16,23.16,23.16
2023-07-22T03:00:00-05:00,23.11,23.11,23.11,23.11
2023-07-22T03:15:00-05:00,23.08,23.08,23.08,23.08
2023-07-22T03:30:00-05:00,23.19,23.19,23.19,23.19
2023-07-22T03:45:00-05:00,23.05,23.05,23.05,23.05
2023-07-22T04:00:00-05:00,22.76,22.76,22.76,22.76
2023-07-22T04:15:00-05:00,22.86,22.86,22.86,22.86
2023-07-22T04:30:00-05:00,23.02,23.02,23.02,23.02
2023-07-22T04:45:00-05:00,23.09,23.02,23.15,24.48
2023-07-22T05:00:00-05:00,23.19,23.04,23.31,26.07
2023-07-22T05:15:00-05:00,23.44,23.41,23.46,23.87
2023-07-22T05:30:00-05:00,23.09,23.09,23.09,23.09
2023-07-22T05:45:00-05:00,23.3,23.68,23.0,25.63
2023-07-22T06:00:00-05:00,22.84,23.46,22.45,25.64
2023-07-22T06:15:00-05:00,22.77,23.38,22.46,26.04
2023-07-22T06:30:00-05:00,22.49,22.72,22.49,33.71
2023-07-22T06:45:00-05:00,22.08,21.66,22.53,45.95
2023-07-22T07:00:00-05:00,21.73,22.35,21.39,23.22
2023-07-22T07:15:00-05:00,20.69,21.2,20.41,21.84
2023-07-22T07:30:00-05:00,20.13,20.42,19.97,20.79
2023-07-22T07:45:00-05:00,20.09,20.09,20.09,20.09
2023-07-22T08:00:00-05:00,20.14,20.14,20.14,20.14
2023-07-22T08:15:00-05:00,19.77,19.77,19.77,19.77
2023-07-22T08:30:00-05:00,19.49,19.49,19.49,19.49
2023-07-22T08:45:00-05:00,19.55,19.55,19.55,19.55
2023-07-22T09:00:00-05:00,19.67,19.67,19.67,19.67
2023-07-22T09:15:00-05:00,19.57,19.57,19.57,19.57
2023-07-22T09:30:00-05:00,19.74,19.74,19.74,19.74
2023-07-22T09:45:00-05:00,21.42,21.42,21.42,21.42
2023-07-22T10:00:00-05:00,23.32,23.32,23.32,23.32
2023-07-22T10:15:00-05:00,23.28,23.28,23.28,23.28
2023-07-22T10:30:00-05:00,25.68,25.68,25.68,25.68
2023-07-22T10:45:00-05:00,27.03,27.03,27.03,27.03
2023-07-22T11:00:00-05:00,25.93,25.93,25.93,25.93
2023-07-22T11:15:00-05:00,28.76,28.76,28.76,28.76
2023-07-22T11:30:00-05:00,29.81,29.81,29.81,29.81
2023-07-22T11:45:00-05:00,28.75,28.75,28.75,28.75
2023-07-22T12:00:00-05:00,27.5,27.5,27.5,27.5
2023-07-22T12:15:00-05:00,27.92,27.92,27.92,27.92
2023-07-22T12:30:00-05:00,29.12,29.12,29.12,29.12
2023-07-22T12:45:00-05:00,28.69,28.69,28.69,28.69
2023-07-22T13:00:00-05:00,29.83,27.76,33.03,28.72
2023-07-22T13:15:00-05:00,30.53,30.38,30.75,30.45
2023-07-22T13:30:00-05:00,30.69,30.34,31.23,30.5
2023-07-22T13:45:00-05:00,29.92,29.91,29.96,29.9
2023-07-22T14:00:00-05:00,29.98,29.98,29.98,29.98
2023-07-22T14:15:00-05:00,30.08,30.08,30.08,30.08
2023-07-22T14:30:00-05:00,36.94,36.94,36.94,36.94
2023-07-22T14:45:00-05:00,34.14,34.14,34.14,34.14
2023-07-22T15:00:00-05:00,29.93,29.3,30.91,29.59
2023-07-22T15:15:00-05:00,35.66,33.37,39.3,34.42
2023-07-22T15:30:00-05:00,36.19,35.03,38.05,35.56
2023-07-22T15:45:00-05:00,40.69,39.42,42.69,40.01
2023-07-22T16:00:00-05:00,36.68,34.64,39.93,35.58
2023-07-22T16:15:00-05:00,38.8,38.8,38.8,38.8
2023-07-22T16:30:00-05:00,61.47,61.46,53.99,61.46
2023-07-22T16:45:00-05:00,45.92,45.9,41.07,45.9
2023-07-22T17:00:00-05:00,48.89,48.9,42.59,48.91
2023-07-22T17:15:00-05:00,46.8,45.86,62.01,46.3
2023-07-22T17:30:00-05:00,37.07,37.2,35.01,37.23
2023-07-22T17:45:00-05:00,47.75,48.91,52.16,49.14
2023-07-22T18:00:00-05:00,31.31,31.75,31.32,31.84
2023-07-22T18:15:00-05:00,45.8,45.99,45.44,46.02
2023-07-22T18:30:00-05:00,65.08,65.08,74.69,65.08
2023-07-22T18:45:00-05:00,67.13,67.13,67.74,67.13
2023-07-22T19:00:00-05:00,74.1,74.29,73.75,74.32
2023-07-22T19:15:00-05:00,75.05,75.05,75.05,75.05
2023-07-22T19:30:00-05:00,78.53,79.48,76.69,79.67
2023-07-22T19:45:00-05:00,74.72,78.66,65.69,79.62
2023-07-22T20:00:00-05:00,71.13,75.39,52.47,77.0
2023-07-22T20:15:00-05:00,69.14,68.65,58.29,100.16
2023-07-22T20:30:00-05:00,50.32,36.48,51.1,148.42
2023-07-22T20:45:00-05:00,42.25,32.12,41.92,119.54
2023-07-22T21:00:00-05:00,38.32,28.89,41.97,102.56
2023-07-22T21:15:00-05:00,44.42,24.94,58.31,162.38
2023-07-22T21:30:00-05:00,36.11,20.99,46.8,127.82
2023-07-22T21:45:00-05:00,34.16,20.56,43.6,117.33
2023-07-22T22:00:00-05:00,30.73,22.25,36.58,82.52
2023-07-22T22:15:00-05:00,29.38,21.83,34.53,75.66
2023-07-22T22:30:00-05:00,26.74,22.0,29.97,55.45
2023-07-22T22:45:00-05:00,25.93,21.44,28.87,53.31
2023-07-22T23:00:00-05:00,26.1,21.64,29.35,52.84
2023-07-22T23:15:00-05:00,25.4,20.81,28.62,53.05
2023-07-22T23:30:00-05:00,24.77,20.36,27.92,51.39
2023-07-22T23:45:00-05:00,23.8,19.92,26.57,47.28
2023-07-23T00:00:00-05:00,23.28,19.94,25.66,43.53
2023-07-23T00:15:00-05:00,23.25,19.11,26.2,48.44
2023-07-23T00:30:00-05:00,23.18,19.1,26.09,48.1
2023-07-23T00:45:00-05:00,22.88,18.71,25.85,48.4
2023-07-23T01:00:00-05:00,21.7,18.72,23.83,40.03
2023-07-23T01:15:00-05:00,21.28,18.73,23.08,36.92
2023-07-23T01:30:00-05:00,21.03,18.67,22.69,35.54
2023-07-23T01:45:00-05:00,20.55,17.86,22.45,37.1
2023-07-23T02:00:00-05:00,19.09,16.66,20.82,34.16
2023-07-23T02:15:00-05:00,18.61,16.14,20.35,33.88
2023-07-23T02:30:00-05:00,18.32,15.87,20.05,33.51
2023-07-23T02:45:00-05:00,17.36,15.73,18.5,27.46
2023-07-23T03:00:00-05:00,17.64,16.72,18.29,23.36
2023-07-23T03:15:00-05:00,16.54,15.23,17.47,24.72
2023-07-23T03:30:00-05:00,16.54,15.22,17.47,24.75
2023-07-23T03:45:00-05:00,16.2,15.15,16.94,24.43
2023-07-23T04:00:00-05:00,16.7,16.1,17.15,23.95
2023-07-23T04:15:00-05:00,16.69,16.13,17.11,24.15
2023-07-23T04:30:00-05:00,16.83,16.41,17.15,24.64
2023-07-23T04:45:00-05:00,16.68,16.27,17.01,24.56
2023-07-23T05:00:00-05:00,16.5,16.49,16.51,16.69
2023-07-23T05:15:00-05:00,16.39,16.39,16.39,16.39
2023-07-23T05:30:00-05:00,16.29,16.29,16.29,16.29
2023-07-23T05:45:00-05:00,15.96,15.96,15.96,15.96
2023-07-23T06:00:00-05:00,15.14,15.14,15.14,15.14
2023-07-23T06:15:00-05:00,15.38,15.38,15.38,15.38
2023-07-23T06:30:00-05:00,14.06,14.06,14.06,14.06
2023-07-23T06:45:00-05:00,13.89,13.89,13.89,13.89
2023-07-23T07:00:00-05:00,15.61,15.61,15.61,15.61
2023-07-23T07:15:00-05:00,16.31,16.31,16.31,16.31
2023-07-23T07:30:00-05:00,15.99,15.99,15.99,15.99
2023-07-23T07:45:00-05:00,16.03,16.03,16.03,16.03
2023-07-23T08:00:00-05:00,15.61,15.61,15.61,15.61
2023-07-23T08:15:00-05:00,16.13,16.13,16.13,16.13
2023-07-23T08:30:00-05:00,16.13,16.13,16.13,16.13
2023-07-23T08:45:00-05:00,16.5,16.5,16.5,16.5
2023-07-23T09:00:00-05:00,16.67,16.67,16.67,16.67
2023-07-23T09:15:00-05:00,17.36,17.36,17.36,17.36
2023-07-23T09:30:00-05:00,18.54,18.54,18.54,18.54
2023-07-23T09:45:00-05:00,19.31,19.31,19.31,19.31
2023-07-23T10:00:00-05:00,20.18,20.18,20.18,20.18
2023-07-23T10:15:00-05:00,22.31,22.31,22.31,22.31
2023-07-23T10:30:00-05:00,24.96,24.96,24.96,24.96
2023-07-23T10:45:00-05:00,26.43,26.43,26.43,26.43
2023-07-23T11:00:00-05:00,25.95,25.95,25.95,25.95
2023-07-23T11:15:00-05:00,26.4,26.4,26.4,26.4
2023-07-23T11:30:00-05:00,27.13,27.13,27.13,27.13
2023-07-23T11:45:00-05:00,27.54,27.54,27.54,27.54
2023-07-23T12:00:00-05:00,26.22,26.22,26.22,26.22
2023-07-23T12:15:00-05:00,26.52,26.26,27.04,26.34
2023-07-23T12:30:00-05:00,27.01,25.23,30.51,25.83
2023-07-23T12:45:00-05:00,30.12,25.52,37.21,27.64
2023-07-23T13:00:00-05:00,35.11,24.57,51.38,29.42
2023-07-23T13:15:00-05:00,30.43,26.97,35.8,28.57
2023-07-23T13:30:00-05:00,29.68,27.3,33.38,28.39
2023-07-23T13:45:00-05:00,28.71,28.35,29.27,28.51
2023-07-23T14:00:00-05:00,29.95,28.62,32.03,29.23
2023-07-23T14:15:00-05:00,31.49,28.43,36.28,29.83
2023-07-23T14:30:00-05:00,28.73,28.71,28.76,28.72
2023-07-23T14:45:00-05:00,30.78,30.78,30.78,30.78
2023-07-23T15:00:00-05:00,36.37,33.52,50.97,34.82
2023-07-23T15:15:00-05:00,69.47,65.44,91.55,67.28
2023-07-23T15:30:00-05:00,49.78,49.78,83.45,49.78
2023-07-23T15:45:00-05:00,37.78,37.78,69.93,37.78
2023-07-23T16:00:00-05:00,31.03,31.03,65.29,31.03
2023-07-23T16:15:00-05:00,36.12,36.14,60.19,36.14
2023-07-23T16:30:00-05:00,37.59,37.86,65.37,37.88
2023-07-23T16:45:00-05:00,30.35,30.68,63.7,30.7
2023-07-23T17:00:00-05:00,29.88,30.19,48.65,30.21
2023-07-23T17:15:00-05:00,28.92,29.23,61.69,29.25
2023-07-23T17:30:00-05:00,30.27,30.7,57.96,30.74
2023-07-23T17:45:00-05:00,31.74,32.08,42.96,32.1
2023-07-23T18:00:00-05:00,32.7,32.93,32.65,32.95
2023-07-23T18:15:00-05:00,31.34,31.34,31.34,31.34
2023-07-23T18:30:00-05:00,30.63,30.63,30.63,30.63
2023-07-23T18:45:00-05:00,30.0,30.01,29.97,30.01
2023-07-23T19:00:00-05:00,28.47,28.83,27.7,28.9
2023-07-23T19:15:00-05:00,29.62,30.65,25.84,30.94
2023-07-23T19:30:00-05:00,32.72,33.91,26.45,34.54
2023-07-23T19:45:00-05:00,40.8,42.52,32.52,43.35
2023-07-23T20:00:00-05:00,35.53,36.94,28.71,37.71
2023-07-23T20:15:00-05:00,37.64,37.33,33.27,66.3
2023-07-23T20:30:00-05:00,30.73,29.26,29.88,66.71
2023-07-23T20:45:00-05:00,28.64,28.26,26.49,45.03
2023-07-23T21:00:00-05:00,27.33,26.78,27.43,39.08
2023-07-23T21:15:00-05:00,26.41,25.93,26.72,30.26
2023-07-23T21:30:00-05:00,24.25,23.08,25.07,30.93
2023-07-23T21:45:00-05:00,23.76,21.81,25.17,36.55
2023-07-23T22:00:00-05:00,23.44,22.42,24.19,32.41
2023-07-23T22:15:00-05:00,22.27,21.55,22.74,29.25
2023-07-23T22:30:00-05:00,21.35,19.65,22.4,34.47
2023-07-23T22:45:00-05:00,21.26,19.38,22.4,34.24
2023-07-23T23:00:00-05:00,20.43,18.96,21.21,24.89
2023-07-23T23:15:00-05:00,19.69,18.21,20.47,24.26
2023-07-23T23:30:00-05:00,17.79,16.35,18.57,24.51
2023-07-23T23:45:00-05:00,17.3,15.87,18.14,28.45
2023-07-24T00:00:00-05:00,17.47,16.04,18.28,26.41
2023-07-24T00:15:00-05:00,17.25,15.82,18.09,28.49
2023-07-24T00:30:00-05:00,16.1,14.71,16.91,26.92
2023-07-24T00:45:00-05:00,15.49,14.11,16.27,24.7
2023-07-24T01:00:00-05:00,14.12,12.8,14.91,17.91
2023-07-24T01:15:00-05:00,13.25,11.91,14.27,15.7
2023-07-24T01:30:00-05:00,12.91,11.39,14.05,14.82
2023-07-24T01:45:00-05:00,12.56,11.06,13.66,15.22
2023-07-24T02:00:00-05:00,12.33,10.87,13.39,15.03
2023-07-24T02:15:00-05:00,11.19,9.98,12.0,13.99
2023-07-24T02:30:00-05:00,11.86,10.84,12.38,15.08
2023-07-24T02:45:00-05:00,10.32,9.33,10.82,13.43
2023-07-24T03:00:00-05:00,9.64,8.69,10.13,12.63
2023-07-24T03:15:00-05:00,9.41,8.49,9.88,12.33
2023-07-24T03:30:00-05:00,8.79,7.89,9.26,11.68
2023-07-24T03:45:00-05:00,7.38,6.51,7.83,10.17
2023-07-24T04:00:00-05:00,10.72,9.77,11.2,13.73
2023-07-24T04:15:00-05:00,11.06,10.1,11.54,14.09
2023-07-24T04:30:00-05:00,11.96,10.98,12.46,15.06
2023-07-24T04:45:00-05:00,12.2,11.21,12.7,15.33
2023-07-24T05:00:00-05:00,12.67,11.66,13.18,15.88
2023-07-24T05:15:00-05:00,13.09,12.04,13.62,16.42
2023-07-24T05:30:00-05:00,13.4,12.34,13.93,16.75
2023-07-24T05:45:00-05:00,15.2,14.09,15.76,18.68
2023-07-24T06:00:00-05:00,16.08,14.99,16.65,19.54
2023-07-24T06:15:00-05:00,16.67,15.58,17.21,20.0
2023-07-24T06:30:00-05:00,16.86,15.78,17.39,20.14
2023-07-24T06:45:00-05:00,16.67,15.82,17.08,19.23
2023-07-24T07:00:00-05:00,17.05,16.33,17.39,19.16
2023-07-24T07:15:00-05:00,17.17,16.53,17.48,19.08
2023-07-24T07:30:00-05:00,16.6,15.97,16.9,18.45
2023-07-24T07:45:00-05:00,16.39,15.96,16.59,17.63
2023-07-24T08:00:00-05:00,16.63,16.62,16.62,16.6
2023-07-24T08:15:00-05:00,16.99,16.97,16.97,16.94
2023-07-24T08:30:00-05:00,17.29,17.26,17.36,17.21
2023-07-24T08:45:00-05:00,17.68,17.57,18.25,17.43
2023-07-24T09:00:00-05:00,18.97,18.74,19.99,18.47
2023-07-24T09:15:00-05:00,18.84,18.66,19.4,18.42
2023-07-24T09:30:00-05:00,18.58,18.55,18.55,18.5
2023-07-24T09:45:00-05:00,18.93,18.9,18.9,18.84
2023-07-24T10:00:00-05:00,19.04,19.0,19.0,18.94
2023-07-24T10:15:00-05:00,20.37,19.82,21.23,17.27
2023-07-24T10:30:00-05:00,21.9,20.18,23.17,20.25
2023-07-24T10:45:00-05:00,23.62,21.34,24.87,21.56
2023-07-24T11:00:00-05:00,24.74,23.29,26.18,23.62
2023-07-24T11:15:00-05:00,26.82,25.72,27.55,28.45
2023-07-24T11:30:00-05:00,29.61,28.62,30.13,32.56
2023-07-24T11:45:00-05:00,36.38,35.16,37.0,39.89
2023-07-24T12:00:00-05:00,30.74,29.71,31.28,33.76
2023-07-24T12:15:00-05:00,29.16,28.18,29.67,32.02
2023-07-24T12:30:00-05:00,34.33,33.64,34.69,36.38
2023-07-24T12:45:00-05:00,30.77,30.72,30.78,30.83
2023-07-24T13:00:00-05:00,31.73,30.63,33.38,31.15
2023-07-24T13:15:00-05:00,44.02,43.18,45.24,43.6
2023-07-24T13:30:00-05:00,39.2,39.15,39.2,39.2
2023-07-24T13:45:00-05:00,50.33,50.24,50.33,50.33
2023-07-24T14:00:00-05:00,43.71,43.64,43.71,43.71
2023-07-24T14:15:00-05:00,37.39,37.34,48.06,37.39
2023-07-24T14:30:00-05:00,44.3,44.23,65.12,44.3
2023-07-24T14:45:00-05:00,41.9,41.84,63.15,41.9
2023-07-24T15:00:00-05:00,31.89,31.85,64.01,31.89
2023-07-24T15:15:00-05:00,47.22,47.14,77.21,47.22
2023-07-24T15:30:00-05:00,40.77,41.38,71.58,41.58
2023-07-24T15:45:00-05:00,50.43,51.26,82.87,51.54
2023-07-24T16:00:00-05:00,67.03,68.45,96.24,68.9
2023-07-24T16:15:00-05:00,46.18,48.56,68.41,49.1
2023-07-24T16:30:00-05:00,72.77,78.19,77.77,79.39
2023-07-24T16:45:00-05:00,48.63,52.7,62.98,53.55
2023-07-24T17:00:00-05:00,41.54,44.73,61.33,45.44
2023-07-24T17:15:00-05:00,37.52,39.31,42.32,39.74
2023-07-24T17:30:00-05:00,34.72,36.26,47.16,36.65
2023-07-24T17:45:00-05:00,29.19,31.03,33.58,31.63
2023-07-24T18:00:00-05:00,27.7,29.86,21.94,30.58
2023-07-24T18:15:00-05:00,28.91,30.91,17.47,31.71
2023-07-24T18:30:00-05:00,28.55,30.64,19.04,31.46
2023-07-24T18:45:00-05:00,28.2,30.12,25.44,30.9
2023-07-24T19:00:00-05:00,28.92,30.91,26.81,31.68
2023-07-24T19:15:00-05:00,38.92,40.45,37.52,43.21
2023-07-24T19:30:00-05:00,72.42,73.86,67.64,83.78
2023-07-24T19:45:00-05:00,85.75,84.71,82.51,116.76
2023-07-24T20:00:00-05:00,66.63,64.34,58.79,96.76
2023-07-24T20:15:00-05:00,58.39,54.91,55.08,85.92
2023-07-24T20:30:00-05:00,53.0,48.38,55.08,74.44
2023-07-24T20:45:00-05:00,36.54,31.55,39.39,59.97
2023-07-24T21:00:00-05:00,38.89,31.72,43.61,72.57
2023-07-24T21:15:00-05:00,29.88,25.31,32.68,49.58
2023-07-24T21:30:00-05:00,28.31,23.09,31.63,52.35
2023-07-24T21:45:00-05:00,26.21,21.02,29.53,50.96
2023-07-24T22:00:00-05:00,26.28,21.11,29.61,51.29
2023-07-24T22:15:00-05:00,25.49,22.75,27.23,47.62
2023-07-24T22:30:00-05:00,24.84,22.37,26.41,45.46
2023-07-24T22:45:00-05:00,23.97,20.88,26.69,41.66
2023-07-24T23:00:00-05:00,23.95,20.47,27.27,32.0
2023-07-24T23:15:00-05:00,23.36,20.0,26.67,25.29
2023-07-24T23:30:00-05:00,22.98,19.68,26.15,22.63
2023-07-24T23:45:00-05:00,22.35,19.04,25.6,25.4
2023-07-25T00:00:00-05:00,22.25,18.94,25.52,26.66
2023-07-25T00:15:00-05:00,22.37,19.06,25.62,26.67
2023-07-25T00:30:00-05:00,21.9,18.65,25.07,25.39
2023-07-25T00:45:00-05:00,20.91,17.73,23.95,21.98
2023-07-25T01:00:00-05:00,20.48,17.35,23.44,20.23
2023-07-25T01:15:00-05:00,19.73,16.64,22.63,19.52
2023-07-25T01:30:00-05:00,19.03,15.99,21.89,18.83
2023-07-25T01:45:00-05:00,18.56,15.56,21.38,18.38
2023-07-25T02:00:00-05:00,18.23,15.25,21.02,18.06
2023-07-25T02:15:00-05:00,16.75,13.87,19.44,16.56
2023-07-25T02:30:00-05:00,16.94,14.04,19.65,16.78
2023-07-25T02:45:00-05:00,16.06,13.25,18.7,15.83
2023-07-25T03:00:00-05:00,15.85,13.06,18.47,15.6
2023-07-25T03:15:00-05:00,15.49,12.81,18.04,15.02
2023-07-25T03:30:00-05:00,15.68,13.05,18.19,15.03
2023-07-25T03:45:00-05:00,15.46,12.79,17.99,14.97
2023-07-25T04:00:00-05:00,15.29,12.57,17.85,14.97
2023-07-25T04:15:00-05:00,15.6,13.08,17.92,15.73
2023-07-25T04:30:00-05:00,15.82,13.6,17.68,17.47
2023-07-25T04:45:00-05:00,16.19,14.34,17.55,19.13
2023-07-25T05:00:00-05:00,17.07,15.55,17.95,21.2
2023-07-25T05:15:00-05:00,17.57,16.33,18.21,21.56
2023-07-25T05:30:00-05:00,17.68,16.53,18.27,21.34
2023-07-25T05:45:00-05:00,17.84,16.41,18.59,22.35
2023-07-25T06:00:00-05:00,17.99,16.55,18.74,22.55
2023-07-25T06:15:00-05:00,17.94,16.51,18.7,22.5
2023-07-25T06:30:00-05:00,17.87,16.44,18.62,22.42
2023-07-25T06:45:00-05:00,17.82,16.35,18.59,22.48
2023-07-25T07:00:00-05:00,17.93,16.46,18.69,22.55
2023-07-25T07:15:00-05:00,18.0,16.54,18.77,22.62
2023-07-25T07:30:00-05:00,17.92,16.47,18.68,22.52
2023-07-25T07:45:00-05:00,17.74,16.31,18.49,22.3
2023-07-25T08:00:00-05:00,17.8,16.63,18.41,21.48
2023-07-25T08:15:00-05:00,18.0,17.15,18.45,20.71
2023-07-25T08:30:00-05:00,17.63,17.02,17.96,19.59
2023-07-25T08:45:00-05:00,17.54,16.94,17.86,19.45
2023-07-25T09:00:00-05:00,18.0,17.98,18.0,18.04
2023-07-25T09:15:00-05:00,18.33,18.14,18.44,18.95
2023-07-25T09:30:00-05:00,18.74,18.1,19.08,20.73
2023-07-25T09:45:00-05:00,20.14,19.47,20.51,22.25
2023-07-25T10:00:00-05:00,22.18,21.0,23.2,21.22
2023-07-25T10:15:00-05:00,25.42,24.07,26.87,24.49
2023-07-25T10:30:00-05:00,25.37,24.33,26.17,26.75
2023-07-25T10:45:00-05:00,25.4,24.54,25.86,28.01
2023-07-25T11:00:00-05:00,25.9,25.01,26.36,28.53
2023-07-25T11:15:00-05:00,27.9,27.81,27.84,27.78
2023-07-25T11:30:00-05:00,28.05,28.02,28.05,28.05
2023-07-25T11:45:00-05:00,29.61,29.58,29.61,29.61
2023-07-25T12:00:00-05:00,27.92,27.89,27.92,27.92
2023-07-25T12:15:00-05:00,28.73,28.7,28.73,28.73
2023-07-25T12:30:00-05:00,34.04,34.0,34.04,34.04
2023-07-25T12:45:00-05:00,41.42,41.35,41.42,41.42
2023-07-25T13:00:00-05:00,27.25,27.23,27.25,27.25
2023-07-25T13:15:00-05:00,26.7,25.72,27.54,26.41
2023-07-25T13:30:00-05:00,26.47,25.66,27.38,25.47
2023-07-25T13:45:00-05:00,25.96,26.35,26.93,24.42
2023-07-25T14:00:00-05:00,44.88,72.68,40.82,21.64
2023-07-25T14:15:00-05:00,26.31,35.02,25.76,18.31
2023-07-25T14:30:00-05:00,24.78,26.4,25.66,22.14
2023-07-25T14:45:00-05:00,25.29,26.94,26.17,21.88
2023-07-25T15:00:00-05:00,25.85,27.04,26.74,22.89
2023-07-25T15:15:00-05:00,25.4,27.85,25.84,23.85
2023-07-25T15:30:00-05:00,25.43,27.84,32.47,21.22
2023-07-25T15:45:00-05:00,27.61,38.54,25.87,16.86
2023-07-25T16:00:00-05:00,27.33,37.31,25.97,19.09
2023-07-25T16:15:00-05:00,27.84,37.02,36.44,20.34
2023-07-25T16:30:00-05:00,27.02,32.46,43.95,21.92
2023-07-25T16:45:00-05:00,34.14,53.61,35.8,19.06
2023-07-25T17:00:00-05:00,27.5,33.15,29.72,22.13
2023-07-25T17:15:00-05:00,27.99,36.46,29.04,21.07
2023-07-25T17:30:00-05:00,29.04,35.58,26.11,22.29
2023-07-25T17:45:00-05:00,27.72,33.22,23.48,22.76
2023-07-25T18:00:00-05:00,26.87,28.44,21.27,24.21
2023-07-25T18:15:00-05:00,26.31,27.32,19.51,26.06
2023-07-25T18:30:00-05:00,27.86,27.89,19.89,30.64
2023-07-25T18:45:00-05:00,30.08,33.27,20.4,31.06
2023-07-25T19:00:00-05:00,29.28,29.79,19.25,33.72
2023-07-25T19:15:00-05:00,33.78,34.65,21.27,39.89
2023-07-25T19:30:00-05:00,60.94,61.73,37.57,71.18
2023-07-25T19:45:00-05:00,94.67,98.25,61.43,114.91
2023-07-25T20:00:00-05:00,55.24,55.97,41.33,65.72
2023-07-25T20:15:00-05:00,69.46,70.22,53.26,85.8
2023-07-25T20:30:00-05:00,66.03,65.89,55.26,82.11
2023-07-25T20:45:00-05:00,67.13,58.84,69.73,120.52
2023-07-25T21:00:00-05:00,58.78,53.38,56.72,93.71
2023-07-25T21:15:00-05:00,42.83,33.56,47.94,93.24
2023-07-25T21:30:00-05:00,32.51,28.78,33.92,50.27
2023-07-25T21:45:00-05:00,31.62,27.52,33.25,51.6
2023-07-25T22:00:00-05:00,37.21,28.45,43.15,87.26
2023-07-25T22:15:00-05:00,44.71,40.88,47.14,70.28
2023-07-25T22:30:00-05:00,32.08,29.79,33.38,43.92
2023-07-25T22:45:00-05:00,28.67,26.86,29.61,34.06
2023-07-25T23:00:00-05:00,30.41,28.56,31.38,35.97
2023-07-25T23:15:00-05:00,29.09,27.27,30.04,34.59
2023-07-25T23:30:00-05:00,26.81,25.05,27.72,32.13
2023-07-25T23:45:00-05:00,26.29,24.55,27.19,31.57
2023-07-26T00:00:00-05:00,25.94,24.22,26.83,31.22
2023-07-26T00:15:00-05:00,24.69,22.99,25.57,29.85
2023-07-26T00:30:00-05:00,24.28,22.6,25.15,29.41
2023-07-26T00:45:00-05:00,23.18,21.54,24.04,28.22
2023-07-26T01:00:00-05:00,22.72,21.1,23.56,27.68
2023-07-26T01:15:00-05:00,23.86,22.23,24.7,28.87
2023-07-26T01:30:00-05:00,23.29,21.68,24.12,28.27
2023-07-26T01:45:00-05:00,22.73,21.14,23.55,27.66
2023-07-26T02:00:00-05:00,22.23,20.65,23.04,27.13
2023-07-26T02:15:00-05:00,22.18,20.6,22.99,27.09
2023-07-26T02:30:00-05:00,22.07,20.51,22.88,26.93
2023-07-26T02:45:00-05:00,21.34,19.93,22.07,25.73
2023-07-26T03:00:00-05:00,21.04,19.72,21.72,25.17
2023-07-26T03:15:00-05:00,21.06,19.81,21.7,24.95
2023-07-26T03:30:00-05:00,20.8,19.56,21.43,24.63
2023-07-26T03:45:00-05:00,20.83,19.61,21.45,24.64
2023-07-26T04:00:00-05:00,20.77,19.58,21.38,24.48
2023-07-26T04:15:00-05:00,20.48,19.29,21.08,24.18
2023-07-26T04:30:00-05:00,20.42,19.24,21.03,24.12
2023-07-26T04:45:00-05:00,20.29,19.11,20.9,23.99
2023-07-26T05:00:00-05:00,19.83,18.66,20.43,23.49
2023-07-26T05:15:00-05:00,20.11,19.12,20.62,23.21
2023-07-26T05:30:00-05:00,20.41,20.21,20.51,21.03
2023-07-26T05:45:00-05:00,21.02,21.02,21.02,21.02
2023-07-26T06:00:00-05:00,22.13,22.13,22.13,22.13
2023-07-26T06:15:00-05:00,22.85,22.85,22.85,22.85
2023-07-26T06:30:00-05:00,22.63,22.63,22.63,22.63
2023-07-26T06:45:00-05:00,22.19,22.19,22.19,22.19
2023-07-26T07:00:00-05:00,21.63,21.63,21.63,21.63
2023-07-26T07:15:00-05:00,21.56,21.56,21.56,21.56
2023-07-26T07:30:00-05:00,21.25,21.25,21.25,21.25
2023-07-26T07:45:00-05:00,20.76,20.73,20.73,20.67
2023-07-26T08:00:00-05:00,20.87,20.87,20.87,20.86
2023-07-26T08:15:00-05:00,20.77,20.77,20.77,20.77
2023-07-26T08:30:00-05:00,19.26,19.26,19.26,19.26
2023-07-26T08:45:00-05:00,18.87,18.87,18.87,18.87
2023-07-26T09:00:00-05:00,20.04,20.04,20.04,20.04
2023-07-26T09:15:00-05:00,21.55,21.55,21.55,21.55
2023-07-26T09:30:00-05:00,21.7,21.7,21.7,21.7
2023-07-26T09:45:00-05:00,21.72,21.27,22.21,18.83
2023-07-26T10:00:00-05:00,23.58,23.1,24.1,20.53
2023-07-26T10:15:00-05:00,26.23,24.23,24.76,21.49
2023-07-26T10:30:00-05:00,24.21,23.43,24.31,20.78
2023-07-26T10:45:00-05:00,26.05,24.18,24.77,21.47
2023-07-26T11:00:00-05:00,30.04,24.6,23.56,21.5
2023-07-26T11:15:00-05:00,30.76,25.66,24.58,20.64
2023-07-26T11:30:00-05:00,32.39,27.84,26.46,26.18
2023-07-26T11:45:00-05:00,30.48,27.47,27.38,24.63
2023-07-26T12:00:00-05:00,27.65,32.74,35.27,25.32
2023-07-26T12:15:00-05:00,47.63,57.57,57.42,43.54
2023-07-26T12:30:00-05:00,31.73,40.48,36.6,29.76
2023-07-26T12:45:00-05:00,44.58,71.13,50.08,44.41
2023-07-26T13:00:00-05:00,42.3,102.39,46.46,46.62
2023-07-26T13:15:00-05:00,52.93,155.44,54.68,63.7
2023-07-26T13:30:00-05:00,45.24,139.43,50.44,58.49
2023-07-26T13:45:00-05:00,47.47,89.76,59.47,53.67
2023-07-26T14:00:00-05:00,41.04,61.05,62.23,44.3
2023-07-26T14:15:00-05:00,47.81,61.44,69.85,50.27
2023-07-26T14:30:00-05:00,46.77,60.23,74.44,49.28
2023-07-26T14:45:00-05:00,64.64,93.51,100.72,69.48
2023-07-26T15:00:00-05:00,61.46,63.19,87.07,62.5
2023-07-26T15:15:00-05:00,57.77,58.25,90.63,58.6
2023-07-26T15:30:00-05:00,43.4,43.8,64.06,44.08
2023-07-26T15:45:00-05:00,73.61,74.22,97.46,74.57
2023-07-26T16:00:00-05:00,74.29,74.8,105.18,75.26
2023-07-26T16:15:00-05:00,86.76,87.3,113.8,87.84
2023-07-26T16:30:00-05:00,67.74,67.19,92.18,67.27
2023-07-26T16:45:00-05:00,71.33,73.73,66.61,74.25
2023-07-26T17:00:00-05:00,53.47,56.37,55.18,57.03
2023-07-26T17:15:00-05:00,70.64,75.0,65.15,75.97
2023-07-26T17:30:00-05:00,70.9,74.68,66.83,75.49
2023-07-26T17:45:00-05:00,70.42,75.71,49.18,76.7
2023-07-26T18:00:00-05:00,58.14,61.38,44.24,62.01
2023-07-26T18:15:00-05:00,66.99,71.03,42.74,71.79
2023-07-26T18:30:00-05:00,57.8,59.07,47.53,59.37
2023-07-26T18:45:00-05:00,79.47,83.87,52.26,84.71
2023-07-26T19:00:00-05:00,69.14,71.5,50.6,71.98
2023-07-26T19:15:00-05:00,112.82,118.98,75.0,120.15
2023-07-26T19:30:00-05:00,189.6,203.54,103.38,206.1
2023-07-26T19:45:00-05:00,176.24,186.65,97.03,188.87
2023-07-26T20:00:00-05:00,179.34,193.02,109.31,195.72
2023-07-26T20:15:00-05:00,104.2,108.86,64.09,110.14
2023-07-26T20:30:00-05:00,67.39,68.25,46.96,73.82
2023-07-26T20:45:00-05:00,73.59,70.57,52.23,96.32
2023-07-26T21:00:00-05:00,58.51,56.95,46.58,69.59
2023-07-26T21:15:00-05:00,50.26,47.7,43.31,63.34
2023-07-26T21:30:00-05:00,34.25,31.99,30.86,45.2
2023-07-26T21:45:00-05:00,61.33,36.21,35.28,97.08
2023-07-26T22:00:00-05:00,40.33,36.75,40.46,52.93
2023-07-26T22:15:00-05:00,34.26,30.82,35.88,45.8
2023-07-26T22:30:00-05:00,34.13,28.99,32.19,43.13
2023-07-26T22:45:00-05:00,31.11,27.73,31.84,40.79
2023-07-26T23:00:00-05:00,32.07,28.84,33.74,43.21
2023-07-26T23:15:00-05:00,31.47,28.33,33.11,42.39
2023-07-26T23:30:00-05:00,29.06,26.04,30.63,39.54
2023-07-26T23:45:00-05:00,26.61,23.98,27.99,35.69
2023-07-27T00:00:00-05:00,24.4,21.89,25.71,33.03
2023-07-27T00:15:00-05:00,24.53,22.02,25.84,33.19
2023-07-27T00:30:00-05:00,23.43,21.17,24.61,31.07
2023-07-27T00:45:00-05:00,22.42,20.54,23.4,28.54
2023-07-27T01:00:00-05:00,21.71,20.44,22.37,25.6
2023-07-27T01:15:00-05:00,21.99,20.73,22.65,25.86
2023-07-27T01:30:00-05:00,22.05,20.79,22.7,25.93
2023-07-27T01:45:00-05:00,21.4,20.16,22.04,25.25
2023-07-27T02:00:00-05:00,20.02,18.81,20.65,23.79
2023-07-27T02:15:00-05:00,19.94,18.73,20.56,23.71
2023-07-27T02:30:00-05:00,19.61,18.4,20.23,23.37
2023-07-27T02:45:00-05:00,19.36,18.16,19.98,23.1
2023-07-27T03:00:00-05:00,19.22,18.02,19.83,22.92
2023-07-27T03:15:00-05:00,19.24,18.04,19.85,22.95
2023-07-27T03:30:00-05:00,19.29,18.12,19.89,22.92
2023-07-27T03:45:00-05:00,18.73,17.8,19.21,21.64
2023-07-27T04:00:00-05:00,19.03,18.88,19.11,19.49
2023-07-27T04:15:00-05:00,19.02,19.02,19.02,19.02
2023-07-27T04:30:00-05:00,18.52,18.52,18.52,18.52
2023-07-27T04:45:00-05:00,18.24,18.24,18.24,18.24
2023-07-27T05:00:00-05:00,18.92,18.92,18.92,18.92
2023-07-27T05:15:00-05:00,19.11,19.11,19.11,19.11
2023-07-27T05:30:00-05:00,18.94,18.94,18.94,18.94
2023-07-27T05:45:00-05:00,19.67,19.67,19.67,19.67
2023-07-27T06:00:00-05:00,20.7,20.7,20.7,20.7
2023-07-27T06:15:00-05:00,21.01,21.01,21.01,21.01
2023-07-27T06:30:00-05:00,20.79,20.79,20.79,20.79
2023-07-27T06:45:00-05:00,20.91,20.91,20.91,20.91
2023-07-27T07:00:00-05:00,21.11,21.11,21.11,21.11
2023-07-27T07:15:00-05:00,21.31,21.31,21.31,21.31
2023-07-27T07:30:00-05:00,20.88,20.88,20.88,20.88
2023-07-27T07:45:00-05:00,20.66,20.66,20.66,20.66
2023-07-27T08:00:00-05:00,21.61,21.61,21.61,21.61
2023-07-27T08:15:00-05:00,21.42,21.42,21.42,21.42
2023-07-27T08:30:00-05:00,23.82,22.34,20.93,22.02
2023-07-27T08:45:00-05:00,21.08,20.36,19.69,20.21
2023-07-27T09:00:00-05:00,20.11,20.09,20.08,20.09
2023-07-27T09:15:00-05:00,20.81,20.81,20.81,20.81
2023-07-27T09:30:00-05:00,21.5,21.46,21.46,21.45
2023-07-27T09:45:00-05:00,23.68,23.56,23.52,23.52
2023-07-27T10:00:00-05:00,23.72,23.72,23.72,23.72
2023-07-27T10:15:00-05:00,30.85,24.75,22.52,24.31
2023-07-27T10:30:00-05:00,25.13,25.32,24.91,25.3
2023-07-27T10:45:00-05:00,24.98,24.98,24.97,24.98
2023-07-27T11:00:00-05:00,24.93,24.68,24.59,24.66
2023-07-27T11:15:00-05:00,50.16,47.83,46.8,47.63
2023-07-27T11:30:00-05:00,51.68,51.53,51.46,51.52
2023-07-27T11:45:00-05:00,40.89,40.85,40.89,40.89
2023-07-27T12:00:00-05:00,32.37,32.33,32.37,32.37
2023-07-27T12:15:00-05:00,43.36,43.28,43.36,43.36
2023-07-27T12:30:00-05:00,49.54,49.44,49.54,49.54
2023-07-27T12:45:00-05:00,49.08,48.98,49.08,49.08
2023-07-27T13:00:00-05:00,28.49,28.46,28.49,28.49
2023-07-27T13:15:00-05:00,29.25,29.32,29.12,29.35
2023-07-27T13:30:00-05:00,30.68,31.07,29.74,31.17
2023-07-27T13:45:00-05:00,37.61,38.03,36.25,38.08
2023-07-27T14:00:00-05:00,43.21,44.66,39.84,45.01
2023-07-27T14:15:00-05:00,30.47,30.97,29.3,31.08
2023-07-27T14:30:00-05:00,30.44,31.25,28.72,31.23
2023-07-27T14:45:00-05:00,31.44,32.6,28.99,32.35
2023-07-27T15:00:00-05:00,39.0,40.64,35.44,40.44
2023-07-27T15:15:00-05:00,42.49,44.5,36.64,44.56
2023-07-27T15:30:00-05:00,47.98,49.74,42.32,49.7
2023-07-27T15:45:00-05:00,30.34,30.7,31.85,30.71
2023-07-27T16:00:00-05:00,30.17,30.86,29.03,30.85
2023-07-27T16:15:00-05:00,35.56,36.7,22.24,36.96
2023-07-27T16:30:00-05:00,38.52,39.49,30.6,39.69
2023-07-27T16:45:00-05:00,38.59,39.73,38.53,39.99
2023-07-27T17:00:00-05:00,30.85,31.31,20.82,31.44
2023-07-27T17:15:00-05:00,38.86,40.43,23.92,40.79
2023-07-27T17:30:00-05:00,40.49,41.59,26.03,41.82
2023-07-27T17:45:00-05:00,35.0,35.7,22.97,35.82
2023-07-27T18:00:00-05:00,29.73,30.95,19.0,31.18
2023-07-27T18:15:00-05:00,26.87,28.65,16.99,28.98
2023-07-27T18:30:00-05:00,28.71,29.9,16.94,30.11
2023-07-27T18:45:00-05:00,33.02,33.83,26.98,33.99
2023-07-27T19:00:00-05:00,32.53,33.11,32.87,33.26
2023-07-27T19:15:00-05:00,38.99,40.55,35.92,41.0
2023-07-27T19:30:00-05:00,50.74,53.18,28.31,53.89
2023-07-27T19:45:00-05:00,69.56,74.17,35.4,75.46
2023-07-27T20:00:00-05:00,41.43,42.91,24.45,43.54
2023-07-27T20:15:00-05:00,51.57,53.79,30.85,54.66
2023-07-27T20:30:00-05:00,56.85,59.58,34.3,60.65
2023-07-27T20:45:00-05:00,38.23,40.08,24.05,40.82
2023-07-27T21:00:00-05:00,29.77,29.79,23.12,35.99
2023-07-27T21:15:00-05:00,28.99,28.04,25.68,36.72
2023-07-27T21:30:00-05:00,26.9,25.24,25.51,36.97
2023-07-27T21:45:00-05:00,26.63,25.79,24.44,31.65
2023-07-27T22:00:00-05:00,25.94,24.91,24.99,30.49
2023-07-27T22:15:00-05:00,26.64,25.68,24.9,31.45
2023-07-27T22:30:00-05:00,26.0,25.0,24.56,30.64
2023-07-27T22:45:00-05:00,25.5,24.46,24.39,30.03
2023-07-27T23:00:00-05:00,27.22,26.06,26.88,31.6
2023-07-27T23:15:00-05:00,26.79,25.52,27.11,30.86
2023-07-27T23:30:00-05:00,25.8,24.6,26.15,29.29
2023-07-27T23:45:00-05:00,23.1,22.22,23.36,25.66
2023-07-28T00:00:00-05:00,22.07,21.84,21.28,21.82
2023-07-28T00:15:00-05:00,21.26,21.14,20.84,21.1
2023-07-28T00:30:00-05:00,20.95,20.86,20.59,20.82
2023-07-28T00:45:00-05:00,21.08,20.99,20.75,20.96
2023-07-28T01:00:00-05:00,21.31,21.28,21.09,21.25
2023-07-28T01:15:00-05:00,20.74,20.72,20.6,20.7
2023-07-28T01:30:00-05:00,19.83,19.83,19.83,19.83
2023-07-28T01:45:00-05:00,19.14,19.14,19.14,19.14
2023-07-28T02:00:00-05:00,18.82,18.82,18.82,18.82
2023-07-28T02:15:00-05:00,18.96,18.96,18.96,18.96
2023-07-28T02:30:00-05:00,18.66,18.66,18.66,18.66
2023-07-28T02:45:00-05:00,17.86,17.86,17.86,17.86
2023-07-28T03:00:00-05:00,17.79,17.79,17.79,17.79
2023-07-28T03:15:00-05:00,18.1,18.1,18.1,18.1
2023-07-28T03:30:00-05:00,17.95,17.95,17.95,17.95
2023-07-28T03:45:00-05:00,18.34,18.34,18.34,18.34
2023-07-28T04:00:00-05:00,18.66,18.66,18.66,18.66
2023-07-28T04:15:00-05:00,18.61,18.61,18.61,18.61
2023-07-28T04:30:00-05:00,18.57,18.57,18.57,18.57
2023-07-28T04:45:00-05:00,18.61,18.61,18.61,18.61
2023-07-28T05:00:00-05:00,19.34,19.34,19.34,19.34
2023-07-28T05:15:00-05:00,19.2,19.2,19.2,19.2
2023-07-28T05:30:00-05:00,19.54,19.54,19.54,19.54
2023-07-28T05:45:00-05:00,19.33,19.33,19.33,19.33
2023-07-28T06:00:00-05:00,19.22,19.22,19.22,19.22
2023-07-28T06:15:00-05:00,19.44,19.44,19.44,19.44
2023-07-28T06:30:00-05:00,19.42,19.42,19.42,19.42
2023-07-28T06:45:00-05:00,19.03,19.03,19.03,19.03
2023-07-28T07:00:00-05:00,19.5,19.5,19.5,19.5
2023-07-28T07:15:00-05:00,20.05,19.67,20.34,27.09
2023-07-28T07:30:00-05:00,19.2,19.2,19.2,19.26
2023-07-28T07:45:00-05:00,18.95,18.95,18.95,18.95
2023-07-28T08:00:00-05:00,18.84,18.84,18.84,18.84
2023-07-28T08:15:00-05:00,18.99,18.99,18.99,18.99
2023-07-28T08:30:00-05:00,18.83,18.83,18.83,18.83
2023-07-28T08:45:00-05:00,18.42,18.42,18.42,18.42
2023-07-28T09:00:00-05:00,18.15,18.15,18.15,18.15
2023-07-28T09:15:00-05:00,18.82,18.82,18.82,18.82
2023-07-28T09:30:00-05:00,19.24,19.05,19.49,18.72
2023-07-28T09:45:00-05:00,20.2,19.55,21.06,18.45
2023-07-28T10:00:00-05:00,21.7,21.68,21.71,21.66
2023-07-28T10:15:00-05:00,23.17,23.17,23.17,23.17
2023-07-28T10:30:00-05:00,22.77,22.77,22.77,22.77
2023-07-28T10:45:00-05:00,23.17,22.39,22.08,22.33
2023-07-28T11:00:00-05:00,24.85,23.22,22.54,23.1
2023-07-28T11:15:00-05:00,26.57,26.56,26.56,26.56
2023-07-28T11:30:00-05:00,29.15,29.15,29.15,29.15
2023-07-28T11:45:00-05:00,28.38,28.38,28.38,28.38
2023-07-28T12:00:00-05:00,28.44,28.44,28.44,28.44
2023-07-28T12:15:00-05:00,59.09,59.09,59.09,59.09
2023-07-28T12:30:00-05:00,31.09,31.09,31.09,31.09
2023-07-28T12:45:00-05:00,34.87,34.87,34.87,34.87
2023-07-28T13:00:00-05:00,30.71,30.71,30.71,30.71
2023-07-28T13:15:00-05:00,45.6,45.6,45.6,45.6
2023-07-28T13:30:00-05:00,62.93,63.41,61.98,63.5
2023-07-28T13:45:00-05:00,56.89,59.28,51.91,59.74
2023-07-28T14:00:00-05:00,52.35,55.46,43.46,56.32
2023-07-28T14:15:00-05:00,62.2,66.7,49.15,67.98
2023-07-28T14:30:00-05:00,40.24,42.29,33.21,43.01
2023-07-28T14:45:00-05:00,31.65,32.67,27.06,33.15
2023-07-28T15:00:00-05:00,58.87,62.67,36.45,63.57
2023-07-28T15:15:00-05:00,70.97,74.79,50.99,75.86
2023-07-28T15:30:00-05:00,60.11,63.94,41.39,64.93
2023-07-28T15:45:00-05:00,82.98,89.42,47.43,90.77
2023-07-28T16:00:00-05:00,69.13,74.81,34.98,75.9
2023-07-28T16:15:00-05:00,74.73,80.17,41.89,81.36
2023-07-28T16:30:00-05:00,75.01,80.21,43.92,81.33
2023-07-28T16:45:00-05:00,81.06,86.69,49.35,87.75
2023-07-28T17:00:00-05:00,53.71,56.92,34.97,57.56
2023-07-28T17:15:00-05:00,69.14,74.37,38.22,75.38
2023-07-28T17:30:00-05:00,72.88,78.47,39.32,79.96
2023-07-28T17:45:00-05:00,68.76,74.51,34.7,75.9
2023-07-28T18:00:00-05:00,58.94,63.8,29.89,65.13
2023-07-28T18:15:00-05:00,50.0,54.16,25.29,55.42
2023-07-28T18:30:00-05:00,37.64,40.44,19.54,41.45
2023-07-28T18:45:00-05:00,38.12,41.16,20.06,42.2
2023-07-28T19:00:00-05:00,36.18,38.71,19.69,39.66
2023-07-28T19:15:00-05:00,52.95,56.7,27.55,57.86
2023-07-28T19:30:00-05:00,68.46,73.66,34.73,75.09
2023-07-28T19:45:00-05:00,129.32,140.21,66.11,142.65
2023-07-28T20:00:00-05:00,51.06,54.84,29.05,56.04
2023-07-28T20:15:00-05:00,52.52,55.47,37.8,56.71
2023-07-28T20:30:00-05:00,41.39,42.91,32.74,43.9
2023-07-28T20:45:00-05:00,34.29,34.39,29.74,39.65
2023-07-28T21:00:00-05:00,29.51,29.31,28.61,32.18
2023-07-28T21:15:00-05:00,27.8,27.57,27.88,29.34
2023-07-28T21:30:00-05:00,26.6,26.11,26.65,30.09
2023-07-28T21:45:00-05:00,26.25,25.31,26.77,29.5
2023-07-28T22:00:00-05:00,27.45,26.88,27.75,29.07
2023-07-28T22:15:00-05:00,27.02,25.97,27.56,29.99
2023-07-28T22:30:00-05:00,26.77,26.65,26.83,27.11
2023-07-28T22:45:00-05:00,26.03,25.34,26.39,28.0
2023-07-28T23:00:00-05:00,25.57,24.56,26.1,28.48
2023-07-28T23:15:00-05:00,24.43,23.32,25.01,27.63
2023-07-28T23:30:00-05:00,23.5,22.31,24.11,26.94
2023-07-28T23:45:00-05:00,22.92,21.75,23.52,26.3
2023-07-29T00:00:00-05:00,21.93,21.59,22.1,22.9
2023-07-29T00:15:00-05:00,22.35,21.13,22.98,25.89
2023-07-29T00:30:00-05:00,21.74,20.51,22.37,25.3
2023-07-29T00:45:00-05:00,21.21,19.96,21.84,24.83
2023-07-29T01:00:00-05:00,21.14,19.86,21.79,24.88
2023-07-29T01:15:00-05:00,21.7,20.34,22.39,25.66
2023-07-29T01:30:00-05:00,21.01,19.69,21.68,24.88
2023-07-29T01:45:00-05:00,20.15,18.93,20.78,23.74
2023-07-29T02:00:00-05:00,19.73,18.53,20.35,23.29
2023-07-29T02:15:00-05:00,19.36,18.16,19.97,22.91
2023-07-29T02:30:00-05:00,18.88,17.69,19.49,22.39
2023-07-29T02:45:00-05:00,18.59,17.42,19.18,22.04
2023-07-29T03:00:00-05:00,18.09,17.05,18.61,21.16
2023-07-29T03:15:00-05:00,17.73,16.83,18.18,20.37
2023-07-29T03:30:00-05:00,17.31,17.01,17.47,18.21
2023-07-29T03:45:00-05:00,17.31,17.31,17.31,17.31
2023-07-29T04:00:00-05:00,17.02,17.02,17.02,17.02
2023-07-29T04:15:00-05:00,17.02,17.02,17.02,17.02
2023-07-29T04:30:00-05:00,17.3,17.3,17.3,17.3
2023-07-29T04:45:00-05:00,17.75,17.75,17.75,17.75
2023-07-29T05:00:00-05:00,18.59,18.59,18.59,18.59
2023-07-29T05:15:00-05:00,18.48,18.48,18.48,18.48
2023-07-29T05:30:00-05:00,18.32,18.32,18.32,18.32
2023-07-29T05:45:00-05:00,18.37,18.37,18.37,18.37
2023-07-29T06:00:00-05:00,18.22,18.22,18.22,18.22
2023-07-29T06:15:00-05:00,18.11,18.11,18.11,18.11
2023-07-29T06:30:00-05:00,17.82,17.82,17.82,17.82
2023-07-29T06:45:00-05:00,17.25,17.25,17.25,17.25
2023-07-29T07:00:00-05:00,17.12,17.12,17.12,17.12
2023-07-29T07:15:00-05:00,17.46,17.46,17.46,17.46
2023-07-29T07:30:00-05:00,17.05,17.05,17.05,17.05
2023-07-29T07:45:00-05:00,16.7,16.7,16.7,16.7
2023-07-29T08:00:00-05:00,16.89,16.89,16.89,16.89
2023-07-29T08:15:00-05:00,17.01,17.01,17.01,17.01
2023-07-29T08:30:00-05:00,17.18,17.18,17.18,17.18
2023-07-29T08:45:00-05:00,16.93,16.93,16.93,16.93
2023-07-29T09:00:00-05:00,17.63,17.63,17.63,17.63
2023-07-29T09:15:00-05:00,18.1,18.1,18.1,18.1
2023-07-29T09:30:00-05:00,18.17,18.17,18.17,18.17
2023-07-29T09:45:00-05:00,18.5,18.5,18.5,18.5
2023-07-29T10:00:00-05:00,20.21,20.21,20.2,20.21
2023-07-29T10:15:00-05:00,21.63,21.63,21.63,21.63
2023-07-29T10:30:00-05:00,21.39,21.39,21.39,21.39
2023-07-29T10:45:00-05:00,22.18,22.18,22.18,22.18
2023-07-29T11:00:00-05:00,23.42,23.42,23.42,23.42
2023-07-29T11:15:00-05:00,26.24,26.24,26.24,26.24
2023-07-29T11:30:00-05:00,27.96,27.96,27.96,27.96
2023-07-29T11:45:00-05:00,53.3,53.3,53.3,53.3
2023-07-29T12:00:00-05:00,31.47,31.47,31.47,31.47
2023-07-29T12:15:00-05:00,27.46,27.46,27.46,27.46
2023-07-29T12:30:00-05:00,27.51,27.51,27.51,27.51
2023-07-29T12:45:00-05:00,28.55,28.55,28.55,28.55
2023-07-29T13:00:00-05:00,27.6,27.6,27.6,27.6
2023-07-29T13:15:00-05:00,27.47,27.47,27.47,27.47
2023-07-29T13:30:00-05:00,32.4,32.4,32.4,32.4
2023-07-29T13:45:00-05:00,39.56,39.56,39.56,39.56
2023-07-29T14:00:00-05:00,30.45,30.45,30.45,30.45
2023-07-29T14:15:00-05:00,31.93,31.93,31.68,31.93
2023-07-29T14:30:00-05:00,28.89,28.89,27.43,28.89
2023-07-29T14:45:00-05:00,39.6,40.46,35.71,40.53
2023-07-29T15:00:00-05:00,61.72,63.91,51.11,64.09
2023-07-29T15:15:00-05:00,72.51,74.21,59.76,74.31
2023-07-29T15:30:00-05:00,48.28,51.49,28.63,52.07
2023-07-29T15:45:00-05:00,33.94,35.46,24.49,35.74
2023-07-29T16:00:00-05:00,33.97,35.29,25.69,35.53
2023-07-29T16:15:00-05:00,48.42,50.93,33.11,51.39
2023-07-29T16:30:00-05:00,52.23,54.98,35.95,55.48
2023-07-29T16:45:00-05:00,57.81,61.48,35.51,62.17
2023-07-29T17:00:00-05:00,29.41,30.6,21.88,30.97
2023-07-29T17:15:00-05:00,28.51,29.45,22.5,29.76
2023-07-29T17:30:00-05:00,29.38,30.45,22.65,30.76
2023-07-29T17:45:00-05:00,30.45,31.65,22.88,32.0
2023-07-29T18:00:00-05:00,28.57,29.63,21.91,29.97
2023-07-29T18:15:00-05:00,28.91,30.1,21.45,30.48
2023-07-29T18:30:00-05:00,28.13,29.08,22.28,29.47
2023-07-29T18:45:00-05:00,29.78,30.88,22.86,31.25
2023-07-29T19:00:00-05:00,41.62,43.78,28.29,44.35
2023-07-29T19:15:00-05:00,39.4,41.67,25.59,42.22
2023-07-29T19:30:00-05:00,60.92,65.04,35.85,65.99
2023-07-29T19:45:00-05:00,63.17,66.97,40.3,68.12
2023-07-29T20:00:00-05:00,50.67,53.35,34.18,54.76
2023-07-29T20:15:00-05:00,44.53,46.57,32.16,47.74
2023-07-29T20:30:00-05:00,40.19,41.64,31.34,42.69
2023-07-29T20:45:00-05:00,38.09,39.26,30.84,40.13
2023-07-29T21:00:00-05:00,35.29,35.65,33.32,35.91
2023-07-29T21:15:00-05:00,27.9,28.0,27.47,28.07
2023-07-29T21:30:00-05:00,27.1,27.15,26.9,27.18
2023-07-29T21:45:00-05:00,27.49,27.49,27.49,27.49
2023-07-29T22:00:00-05:00,27.46,27.46,27.46,27.46
2023-07-29T22:15:00-05:00,27.55,27.55,27.44,27.53
2023-07-29T22:30:00-05:00,26.78,26.78,26.78,26.78
2023-07-29T22:45:00-05:00,25.59,25.59,25.59,25.59
2023-07-29T23:00:00-05:00,26.54,26.54,26.54,26.54
2023-07-29T23:15:00-05:00,26.47,26.47,26.47,26.47
2023-07-29T23:30:00-05:00,26.17,26.17,26.17,26.17
2023-07-29T23:45:00-05:00,24.75,24.75,24.75,24.75
2023-07-30T00:00:00-05:00,23.02,23.02,23.02,23.02
2023-07-30T00:15:00-05:00,21.64,21.64,21.64,21.64
2023-07-30T00:30:00-05:00,21.51,21.51,21.51,21.51
2023-07-30T00:45:00-05:00,21.13,21.13,21.13,21.13
2023-07-30T01:00:00-05:00,20.49,20.49,20.49,20.49
2023-07-30T01:15:00-05:00,20.27,20.27,20.27,20.27
2023-07-30T01:30:00-05:00,19.3,19.3,19.3,19.3
2023-07-30T01:45:00-05:00,19.15,19.15,19.15,19.15
2023-07-30T02:00:00-05:00,19.0,19.0,19.0,19.0
2023-07-30T02:15:00-05:00,18.49,18.49,18.49,18.49
2023-07-30T02:30:00-05:00,18.41,18.41,18.41,18.41
2023-07-30T02:45:00-05:00,18.53,18.53,18.53,18.53
2023-07-30T03:00:00-05:00,17.97,17.97,17.97,17.97
2023-07-30T03:15:00-05:00,17.87,17.87,17.87,17.87
2023-07-30T03:30:00-05:00,17.84,17.84,17.84,17.84
2023-07-30T03:45:00-05:00,17.74,17.74,17.74,17.74
2023-07-30T04:00:00-05:00,17.86,17.86,17.86,17.86
2023-07-30T04:15:00-05:00,17.5,17.5,17.5,17.5
2023-07-30T04:30:00-05:00,17.52,17.52,17.52,17.52
2023-07-30T04:45:00-05:00,17.64,17.64,17.64,17.64
2023-07-30T05:00:00-05:00,17.37,17.37,17.37,17.37
2023-07-30T05:15:00-05:00,17.3,17.3,17.3,17.3
2023-07-30T05:30:00-05:00,17.8,17.8,17.8,17.8
2023-07-30T05:45:00-05:00,17.8,17.8,17.8,17.8
2023-07-30T06:00:00-05:00,17.69,17.69,17.69,17.69
2023-07-30T06:15:00-05:00,17.57,17.57,17.57,17.57
2023-07-30T06:30:00-05:00,17.38,17.38,17.38,17.38
2023-07-30T06:45:00-05:00,17.26,17.26,17.26,17.26
2023-07-30T07:00:00-05:00,17.27,17.27,17.27,17.27
2023-07-30T07:15:00-05:00,16.96,16.96,16.96,16.96
2023-07-30T07:30:00-05:00,16.39,16.39,16.39,16.39
2023-07-30T07:45:00-05:00,16.02,16.02,16.02,16.02
2023-07-30T08:00:00-05:00,15.99,15.99,15.99,15.99
2023-07-30T08:15:00-05:00,16.34,16.34,16.34,16.34
2023-07-30T08:30:00-05:00,16.67,16.67,16.67,16.67
2023-07-30T08:45:00-05:00,16.75,16.75,16.75,16.75
2023-07-30T09:00:00-05:00,17.55,17.55,17.55,17.55
2023-07-30T09:15:00-05:00,17.79,17.79,17.79,17.79
2023-07-30T09:30:00-05:00,18.27,18.27,18.27,18.27
2023-07-30T09:45:00-05:00,19.28,19.28,19.28,19.28
2023-07-30T10:00:00-05:00,20.54,20.54,20.54,20.54
2023-07-30T10:15:00-05:00,22.35,22.35,22.35,22.35
2023-07-30T10:30:00-05:00,24.18,24.18,24.18,24.18
2023-07-30T10:45:00-05:00,27.06,27.06,27.06,27.06
2023-07-30T11:00:00-05:00,27.67,27.67,27.67,27.67
2023-07-30T11:15:00-05:00,30.59,30.59,30.59,30.59
2023-07-30T11:30:00-05:00,32.72,32.72,32.72,32.72
2023-07-30T11:45:00-05:00,34.08,34.08,34.08,34.08
2023-07-30T12:00:00-05:00,30.84,30.84,30.84,30.84
2023-07-30T12:15:00-05:00,37.29,37.29,37.29,37.29
2023-07-30T12:30:00-05:00,37.71,37.71,37.71,37.71
2023-07-30T12:45:00-05:00,48.03,48.03,48.03,48.03
2023-07-30T13:00:00-05:00,28.01,28.01,28.01,28.01
2023-07-30T13:15:00-05:00,28.61,28.61,28.61,28.61
2023-07-30T13:30:00-05:00,29.1,29.1,29.1,29.1
2023-07-30T13:45:00-05:00,30.69,30.69,30.69,30.69
2023-07-30T14:00:00-05:00,50.22,50.22,50.22,50.22
2023-07-30T14:15:00-05:00,42.75,42.75,42.75,42.75
2023-07-30T14:30:00-05:00,42.94,42.94,42.94,42.94
2023-07-30T14:45:00-05:00,75.04,75.04,75.04,75.04
2023-07-30T15:00:00-05:00,75.0,75.0,75.0,75.0
2023-07-30T15:15:00-05:00,75.0,75.0,75.0,75.0
2023-07-30T15:30:00-05:00,75.03,75.03,75.03,75.03
2023-07-30T15:45:00-05:00,75.02,75.02,75.02,75.02
2023-07-30T16:00:00-05:00,71.15,71.15,71.15,71.15
2023-07-30T16:15:00-05:00,74.8,74.8,74.8,74.8
2023-07-30T16:30:00-05:00,75.01,75.01,75.01,75.01
2023-07-30T16:45:00-05:00,76.86,76.86,76.86,76.86
2023-07-30T17:00:00-05:00,75.24,75.24,75.24,75.24
2023-07-30T17:15:00-05:00,79.31,79.87,78.24,79.97
2023-07-30T17:30:00-05:00,82.59,83.59,76.97,83.78
2023-07-30T17:45:00-05:00,63.71,63.98,54.75,64.05
2023-07-30T18:00:00-05:00,47.63,49.84,42.6,50.27
2023-07-30T18:15:00-05:00,72.17,74.59,67.44,75.06
2023-07-30T18:30:00-05:00,72.88,75.32,68.27,75.79
2023-07-30T18:45:00-05:00,74.1,74.9,72.52,75.05
2023-07-30T19:00:00-05:00,147.36,157.19,107.29,158.7
2023-07-30T19:15:00-05:00,190.11,203.82,120.76,206.1
2023-07-30T19:30:00-05:00,96.77,103.49,59.78,104.93
2023-07-30T19:45:00-05:00,201.98,216.02,132.91,219.21
2023-07-30T20:00:00-05:00,77.97,81.05,65.28,82.19
2023-07-30T20:15:00-05:00,78.11,79.75,70.53,80.76
2023-07-30T20:30:00-05:00,75.3,76.53,68.47,77.45
2023-07-30T20:45:00-05:00,73.49,74.66,66.89,75.55
2023-07-30T21:00:00-05:00,67.62,68.45,63.52,69.06
2023-07-30T21:15:00-05:00,40.8,40.98,40.28,41.1
2023-07-30T21:30:00-05:00,36.93,36.94,36.67,36.93
2023-07-30T21:45:00-05:00,29.86,29.92,29.48,29.94
2023-07-30T22:00:00-05:00,34.71,34.69,34.3,34.65
2023-07-30T22:15:00-05:00,50.89,50.85,50.31,50.8
2023-07-30T22:30:00-05:00,31.66,31.64,31.4,31.61
2023-07-30T22:45:00-05:00,29.28,29.27,29.05,29.24
2023-07-30T23:00:00-05:00,36.68,36.66,36.43,36.64
2023-07-30T23:15:00-05:00,29.11,29.11,29.11,29.11
2023-07-30T23:30:00-05:00,26.87,26.87,26.87,26.87
2023-07-30T23:45:00-05:00,25.91,25.91,25.91,25.91
2023-07-31T00:00:00-05:00,25.71,25.71,25.71,25.71
2023-07-31T00:15:00-05:00,25.27,25.27,25.27,25.27
2023-07-31T00:30:00-05:00,24.14,24.14,24.14,24.14
2023-07-31T00:45:00-05:00,23.21,23.21,23.21,23.21
2023-07-31T01:00:00-05:00,22.92,22.92,22.92,22.92
2023-07-31T01:15:00-05:00,22.83,22.83,22.83,22.83
2023-07-31T01:30:00-05:00,22.38,22.38,22.38,22.38
2023-07-31T01:45:00-05:00,21.37,21.37,21.37,21.37
2023-07-31T02:00:00-05:00,20.71,20.71,20.71,20.71
2023-07-31T02:15:00-05:00,20.8,20.8,20.8,20.8
2023-07-31T02:30:00-05:00,20.08,20.08,20.08,20.08
2023-07-31T02:45:00-05:00,19.99,19.99,19.99,19.99
2023-07-31T03:00:00-05:00,19.93,19.93,19.93,19.93
2023-07-31T03:15:00-05:00,19.64,19.64,19.64,19.64
2023-07-31T03:30:00-05:00,19.28,19.28,19.28,19.28
2023-07-31T03:45:00-05:00,18.96,18.96,18.96,18.96
2023-07-31T04:00:00-05:00,18.94,18.94,18.94,18.94
2023-07-31T04:15:00-05:00,19.15,19.15,19.15,19.15
2023-07-31T04:30:00-05:00,19.0,19.0,19.0,19.0
2023-07-31T04:45:00-05:00,19.06,19.06,19.06,19.06
2023-07-31T05:00:00-05:00,19.36,19.36,19.36,19.36
2023-07-31T05:15:00-05:00,19.5,19.5,19.5,19.5
2023-07-31T05:30:00-05:00,19.9,19.9,19.9,19.9
2023-07-31T05:45:00-05:00,20.08,20.08,20.08,20.08
2023-07-31T06:00:00-05:00,20.17,20.17,20.17,20.17
2023-07-31T06:15:00-05:00,20.48,20.48,20.48,20.48
2023-07-31T06:30:00-05:00,20.8,20.8,20.8,20.8
2023-07-31T06:45:00-05:00,21.18,21.18,21.18,21.18
2023-07-31T07:00:00-05:00,22.0,22.0,22.0,22.0
2023-07-31T07:15:00-05:00,21.2,21.2,21.2,21.2
2023-07-31T07:30:00-05:00,20.89,20.89,20.89,20.89
2023-07-31T07:45:00-05:00,20.68,20.68,20.68,20.68
2023-07-31T08:00:00-05:00,20.75,20.75,20.75,20.75
2023-07-31T08:15:00-05:00,20.94,20.94,20.94,20.94
2023-07-31T08:30:00-05:00,21.29,21.29,21.29,21.29
2023-07-31T08:45:00-05:00,21.16,21.16,21.16,21.16
2023-07-31T09:00:00-05:00,22.84,22.84,22.84,22.84
2023-07-31T09:15:00-05:00,22.73,22.73,22.73,22.73
2023-07-31T09:30:00-05:00,22.39,22.39,22.39,22.39
2023-07-31T09:45:00-05:00,23.63,23.63,23.63,23.63
2023-07-31T10:00:00-05:00,25.66,25.66,25.66,25.66
2023-07-31T10:15:00-05:00,25.93,25.93,25.93,25.93
2023-07-31T10:30:00-05:00,27.6,27.6,27.6,27.6
2023-07-31T10:45:00-05:00,33.97,33.97,33.97,33.97
2023-07-31T11:00:00-05:00,27.61,27.61,27.61,27.61
2023-07-31T11:15:00-05:00,51.21,51.21,51.21,51.21
2023-07-31T11:30:00-05:00,52.62,52.62,52.62,52.62
2023-07-31T11:45:00-05:00,74.46,74.46,74.46,74.46
2023-07-31T12:00:00-05:00,72.93,72.93,72.93,72.93
2023-07-31T12:15:00-05:00,33.12,33.12,33.12,33.12
2023-07-31T12:30:00-05:00,43.7,43.7,43.7,43.7
2023-07-31T12:45:00-05:00,63.15,63.15,63.15,63.15
2023-07-31T13:00:00-05:00,59.98,59.97,59.98,59.98
2023-07-31T13:15:00-05:00,63.79,64.01,61.25,64.07
2023-07-31T13:30:00-05:00,74.99,75.24,72.02,75.32
2023-07-31T13:45:00-05:00,74.72,74.98,71.82,75.05
2023-07-31T14:00:00-05:00,101.44,101.71,98.41,101.81
2023-07-31T14:15:00-05:00,68.56,68.54,69.08,68.56
2023-07-31T14:30:00-05:00,64.46,64.46,65.08,64.46
2023-07-31T14:45:00-05:00,66.17,66.17,66.79,66.17
2023-07-31T15:00:00-05:00,74.88,74.88,75.53,74.88
2023-07-31T15:15:00-05:00,75.04,75.04,75.58,75.04
2023-07-31T15:30:00-05:00,75.02,75.02,83.47,75.02
2023-07-31T15:45:00-05:00,74.9,75.01,75.56,75.04
2023-07-31T16:00:00-05:00,75.02,75.02,89.53,75.02
2023-07-31T16:15:00-05:00,75.01,75.07,82.54,75.08
2023-07-31T16:30:00-05:00,176.51,182.65,188.7,182.69
2023-07-31T16:45:00-05:00,377.44,382.8,399.09,381.57
2023-07-31T17:00:00-05:00,75.44,75.6,98.28,75.54
2023-07-31T17:15:00-05:00,75.2,75.2,97.35,75.2
2023-07-31T17:30:00-05:00,84.9,88.15,105.55,88.28
2023-07-31T17:45:00-05:00,73.5,76.47,90.19,76.7
2023-07-31T18:00:00-05:00,75.27,81.81,58.98,83.03
2023-07-31T18:15:00-05:00,127.23,142.61,85.51,145.4
2023-07-31T18:30:00-05:00,1357.19,1485.79,804.75,1504.52
2023-07-31T18:45:00-05:00,3071.22,3307.09,1838.41,3345.69
2023-07-31T19:00:00-05:00,2157.6,2289.89,1096.92,2313.32
2023-07-31T19:15:00-05:00,1417.33,1521.65,704.32,1540.92
2023-07-31T19:30:00-05:00,2861.16,2995.96,1490.32,3023.43
2023-07-31T19:45:00-05:00,3131.75,3237.11,1696.51,3256.15
2023-07-31T20:00:00-05:00,153.96,164.04,91.2,167.11
2023-07-31T20:15:00-05:00,295.33,313.42,186.34,318.76
2023-07-31T20:30:00-05:00,149.71,153.64,122.19,156.19
2023-07-31T20:45:00-05:00,76.31,78.31,63.13,79.76
2023-07-31T21:00:00-05:00,76.25,77.03,71.74,77.63
2023-07-31T21:15:00-05:00,75.18,75.18,75.18,75.18
2023-07-31T21:30:00-05:00,37.27,37.26,37.19,37.28
2023-07-31T21:45:00-05:00,41.08,41.06,40.78,41.03
2023-07-31T22:00:00-05:00,35.78,34.39,36.28,39.72
2023-07-31T22:15:00-05:00,31.31,29.84,31.92,35.57
2023-07-31T22:30:00-05:00,28.96,27.53,29.54,33.11
2023-07-31T22:45:00-05:00,28.72,27.31,29.46,32.9
2023-07-31T23:00:00-05:00,26.65,25.28,27.35,30.7
2023-07-31T23:15:00-05:00,25.19,23.85,25.89,29.14
2023-07-31T23:30:00-05:00,23.84,22.47,24.55,27.9
2023-07-31T23:45:00-05:00,22.97,21.46,23.76,27.46
2023-08-01T00:00:00-05:00,22.8,21.46,23.5,26.82
2023-08-01T00:15:00-05:00,23.02,21.74,23.69,26.89
2023-08-01T00:30:00-05:00,22.64,21.37,23.3,26.48
2023-08-01T00:45:00-05:00,22.29,21.01,22.94,26.12
2023-08-01T01:00:00-05:00,22.36,20.79,23.54,25.27
2023-08-01T01:15:00-05:00,22.02,20.29,23.42,24.6
2023-08-01T01:30:00-05:00,21.78,20.02,23.2,24.52
2023-08-01T01:45:00-05:00,21.49,19.4,23.53,23.02
2023-08-01T02:00:00-05:00,21.3,19.61,22.54,24.47
2023-08-01T02:15:00-05:00,20.93,19.04,22.27,24.68
2023-08-01T02:30:00-05:00,20.83,19.04,22.02,24.84
2023-08-01T02:45:00-05:00,20.18,18.66,20.96,24.82
2023-08-01T03:00:00-05:00,19.9,18.39,20.67,24.51
2023-08-01T03:15:00-05:00,19.05,17.67,19.75,23.24
2023-08-01T03:30:00-05:00,19.09,17.9,19.7,22.76
2023-08-01T03:45:00-05:00,19.16,17.96,19.77,22.83
2023-08-01T04:00:00-05:00,19.44,18.24,20.05,23.13
2023-08-01T04:15:00-05:00,19.33,18.13,19.94,23.01
2023-08-01T04:30:00-05:00,19.5,18.3,20.12,23.2
2023-08-01T04:45:00-05:00,19.27,18.07,19.88,22.94
2023-08-01T05:00:00-05:00,20.19,18.97,20.81,23.91
2023-08-01T05:15:00-05:00,21.09,19.85,21.72,24.86
2023-08-01T05:30:00-05:00,21.56,20.31,22.2,25.36
2023-08-01T05:45:00-05:00,21.58,20.33,22.21,25.37
2023-08-01T06:00:00-05:00,21.52,20.3,22.15,25.21
2023-08-01T06:15:00-05:00,21.65,20.45,22.27,25.29
2023-08-01T06:30:00-05:00,22.02,20.8,22.64,25.68
2023-08-01T06:45:00-05:00,22.78,21.54,23.41,26.47
2023-08-01T07:00:00-05:00,21.83,20.76,22.37,25.0
2023-08-01T07:15:00-05:00,21.33,21.06,21.47,22.15
2023-08-01T07:30:00-05:00,20.65,20.43,20.77,21.32
2023-08-01T07:45:00-05:00,20.32,19.97,20.49,21.36
2023-08-01T08:00:00-05:00,20.59,20.59,20.59,20.59
2023-08-01T08:15:00-05:00,21.51,21.51,21.51,21.51
2023-08-01T08:30:00-05:00,21.04,21.04,21.04,21.04
2023-08-01T08:45:00-05:00,20.64,20.64,20.64,20.64
2023-08-01T09:00:00-05:00,20.72,20.41,21.26,19.1
2023-08-01T09:15:00-05:00,21.63,20.63,23.42,16.39
2023-08-01T09:30:00-05:00,21.94,20.86,23.85,16.32
2023-08-01T09:45:00-05:00,22.62,21.54,24.55,16.99
2023-08-01T10:00:00-05:00,24.09,22.68,26.58,16.74
2023-08-01T10:15:00-05:00,24.35,22.91,26.89,16.9
2023-08-01T10:30:00-05:00,24.66,23.32,27.04,17.63
2023-08-01T10:45:00-05:00,26.09,24.84,28.34,19.56
2023-08-01T11:00:00-05:00,26.55,25.99,27.56,23.61
2023-08-01T11:15:00-05:00,37.82,42.64,48.48,31.69
2023-08-01T11:30:00-05:00,52.1,60.49,67.78,46.3
2023-08-01T11:45:00-05:00,54.41,62.71,70.05,48.62
2023-08-01T12:00:00-05:00,34.88,37.82,40.38,32.86
2023-08-01T12:15:00-05:00,28.72,28.72,28.72,28.72
2023-08-01T12:30:00-05:00,71.83,71.83,71.83,71.83
2023-08-01T12:45:00-05:00,83.56,83.62,82.8,83.64
2023-08-01T13:00:00-05:00,75.55,75.59,75.14,75.59
2023-08-01T13:15:00-05:00,63.69,63.69,63.69,63.69
2023-08-01T13:30:00-05:00,74.81,74.9,73.76,74.92
2023-08-01T13:45:00-05:00,516.42,517.58,500.52,518.07
2023-08-01T14:00:00-05:00,91.65,91.72,90.84,91.74
2023-08-01T14:15:00-05:00,78.47,78.47,91.13,78.47
2023-08-01T14:30:00-05:00,104.25,104.35,122.45,104.38
2023-08-01T14:45:00-05:00,74.55,73.05,105.48,66.6
2023-08-01T15:00:00-05:00,73.73,71.17,122.46,60.49
2023-08-01T15:15:00-05:00,114.86,110.79,184.51,92.08
2023-08-01T15:30:00-05:00,67.53,64.79,117.34,54.71
2023-08-01T15:45:00-05:00,47.85,41.69,101.87,34.41
2023-08-01T16:00:00-05:00,46.83,41.61,86.23,39.82
2023-08-01T16:15:00-05:00,42.42,42.24,64.62,42.32
2023-08-01T16:30:00-05:00,44.21,38.1,78.75,38.94
2023-08-01T16:45:00-05:00,47.47,38.97,87.83,39.12
2023-08-01T17:00:00-05:00,32.5,32.88,55.17,30.06
2023-08-01T17:15:00-05:00,31.46,32.97,53.77,28.79
2023-08-01T17:30:00-05:00,29.92,34.59,51.32,26.71
2023-08-01T17:45:00-05:00,29.81,33.89,51.57,27.96
2023-08-01T18:00:00-05:00,27.68,30.85,33.99,27.09
2023-08-01T18:15:00-05:00,29.98,38.21,37.15,26.89
2023-08-01T18:30:00-05:00,27.85,34.87,33.15,25.37
2023-08-01T18:45:00-05:00,38.43,57.47,40.93,27.15
2023-08-01T19:00:00-05:00,31.92,35.17,35.53,33.06
2023-08-01T19:15:00-05:00,40.65,39.68,42.15,45.25
2023-08-01T19:30:00-05:00,44.0,42.66,40.09,49.75
2023-08-01T19:45:00-05:00,43.34,42.79,41.91,49.79
2023-08-01T20:00:00-05:00,43.01,42.64,35.13,49.58
2023-08-01T20:15:00-05:00,72.46,72.7,60.28,80.25
2023-08-01T20:30:00-05:00,68.24,69.79,57.66,70.89
2023-08-01T20:45:00-05:00,42.27,43.02,37.4,43.55
2023-08-01T21:00:00-05:00,43.19,43.46,41.4,43.65
2023-08-01T21:15:00-05:00,45.11,44.32,45.74,47.49
2023-08-01T21:30:00-05:00,38.67,37.07,39.47,43.09
2023-08-01T21:45:00-05:00,35.71,34.14,36.38,40.05
2023-08-01T22:00:00-05:00,305.41,300.07,308.21,320.45
2023-08-01T22:15:00-05:00,59.3,57.27,60.17,65.5
2023-08-01T22:30:00-05:00,43.4,41.69,44.3,48.18
2023-08-01T22:45:00-05:00,31.22,29.78,31.98,35.29
2023-08-01T23:00:00-05:00,32.71,31.22,33.48,36.92
2023-08-01T23:15:00-05:00,30.89,29.45,31.65,35.65
2023-08-01T23:30:00-05:00,27.94,26.54,28.67,31.98
2023-08-01T23:45:00-05:00,27.45,25.96,28.23,31.77
2023-08-02T00:00:00-05:00,27.31,25.58,28.21,32.32
2023-08-02T00:15:00-05:00,25.7,24.02,26.57,30.57
2023-08-02T00:30:00-05:00,25.3,23.64,26.18,30.19
2023-08-02T00:45:00-05:00,25.19,23.53,26.06,30.06
2023-08-02T01:00:00-05:00,24.85,23.33,25.64,29.31
2023-08-02T01:15:00-05:00,24.06,22.76,24.75,27.9
2023-08-02T01:30:00-05:00,24.17,22.87,24.86,28.02
2023-08-02T01:45:00-05:00,23.86,22.57,24.54,27.66
2023-08-02T02:00:00-05:00,23.6,22.34,24.25,27.28
2023-08-02T02:15:00-05:00,23.04,21.86,23.65,26.49
2023-08-02T02:30:00-05:00,22.97,22.21,23.37,25.21
2023-08-02T02:45:00-05:00,23.04,23.04,23.04,23.05
2023-08-02T03:00:00-05:00,23.09,23.09,23.09,23.09
2023-08-02T03:15:00-05:00,23.14,23.14,23.14,23.14
2023-08-02T03:30:00-05:00,23.2,23.2,23.2,23.2
2023-08-02T03:45:00-05:00,22.75,22.75,22.75,22.75
2023-08-02T04:00:00-05:00,23.28,23.28,23.28,23.28
2023-08-02T04:15:00-05:00,23.56,23.56,23.56,23.56
2023-08-02T04:30:00-05:00,23.49,23.49,23.49,23.49
2023-08-02T04:45:00-05:00,23.36,23.36,23.36,23.36
2023-08-02T05:00:00-05:00,24.05,24.05,24.05,24.05
2023-08-02T05:15:00-05:00,24.4,24.4,24.4,24.4
2023-08-02T05:30:00-05:00,24.31,24.31,24.31,24.31
2023-08-02T05:45:00-05:00,24.17,24.17,24.17,24.17
2023-08-02T06:00:00-05:00,24.2,24.2,24.2,24.2
2023-08-02T06:15:00-05:00,24.63,24.63,24.63,24.63
2023-08-02T06:30:00-05:00,24.24,24.24,24.24,24.24
2023-08-02T06:45:00-05:00,24.35,24.35,24.35,24.35
2023-08-02T07:00:00-05:00,24.25,24.25,24.25,24.25
2023-08-02T07:15:00-05:00,24.05,24.05,24.05,24.05
2023-08-02T07:30:00-05:00,22.79,22.79,22.79,22.79
2023-08-02T07:45:00-05:00,21.67,21.67,21.67,21.67
2023-08-02T08:00:00-05:00,21.76,21.76,21.76,21.76
2023-08-02T08:15:00-05:00,23.14,23.14,23.14,23.14
2023-08-02T08:30:00-05:00,22.79,22.79,22.79,22.79
2023-08-02T08:45:00-05:00,22.3,22.3,22.3,22.3
2023-08-02T09:00:00-05:00,22.19,21.98,22.28,21.69
2023-08-02T09:15:00-05:00,22.39,21.39,22.82,20.04
2023-08-02T09:30:00-05:00,22.76,21.02,23.43,18.65
2023-08-02T09:45:00-05:00,24.36,20.26,24.47,15.97
2023-08-02T10:00:00-05:00,26.66,18.76,25.03,11.69
2023-08-02T10:15:00-05:00,28.05,23.04,25.99,14.37
2023-08-02T10:30:00-05:00,29.17,24.97,28.74,15.65
2023-08-02T10:45:00-05:00,29.03,23.88,29.6,19.25
2023-08-02T11:00:00-05:00,29.63,24.38,29.92,19.86
2023-08-02T11:15:00-05:00,36.23,28.31,33.29,23.61
2023-08-02T11:30:00-05:00,36.72,30.64,34.66,22.9
2023-08-02T11:45:00-05:00,45.09,39.65,43.14,33.29
2023-08-02T12:00:00-05:00,36.49,32.25,34.97,31.78
2023-08-02T12:15:00-05:00,45.83,34.49,63.47,39.46
2023-08-02T12:30:00-05:00,62.67,50.31,76.83,54.83
2023-08-02T12:45:00-05:00,78.14,78.12,78.14,78.14
2023-08-02T13:00:00-05:00,51.96,43.05,65.93,46.99
2023-08-02T13:15:00-05:00,38.13,38.09,38.15,38.12
2023-08-02T13:30:00-05:00,74.34,74.31,74.35,74.34
2023-08-02T13:45:00-05:00,82.87,82.87,82.53,82.91
2023-08-02T14:00:00-05:00,226.42,227.1,216.91,227.41
2023-08-02T14:15:00-05:00,69.67,65.59,74.96,67.49
2023-08-02T14:30:00-05:00,83.09,68.03,104.92,74.85
2023-08-02T14:45:00-05:00,217.34,217.1,216.42,217.83
2023-08-02T15:00:00-05:00,76.4,62.37,110.22,68.76
2023-08-02T15:15:00-05:00,63.89,53.0,127.08,58.29
2023-08-02T15:30:00-05:00,90.51,71.45,183.64,80.73
2023-08-02T15:45:00-05:00,62.7,45.65,168.11,53.88
2023-08-02T16:00:00-05:00,54.09,40.61,130.51,47.2
2023-08-02T16:15:00-05:00,54.48,41.08,126.21,47.07
2023-08-02T16:30:00-05:00,63.59,44.61,158.04,51.87
2023-08-02T16:45:00-05:00,56.27,46.17,133.51,46.07
2023-08-02T17:00:00-05:00,62.44,45.85,163.21,46.91
2023-08-02T17:15:00-05:00,57.59,49.14,131.01,48.91
2023-08-02T17:30:00-05:00,64.32,66.49,111.68,63.74
2023-08-02T17:45:00-05:00,37.02,43.24,67.27,33.06
2023-08-02T18:00:00-05:00,31.84,37.38,76.41,28.19
2023-08-02T18:15:00-05:00,35.86,47.67,69.2,30.47
2023-08-02T18:30:00-05:00,43.79,59.53,43.17,36.47
2023-08-02T18:45:00-05:00,124.47,192.85,81.92,90.7
2023-08-02T19:00:00-05:00,71.64,79.7,49.91,79.44
2023-08-02T19:15:00-05:00,93.95,103.61,62.3,104.63
2023-08-02T19:30:00-05:00,228.48,255.02,128.71,257.62
2023-08-02T19:45:00-05:00,241.63,270.05,134.18,272.8
2023-08-02T20:00:00-05:00,181.68,202.25,100.09,204.27
2023-08-02T20:15:00-05:00,208.7,230.41,120.13,232.97
2023-08-02T20:30:00-05:00,102.15,106.44,83.95,107.29
2023-08-02T20:45:00-05:00,63.01,63.56,60.25,63.95
2023-08-02T21:00:00-05:00,42.67,42.95,41.39,43.14
2023-08-02T21:15:00-05:00,36.9,36.9,36.55,37.79
2023-08-02T21:30:00-05:00,30.36,30.4,29.91,30.75
2023-08-02T21:45:00-05:00,27.34,27.03,27.13,28.62
2023-08-02T22:00:00-05:00,48.77,48.67,48.16,49.75
2023-08-02T22:15:00-05:00,32.09,32.17,31.75,32.22
2023-08-02T22:30:00-05:00,26.67,26.75,26.33,26.8
2023-08-02T22:45:00-05:00,25.64,25.68,25.48,25.7
2023-08-02T23:00:00-05:00,26.44,26.44,26.41,26.44
2023-08-02T23:15:00-05:00,24.94,24.94,24.94,24.94
2023-08-02T23:30:00-05:00,23.55,23.55,23.55,23.55
2023-08-02T23:45:00-05:00,23.47,23.13,23.64,24.45
2023-08-03T00:00:00-05:00,24.24,24.21,24.25,24.32
2023-08-03T00:15:00-05:00,23.4,22.36,23.94,26.43
2023-08-03T00:30:00-05:00,23.23,22.12,23.81,26.53
2023-08-03T00:45:00-05:00,22.68,21.42,23.33,26.4
2023-08-03T01:00:00-05:00,22.41,21.04,23.12,26.44
2023-08-03T01:15:00-05:00,22.21,20.64,23.02,26.84
2023-08-03T01:30:00-05:00,21.35,19.8,22.15,25.93
2023-08-03T01:45:00-05:00,20.41,18.89,21.2,24.92
2023-08-03T02:00:00-05:00,19.99,18.63,20.69,24.01
2023-08-03T02:15:00-05:00,20.22,18.66,21.39,22.8
2023-08-03T02:30:00-05:00,20.44,18.81,21.73,22.83
2023-08-03T02:45:00-05:00,20.29,18.66,21.57,22.68
2023-08-03T03:00:00-05:00,20.22,18.59,21.49,22.61
2023-08-03T03:15:00-05:00,20.13,18.51,21.4,22.53
2023-08-03T03:30:00-05:00,19.96,18.35,21.21,22.33
2023-08-03T03:45:00-05:00,19.73,18.17,20.97,22.01
2023-08-03T04:00:00-05:00,19.66,18.08,20.9,22.0
2023-08-03T04:15:00-05:00,20.28,18.65,21.56,22.69
2023-08-03T04:30:00-05:00,20.5,18.86,21.78,22.91
2023-08-03T04:45:00-05:00,20.51,19.0,21.59,23.32
2023-08-03T05:00:00-05:00,21.69,20.13,22.64,25.49
2023-08-03T05:15:00-05:00,22.8,21.25,23.58,27.38
2023-08-03T05:30:00-05:00,22.5,20.91,23.31,27.2
2023-08-03T05:45:00-05:00,22.72,21.13,23.54,27.46
2023-08-03T06:00:00-05:00,22.98,21.37,23.8,27.72
2023-08-03T06:15:00-05:00,23.4,21.79,24.22,28.17
2023-08-03T06:30:00-05:00,23.28,21.66,24.1,28.04
2023-08-03T06:45:00-05:00,22.56,20.97,23.37,27.26
2023-08-03T07:00:00-05:00,22.3,20.78,23.08,26.79
2023-08-03T07:15:00-05:00,21.46,20.15,22.12,25.27
2023-08-03T07:30:00-05:00,20.69,19.45,21.32,24.29
2023-08-03T07:45:00-05:00,19.85,18.82,20.38,22.86
2023-08-03T08:00:00-05:00,20.01,19.29,20.38,22.11
2023-08-03T08:15:00-05:00,19.52,19.27,19.65,20.24
2023-08-03T08:30:00-05:00,18.9,18.9,18.9,18.9
2023-08-03T08:45:00-05:00,18.46,18.18,18.88,17.69
2023-08-03T09:00:00-05:00,17.95,17.46,18.44,12.11
2023-08-03T09:15:00-05:00,18.68,18.15,18.89,0.96
2023-08-03T09:30:00-05:00,21.18,17.98,32.34,1.08
2023-08-03T09:45:00-05:00,21.79,17.79,43.57,1.03
2023-08-03T10:00:00-05:00,21.87,16.56,22.56,6.4
2023-08-03T10:15:00-05:00,23.88,17.74,50.93,14.0
2023-08-03T10:30:00-05:00,26.72,19.22,48.21,15.24
2023-08-03T10:45:00-05:00,24.63,20.37,48.09,16.02
2023-08-03T11:00:00-05:00,29.94,23.13,61.69,17.0
2023-08-03T11:15:00-05:00,29.11,22.32,60.52,16.4
2023-08-03T11:30:00-05:00,28.65,24.38,63.83,18.49
2023-08-03T11:45:00-05:00,27.31,25.1,41.21,19.45
2023-08-03T12:00:00-05:00,25.4,24.3,27.44,18.93
2023-08-03T12:15:00-05:00,30.91,29.86,41.16,29.62
2023-08-03T12:30:00-05:00,38.8,35.58,70.55,35.16
2023-08-03T12:45:00-05:00,71.61,64.45,96.94,63.74
2023-08-03T13:00:00-05:00,40.74,37.55,70.76,37.25
2023-08-03T13:15:00-05:00,92.04,89.22,120.03,88.98
2023-08-03T13:30:00-05:00,81.51,78.6,110.6,78.32
2023-08-03T13:45:00-05:00,156.41,154.71,173.02,154.6
2023-08-03T14:00:00-05:00,87.49,84.65,115.67,84.4
2023-08-03T14:15:00-05:00,127.9,126.06,145.63,125.97
2023-08-03T14:30:00-05:00,81.82,82.26,97.46,82.46
2023-08-03T14:45:00-05:00,79.62,80.47,112.43,80.73
2023-08-03T15:00:00-05:00,75.37,76.05,109.99,76.35
2023-08-03T15:15:00-05:00,79.94,80.94,125.25,81.31
2023-08-03T15:30:00-05:00,190.56,154.26,145.62,143.62
2023-08-03T15:45:00-05:00,347.3,259.16,170.13,232.81
2023-08-03T16:00:00-05:00,253.33,190.39,128.88,171.57
2023-08-03T16:15:00-05:00,66.46,65.15,67.21,64.51
2023-08-03T16:30:00-05:00,97.92,105.62,63.37,107.04
2023-08-03T16:45:00-05:00,71.91,78.04,48.93,79.18
2023-08-03T17:00:00-05:00,156.34,143.19,71.05,138.28
2023-08-03T17:15:00-05:00,221.09,167.54,83.61,150.86
2023-08-03T17:30:00-05:00,88.02,77.58,47.68,73.8
2023-08-03T17:45:00-05:00,62.78,70.22,44.24,71.15
2023-08-03T18:00:00-05:00,38.39,42.05,43.09,42.59
2023-08-03T18:15:00-05:00,149.33,167.95,98.03,169.92
2023-08-03T18:30:00-05:00,254.28,287.14,152.28,290.37
2023-08-03T18:45:00-05:00,93.34,104.93,63.15,106.27
2023-08-03T19:00:00-05:00,76.37,83.73,56.88,85.46
2023-08-03T19:15:00-05:00,189.22,209.75,113.87,213.33
2023-08-03T19:30:00-05:00,395.56,442.84,205.5,449.0
2023-08-03T19:45:00-05:00,497.3,560.17,310.78,570.16
2023-08-03T20:00:00-05:00,471.25,530.49,256.05,537.95
2023-08-03T20:15:00-05:00,369.33,404.41,222.74,408.78
2023-08-03T20:30:00-05:00,158.34,171.23,97.79,173.68
2023-08-03T20:45:00-05:00,47.33,47.97,28.15,51.91
2023-08-03T21:00:00-05:00,49.39,50.45,34.5,55.73
2023-08-03T21:15:00-05:00,38.25,38.51,30.57,40.87
2023-08-03T21:30:00-05:00,27.57,27.83,25.09,28.04
2023-08-03T21:45:00-05:00,26.8,27.07,24.97,27.25
2023-08-03T22:00:00-05:00,26.22,26.57,24.16,26.82
2023-08-03T22:15:00-05:00,25.76,26.06,23.94,26.28
2023-08-03T22:30:00-05:00,24.13,24.39,22.52,24.57
2023-08-03T22:45:00-05:00,24.81,23.38,20.9,22.98
2023-08-03T23:00:00-05:00,23.94,23.73,22.63,23.71
2023-08-03T23:15:00-05:00,23.34,23.42,22.98,23.47
2023-08-03T23:30:00-05:00,22.19,21.86,21.04,22.91
2023-08-03T23:45:00-05:00,22.4,21.2,21.08,25.03
2023-08-04T00:00:00-05:00,21.88,20.75,21.27,24.53
2023-08-04T00:15:00-05:00,22.15,20.6,22.88,24.57
2023-08-04T00:30:00-05:00,21.36,19.82,21.47,24.37
2023-08-04T00:45:00-05:00,20.66,19.4,21.17,24.04
2023-08-04T01:00:00-05:00,19.98,18.77,20.53,23.38
2023-08-04T01:15:00-05:00,19.51,18.31,20.08,22.94
2023-08-04T01:30:00-05:00,19.07,17.87,19.68,22.6
2023-08-04T01:45:00-05:00,18.58,17.39,19.18,22.04
2023-08-04T02:00:00-05:00,18.16,17.03,18.74,21.5
2023-08-04T02:15:00-05:00,17.85,16.72,18.43,21.18
2023-08-04T02:30:00-05:00,17.41,16.29,17.99,20.71
2023-08-04T02:45:00-05:00,17.32,16.2,17.89,20.62
2023-08-04T03:00:00-05:00,17.18,16.04,17.77,20.56
2023-08-04T03:15:00-05:00,17.03,15.88,17.62,20.44
2023-08-04T03:30:00-05:00,17.29,16.13,17.88,20.72
2023-08-04T03:45:00-05:00,17.5,16.33,18.09,20.96
2023-08-04T04:00:00-05:00,17.4,16.24,17.99,20.87
2023-08-04T04:15:00-05:00,17.51,16.39,18.09,20.86
2023-08-04T04:30:00-05:00,17.81,16.68,18.39,21.16
2023-08-04T04:45:00-05:00,17.91,16.78,18.49,21.26
2023-08-04T05:00:00-05:00,18.45,17.88,18.73,20.12
2023-08-04T05:15:00-05:00,18.87,18.87,18.87,18.87
2023-08-04T05:30:00-05:00,19.02,19.02,19.02,19.02
2023-08-04T05:45:00-05:00,19.25,19.25,19.25,19.25
2023-08-04T06:00:00-05:00,20.75,20.75,20.75,20.75
2023-08-04T06:15:00-05:00,21.4,21.4,21.4,21.4
2023-08-04T06:30:00-05:00,20.92,20.92,20.92,20.92
2023-08-04T06:45:00-05:00,20.93,20.93,20.93,20.93
2023-08-04T07:00:00-05:00,20.98,20.98,20.98,20.98
2023-08-04T07:15:00-05:00,20.78,20.78,20.78,20.78
2023-08-04T07:30:00-05:00,20.56,20.56,20.56,20.56
2023-08-04T07:45:00-05:00,19.82,19.82,19.82,19.82
2023-08-04T08:00:00-05:00,20.31,20.31,20.31,20.31
2023-08-04T08:15:00-05:00,19.95,19.95,19.95,19.95
2023-08-04T08:30:00-05:00,19.57,18.94,18.73,18.9
2023-08-04T08:45:00-05:00,20.56,17.64,16.45,17.41
2023-08-04T09:00:00-05:00,21.34,17.05,15.78,16.79
2023-08-04T09:15:00-05:00,21.53,16.73,15.13,16.41
2023-08-04T09:30:00-05:00,33.12,19.08,15.23,18.28
2023-08-04T09:45:00-05:00,41.23,21.37,15.56,20.18
2023-08-04T10:00:00-05:00,36.7,21.63,17.12,20.71
2023-08-04T10:15:00-05:00,23.79,20.56,19.15,20.3
2023-08-04T10:30:00-05:00,25.91,22.71,21.28,22.47
2023-08-04T10:45:00-05:00,24.49,24.44,24.3,24.46
2023-08-04T11:00:00-05:00,24.48,24.58,21.95,24.77
2023-08-04T11:15:00-05:00,27.9,26.44,23.88,26.45
2023-08-04T11:30:00-05:00,55.44,50.04,45.93,49.28
2023-08-04T11:45:00-05:00,75.16,74.86,74.97,75.02
2023-08-04T12:00:00-05:00,45.0,44.97,44.64,45.09
2023-08-04T12:15:00-05:00,60.61,60.88,58.93,61.48
2023-08-04T12:30:00-05:00,72.91,75.69,54.76,76.59
2023-08-04T12:45:00-05:00,91.6,94.95,69.86,96.04
2023-08-04T13:00:00-05:00,88.31,90.95,76.88,92.07
2023-08-04T13:15:00-05:00,143.52,160.29,93.93,163.47
2023-08-04T13:30:00-05:00,110.17,121.79,74.35,124.06
2023-08-04T13:45:00-05:00,194.68,214.79,135.14,218.82
2023-08-04T14:00:00-05:00,447.16,501.74,234.63,510.88
2023-08-04T14:15:00-05:00,481.92,539.53,252.75,548.68
2023-08-04T14:30:00-05:00,813.92,898.02,436.27,914.45
2023-08-04T14:45:00-05:00,355.12,400.54,193.35,407.01
2023-08-04T15:00:00-05:00,342.38,386.61,177.86,392.74
2023-08-04T15:15:00-05:00,858.78,945.72,457.86,963.31
2023-08-04T15:30:00-05:00,1823.46,1996.21,876.77,2031.53
2023-08-04T15:45:00-05:00,720.86,811.57,363.63,826.93
2023-08-04T16:00:00-05:00,888.94,987.36,450.13,1005.29
2023-08-04T16:15:00-05:00,1914.19,2105.03,990.23,2145.29
2023-08-04T16:30:00-05:00,2713.11,2858.58,1381.99,2887.38
2023-08-04T16:45:00-05:00,2882.94,3060.63,1484.85,3092.32
2023-08-04T17:00:00-05:00,2015.9,2230.03,1043.19,2270.78
2023-08-04T17:15:00-05:00,1837.65,2044.24,949.1,2081.18
2023-08-04T17:30:00-05:00,345.1,404.12,222.91,406.63
2023-08-04T17:45:00-05:00,639.97,722.32,317.14,733.89
2023-08-04T18:00:00-05:00,569.08,645.32,291.24,653.92
2023-08-04T18:15:00-05:00,917.55,1028.03,471.71,1040.37
2023-08-04T18:30:00-05:00,1469.89,1633.13,722.78,1658.77
2023-08-04T18:45:00-05:00,2289.04,2532.16,1206.67,2574.12
2023-08-04T19:00:00-05:00,1004.38,1114.43,545.11,1130.88
2023-08-04T19:15:00-05:00,1616.76,1802.2,777.32,1831.73
2023-08-04T19:30:00-05:00,1039.51,1173.62,506.77,1193.51
2023-08-04T19:45:00-05:00,1403.8,1556.83,669.81,1579.8
2023-08-04T20:00:00-05:00,698.64,785.27,414.65,795.95
2023-08-04T20:15:00-05:00,312.28,351.94,162.42,356.51
2023-08-04T20:30:00-05:00,113.32,122.47,60.61,124.61
2023-08-04T20:45:00-05:00,107.03,113.82,59.65,115.58
2023-08-04T21:00:00-05:00,135.07,145.36,73.9,147.29
2023-08-04T21:15:00-05:00,73.3,76.32,55.47,76.89
2023-08-04T21:30:00-05:00,46.94,48.32,38.89,48.59
2023-08-04T21:45:00-05:00,32.51,33.41,27.26,33.61
2023-08-04T22:00:00-05:00,37.47,37.19,34.13,40.83
2023-08-04T22:15:00-05:00,32.72,31.61,32.5,36.92
2023-08-04T22:30:00-05:00,28.94,27.99,28.73,33.27
2023-08-04T22:45:00-05:00,26.17,24.97,26.41,30.03
2023-08-04T23:00:00-05:00,27.5,26.21,27.88,31.3
2023-08-04T23:15:00-05:00,25.72,24.37,26.24,29.33
2023-08-04T23:30:00-05:00,24.71,23.38,25.21,28.26
2023-08-04T23:45:00-05:00,23.95,22.47,24.53,27.92
2023-08-05T00:00:00-05:00,23.69,22.26,23.94,27.44
2023-08-05T00:15:00-05:00,23.24,21.92,23.53,26.76
2023-08-05T00:30:00-05:00,23.06,21.74,23.3,26.58
2023-08-05T00:45:00-05:00,22.66,21.37,22.95,26.09
2023-08-05T01:00:00-05:00,22.82,21.55,23.3,26.3
2023-08-05T01:15:00-05:00,22.14,20.85,22.57,25.65
2023-08-05T01:30:00-05:00,21.91,20.61,22.15,25.38
2023-08-05T01:45:00-05:00,20.62,19.36,21.0,24.05
2023-08-05T02:00:00-05:00,19.98,18.75,20.37,23.34
2023-08-05T02:15:00-05:00,19.73,18.5,20.22,23.13
2023-08-05T02:30:00-05:00,19.45,18.22,19.94,22.85
2023-08-05T02:45:00-05:00,19.11,17.9,19.6,22.49
2023-08-05T03:00:00-05:00,18.58,17.37,19.06,21.92
2023-08-05T03:15:00-05:00,17.72,16.52,18.09,20.99
2023-08-05T03:30:00-05:00,17.69,16.52,18.22,20.94
2023-08-05T03:45:00-05:00,17.15,15.99,17.59,20.27
2023-08-05T04:00:00-05:00,16.61,15.46,17.0,19.69
2023-08-05T04:15:00-05:00,16.54,15.4,16.96,19.6
2023-08-05T04:30:00-05:00,15.93,14.8,16.33,18.95
2023-08-05T04:45:00-05:00,15.79,14.7,16.17,18.68
2023-08-05T05:00:00-05:00,15.79,15.03,15.9,17.63
2023-08-05T05:15:00-05:00,15.63,15.37,15.47,16.04
2023-08-05T05:30:00-05:00,16.18,16.09,15.87,16.01
2023-08-05T05:45:00-05:00,16.3,16.21,15.99,16.13
2023-08-05T06:00:00-05:00,16.36,16.28,16.06,16.21
2023-08-05T06:15:00-05:00,16.4,16.26,15.88,16.15
2023-08-05T06:30:00-05:00,16.66,16.51,16.12,16.39
2023-08-05T06:45:00-05:00,16.39,16.29,16.03,16.22
2023-08-05T07:00:00-05:00,16.57,16.48,16.23,16.4
2023-08-05T07:15:00-05:00,16.81,16.73,16.51,16.66
2023-08-05T07:30:00-05:00,16.35,16.31,16.2,16.27
2023-08-05T07:45:00-05:00,16.29,16.26,16.21,16.25
2023-08-05T08:00:00-05:00,16.77,16.76,16.72,16.74
2023-08-05T08:15:00-05:00,16.64,16.61,16.54,16.59
2023-08-05T08:30:00-05:00,16.49,16.42,16.24,16.36
2023-08-05T08:45:00-05:00,15.69,15.47,14.95,15.29
2023-08-05T09:00:00-05:00,15.99,15.7,14.34,15.55
2023-08-05T09:15:00-05:00,16.35,16.03,13.78,15.9
2023-08-05T09:30:00-05:00,16.73,16.4,13.78,16.3
2023-08-05T09:45:00-05:00,18.68,17.12,13.79,16.88
2023-08-05T10:00:00-05:00,21.43,18.34,14.56,16.82
2023-08-05T10:15:00-05:00,22.9,19.86,15.24,18.34
2023-08-05T10:30:00-05:00,23.24,21.36,16.31,20.74
2023-08-05T10:45:00-05:00,25.38,24.03,19.04,23.53
2023-08-05T11:00:00-05:00,25.63,23.21,17.07,22.39
2023-08-05T11:15:00-05:00,24.89,22.9,17.37,22.2
2023-08-05T11:30:00-05:00,27.48,25.09,18.7,24.29
2023-08-05T11:45:00-05:00,27.37,25.4,21.96,23.34
2023-08-05T12:00:00-05:00,27.41,25.13,23.5,21.13
2023-08-05T12:15:00-05:00,27.49,25.42,22.02,19.91
2023-08-05T12:30:00-05:00,34.77,29.08,20.92,22.46
2023-08-05T12:45:00-05:00,29.26,28.09,21.66,27.76
2023-08-05T13:00:00-05:00,25.89,26.53,21.4,26.86
2023-08-05T13:15:00-05:00,27.28,27.99,22.33,28.38
2023-08-05T13:30:00-05:00,30.21,31.04,24.7,31.38
2023-08-05T13:45:00-05:00,39.12,40.06,33.27,40.33
2023-08-05T14:00:00-05:00,36.03,36.84,30.74,37.05
2023-08-05T14:15:00-05:00,30.51,30.7,42.91,30.78
2023-08-05T14:30:00-05:00,67.48,67.9,72.61,67.98
2023-08-05T14:45:00-05:00,38.24,39.16,45.83,39.36
2023-08-05T15:00:00-05:00,32.87,33.29,34.27,35.15
2023-08-05T15:15:00-05:00,56.43,58.52,37.09,63.69
2023-08-05T15:30:00-05:00,45.68,46.13,53.95,52.28
2023-08-05T15:45:00-05:00,35.25,35.2,48.94,40.11
2023-08-05T16:00:00-05:00,33.34,32.56,47.77,37.67
2023-08-05T16:15:00-05:00,37.67,30.84,50.11,39.42
2023-08-05T16:30:00-05:00,33.59,28.45,46.54,35.8
2023-08-05T16:45:00-05:00,35.87,27.93,51.56,36.53
2023-08-05T17:00:00-05:00,47.29,32.04,51.05,46.38
2023-08-05T17:15:00-05:00,73.88,40.81,98.44,61.79
2023-08-05T17:30:00-05:00,59.21,35.06,86.77,51.97
2023-08-05T17:45:00-05:00,83.1,50.98,102.73,71.68
2023-08-05T18:00:00-05:00,49.8,37.23,59.71,45.86
2023-08-05T18:15:00-05:00,51.55,52.29,50.21,53.37
2023-08-05T18:30:00-05:00,64.8,60.13,60.28,67.08
2023-08-05T18:45:00-05:00,70.69,65.64,61.27,80.04
2023-08-05T19:00:00-05:00,71.03,73.17,55.28,87.1
2023-08-05T19:15:00-05:00,97.11,99.8,65.92,122.83
2023-08-05T19:30:00-05:00,98.05,100.86,57.64,125.06
2023-08-05T19:45:00-05:00,65.32,65.65,38.33,79.77
2023-08-05T20:00:00-05:00,71.08,71.97,39.88,87.85
2023-08-05T20:15:00-05:00,61.32,61.19,35.61,75.67
2023-08-05T20:30:00-05:00,42.68,42.12,26.68,53.42
2023-08-05T20:45:00-05:00,30.78,28.89,20.58,38.95
2023-08-05T21:00:00-05:00,29.5,27.31,27.35,41.39
2023-08-05T21:15:00-05:00,26.37,24.54,23.66,35.32
2023-08-05T21:30:00-05:00,25.06,23.39,23.18,32.52
2023-08-05T21:45:00-05:00,24.48,23.16,23.27,29.74
2023-08-05T22:00:00-05:00,25.65,24.06,26.05,30.57
2023-08-05T22:15:00-05:00,27.23,25.38,26.49,32.0
2023-08-05T22:30:00-05:00,24.14,22.44,24.07,28.68
2023-08-05T22:45:00-05:00,24.09,22.23,24.75,32.21
2023-08-05T23:00:00-05:00,23.91,22.23,24.58,28.86
2023-08-05T23:15:00-05:00,23.89,22.21,24.09,28.48
2023-08-05T23:30:00-05:00,23.61,21.94,23.81,28.18
2023-08-05T23:45:00-05:00,22.93,21.37,23.53,27.29
2023-08-06T00:00:00-05:00,21.69,20.41,22.23,25.31
2023-08-06T00:15:00-05:00,20.71,19.46,21.19,24.24
2023-08-06T00:30:00-05:00,20.52,19.26,20.99,24.05
2023-08-06T00:45:00-05:00,20.28,19.03,20.75,23.8
2023-08-06T01:00:00-05:00,20.11,18.83,20.6,23.75
2023-08-06T01:15:00-05:00,19.42,17.99,20.0,23.54
2023-08-06T01:30:00-05:00,18.68,17.38,19.21,22.44
2023-08-06T01:45:00-05:00,18.16,16.93,18.75,21.68
2023-08-06T02:00:00-05:00,17.49,16.32,18.03,20.87
2023-08-06T02:15:00-05:00,16.8,15.55,17.54,19.75
2023-08-06T02:30:00-05:00,16.92,15.82,17.46,20.14
2023-08-06T02:45:00-05:00,16.54,15.6,17.02,19.31
2023-08-06T03:00:00-05:00,16.13,15.42,16.48,18.19
2023-08-06T03:15:00-05:00,16.32,16.29,16.26,16.32
2023-08-06T03:30:00-05:00,16.64,16.6,16.46,16.57
2023-08-06T03:45:00-05:00,17.24,17.22,17.1,17.21
2023-08-06T04:00:00-05:00,18.48,18.45,18.31,18.44
2023-08-06T04:15:00-05:00,18.84,18.8,18.65,18.78
2023-08-06T04:30:00-05:00,18.34,18.29,18.16,18.27
2023-08-06T04:45:00-05:00,18.8,18.77,18.7,18.76
2023-08-06T05:00:00-05:00,18.78,18.74,18.64,18.71
2023-08-06T05:15:00-05:00,18.66,18.62,18.52,18.6
2023-08-06T05:30:00-05:00,18.39,18.35,18.23,18.32
2023-08-06T05:45:00-05:00,18.24,18.22,18.16,18.2
2023-08-06T06:00:00-05:00,18.36,18.34,18.29,18.33
2023-08-06T06:15:00-05:00,18.75,18.75,18.75,18.75
2023-08-06T06:30:00-05:00,18.34,18.34,18.34,18.34
2023-08-06T06:45:00-05:00,17.96,17.96,17.96,17.96
2023-08-06T07:00:00-05:00,18.04,18.04,18.04,18.04
2023-08-06T07:15:00-05:00,18.36,18.36,18.36,18.36
2023-08-06T07:30:00-05:00,17.71,17.71,17.71,17.71
2023-08-06T07:45:00-05:00,16.88,16.88,16.88,16.88
2023-08-06T08:00:00-05:00,16.71,16.71,16.71,16.71
2023-08-06T08:15:00-05:00,16.36,16.36,16.36,16.36
2023-08-06T08:30:00-05:00,15.6,15.6,15.6,15.6
2023-08-06T08:45:00-05:00,13.12,13.05,12.87,12.98
2023-08-06T09:00:00-05:00,13.1,12.31,13.77,9.34
2023-08-06T09:15:00-05:00,14.2,13.05,15.06,8.45
2023-08-06T09:30:00-05:00,15.11,13.94,16.26,9.07
2023-08-06T09:45:00-05:00,16.63,15.56,17.5,10.44
2023-08-06T10:00:00-05:00,18.88,16.51,17.57,11.16
2023-08-06T10:15:00-05:00,20.54,17.62,18.46,12.08
2023-08-06T10:30:00-05:00,22.28,18.53,18.7,12.85
2023-08-06T10:45:00-05:00,22.31,19.3,18.89,13.49
2023-08-06T11:00:00-05:00,23.5,19.96,19.29,14.08
2023-08-06T11:15:00-05:00,24.75,21.0,21.16,15.28
2023-08-06T11:30:00-05:00,23.42,21.32,22.05,15.72
2023-08-06T11:45:00-05:00,23.81,22.02,22.98,16.45
2023-08-06T12:00:00-05:00,23.04,21.5,22.55,16.03
2023-08-06T12:15:00-05:00,25.03,22.79,23.02,17.1
2023-08-06T12:30:00-05:00,24.77,23.19,24.38,17.69
2023-08-06T12:45:00-05:00,27.4,25.09,25.4,19.32
2023-08-06T13:00:00-05:00,28.42,24.81,23.39,18.74
2023-08-06T13:15:00-05:00,25.24,24.92,22.96,24.71
2023-08-06T13:30:00-05:00,26.6,25.99,24.33,25.81
2023-08-06T13:45:00-05:00,28.57,27.13,23.78,26.7
2023-08-06T14:00:00-05:00,33.4,30.03,23.29,29.05
2023-08-06T14:15:00-05:00,31.94,29.62,35.72,28.92
2023-08-06T14:30:00-05:00,31.43,30.37,24.51,30.0
2023-08-06T14:45:00-05:00,31.18,29.42,39.14,28.89
2023-08-06T15:00:00-05:00,46.44,36.92,27.0,34.29
2023-08-06T15:15:00-05:00,59.95,44.56,42.39,40.3
2023-08-06T15:30:00-05:00,42.32,35.04,41.16,33.03
2023-08-06T15:45:00-05:00,66.82,51.02,48.44,46.68
2023-08-06T16:00:00-05:00,71.28,52.54,45.32,47.56
2023-08-06T16:15:00-05:00,46.04,44.82,46.23,44.37
2023-08-06T16:30:00-05:00,54.66,56.91,49.9,57.21
2023-08-06T16:45:00-05:00,56.66,54.97,47.29,54.22
2023-08-06T17:00:00-05:00,88.51,66.56,47.56,60.48
2023-08-06T17:15:00-05:00,55.1,46.18,49.76,46.29
2023-08-06T17:30:00-05:00,66.74,72.98,56.37,74.45
2023-08-06T17:45:00-05:00,219.76,152.96,130.85,161.42
2023-08-06T18:00:00-05:00,50.18,45.64,53.39,48.42
2023-08-06T18:15:00-05:00,60.98,67.77,52.4,68.68
2023-08-06T18:30:00-05:00,480.36,534.69,263.02,542.69
2023-08-06T18:45:00-05:00,220.05,253.22,135.0,257.34
2023-08-06T19:00:00-05:00,595.87,655.74,309.18,664.74
2023-08-06T19:15:00-05:00,888.68,984.6,422.81,997.89
2023-08-06T19:30:00-05:00,1344.98,1481.26,640.84,1501.75
2023-08-06T19:45:00-05:00,2586.64,2763.67,1305.73,2794.92
2023-08-06T20:00:00-05:00,1187.1,1274.3,552.46,1284.07
2023-08-06T20:15:00-05:00,562.03,613.74,259.63,620.98
2023-08-06T20:30:00-05:00,134.01,145.98,60.95,148.66
2023-08-06T20:45:00-05:00,83.41,89.92,39.32,95.78
2023-08-06T21:00:00-05:00,52.61,55.92,27.59,62.1
2023-08-06T21:15:00-05:00,28.81,30.53,17.66,31.63
2023-08-06T21:30:00-05:00,26.37,27.2,20.98,27.65
2023-08-06T21:45:00-05:00,24.39,25.1,19.81,25.38
2023-08-06T22:00:00-05:00,26.43,26.57,25.53,26.77
2023-08-06T22:15:00-05:00,24.55,23.33,24.49,27.95
2023-08-06T22:30:00-05:00,23.76,22.53,23.41,27.39
2023-08-06T22:45:00-05:00,23.72,22.56,23.05,27.62
2023-08-06T23:00:00-05:00,24.75,23.46,24.83,28.4
2023-08-06T23:15:00-05:00,24.27,22.96,24.38,27.85
2023-08-06T23:30:00-05:00,23.6,22.27,23.82,27.26
2023-08-06T23:45:00-05:00,22.71,21.4,22.81,26.36
2023-08-07T00:00:00-05:00,22.94,21.63,23.25,26.65
2023-08-07T00:15:00-05:00,23.02,21.68,22.83,26.68
2023-08-07T00:30:00-05:00,22.75,21.4,22.27,27.36
2023-08-07T00:45:00-05:00,22.23,20.91,22.33,29.22
2023-08-07T01:00:00-05:00,21.92,20.62,21.8,25.46
2023-08-07T01:15:00-05:00,20.65,19.41,20.65,24.05
2023-08-07T01:30:00-05:00,19.89,18.75,19.71,22.94
2023-08-07T01:45:00-05:00,19.31,18.68,19.21,21.15
2023-08-07T02:00:00-05:00,19.2,19.16,18.91,19.14
2023-08-07T02:15:00-05:00,18.72,18.69,18.45,18.67
2023-08-07T02:30:00-05:00,18.62,18.55,18.3,18.51
2023-08-07T02:45:00-05:00,19.36,19.28,19.08,19.25
2023-08-07T03:00:00-05:00,20.67,20.58,20.35,20.53
2023-08-07T03:15:00-05:00,20.87,20.75,20.5,20.7
2023-08-07T03:30:00-05:00,20.85,20.76,20.53,20.72
2023-08-07T03:45:00-05:00,21.35,21.24,20.98,21.17
2023-08-07T04:00:00-05:00,21.56,21.48,21.29,21.45
2023-08-07T04:15:00-05:00,21.87,21.76,21.53,21.71
2023-08-07T04:30:00-05:00,21.74,21.65,21.4,21.6
2023-08-07T04:45:00-05:00,22.92,22.84,22.61,22.79
2023-08-07T05:00:00-05:00,23.88,23.85,23.67,24.12
2023-08-07T05:15:00-05:00,24.29,24.22,24.03,24.21
2023-08-07T05:30:00-05:00,24.37,24.31,24.1,24.45
2023-08-07T05:45:00-05:00,25.38,25.52,25.12,30.2
2023-08-07T06:00:00-05:00,25.34,25.32,25.16,25.43
2023-08-07T06:15:00-05:00,25.73,25.71,25.54,25.7
2023-08-07T06:30:00-05:00,24.64,24.61,24.46,24.6
2023-08-07T06:45:00-05:00,23.97,23.94,23.79,23.94
2023-08-07T07:00:00-05:00,24.11,24.06,23.85,24.03
2023-08-07T07:15:00-05:00,24.31,24.26,24.06,24.24
2023-08-07T07:30:00-05:00,24.01,23.94,23.78,24.05
2023-08-07T07:45:00-05:00,23.68,22.75,23.8,26.06
2023-08-07T08:00:00-05:00,23.42,22.08,23.73,27.0
2023-08-07T08:15:00-05:00,23.19,21.81,23.31,26.63
2023-08-07T08:30:00-05:00,22.08,21.25,21.91,23.87
2023-08-07T08:45:00-05:00,21.01,20.8,19.99,20.68
2023-08-07T09:00:00-05:00,19.96,19.8,17.83,19.65
2023-08-07T09:15:00-05:00,19.34,19.1,15.88,18.9
2023-08-07T09:30:00-05:00,21.79,19.74,14.17,19.02
2023-08-07T09:45:00-05:00,23.13,21.85,17.41,21.44
2023-08-07T10:00:00-05:00,24.15,22.23,16.85,21.61
2023-08-07T10:15:00-05:00,25.14,24.67,20.75,24.41
2023-08-07T10:30:00-05:00,25.86,24.97,20.58,24.59
2023-08-07T10:45:00-05:00,28.95,26.89,21.8,26.25
2023-08-07T11:00:00-05:00,32.53,27.5,22.25,22.62
2023-08-07T11:15:00-05:00,30.94,27.07,24.34,20.68
2023-08-07T11:30:00-05:00,31.08,27.29,24.72,20.91
2023-08-07T11:45:00-05:00,32.06,29.47,28.82,23.33
2023-08-07T12:00:00-05:00,26.41,25.4,24.92,23.28
2023-08-07T12:15:00-05:00,27.9,27.85,27.78,27.84
2023-08-07T12:30:00-05:00,58.79,58.74,58.48,58.74
2023-08-07T12:45:00-05:00,61.9,61.86,61.69,61.86
2023-08-07T13:00:00-05:00,49.29,49.25,49.19,49.25
2023-08-07T13:15:00-05:00,74.24,74.5,71.24,74.57
2023-08-07T13:30:00-05:00,75.68,75.94,85.91,76.02
2023-08-07T13:45:00-05:00,77.08,77.31,94.41,77.38
2023-08-07T14:00:00-05:00,117.88,118.24,132.49,118.35
2023-08-07T14:15:00-05:00,123.25,123.58,139.78,123.68
2023-08-07T14:30:00-05:00,148.17,119.38,98.49,111.4
2023-08-07T14:45:00-05:00,361.18,260.45,139.01,228.98
2023-08-07T15:00:00-05:00,210.45,150.45,92.15,129.15
2023-08-07T15:15:00-05:00,622.67,435.1,209.82,369.11
2023-08-07T15:30:00-05:00,696.37,477.12,154.21,402.06
2023-08-07T15:45:00-05:00,1657.78,1151.49,328.91,980.49
2023-08-07T16:00:00-05:00,986.23,709.36,215.06,607.86
2023-08-07T16:15:00-05:00,1774.35,1334.06,405.88,1164.01
2023-08-07T16:30:00-05:00,2602.71,2172.49,734.06,1970.9
2023-08-07T16:45:00-05:00,1864.79,1474.21,470.44,1310.23
2023-08-07T17:00:00-05:00,631.99,493.79,221.37,421.88
2023-08-07T17:15:00-05:00,1281.19,984.66,380.69,851.62
2023-08-07T17:30:00-05:00,591.66,468.18,247.05,397.31
2023-08-07T17:45:00-05:00,1263.22,1201.16,587.95,1130.71
2023-08-07T18:00:00-05:00,231.09,240.95,174.86,220.84
2023-08-07T18:15:00-05:00,268.24,302.99,184.39,289.58
2023-08-07T18:30:00-05:00,378.41,436.67,277.25,416.52
2023-08-07T18:45:00-05:00,1585.94,1720.21,789.96,1678.62
2023-08-07T19:00:00-05:00,961.68,1051.67,484.36,1025.53
2023-08-07T19:15:00-05:00,1907.97,2021.18,891.41,1983.27
2023-08-07T19:30:00-05:00,895.75,932.04,427.73,933.84
2023-08-07T19:45:00-05:00,504.74,504.58,269.92,501.73
2023-08-07T20:00:00-05:00,193.59,209.84,123.69,213.7
2023-08-07T20:15:00-05:00,102.37,109.31,67.57,111.63
2023-08-07T20:30:00-05:00,96.81,102.36,62.75,104.69
2023-08-07T20:45:00-05:00,72.35,75.9,51.07,77.27
2023-08-07T21:00:00-05:00,60.28,62.66,46.53,63.44
2023-08-07T21:15:00-05:00,39.44,41.17,29.71,41.64
2023-08-07T21:30:00-05:00,40.32,41.99,30.24,42.46
2023-08-07T21:45:00-05:00,32.97,34.08,26.37,34.4
2023-08-07T22:00:00-05:00,66.28,67.69,56.09,68.1
2023-08-07T22:15:00-05:00,57.76,57.5,52.72,57.39
2023-08-07T22:30:00-05:00,28.91,28.78,26.49,28.71
2023-08-07T22:45:00-05:00,27.6,27.47,25.33,27.41
2023-08-07T23:00:00-05:00,30.76,29.66,28.66,33.33
2023-08-07T23:15:00-05:00,36.02,34.31,34.33,40.41
2023-08-07T23:30:00-05:00,39.04,36.97,37.09,44.3
2023-08-07T23:45:00-05:00,32.58,30.9,32.67,37.32
2023-08-08T00:00:00-05:00,27.79,26.83,28.01,30.54
2023-08-08T00:15:00-05:00,36.95,36.93,36.65,36.9
2023-08-08T00:30:00-05:00,41.8,41.77,41.46,41.73
2023-08-08T00:45:00-05:00,29.67,29.65,29.42,29.62
2023-08-08T01:00:00-05:00,27.18,27.27,22.94,27.84
2023-08-08T01:15:00-05:00,30.56,31.55,26.08,37.4
2023-08-08T01:30:00-05:00,38.16,38.17,34.33,38.25
2023-08-08T01:45:00-05:00,37.37,38.04,31.66,41.37
2023-08-08T02:00:00-05:00,53.3,54.15,43.95,58.41
2023-08-08T02:15:00-05:00,34.68,24.61,34.97,103.21
2023-08-08T02:30:00-05:00,26.2,21.67,26.59,52.51
2023-08-08T02:45:00-05:00,30.55,19.49,33.83,94.9
2023-08-08T03:00:00-05:00,23.82,21.77,23.84,35.73
2023-08-08T03:15:00-05:00,22.96,21.79,23.16,29.79
2023-08-08T03:30:00-05:00,21.76,21.75,21.58,21.8
2023-08-08T03:45:00-05:00,21.32,21.31,21.19,21.31
2023-08-08T04:00:00-05:00,21.24,21.24,21.06,21.23
2023-08-08T04:15:00-05:00,22.07,21.63,22.2,24.41
2023-08-08T04:30:00-05:00,21.69,21.48,21.72,22.78
2023-08-08T04:45:00-05:00,22.66,19.57,24.06,38.96
2023-08-08T05:00:00-05:00,25.23,18.22,29.47,62.79
2023-08-08T05:15:00-05:00,33.19,17.59,43.16,125.0
2023-08-08T05:30:00-05:00,27.82,17.05,33.65,111.55
2023-08-08T05:45:00-05:00,31.95,17.12,41.52,117.98
2023-08-08T06:00:00-05:00,26.86,18.36,31.99,73.13
2023-08-08T06:15:00-05:00,28.62,20.17,33.14,75.86
2023-08-08T06:30:00-05:00,24.53,19.78,27.2,49.3
2023-08-08T06:45:00-05:00,23.45,21.4,24.41,33.13
2023-08-08T07:00:00-05:00,23.11,21.5,24.09,31.63
2023-08-08T07:15:00-05:00,22.87,21.24,23.94,32.64
2023-08-08T07:30:00-05:00,23.41,23.24,23.52,24.41
2023-08-08T07:45:00-05:00,22.56,22.56,22.56,22.56
2023-08-08T08:00:00-05:00,22.23,22.23,22.23,22.23
2023-08-08T08:15:00-05:00,21.73,21.73,21.73,21.73
2023-08-08T08:30:00-05:00,21.22,21.22,21.22,21.22
2023-08-08T08:45:00-05:00,21.08,21.08,21.08,21.08
2023-08-08T09:00:00-05:00,22.1,22.1,22.06,22.1
2023-08-08T09:15:00-05:00,21.6,21.6,21.58,21.6
2023-08-08T09:30:00-05:00,22.42,22.42,22.42,22.42
2023-08-08T09:45:00-05:00,24.45,24.45,24.45,24.45
2023-08-08T10:00:00-05:00,25.58,25.58,25.58,25.58
2023-08-08T10:15:00-05:00,25.62,25.62,25.62,25.62
2023-08-08T10:30:00-05:00,25.99,25.99,25.99,25.99
2023-08-08T10:45:00-05:00,27.46,27.46,27.46,27.46
2023-08-08T11:00:00-05:00,26.35,26.35,26.35,26.35
2023-08-08T11:15:00-05:00,26.95,26.95,26.95,26.95
2023-08-08T11:30:00-05:00,31.47,31.47,31.47,31.47
2023-08-08T11:45:00-05:00,28.12,28.11,28.12,28.12
2023-08-08T12:00:00-05:00,29.1,29.09,29.1,29.1
2023-08-08T12:15:00-05:00,48.14,48.1,48.14,48.14
2023-08-08T12:30:00-05:00,75.0,74.88,75.0,75.0
2023-08-08T12:45:00-05:00,72.82,72.77,72.82,72.82
2023-08-08T13:00:00-05:00,84.74,84.74,84.74,84.74
2023-08-08T13:15:00-05:00,355.6,355.6,355.6,355.6
2023-08-08T13:30:00-05:00,75.38,75.38,75.38,75.38
2023-08-08T13:45:00-05:00,130.37,130.01,130.5,156.68
2023-08-08T14:00:00-05:00,73.82,73.66,73.89,86.21
2023-08-08T14:15:00-05:00,143.5,153.18,83.05,168.37
2023-08-08T14:30:00-05:00,295.99,319.1,170.13,338.07
2023-08-08T14:45:00-05:00,505.4,547.16,265.18,554.76
2023-08-08T15:00:00-05:00,326.33,353.94,173.42,359.07
2023-08-08T15:15:00-05:00,634.14,688.05,319.52,697.95
2023-08-08T15:30:00-05:00,792.86,862.49,394.05,875.3
2023-08-08T15:45:00-05:00,1786.66,1943.27,849.37,1971.78
2023-08-08T16:00:00-05:00,1717.95,1868.9,783.5,1896.47
2023-08-08T16:15:00-05:00,341.25,376.45,197.33,379.84
2023-08-08T16:30:00-05:00,69.3,75.97,56.91,76.98
2023-08-08T16:45:00-05:00,80.24,81.82,69.72,85.9
2023-08-08T17:00:00-05:00,70.79,81.46,82.94,80.61
2023-08-08T17:15:00-05:00,66.57,72.26,57.27,73.32
2023-08-08T17:30:00-05:00,119.21,135.94,94.46,137.55
2023-08-08T17:45:00-05:00,47.06,51.54,59.08,51.11
2023-08-08T18:00:00-05:00,36.83,38.7,43.65,39.07
2023-08-08T18:15:00-05:00,64.72,70.52,52.31,71.61
2023-08-08T18:30:00-05:00,71.37,77.52,55.21,78.68
2023-08-08T18:45:00-05:00,226.05,245.68,127.86,249.27
2023-08-08T19:00:00-05:00,97.31,105.79,67.02,107.35
2023-08-08T19:15:00-05:00,719.72,778.76,359.94,820.2
2023-08-08T19:30:00-05:00,2120.56,2278.98,1144.62,2310.87
2023-08-08T19:45:00-05:00,2412.85,2582.88,1268.1,2618.25
2023-08-08T20:00:00-05:00,804.14,846.19,373.91,850.45
2023-08-08T20:15:00-05:00,1049.52,1100.72,537.91,1110.38
2023-08-08T20:30:00-05:00,84.85,92.53,38.28,93.96
2023-08-08T20:45:00-05:00,47.22,48.57,27.45,49.25
2023-08-08T21:00:00-05:00,122.05,128.78,71.7,130.28
2023-08-08T21:15:00-05:00,37.24,37.74,30.04,65.52
2023-08-08T21:30:00-05:00,29.78,29.53,28.17,72.52
2023-08-08T21:45:00-05:00,29.41,28.97,29.18,71.55
2023-08-08T22:00:00-05:00,29.75,29.26,29.59,71.75
2023-08-08T22:15:00-05:00,27.37,26.92,27.26,72.39
2023-08-08T22:30:00-05:00,25.88,25.49,25.72,72.53
2023-08-08T22:45:00-05:00,26.28,25.91,26.18,72.97
2023-08-08T23:00:00-05:00,25.99,25.9,25.33,45.48
2023-08-08T23:15:00-05:00,25.28,25.39,24.59,29.87
2023-08-08T23:30:00-05:00,23.04,23.15,22.49,27.28
2023-08-08T23:45:00-05:00,22.26,22.27,21.89,23.29
2023-08-09T00:00:00-05:00,21.79,21.79,21.78,21.79
2023-08-09T00:15:00-05:00,21.91,21.91,21.91,21.91
2023-08-09T00:30:00-05:00,20.74,20.61,20.93,20.39
2023-08-09T00:45:00-05:00,20.84,20.44,21.49,19.73
2023-08-09T01:00:00-05:00,22.09,21.95,22.33,21.69
2023-08-09T01:15:00-05:00,21.37,21.37,21.37,21.37
2023-08-09T01:30:00-05:00,21.37,21.37,21.37,21.37
2023-08-09T01:45:00-05:00,21.41,21.41,21.41,21.41
2023-08-09T02:00:00-05:00,21.8,21.78,21.48,21.77
2023-08-09T02:15:00-05:00,20.91,20.87,19.83,20.86
2023-08-09T02:30:00-05:00,21.01,20.96,19.87,20.95
2023-08-09T02:45:00-05:00,20.91,20.92,19.79,20.94
2023-08-09T03:00:00-05:00,20.99,21.05,20.35,21.08
2023-08-09T03:15:00-05:00,21.37,20.89,21.24,23.09
2023-08-09T03:30:00-05:00,21.88,20.87,21.91,25.09
2023-08-09T03:45:00-05:00,21.94,20.77,22.22,25.86
2023-08-09T04:00:00-05:00,21.83,20.64,22.11,25.74
2023-08-09T04:15:00-05:00,21.62,20.47,21.89,25.43
2023-08-09T04:30:00-05:00,20.97,19.8,21.45,24.59
2023-08-09T04:45:00-05:00,20.16,18.97,20.75,23.66
2023-08-09T05:00:00-05:00,19.77,18.61,20.35,23.18
2023-08-09T05:15:00-05:00,19.84,18.68,20.43,23.28
2023-08-09T05:30:00-05:00,19.6,18.54,20.14,22.75
2023-08-09T05:45:00-05:00,19.31,18.45,19.73,21.85
2023-08-09T06:00:00-05:00,19.11,17.98,19.55,22.42
2023-08-09T06:15:00-05:00,19.68,18.49,20.06,23.12
2023-08-09T06:30:00-05:00,20.18,18.96,20.56,23.63
2023-08-09T06:45:00-05:00,20.49,19.22,20.84,24.0
2023-08-09T07:00:00-05:00,20.6,19.3,20.86,24.11
2023-08-09T07:15:00-05:00,20.43,19.16,20.79,24.3
2023-08-09T07:30:00-05:00,19.17,18.42,19.36,21.81
2023-08-09T07:45:00-05:00,18.96,17.79,19.34,22.26
2023-08-09T08:00:00-05:00,17.45,17.41,17.29,17.5
2023-08-09T08:15:00-05:00,17.4,17.07,17.4,18.45
2023-08-09T08:30:00-05:00,17.05,16.42,17.2,18.82
2023-08-09T08:45:00-05:00,16.32,15.63,16.21,17.93
2023-08-09T09:00:00-05:00,15.93,15.54,13.79,5.14
2023-08-09T09:15:00-05:00,16.9,16.69,14.28,0.32
2023-08-09T09:30:00-05:00,18.4,17.25,13.76,0.16
2023-08-09T09:45:00-05:00,20.48,17.96,13.55,0.2
2023-08-09T10:00:00-05:00,24.33,18.02,13.93,0.23
2023-08-09T10:15:00-05:00,23.77,18.58,14.31,0.3
2023-08-09T10:30:00-05:00,24.83,19.32,14.22,0.31
2023-08-09T10:45:00-05:00,23.93,19.3,13.5,0.31
2023-08-09T11:00:00-05:00,26.13,20.14,15.02,0.52
2023-08-09T11:15:00-05:00,26.65,20.7,15.47,0.81
2023-08-09T11:30:00-05:00,25.64,20.91,16.15,1.67
2023-08-09T11:45:00-05:00,27.9,21.01,18.81,16.71
2023-08-09T12:00:00-05:00,28.3,20.46,19.95,18.11
2023-08-09T12:15:00-05:00,25.52,21.38,21.86,21.41
2023-08-09T12:30:00-05:00,30.79,24.34,23.87,24.09
2023-08-09T12:45:00-05:00,30.17,24.33,22.82,24.46
2023-08-09T13:00:00-05:00,27.35,23.45,21.26,25.58
2023-08-09T13:15:00-05:00,31.97,24.22,24.82,26.39
2023-08-09T13:30:00-05:00,28.34,26.48,30.92,29.75
2023-08-09T13:45:00-05:00,36.84,30.91,32.78,33.52
2023-08-09T14:00:00-05:00,35.71,29.95,41.24,36.08
2023-08-09T14:15:00-05:00,76.72,54.91,60.29,79.42
2023-08-09T14:30:00-05:00,73.2,65.52,64.51,61.32
2023-08-09T14:45:00-05:00,29.56,31.73,55.6,49.03
2023-08-09T15:00:00-05:00,35.67,35.38,68.66,55.12
2023-08-09T15:15:00-05:00,47.02,40.96,73.15,48.66
2023-08-09T15:30:00-05:00,44.96,41.5,57.59,33.25
2023-08-09T15:45:00-05:00,60.76,52.12,61.94,42.44
2023-08-09T16:00:00-05:00,66.35,54.15,66.62,41.2
2023-08-09T16:15:00-05:00,109.91,76.69,117.84,65.2
2023-08-09T16:30:00-05:00,103.52,93.6,80.03,67.94
2023-08-09T16:45:00-05:00,160.38,124.44,137.48,102.71
2023-08-09T17:00:00-05:00,90.85,96.87,133.32,70.61
2023-08-09T17:15:00-05:00,86.72,88.9,160.44,78.27
2023-08-09T17:30:00-05:00,112.35,146.38,188.72,133.38
2023-08-09T17:45:00-05:00,152.43,192.49,221.42,178.05
2023-08-09T18:00:00-05:00,49.66,95.99,166.55,67.07
2023-08-09T18:15:00-05:00,190.56,262.44,241.6,234.18
2023-08-09T18:30:00-05:00,241.02,308.83,262.41,289.99
2023-08-09T18:45:00-05:00,757.74,867.93,487.44,861.51
2023-08-09T19:00:00-05:00,685.28,793.6,374.08,780.99
2023-08-09T19:15:00-05:00,1520.22,1687.42,775.25,1691.34
2023-08-09T19:30:00-05:00,1336.76,1486.62,677.26,1486.84
2023-08-09T19:45:00-05:00,757.65,859.54,392.45,850.98
2023-08-09T20:00:00-05:00,232.07,275.47,144.23,273.84
2023-08-09T20:15:00-05:00,706.28,760.3,369.65,841.04
2023-08-09T20:30:00-05:00,121.06,128.43,84.29,152.25
2023-08-09T20:45:00-05:00,46.59,49.01,38.93,60.5
2023-08-09T21:00:00-05:00,56.73,55.34,44.83,96.2
2023-08-09T21:15:00-05:00,48.54,37.64,41.07,141.66
2023-08-09T21:30:00-05:00,37.76,30.96,33.39,77.05
2023-08-09T21:45:00-05:00,37.03,26.13,32.81,110.53
2023-08-09T22:00:00-05:00,32.95,23.72,35.7,93.12
2023-08-09T22:15:00-05:00,29.44,21.73,31.55,79.79
2023-08-09T22:30:00-05:00,27.09,22.71,27.42,48.28
2023-08-09T22:45:00-05:00,32.62,23.28,35.35,82.26
2023-08-09T23:00:00-05:00,30.5,22.61,29.53,66.4
2023-08-09T23:15:00-05:00,25.93,24.48,23.93,30.29
2023-08-09T23:30:00-05:00,26.81,25.51,24.78,30.45
2023-08-09T23:45:00-05:00,26.7,25.4,24.54,30.13
2023-08-10T00:00:00-05:00,28.04,26.63,25.69,31.61
2023-08-10T00:15:00-05:00,28.16,27.98,29.81,28.1
2023-08-10T00:30:00-05:00,27.92,27.8,26.84,27.79
2023-08-10T00:45:00-05:00,27.63,27.58,27.8,27.59
2023-08-10T01:00:00-05:00,27.2,27.18,27.51,27.21
2023-08-10T01:15:00-05:00,26.96,26.93,25.36,26.94
2023-08-10T01:30:00-05:00,27.01,26.98,25.59,27.0
2023-08-10T01:45:00-05:00,27.15,27.14,25.9,27.17
2023-08-10T02:00:00-05:00,32.13,32.08,31.09,32.11
2023-08-10T02:15:00-05:00,30.64,30.67,29.51,30.72
2023-08-10T02:30:00-05:00,32.01,32.03,30.59,32.1
2023-08-10T02:45:00-05:00,28.56,28.87,25.78,29.51
2023-08-10T03:00:00-05:00,28.7,29.02,23.21,30.87
2023-08-10T03:15:00-05:00,27.86,27.95,21.99,28.02
2023-08-10T03:30:00-05:00,27.86,27.91,25.25,27.97
2023-08-10T03:45:00-05:00,26.87,26.94,24.89,27.0
2023-08-10T04:00:00-05:00,26.6,26.55,25.95,26.53
2023-08-10T04:15:00-05:00,27.32,27.24,26.72,27.19
2023-08-10T04:30:00-05:00,27.18,27.1,26.57,27.05
2023-08-10T04:45:00-05:00,26.38,26.34,25.94,26.3
2023-08-10T05:00:00-05:00,27.3,27.24,26.75,27.19
2023-08-10T05:15:00-05:00,27.42,27.38,27.08,27.36
2023-08-10T05:30:00-05:00,27.57,27.52,27.13,27.49
2023-08-10T05:45:00-05:00,28.02,27.97,27.6,27.94
2023-08-10T06:00:00-05:00,28.74,28.67,27.97,28.6
2023-08-10T06:15:00-05:00,29.55,28.94,27.63,28.74
2023-08-10T06:30:00-05:00,28.7,28.17,27.11,28.01
2023-08-10T06:45:00-05:00,28.46,27.88,26.58,27.69
2023-08-10T07:00:00-05:00,28.29,27.62,25.64,27.42
2023-08-10T07:15:00-05:00,28.62,27.99,25.33,27.8
2023-08-10T07:30:00-05:00,27.93,27.53,24.78,27.41
2023-08-10T07:45:00-05:00,26.61,26.44,23.81,26.38
2023-08-10T08:00:00-05:00,26.02,26.12,22.29,26.23
2023-08-10T08:15:00-05:00,26.23,26.35,114.22,26.48
2023-08-10T08:30:00-05:00,25.92,26.22,116.35,26.3
2023-08-10T08:45:00-05:00,25.91,25.7,86.66,25.6
2023-08-10T09:00:00-05:00,27.33,27.3,21.94,27.17
2023-08-10T09:15:00-05:00,28.91,29.27,55.85,29.45
2023-08-10T09:30:00-05:00,28.13,28.53,21.06,28.73
2023-08-10T09:45:00-05:00,32.04,30.2,20.34,29.82
2023-08-10T10:00:00-05:00,31.58,30.33,20.98,29.98
2023-08-10T10:15:00-05:00,30.91,29.58,21.25,29.0
2023-08-10T10:30:00-05:00,30.2,29.54,19.55,29.41
2023-08-10T10:45:00-05:00,43.46,37.12,21.42,35.29
2023-08-10T11:00:00-05:00,32.01,31.38,20.1,31.42
2023-08-10T11:15:00-05:00,34.4,32.27,20.88,31.91
2023-08-10T11:30:00-05:00,32.72,32.08,21.92,32.28
2023-08-10T11:45:00-05:00,45.35,42.35,25.79,41.96
2023-08-10T12:00:00-05:00,42.27,44.12,27.2,42.87
2023-08-10T12:15:00-05:00,44.8,52.04,23.2,39.84
2023-08-10T12:30:00-05:00,127.35,125.96,43.4,93.46
2023-08-10T12:45:00-05:00,71.72,100.3,45.97,75.51
2023-08-10T13:00:00-05:00,90.88,112.5,37.56,85.23
2023-08-10T13:15:00-05:00,462.96,370.3,126.75,311.49
2023-08-10T13:30:00-05:00,97.05,134.96,71.14,111.83
2023-08-10T13:45:00-05:00,450.88,520.3,249.23,503.19
2023-08-10T14:00:00-05:00,1183.29,1000.6,366.03,914.78
2023-08-10T14:15:00-05:00,1963.31,1707.73,661.36,1600.91
2023-08-10T14:30:00-05:00,1342.2,1121.56,377.07,1024.22
2023-08-10T14:45:00-05:00,3211.98,2840.92,1062.28,2697.57
2023-08-10T15:00:00-05:00,3097.26,2750.27,978.1,2601.92
2023-08-10T15:15:00-05:00,3712.88,3432.71,1346.68,3283.0
2023-08-10T15:30:00-05:00,4637.62,4346.2,1499.66,3918.93
2023-08-10T15:45:00-05:00,4095.29,3873.99,1326.77,3479.64
2023-08-10T16:00:00-05:00,3321.21,2855.31,920.38,2613.23
2023-08-10T16:15:00-05:00,3992.63,3786.37,1338.54,3392.48
2023-08-10T16:30:00-05:00,3486.64,3362.06,1159.07,2998.03
2023-08-10T16:45:00-05:00,3406.17,3279.06,1128.45,2915.87
2023-08-10T17:00:00-05:00,2845.8,2631.54,858.89,2194.29
2023-08-10T17:15:00-05:00,770.38,838.94,314.6,544.09
2023-08-10T17:30:00-05:00,2298.4,2226.38,792.3,1849.88
2023-08-10T17:45:00-05:00,4033.47,3912.33,1452.88,3507.17
2023-08-10T18:00:00-05:00,735.16,723.51,298.76,553.58
2023-08-10T18:15:00-05:00,222.9,353.23,211.74,157.9
2023-08-10T18:30:00-05:00,733.91,1154.38,383.16,567.76
2023-08-10T18:45:00-05:00,1596.25,2204.87,783.72,1456.32
2023-08-10T19:00:00-05:00,1583.02,2136.0,742.57,1527.61
2023-08-10T19:15:00-05:00,1148.22,1211.8,538.04,1164.23
2023-08-10T19:30:00-05:00,320.97,311.92,183.84,279.74
2023-08-10T19:45:00-05:00,186.19,176.62,127.3,174.18
2023-08-10T20:00:00-05:00,190.92,178.79,101.94,163.69
2023-08-10T20:15:00-05:00,247.4,248.38,156.27,250.08
2023-08-10T20:30:00-05:00,627.2,661.76,353.44,670.9
2023-08-10T20:45:00-05:00,49.35,51.97,47.12,53.03
2023-08-10T21:00:00-05:00,35.08,36.5,25.89,37.4
2023-08-10T21:15:00-05:00,31.51,32.19,24.84,32.59
2023-08-10T21:30:00-05:00,32.09,32.99,26.7,33.95
2023-08-10T21:45:00-05:00,29.68,30.86,22.62,34.68
2023-08-10T22:00:00-05:00,37.26,37.83,34.65,43.92
2023-08-10T22:15:00-05:00,43.74,44.06,40.24,51.57
2023-08-10T22:30:00-05:00,36.94,37.0,33.66,43.18
2023-08-10T22:45:00-05:00,44.25,44.32,40.28,51.83
2023-08-10T23:00:00-05:00,38.15,38.0,35.0,38.18
2023-08-10T23:15:00-05:00,33.4,33.26,30.61,33.17
2023-08-10T23:30:00-05:00,30.95,30.81,28.33,30.72
2023-08-10T23:45:00-05:00,28.66,28.54,26.28,28.47
2023-08-11T00:00:00-05:00,30.63,30.16,33.04,31.6
2023-08-11T00:15:00-05:00,31.81,30.42,34.38,35.91
2023-08-11T00:30:00-05:00,32.44,31.03,35.64,36.62
2023-08-11T00:45:00-05:00,32.23,30.83,34.65,36.42
2023-08-11T01:00:00-05:00,30.57,29.2,32.11,34.73
2023-08-11T01:15:00-05:00,29.28,28.05,29.61,33.49
2023-08-11T01:30:00-05:00,30.53,29.19,30.82,34.75
2023-08-11T01:45:00-05:00,29.44,28.2,29.92,33.68
2023-08-11T02:00:00-05:00,30.5,29.25,34.41,34.87
2023-08-11T02:15:00-05:00,29.52,28.31,32.2,33.76
2023-08-11T02:30:00-05:00,27.02,25.85,27.56,31.17
2023-08-11T02:45:00-05:00,24.87,23.74,25.45,29.2
2023-08-11T03:00:00-05:00,24.93,23.84,27.55,28.78
2023-08-11T03:15:00-05:00,24.68,23.56,25.22,28.61
2023-08-11T03:30:00-05:00,26.04,24.91,26.76,30.11
2023-08-11T03:45:00-05:00,24.94,23.8,25.66,29.03
2023-08-11T04:00:00-05:00,24.09,22.96,24.8,28.17
2023-08-11T04:15:00-05:00,24.01,22.88,24.73,28.1
2023-08-11T04:30:00-05:00,23.74,22.13,24.73,31.11
2023-08-11T04:45:00-05:00,23.26,22.13,23.89,27.53
2023-08-11T05:00:00-05:00,23.89,22.78,24.58,28.21
2023-08-11T05:15:00-05:00,24.22,22.18,25.93,49.34
2023-08-11T05:30:00-05:00,23.83,22.14,25.31,47.36
2023-08-11T05:45:00-05:00,23.63,22.01,24.94,46.39
2023-08-11T06:00:00-05:00,23.16,22.1,26.36,40.22
2023-08-11T06:15:00-05:00,22.59,22.22,22.77,28.34
2023-08-11T06:30:00-05:00,22.48,22.32,22.47,24.88
2023-08-11T06:45:00-05:00,22.26,22.25,22.11,22.23
2023-08-11T07:00:00-05:00,21.94,21.9,21.75,21.88
2023-08-11T07:15:00-05:00,22.05,22.03,21.91,22.07
2023-08-11T07:30:00-05:00,22.25,22.22,22.1,22.22
2023-08-11T07:45:00-05:00,21.99,21.96,21.85,21.96
2023-08-11T08:00:00-05:00,21.75,21.68,21.46,21.63
2023-08-11T08:15:00-05:00,21.66,21.57,21.29,21.51
2023-08-11T08:30:00-05:00,21.36,21.25,20.93,21.19
2023-08-11T08:45:00-05:00,20.82,20.69,20.32,20.61
2023-08-11T09:00:00-05:00,21.18,20.41,18.79,20.05
2023-08-11T09:15:00-05:00,22.68,20.6,16.21,19.79
2023-08-11T09:30:00-05:00,22.74,20.66,15.06,19.9
2023-08-11T09:45:00-05:00,25.02,21.19,14.39,20.16
2023-08-11T10:00:00-05:00,28.35,23.1,14.99,18.23
2023-08-11T10:15:00-05:00,27.59,26.2,18.69,17.85
2023-08-11T10:30:00-05:00,26.26,25.45,17.67,17.97
2023-08-11T10:45:00-05:00,29.12,26.12,19.2,18.74
2023-08-11T11:00:00-05:00,37.01,27.96,23.41,24.48
2023-08-11T11:15:00-05:00,33.23,28.51,25.48,27.93
2023-08-11T11:30:00-05:00,33.76,30.45,26.41,29.67
2023-08-11T11:45:00-05:00,52.43,42.2,29.52,39.52
2023-08-11T12:00:00-05:00,30.61,30.11,29.31,29.95
2023-08-11T12:15:00-05:00,30.63,30.62,30.63,30.63
2023-08-11T12:30:00-05:00,63.91,63.91,63.91,63.91
2023-08-11T12:45:00-05:00,75.94,70.48,67.71,69.93
2023-08-11T13:00:00-05:00,51.34,67.22,46.0,51.51
2023-08-11T13:15:00-05:00,70.51,97.87,64.54,72.73
2023-08-11T13:30:00-05:00,81.7,98.3,74.29,80.81
2023-08-11T13:45:00-05:00,175.89,129.17,74.13,117.39
2023-08-11T14:00:00-05:00,231.61,159.07,76.12,140.31
2023-08-11T14:15:00-05:00,286.65,200.81,110.09,177.34
2023-08-11T14:30:00-05:00,215.19,149.72,82.84,131.23
2023-08-11T14:45:00-05:00,294.76,189.28,80.6,161.79
2023-08-11T15:00:00-05:00,636.5,407.12,117.13,345.09
2023-08-11T15:15:00-05:00,1176.12,842.34,251.54,746.44
2023-08-11T15:30:00-05:00,1110.15,714.07,172.69,609.86
2023-08-11T15:45:00-05:00,1190.29,780.64,191.94,673.28
2023-08-11T16:00:00-05:00,1131.8,731.32,183.9,627.98
2023-08-11T16:15:00-05:00,1665.81,1151.92,309.01,1011.98
2023-08-11T16:30:00-05:00,1595.98,1090.75,282.61,955.41
2023-08-11T16:45:00-05:00,1933.57,1352.47,344.58,1193.71
2023-08-11T17:00:00-05:00,1359.13,955.9,293.17,838.61
2023-08-11T17:15:00-05:00,2018.89,1462.7,393.34,1304.8
2023-08-11T17:30:00-05:00,1918.78,1438.42,406.71,1291.09
2023-08-11T17:45:00-05:00,3060.16,2678.21,919.51,2551.02
2023-08-11T18:00:00-05:00,1258.73,1098.82,449.79,1032.7
2023-08-11T18:15:00-05:00,778.24,856.5,453.7,866.73
2023-08-11T18:30:00-05:00,541.52,598.73,306.12,611.0
2023-08-11T18:45:00-05:00,416.74,417.92,194.55,416.72
2023-08-11T19:00:00-05:00,2046.74,2154.64,1086.44,2177.93
2023-08-11T19:15:00-05:00,1243.97,1290.31,629.06,1299.97
2023-08-11T19:30:00-05:00,535.35,539.57,279.01,540.47
2023-08-11T19:45:00-05:00,209.8,208.22,173.11,208.62
2023-08-11T20:00:00-05:00,150.36,156.19,124.5,157.69
2023-08-11T20:15:00-05:00,225.13,240.43,142.94,244.84
2023-08-11T20:30:00-05:00,76.14,78.73,74.6,79.67
2023-08-11T20:45:00-05:00,45.58,46.7,48.21,47.23
2023-08-11T21:00:00-05:00,35.24,35.69,33.01,35.92
2023-08-11T21:15:00-05:00,30.99,31.17,30.37,31.28
2023-08-11T21:30:00-05:00,29.65,29.76,29.23,29.83
2023-08-11T21:45:00-05:00,29.07,29.17,28.64,29.23
2023-08-11T22:00:00-05:00,30.44,30.45,29.7,30.5
2023-08-11T22:15:00-05:00,29.87,29.97,29.42,30.04
2023-08-11T22:30:00-05:00,29.53,29.52,28.71,29.55
2023-08-11T22:45:00-05:00,31.02,28.98,28.59,34.13
2023-08-11T23:00:00-05:00,30.91,29.48,30.02,34.17
2023-08-11T23:15:00-05:00,28.43,28.39,28.21,28.47
2023-08-11T23:30:00-05:00,27.1,27.08,26.88,27.06
2023-08-11T23:45:00-05:00,27.11,27.1,26.9,27.07
2023-08-12T00:00:00-05:00,28.18,28.16,27.96,28.14
2023-08-12T00:15:00-05:00,27.1,27.08,26.89,27.06
2023-08-12T00:30:00-05:00,27.52,27.51,27.31,27.48
2023-08-12T00:45:00-05:00,26.48,26.47,26.29,26.44
2023-08-12T01:00:00-05:00,25.24,25.22,25.05,25.21
2023-08-12T01:15:00-05:00,23.79,23.76,23.61,23.75
2023-08-12T01:30:00-05:00,23.5,23.47,23.33,23.47
2023-08-12T01:45:00-05:00,23.12,23.09,22.96,23.09
2023-08-12T02:00:00-05:00,22.96,22.93,22.79,22.93
2023-08-12T02:15:00-05:00,22.54,22.51,22.38,22.51
2023-08-12T02:30:00-05:00,22.21,22.18,22.06,22.18
2023-08-12T02:45:00-05:00,22.17,22.15,22.03,22.15
2023-08-12T03:00:00-05:00,22.05,22.02,21.91,22.02
2023-08-12T03:15:00-05:00,21.42,21.42,21.39,21.42
2023-08-12T03:30:00-05:00,21.09,21.09,21.09,21.09
2023-08-12T03:45:00-05:00,20.93,20.93,20.92,20.92
2023-08-12T04:00:00-05:00,21.26,21.26,21.25,21.26
2023-08-12T04:15:00-05:00,21.12,21.12,21.12,21.12
2023-08-12T04:30:00-05:00,21.27,21.27,21.27,21.27
2023-08-12T04:45:00-05:00,21.05,21.05,21.05,21.05
2023-08-12T05:00:00-05:00,20.73,20.73,20.73,20.73
2023-08-12T05:15:00-05:00,20.87,20.87,20.87,20.87
2023-08-12T05:30:00-05:00,20.48,20.48,20.48,20.48
2023-08-12T05:45:00-05:00,19.89,19.89,19.89,19.89
2023-08-12T06:00:00-05:00,19.54,19.54,19.54,19.54
2023-08-12T06:15:00-05:00,19.8,19.67,19.89,20.29
2023-08-12T06:30:00-05:00,20.16,19.39,20.65,22.96
2023-08-12T06:45:00-05:00,20.7,19.75,21.3,24.13
2023-08-12T07:00:00-05:00,19.67,18.66,20.3,23.31
2023-08-12T07:15:00-05:00,20.13,19.12,20.77,23.82
2023-08-12T07:30:00-05:00,19.95,18.94,20.59,23.6
2023-08-12T07:45:00-05:00,19.43,18.59,19.96,22.44
2023-08-12T08:00:00-05:00,18.69,18.1,19.07,20.81
2023-08-12T08:15:00-05:00,17.68,17.13,18.03,19.66
2023-08-12T08:30:00-05:00,16.58,16.41,16.68,17.19
2023-08-12T08:45:00-05:00,16.35,15.11,16.52,6.45
2023-08-12T09:00:00-05:00,16.93,16.34,16.76,0.37
2023-08-12T09:15:00-05:00,17.8,17.08,17.11,0.34
2023-08-12T09:30:00-05:00,19.06,17.65,17.56,0.36
2023-08-12T09:45:00-05:00,20.41,18.4,17.84,0.47
2023-08-12T10:00:00-05:00,20.86,17.47,14.51,0.47
2023-08-12T10:15:00-05:00,21.81,18.04,16.09,0.7
2023-08-12T10:30:00-05:00,25.26,17.67,16.06,11.65
2023-08-12T10:45:00-05:00,24.11,18.01,16.64,14.84
2023-08-12T11:00:00-05:00,26.58,20.36,16.58,16.77
2023-08-12T11:15:00-05:00,27.68,21.12,16.71,17.78
2023-08-12T11:30:00-05:00,28.51,22.12,17.17,19.57
2023-08-12T11:45:00-05:00,30.28,23.96,17.46,22.29
2023-08-12T12:00:00-05:00,27.29,23.31,19.43,22.73
2023-08-12T12:15:00-05:00,32.19,26.78,20.59,25.77
2023-08-12T12:30:00-05:00,30.03,28.42,24.43,27.91
2023-08-12T12:45:00-05:00,27.97,27.14,24.51,26.85
2023-08-12T13:00:00-05:00,30.87,28.34,22.09,27.47
2023-08-12T13:15:00-05:00,40.71,34.86,24.82,32.96
2023-08-12T13:30:00-05:00,83.3,64.1,32.88,58.21
2023-08-12T13:45:00-05:00,38.23,36.88,30.34,36.76
2023-08-12T14:00:00-05:00,33.24,39.24,29.6,33.73
2023-08-12T14:15:00-05:00,42.04,54.92,33.66,42.1
2023-08-12T14:30:00-05:00,93.55,102.31,45.01,76.97
2023-08-12T14:45:00-05:00,229.56,198.85,67.14,155.49
2023-08-12T15:00:00-05:00,69.55,86.36,29.82,56.21
2023-08-12T15:15:00-05:00,157.73,147.15,49.61,112.81
2023-08-12T15:30:00-05:00,102.76,112.45,58.45,81.94
2023-08-12T15:45:00-05:00,231.44,167.08,75.82,148.16
2023-08-12T16:00:00-05:00,311.99,228.14,91.22,203.1
2023-08-12T16:15:00-05:00,784.52,582.74,190.87,515.59
2023-08-12T16:30:00-05:00,264.38,190.39,82.6,169.57
2023-08-12T16:45:00-05:00,158.94,111.31,64.88,100.04
2023-08-12T17:00:00-05:00,233.45,152.84,90.37,141.48
2023-08-12T17:15:00-05:00,74.38,61.79,67.65,67.26
2023-08-12T17:30:00-05:00,190.43,156.37,155.36,177.37
2023-08-12T17:45:00-05:00,73.63,53.96,79.12,63.82
2023-08-12T18:00:00-05:00,130.63,127.9,84.86,135.59
2023-08-12T18:15:00-05:00,92.46,95.32,70.67,108.11
2023-08-12T18:30:00-05:00,1224.56,1324.27,641.83,1351.24
2023-08-12T18:45:00-05:00,1232.07,1334.05,627.79,1355.4
2023-08-12T19:00:00-05:00,353.95,381.03,203.06,386.74
2023-08-12T19:15:00-05:00,920.68,980.46,509.95,994.06
2023-08-12T19:30:00-05:00,2503.46,2659.78,1292.45,2695.41
2023-08-12T19:45:00-05:00,1289.22,1396.06,668.88,1419.74
2023-08-12T20:00:00-05:00,578.46,626.54,317.15,632.16
2023-08-12T20:15:00-05:00,267.2,274.44,186.44,302.57
2023-08-12T20:30:00-05:00,140.03,142.99,97.99,160.58
2023-08-12T20:45:00-05:00,64.52,64.46,45.63,73.39
2023-08-12T21:00:00-05:00,41.56,38.98,37.5,55.0
2023-08-12T21:15:00-05:00,35.15,32.95,32.05,45.68
2023-08-12T21:30:00-05:00,31.73,30.17,32.22,37.25
2023-08-12T21:45:00-05:00,31.09,29.77,30.94,35.34
2023-08-12T22:00:00-05:00,31.62,30.4,31.92,35.88
2023-08-12T22:15:00-05:00,31.07,29.81,31.41,37.63
2023-08-12T22:30:00-05:00,28.14,26.93,28.64,32.22
2023-08-12T22:45:00-05:00,26.72,25.51,27.26,30.73
2023-08-12T23:00:00-05:00,26.93,25.78,27.41,30.78
2023-08-12T23:15:00-05:00,25.74,24.68,26.12,29.27
2023-08-12T23:30:00-05:00,24.12,23.15,24.56,27.43
2023-08-12T23:45:00-05:00,23.65,23.46,23.6,26.05
2023-08-13T00:00:00-05:00,24.92,24.99,24.7,28.17
2023-08-13T00:15:00-05:00,25.63,25.74,25.13,30.37
2023-08-13T00:30:00-05:00,25.47,25.59,25.15,30.24
2023-08-13T00:45:00-05:00,23.92,24.0,23.61,27.93
2023-08-13T01:00:00-05:00,23.69,23.66,23.15,25.15
2023-08-13T01:15:00-05:00,24.1,24.07,24.0,24.05
2023-08-13T01:30:00-05:00,23.94,23.92,23.88,23.91
2023-08-13T01:45:00-05:00,23.93,23.91,23.82,23.91
2023-08-13T02:00:00-05:00,25.12,25.1,24.95,25.1
2023-08-13T02:15:00-05:00,23.08,23.06,22.92,23.06
2023-08-13T02:30:00-05:00,23.09,22.99,22.72,22.95
2023-08-13T02:45:00-05:00,23.49,23.36,23.01,23.28
2023-08-13T03:00:00-05:00,23.8,23.65,23.24,23.56
2023-08-13T03:15:00-05:00,23.43,23.28,22.71,23.18
2023-08-13T03:30:00-05:00,22.29,22.34,21.01,26.34
2023-08-13T03:45:00-05:00,22.33,22.38,21.07,26.49
2023-08-13T04:00:00-05:00,23.88,23.98,23.2,28.43
2023-08-13T04:15:00-05:00,23.74,23.85,23.34,28.33
2023-08-13T04:30:00-05:00,22.88,23.0,22.59,27.34
2023-08-13T04:45:00-05:00,22.3,22.33,22.14,24.04
2023-08-13T05:00:00-05:00,22.05,22.04,21.96,22.04
2023-08-13T05:15:00-05:00,21.79,21.77,21.65,21.77
2023-08-13T05:30:00-05:00,21.43,21.41,21.29,21.41
2023-08-13T05:45:00-05:00,21.2,21.18,21.07,21.18
2023-08-13T06:00:00-05:00,20.96,20.94,20.86,20.94
2023-08-13T06:15:00-05:00,20.95,20.95,20.94,20.95
2023-08-13T06:30:00-05:00,21.17,21.17,21.16,21.17
2023-08-13T06:45:00-05:00,20.43,20.43,20.43,20.43
2023-08-13T07:00:00-05:00,19.25,19.25,19.25,19.25
2023-08-13T07:15:00-05:00,18.66,18.66,18.66,18.66
2023-08-13T07:30:00-05:00,17.79,17.79,17.79,17.79
2023-08-13T07:45:00-05:00,16.47,16.47,16.47,16.47
2023-08-13T08:00:00-05:00,15.84,15.84,15.84,15.84
2023-08-13T08:15:00-05:00,14.3,14.3,14.3,14.3
2023-08-13T08:30:00-05:00,13.03,12.61,13.59,11.84
2023-08-13T08:45:00-05:00,12.75,11.67,13.75,3.86
2023-08-13T09:00:00-05:00,12.57,11.64,11.97,0.31
2023-08-13T09:15:00-05:00,12.69,11.94,11.34,0.22
2023-08-13T09:30:00-05:00,13.38,12.63,11.05,0.21
2023-08-13T09:45:00-05:00,16.18,15.43,13.27,0.25
2023-08-13T10:00:00-05:00,16.74,15.62,14.16,0.28
2023-08-13T10:15:00-05:00,17.85,16.66,15.3,0.34
2023-08-13T10:30:00-05:00,18.34,17.0,15.97,0.49
2023-08-13T10:45:00-05:00,19.51,17.22,16.85,0.69
2023-08-13T11:00:00-05:00,22.11,17.83,18.5,4.74
2023-08-13T11:15:00-05:00,23.37,17.85,19.67,14.04
2023-08-13T11:30:00-05:00,24.98,19.92,20.69,18.78
2023-08-13T11:45:00-05:00,26.04,23.74,25.16,21.9
2023-08-13T12:00:00-05:00,25.16,23.35,24.45,21.31
2023-08-13T12:15:00-05:00,26.72,25.96,26.33,25.67
2023-08-13T12:30:00-05:00,27.38,27.38,27.38,27.38
2023-08-13T12:45:00-05:00,29.15,29.15,29.15,29.15
2023-08-13T13:00:00-05:00,32.64,32.26,32.07,32.22
2023-08-13T13:15:00-05:00,30.81,30.43,30.24,30.39
2023-08-13T13:30:00-05:00,35.68,35.68,35.68,35.68
2023-08-13T13:45:00-05:00,45.68,45.68,45.68,45.68
2023-08-13T14:00:00-05:00,30.29,30.55,30.3,30.35
2023-08-13T14:15:00-05:00,30.0,33.7,29.91,30.75
2023-08-13T14:30:00-05:00,39.56,56.24,40.02,43.39
2023-08-13T14:45:00-05:00,47.52,68.67,47.69,51.42
2023-08-13T15:00:00-05:00,52.91,71.99,49.77,54.38
2023-08-13T15:15:00-05:00,66.11,97.21,72.49,72.59
2023-08-13T15:30:00-05:00,63.69,74.92,66.81,67.88
2023-08-13T15:45:00-05:00,74.42,74.89,48.89,75.38
2023-08-13T16:00:00-05:00,71.28,72.45,53.68,73.04
2023-08-13T16:15:00-05:00,119.38,120.13,62.37,121.05
2023-08-13T16:30:00-05:00,91.24,91.5,62.83,92.18
2023-08-13T16:45:00-05:00,77.84,76.53,70.54,76.86
2023-08-13T17:00:00-05:00,131.06,133.39,96.18,133.46
2023-08-13T17:15:00-05:00,312.62,315.63,187.34,318.14
2023-08-13T17:30:00-05:00,282.53,288.42,151.31,288.33
2023-08-13T17:45:00-05:00,173.61,178.72,101.11,178.99
2023-08-13T18:00:00-05:00,81.09,82.88,63.91,82.61
2023-08-13T18:15:00-05:00,179.63,195.77,118.92,195.81
2023-08-13T18:30:00-05:00,94.59,104.71,71.24,104.82
2023-08-13T18:45:00-05:00,783.38,847.49,419.66,860.68
2023-08-13T19:00:00-05:00,353.84,384.18,195.16,389.61
2023-08-13T19:15:00-05:00,209.26,225.76,128.75,229.24
2023-08-13T19:30:00-05:00,855.18,920.71,450.93,980.97
2023-08-13T19:45:00-05:00,1353.31,1454.83,702.67,1548.6
2023-08-13T20:00:00-05:00,1252.33,1346.53,643.86,1439.96
2023-08-13T20:15:00-05:00,1233.57,1331.0,657.78,1354.19
2023-08-13T20:30:00-05:00,137.04,141.7,102.14,149.5
2023-08-13T20:45:00-05:00,82.97,85.44,62.92,91.58
2023-08-13T21:00:00-05:00,70.67,71.85,59.94,76.28
2023-08-13T21:15:00-05:00,49.21,50.11,42.56,52.21
2023-08-13T21:30:00-05:00,35.81,36.18,32.2,37.5
2023-08-13T21:45:00-05:00,30.33,29.02,28.9,37.75
2023-08-13T22:00:00-05:00,30.54,29.15,30.54,36.73
2023-08-13T22:15:00-05:00,29.01,27.78,29.55,33.19
2023-08-13T22:30:00-05:00,28.51,27.27,29.06,32.68
2023-08-13T22:45:00-05:00,26.73,25.53,27.27,30.8
2023-08-13T23:00:00-05:00,28.25,27.04,28.8,32.34
2023-08-13T23:15:00-05:00,27.34,26.16,27.73,31.82
2023-08-13T23:30:00-05:00,24.76,23.74,25.24,32.36
2023-08-13T23:45:00-05:00,22.83,22.21,23.06,30.48
2023-08-14T00:00:00-05:00,22.38,21.46,22.74,31.27
2023-08-14T00:15:00-05:00,22.28,21.28,22.4,31.44
2023-08-14T00:30:00-05:00,22.27,21.29,22.74,31.54
2023-08-14T00:45:00-05:00,21.46,21.2,21.48,27.29
2023-08-14T01:00:00-05:00,21.26,21.37,21.05,25.37
2023-08-14T01:15:00-05:00,21.32,21.43,21.11,25.44
2023-08-14T01:30:00-05:00,21.16,21.27,20.96,25.27
2023-08-14T01:45:00-05:00,21.14,21.25,20.94,25.25
2023-08-14T02:00:00-05:00,20.62,20.73,20.43,24.65
2023-08-14T02:15:00-05:00,20.5,20.61,20.3,24.5
2023-08-14T02:30:00-05:00,20.58,20.71,20.52,24.63
2023-08-14T02:45:00-05:00,20.88,21.01,20.83,25.0
2023-08-14T03:00:00-05:00,21.06,21.11,21.03,22.67
2023-08-14T03:15:00-05:00,21.05,21.08,21.04,21.83
2023-08-14T03:30:00-05:00,21.29,21.42,21.23,25.44
2023-08-14T03:45:00-05:00,21.33,21.34,21.33,21.66
2023-08-14T04:00:00-05:00,21.88,21.88,21.88,21.88
2023-08-14T04:15:00-05:00,21.88,21.88,21.88,21.88
2023-08-14T04:30:00-05:00,22.07,22.07,22.07,22.07
2023-08-14T04:45:00-05:00,22.0,22.0,22.0,22.0
2023-08-14T05:00:00-05:00,23.02,23.02,23.02,23.02
2023-08-14T05:15:00-05:00,25.82,25.82,25.82,25.82
2023-08-14T05:30:00-05:00,25.92,25.92,25.92,25.92
2023-08-14T05:45:00-05:00,25.79,25.79,25.79,25.79
2023-08-14T06:00:00-05:00,25.99,25.99,25.99,25.99
2023-08-14T06:15:00-05:00,26.16,25.43,26.63,28.94
2023-08-14T06:30:00-05:00,25.98,24.84,26.72,30.37
2023-08-14T06:45:00-05:00,25.38,24.24,26.11,29.67
2023-08-14T07:00:00-05:00,24.75,23.63,25.47,28.98
2023-08-14T07:15:00-05:00,24.28,23.16,24.99,28.49
2023-08-14T07:30:00-05:00,23.34,22.25,24.04,27.47
2023-08-14T07:45:00-05:00,22.61,21.74,23.16,25.83
2023-08-14T08:00:00-05:00,21.94,21.16,22.45,24.89
2023-08-14T08:15:00-05:00,20.8,20.18,21.2,23.14
2023-08-14T08:30:00-05:00,19.8,19.25,20.16,21.9
2023-08-14T08:45:00-05:00,19.0,18.61,19.26,20.49
2023-08-14T09:00:00-05:00,18.32,16.31,19.79,14.98
2023-08-14T09:15:00-05:00,19.48,13.66,22.95,4.81
2023-08-14T09:30:00-05:00,19.69,13.86,23.12,6.12
2023-08-14T09:45:00-05:00,21.5,14.75,25.25,6.34
2023-08-14T10:00:00-05:00,22.17,15.77,26.0,5.98
2023-08-14T10:15:00-05:00,25.23,18.39,29.32,8.62
2023-08-14T10:30:00-05:00,25.04,20.42,27.81,12.84
2023-08-14T10:45:00-05:00,25.9,22.8,27.74,20.66
2023-08-14T11:00:00-05:00,25.19,22.5,26.79,22.28
2023-08-14T11:15:00-05:00,30.2,24.43,26.91,24.37
2023-08-14T11:30:00-05:00,28.21,26.37,27.65,29.49
2023-08-14T11:45:00-05:00,31.86,30.97,32.44,35.16
2023-08-14T12:00:00-05:00,29.03,28.19,29.57,31.98
2023-08-14T12:15:00-05:00,33.36,36.73,34.24,37.81
2023-08-14T12:30:00-05:00,68.96,101.14,72.28,84.18
2023-08-14T12:45:00-05:00,35.13,42.14,36.27,40.65
2023-08-14T13:00:00-05:00,28.35,27.53,28.88,31.2
2023-08-14T13:15:00-05:00,28.63,27.81,29.16,31.5
2023-08-14T13:30:00-05:00,38.94,37.54,46.1,41.31
2023-08-14T13:45:00-05:00,29.54,36.07,36.99,34.41
2023-08-14T14:00:00-05:00,30.03,34.19,38.29,33.5
2023-08-14T14:15:00-05:00,34.7,41.96,40.37,38.4
2023-08-14T14:30:00-05:00,37.45,39.18,61.84,41.01
2023-08-14T14:45:00-05:00,47.16,37.51,88.01,44.83
2023-08-14T15:00:00-05:00,50.27,36.79,94.94,42.6
2023-08-14T15:15:00-05:00,53.6,44.36,105.88,43.58
2023-08-14T15:30:00-05:00,50.79,35.64,102.92,37.98
2023-08-14T15:45:00-05:00,50.1,34.7,110.36,33.94
2023-08-14T16:00:00-05:00,50.55,36.12,122.97,27.78
2023-08-14T16:15:00-05:00,77.31,41.7,189.23,33.81
2023-08-14T16:30:00-05:00,43.84,33.1,114.8,23.73
2023-08-14T16:45:00-05:00,42.05,32.83,108.97,21.81
2023-08-14T17:00:00-05:00,30.16,30.16,72.13,17.56
2023-08-14T17:15:00-05:00,32.0,32.09,74.68,18.8
2023-08-14T17:30:00-05:00,31.06,29.4,71.46,17.9
2023-08-14T17:45:00-05:00,31.13,28.33,69.27,18.32
2023-08-14T18:00:00-05:00,26.47,23.57,66.56,16.25
2023-08-14T18:15:00-05:00,27.04,24.69,67.82,16.86
2023-08-14T18:30:00-05:00,29.17,27.29,50.24,18.77
2023-08-14T18:45:00-05:00,28.07,25.92,41.09,18.26
2023-08-14T19:00:00-05:00,28.0,26.49,38.76,20.66
2023-08-14T19:15:00-05:00,27.87,27.63,21.85,25.87
2023-08-14T19:30:00-05:00,28.47,29.1,16.86,29.31
2023-08-14T19:45:00-05:00,29.33,30.02,19.33,30.46
2023-08-14T20:00:00-05:00,28.82,29.06,26.48,29.21
2023-08-14T20:15:00-05:00,29.76,29.86,29.26,29.92
2023-08-14T20:30:00-05:00,29.3,29.4,29.68,29.47
2023-08-14T20:45:00-05:00,28.91,29.01,28.99,29.08
2023-08-14T21:00:00-05:00,29.32,29.6,28.63,34.77
2023-08-14T21:15:00-05:00,28.61,28.82,28.16,33.97
2023-08-14T21:30:00-05:00,28.11,28.33,27.65,33.43
2023-08-14T21:45:00-05:00,27.52,27.69,27.16,32.68
2023-08-14T22:00:00-05:00,29.53,29.6,29.25,32.76
2023-08-14T22:15:00-05:00,29.84,29.82,29.68,29.93
2023-08-14T22:30:00-05:00,29.75,29.75,29.75,29.75
2023-08-14T22:45:00-05:00,28.65,28.65,28.65,28.65
2023-08-14T23:00:00-05:00,28.88,28.88,28.88,28.88
2023-08-14T23:15:00-05:00,27.17,27.17,27.17,27.17
2023-08-14T23:30:00-05:00,27.16,27.16,27.16,27.16
2023-08-14T23:45:00-05:00,26.46,26.46,26.46,26.46
2023-08-15T00:00:00-05:00,27.2,27.2,27.2,27.2
2023-08-15T00:15:00-05:00,27.34,27.34,27.34,27.34
2023-08-15T00:30:00-05:00,26.25,26.25,26.25,26.25
2023-08-15T00:45:00-05:00,25.84,25.84,25.84,25.84
2023-08-15T01:00:00-05:00,25.29,25.29,25.29,25.29
2023-08-15T01:15:00-05:00,25.09,25.09,25.09,25.09
2023-08-15T01:30:00-05:00,24.13,24.13,24.13,24.13
2023-08-15T01:45:00-05:00,24.01,24.01,24.01,24.01
2023-08-15T02:00:00-05:00,24.86,24.86,24.86,24.86
2023-08-15T02:15:00-05:00,24.11,24.11,24.11,24.11
2023-08-15T02:30:00-05:00,23.88,23.88,23.88,23.88
2023-08-15T02:45:00-05:00,23.28,23.28,23.28,23.28
2023-08-15T03:00:00-05:00,23.34,23.34,23.34,23.34
2023-08-15T03:15:00-05:00,23.32,23.32,23.32,23.32
2023-08-15T03:30:00-05:00,23.03,23.03,23.03,23.03
2023-08-15T03:45:00-05:00,23.33,23.33,23.33,23.33
2023-08-15T04:00:00-05:00,23.69,23.69,23.69,23.69
2023-08-15T04:15:00-05:00,23.89,23.89,23.89,23.89
2023-08-15T04:30:00-05:00,23.8,23.8,23.8,23.8
2023-08-15T04:45:00-05:00,24.21,24.21,24.21,24.21
2023-08-15T05:00:00-05:00,24.87,24.87,24.87,24.87
2023-08-15T05:15:00-05:00,25.86,25.86,25.86,25.86
2023-08-15T05:30:00-05:00,25.99,25.99,25.99,25.99
2023-08-15T05:45:00-05:00,26.26,26.26,26.26,26.26
2023-08-15T06:00:00-05:00,27.07,27.07,27.07,27.07
2023-08-15T06:15:00-05:00,28.12,28.12,28.12,28.12
2023-08-15T06:30:00-05:00,27.77,27.77,27.77,27.77
2023-08-15T06:45:00-05:00,27.28,27.28,27.28,27.28
2023-08-15T07:00:00-05:00,27.24,27.24,27.24,27.24
2023-08-15T07:15:00-05:00,26.95,26.95,26.95,26.95
2023-08-15T07:30:00-05:00,26.08,26.08,26.08,26.08
2023-08-15T07:45:00-05:00,25.37,25.37,25.37,25.37
2023-08-15T08:00:00-05:00,25.48,25.48,25.48,25.48
2023-08-15T08:15:00-05:00,24.59,24.59,24.59,24.59
2023-08-15T08:30:00-05:00,23.12,23.12,23.12,23.12
2023-08-15T08:45:00-05:00,21.89,21.89,21.89,21.89
2023-08-15T09:00:00-05:00,21.79,21.79,21.79,21.79
2023-08-15T09:15:00-05:00,22.56,22.56,22.56,22.56
2023-08-15T09:30:00-05:00,22.39,22.39,22.39,22.39
2023-08-15T09:45:00-05:00,22.3,22.3,22.3,22.3
2023-08-15T10:00:00-05:00,22.43,22.43,22.43,22.43
2023-08-15T10:15:00-05:00,23.88,23.88,23.88,23.88
2023-08-15T10:30:00-05:00,25.27,25.27,25.27,25.27
2023-08-15T10:45:00-05:00,25.37,25.36,25.42,25.35
2023-08-15T11:00:00-05:00,26.37,25.44,26.18,25.74
2023-08-15T11:15:00-05:00,27.57,25.24,27.1,26.01
2023-08-15T11:30:00-05:00,27.79,27.51,27.74,27.63
2023-08-15T11:45:00-05:00,28.62,28.54,28.61,28.6
2023-08-15T12:00:00-05:00,28.23,26.91,27.96,27.36
2023-08-15T12:15:00-05:00,29.71,26.56,29.07,27.6
2023-08-15T12:30:00-05:00,31.04,28.71,30.57,29.49
2023-08-15T12:45:00-05:00,33.62,29.39,32.76,30.79
2023-08-15T13:00:00-05:00,36.22,29.34,34.81,31.57
2023-08-15T13:15:00-05:00,40.25,31.03,38.35,34.0
2023-08-15T13:30:00-05:00,64.82,46.6,61.06,52.45
2023-08-15T13:45:00-05:00,69.52,46.84,64.83,54.11
2023-08-15T14:00:00-05:00,39.49,31.6,37.86,34.13
2023-08-15T14:15:00-05:00,41.07,32.68,39.33,35.36
2023-08-15T14:30:00-05:00,65.28,43.87,71.03,51.02
2023-08-15T14:45:00-05:00,71.14,46.8,88.03,54.69
2023-08-15T15:00:00-05:00,113.11,67.73,150.18,109.3
2023-08-15T15:15:00-05:00,108.76,48.76,184.49,156.91
2023-08-15T15:30:00-05:00,87.16,39.63,159.03,118.77
2023-08-15T15:45:00-05:00,191.46,129.4,263.89,154.69
2023-08-15T16:00:00-05:00,102.16,60.27,193.2,79.52
2023-08-15T16:15:00-05:00,135.17,92.86,229.57,112.0
2023-08-15T16:30:00-05:00,105.39,63.22,200.0,82.18
2023-08-15T16:45:00-05:00,107.65,65.48,202.44,84.46
2023-08-15T17:00:00-05:00,44.83,39.4,76.67,41.85
2023-08-15T17:15:00-05:00,63.74,63.17,87.32,63.43
2023-08-15T17:30:00-05:00,73.69,73.36,96.66,73.51
2023-08-15T17:45:00-05:00,45.81,45.81,68.27,45.81
2023-08-15T18:00:00-05:00,49.76,49.88,72.13,49.94
2023-08-15T18:15:00-05:00,74.85,79.23,83.41,80.18
2023-08-15T18:30:00-05:00,98.09,103.07,96.11,104.12
2023-08-15T18:45:00-05:00,145.85,156.56,99.19,158.84
2023-08-15T19:00:00-05:00,103.17,111.21,72.48,113.06
2023-08-15T19:15:00-05:00,277.85,301.05,157.38,306.73
2023-08-15T19:30:00-05:00,347.23,378.02,203.72,386.13
2023-08-15T19:45:00-05:00,493.04,501.04,265.09,503.59
2023-08-15T20:00:00-05:00,199.39,195.7,157.41,196.35
2023-08-15T20:15:00-05:00,156.65,161.75,127.64,176.05
2023-08-15T20:30:00-05:00,97.79,98.48,83.77,108.33
2023-08-15T20:45:00-05:00,57.68,57.94,55.16,60.54
2023-08-15T21:00:00-05:00,62.17,55.45,66.5,128.3
2023-08-15T21:15:00-05:00,46.19,43.11,47.69,67.75
2023-08-15T21:30:00-05:00,36.8,32.88,39.47,60.33
2023-08-15T21:45:00-05:00,32.3,27.35,35.96,64.11
2023-08-15T22:00:00-05:00,30.69,29.7,31.43,37.46
2023-08-15T22:15:00-05:00,29.2,28.86,29.5,31.57
2023-08-15T22:30:00-05:00,31.17,24.43,37.12,78.75
2023-08-15T22:45:00-05:00,31.23,22.67,38.64,89.67
2023-08-15T23:00:00-05:00,25.97,22.75,28.69,47.35
2023-08-15T23:15:00-05:00,26.0,20.83,30.15,58.86
2023-08-15T23:30:00-05:00,24.97,21.03,28.13,49.42
2023-08-15T23:45:00-05:00,23.88,19.92,27.04,48.62
2023-08-16T00:00:00-05:00,26.41,17.23,34.11,89.49
2023-08-16T00:15:00-05:00,21.97,20.12,23.35,32.08
2023-08-16T00:30:00-05:00,22.48,19.22,25.03,42.38
2023-08-16T00:45:00-05:00,21.59,18.87,23.68,37.7
2023-08-16T01:00:00-05:00,20.5,19.2,21.39,26.31
2023-08-16T01:15:00-05:00,19.54,18.52,20.21,23.41
2023-08-16T01:30:00-05:00,18.17,17.11,18.88,22.51
2023-08-16T01:45:00-05:00,16.79,15.53,17.67,22.71
2023-08-16T02:00:00-05:00,16.37,15.01,17.35,23.13
2023-08-16T02:15:00-05:00,15.2,13.0,16.88,27.89
2023-08-16T02:30:00-05:00,14.69,13.12,15.9,24.09
2023-08-16T02:45:00-05:00,14.36,12.98,15.51,24.08
2023-08-16T03:00:00-05:00,14.69,13.31,15.72,22.41
2023-08-16T03:15:00-05:00,13.8,12.75,14.55,19.28
2023-08-16T03:30:00-05:00,14.27,12.86,14.3,15.6
2023-08-16T03:45:00-05:00,14.01,13.04,13.97,14.53
2023-08-16T04:00:00-05:00,13.86,13.13,13.78,13.91
2023-08-16T04:15:00-05:00,13.57,12.8,13.62,14.3
2023-08-16T04:30:00-05:00,13.47,12.73,13.62,14.56
2023-08-16T04:45:00-05:00,13.22,12.47,13.32,14.05
2023-08-16T05:00:00-05:00,13.3,12.79,13.59,15.05
2023-08-16T05:15:00-05:00,13.74,13.19,14.09,15.78
2023-08-16T05:30:00-05:00,14.29,13.71,14.65,16.4
2023-08-16T05:45:00-05:00,15.05,14.2,15.58,18.15
2023-08-16T06:00:00-05:00,15.9,14.98,16.49,19.29
2023-08-16T06:15:00-05:00,16.39,15.66,16.85,19.03
2023-08-16T06:30:00-05:00,16.51,16.14,16.74,17.86
2023-08-16T06:45:00-05:00,16.49,16.49,16.49,16.49
2023-08-16T07:00:00-05:00,16.22,16.22,16.22,16.22
2023-08-16T07:15:00-05:00,15.74,15.74,15.74,15.74
2023-08-16T07:30:00-05:00,14.94,14.94,14.94,14.94
2023-08-16T07:45:00-05:00,13.75,13.75,13.75,13.75
2023-08-16T08:00:00-05:00,13.66,13.66,13.66,13.66
2023-08-16T08:15:00-05:00,13.16,13.16,13.16,13.16
2023-08-16T08:30:00-05:00,12.98,12.95,13.22,12.91
2023-08-16T08:45:00-05:00,13.14,12.97,14.27,12.79
2023-08-16T09:00:00-05:00,12.87,12.69,14.09,12.5
2023-08-16T09:15:00-05:00,13.24,12.78,14.9,12.71
2023-08-16T09:30:00-05:00,13.49,12.66,15.74,12.76
2023-08-16T09:45:00-05:00,16.32,14.74,29.42,14.52
2023-08-16T10:00:00-05:00,16.8,16.48,19.25,16.23
2023-08-16T10:15:00-05:00,17.36,17.11,19.04,16.86
2023-08-16T10:30:00-05:00,18.25,17.82,20.57,17.23
2023-08-16T10:45:00-05:00,18.66,18.12,21.36,17.33
2023-08-16T11:00:00-05:00,18.94,18.5,21.36,17.9
2023-08-16T11:15:00-05:00,20.08,19.81,21.74,19.7
2023-08-16T11:30:00-05:00,21.82,21.04,24.79,22.54
2023-08-16T11:45:00-05:00,33.42,22.71,110.88,11.77
2023-08-16T12:00:00-05:00,25.36,20.63,58.96,17.43
2023-08-16T12:15:00-05:00,24.32,23.26,30.55,23.48
2023-08-16T12:30:00-05:00,26.82,24.55,32.27,26.93
2023-08-16T12:45:00-05:00,29.04,25.21,62.63,44.31
2023-08-16T13:00:00-05:00,30.61,26.4,70.1,49.49
2023-08-16T13:15:00-05:00,31.97,28.37,71.14,49.72
2023-08-16T13:30:00-05:00,30.21,29.9,42.7,36.55
2023-08-16T13:45:00-05:00,28.72,28.69,28.97,28.71
2023-08-16T14:00:00-05:00,32.86,28.45,53.96,30.49
2023-08-16T14:15:00-05:00,58.8,34.8,117.92,45.85
2023-08-16T14:30:00-05:00,65.05,39.41,126.98,51.22
2023-08-16T14:45:00-05:00,45.55,35.91,82.2,40.35
2023-08-16T15:00:00-05:00,36.1,36.09,57.94,36.12
2023-08-16T15:15:00-05:00,65.47,65.47,87.35,65.57
2023-08-16T15:30:00-05:00,74.97,74.97,96.43,75.1
2023-08-16T15:45:00-05:00,83.74,83.78,103.89,83.86
2023-08-16T16:00:00-05:00,74.88,74.91,96.44,75.07
2023-08-16T16:15:00-05:00,70.93,70.96,92.94,71.11
2023-08-16T16:30:00-05:00,75.51,75.52,97.15,75.64
2023-08-16T16:45:00-05:00,75.03,74.99,96.29,75.04
2023-08-16T17:00:00-05:00,73.92,73.09,96.43,73.49
2023-08-16T17:15:00-05:00,86.0,76.45,137.6,81.13
2023-08-16T17:30:00-05:00,77.54,71.78,125.43,74.78
2023-08-16T17:45:00-05:00,88.33,88.39,114.82,88.5
2023-08-16T18:00:00-05:00,43.27,43.32,67.88,43.36
2023-08-16T18:15:00-05:00,58.47,58.47,80.17,58.47
2023-08-16T18:30:00-05:00,69.09,69.06,90.05,68.99
2023-08-16T18:45:00-05:00,255.75,256.14,269.93,256.12
2023-08-16T19:00:00-05:00,86.22,86.33,105.44,86.3
2023-08-16T19:15:00-05:00,119.02,119.79,112.92,120.29
2023-08-16T19:30:00-05:00,164.6,166.19,151.81,167.3
2023-08-16T19:45:00-05:00,74.61,75.13,72.23,75.57
2023-08-16T20:00:00-05:00,70.53,69.45,71.13,76.43
2023-08-16T20:15:00-05:00,44.31,43.82,44.63,46.96
2023-08-16T20:30:00-05:00,33.03,31.11,34.06,43.62
2023-08-16T20:45:00-05:00,29.21,26.85,30.82,42.25
2023-08-16T21:00:00-05:00,26.89,24.66,28.66,40.76
2023-08-16T21:15:00-05:00,25.14,22.6,27.36,41.91
2023-08-16T21:30:00-05:00,24.5,21.04,27.4,46.34
2023-08-16T21:45:00-05:00,24.05,20.9,26.35,40.81
2023-08-16T22:00:00-05:00,24.18,21.49,25.95,37.5
2023-08-16T22:15:00-05:00,23.66,20.84,25.64,38.19
2023-08-16T22:30:00-05:00,22.99,19.28,25.68,43.7
2023-08-16T22:45:00-05:00,21.88,17.43,25.38,47.98
2023-08-16T23:00:00-05:00,20.84,15.64,25.09,52.44
2023-08-16T23:15:00-05:00,19.98,13.74,25.14,59.11
2023-08-16T23:30:00-05:00,18.77,13.03,23.49,54.59
2023-08-16T23:45:00-05:00,18.22,12.23,23.14,55.88
2023-08-17T00:00:00-05:00,15.64,11.19,19.24,42.83
2023-08-17T00:15:00-05:00,14.19,10.38,17.23,37.08
2023-08-17T00:30:00-05:00,13.27,9.72,16.12,34.72
2023-08-17T00:45:00-05:00,12.95,9.58,15.63,33.19
2023-08-17T01:00:00-05:00,12.48,10.85,13.67,20.71
2023-08-17T01:15:00-05:00,12.21,11.31,12.78,15.39
2023-08-17T01:30:00-05:00,12.2,11.3,12.76,15.36
2023-08-17T01:45:00-05:00,11.61,10.76,12.14,14.6
2023-08-17T02:00:00-05:00,11.35,10.71,11.75,13.61
2023-08-17T02:15:00-05:00,10.26,10.01,10.42,11.15
2023-08-17T02:30:00-05:00,9.4,9.4,9.4,9.4
2023-08-17T02:45:00-05:00,4.18,4.18,4.18,4.18
2023-08-17T03:00:00-05:00,8.17,8.17,8.17,8.17
2023-08-17T03:15:00-05:00,4.17,4.17,4.17,4.17
2023-08-17T03:30:00-05:00,5.9,5.9,5.9,5.9
2023-08-17T03:45:00-05:00,9.31,9.33,9.3,10.01
2023-08-17T04:00:00-05:00,9.72,9.74,9.71,10.46
2023-08-17T04:15:00-05:00,10.62,10.62,10.62,10.62
2023-08-17T04:30:00-05:00,10.44,10.44,10.44,10.44
2023-08-17T04:45:00-05:00,10.76,10.76,10.76,10.76
2023-08-17T05:00:00-05:00,11.42,11.42,11.42,11.42
2023-08-17T05:15:00-05:00,12.19,12.19,12.19,12.19
2023-08-17T05:30:00-05:00,12.82,12.82,12.82,12.82
2023-08-17T05:45:00-05:00,13.23,13.23,13.23,13.23
2023-08-17T06:00:00-05:00,13.71,13.71,13.71,13.71
2023-08-17T06:15:00-05:00,14.49,14.49,14.49,14.49
2023-08-17T06:30:00-05:00,14.82,14.82,14.82,14.82
2023-08-17T06:45:00-05:00,14.13,14.13,14.13,14.13
2023-08-17T07:00:00-05:00,13.63,13.63,13.63,13.63
2023-08-17T07:15:00-05:00,13.63,13.63,13.63,13.63
2023-08-17T07:30:00-05:00,13.31,13.31,13.31,13.31
2023-08-17T07:45:00-05:00,13.08,13.08,13.08,13.08
2023-08-17T08:00:00-05:00,13.36,13.36,13.36,13.36
2023-08-17T08:15:00-05:00,13.65,13.65,13.65,13.65
2023-08-17T08:30:00-05:00,14.15,14.15,14.15,14.15
2023-08-17T08:45:00-05:00,14.47,14.47,14.47,14.47
2023-08-17T09:00:00-05:00,16.11,15.05,16.11,16.11
2023-08-17T09:15:00-05:00,16.13,14.46,16.13,16.13
2023-08-17T09:30:00-05:00,17.24,16.08,17.24,17.24
2023-08-17T09:45:00-05:00,17.6,17.59,17.6,17.6
2023-08-17T10:00:00-05:00,18.92,18.91,18.92,18.92
2023-08-17T10:15:00-05:00,19.32,19.3,19.32,19.32
2023-08-17T10:30:00-05:00,20.79,20.78,20.79,20.79
2023-08-17T10:45:00-05:00,26.64,22.8,24.52,23.21
2023-08-17T11:00:00-05:00,24.46,23.56,23.85,23.63
2023-08-17T11:15:00-05:00,26.57,24.28,30.13,25.34
2023-08-17T11:30:00-05:00,31.45,29.24,34.32,30.15
2023-08-17T11:45:00-05:00,40.85,31.08,56.37,35.61
2023-08-17T12:00:00-05:00,28.98,25.5,34.56,27.12
2023-08-17T12:15:00-05:00,35.56,33.93,38.17,34.69
2023-08-17T12:30:00-05:00,81.21,47.94,134.94,63.31
2023-08-17T12:45:00-05:00,73.67,71.57,77.07,72.54
2023-08-17T13:00:00-05:00,377.55,362.96,404.49,369.76
2023-08-17T13:15:00-05:00,118.94,104.58,155.47,111.18
2023-08-17T13:30:00-05:00,660.96,646.31,684.8,653.15
2023-08-17T13:45:00-05:00,1047.77,1006.57,1107.26,1026.48
2023-08-17T14:00:00-05:00,2494.14,2480.14,2500.51,2488.66
2023-08-17T14:15:00-05:00,1251.1,1208.43,1338.89,1228.65
2023-08-17T14:30:00-05:00,2549.52,2533.9,2622.54,2535.47
2023-08-17T14:45:00-05:00,3342.0,3343.61,3327.56,3349.13
2023-08-17T15:00:00-05:00,878.24,878.49,985.93,882.19
2023-08-17T15:15:00-05:00,1016.19,1045.84,1173.59,1036.63
2023-08-17T15:30:00-05:00,4732.88,4762.57,4822.51,4762.9
2023-08-17T15:45:00-05:00,1862.37,1892.84,2015.15,1886.43
2023-08-17T16:00:00-05:00,658.01,672.86,907.91,666.16
2023-08-17T16:15:00-05:00,1141.7,1170.92,1338.71,1160.94
2023-08-17T16:30:00-05:00,3073.48,3103.7,3250.87,3095.03
2023-08-17T16:45:00-05:00,4498.97,4684.88,4342.12,4583.99
2023-08-17T17:00:00-05:00,2990.02,3144.94,2820.23,3040.71
2023-08-17T17:15:00-05:00,4221.06,4319.73,3895.06,4204.77
2023-08-17T17:30:00-05:00,4008.67,4168.07,3687.96,4057.52
2023-08-17T17:45:00-05:00,4046.13,4249.77,3451.09,4147.68
2023-08-17T18:00:00-05:00,562.99,658.08,662.71,628.97
2023-08-17T18:15:00-05:00,1074.35,1227.17,657.04,1202.09
2023-08-17T18:30:00-05:00,1502.57,1669.66,876.56,1670.71
2023-08-17T18:45:00-05:00,3719.41,4012.16,2544.42,3986.56
2023-08-17T19:00:00-05:00,4997.78,5148.35,4179.36,5175.89
2023-08-17T19:15:00-05:00,5005.55,5196.57,3930.36,5237.67
2023-08-17T19:30:00-05:00,5006.06,5197.6,3929.74,5241.48
2023-08-17T19:45:00-05:00,5017.19,5196.06,3937.29,5237.48
2023-08-17T20:00:00-05:00,4993.34,5060.91,4686.45,5078.83
2023-08-17T20:15:00-05:00,5004.49,5148.18,4198.67,5184.22
2023-08-17T20:30:00-05:00,2726.95,2743.15,2672.53,2749.09
2023-08-17T20:45:00-05:00,260.97,262.38,251.01,264.11
2023-08-17T21:00:00-05:00,166.59,167.12,161.15,170.34
2023-08-17T21:15:00-05:00,109.84,108.53,102.18,127.26
2023-08-17T21:30:00-05:00,61.76,59.56,58.83,78.74
2023-08-17T21:45:00-05:00,54.93,52.47,51.79,73.54
2023-08-17T22:00:00-05:00,83.96,82.73,81.89,94.91
2023-08-17T22:15:00-05:00,73.16,73.78,69.16,74.02
2023-08-17T22:30:00-05:00,47.65,47.76,46.49,47.87
2023-08-17T22:45:00-05:00,43.95,44.65,39.24,45.05
2023-08-17T23:00:00-05:00,61.15,61.23,60.22,61.32
2023-08-17T23:15:00-05:00,34.96,35.08,34.02,35.12
2023-08-17T23:30:00-05:00,28.57,28.92,26.68,29.55
2023-08-17T23:45:00-05:00,27.1,27.25,26.27,27.32
2023-08-18T00:00:00-05:00,26.18,26.18,24.92,26.2
2023-08-18T00:15:00-05:00,25.73,25.48,24.51,25.44
2023-08-18T00:30:00-05:00,23.46,23.44,22.98,23.45
2023-08-18T00:45:00-05:00,21.8,21.63,21.08,24.07
2023-08-18T01:00:00-05:00,21.52,21.36,20.79,25.14
2023-08-18T01:15:00-05:00,21.09,21.13,20.75,24.97
2023-08-18T01:30:00-05:00,20.97,20.94,20.7,21.02
2023-08-18T01:45:00-05:00,20.87,20.79,20.76,20.76
2023-08-18T02:00:00-05:00,20.93,20.85,20.82,20.82
2023-08-18T02:15:00-05:00,20.4,20.35,20.33,20.33
2023-08-18T02:30:00-05:00,19.31,19.3,19.29,19.29
2023-08-18T02:45:00-05:00,18.57,18.57,18.57,18.57
2023-08-18T03:00:00-05:00,18.42,18.42,18.42,18.42
2023-08-18T03:15:00-05:00,18.34,18.34,18.34,18.34
2023-08-18T03:30:00-05:00,18.41,18.41,18.41,18.41
2023-08-18T03:45:00-05:00,18.43,18.43,18.43,18.43
2023-08-18T04:00:00-05:00,18.3,18.3,18.3,18.3
2023-08-18T04:15:00-05:00,18.34,18.34,18.34,18.34
2023-08-18T04:30:00-05:00,18.35,18.35,18.35,18.35
2023-08-18T04:45:00-05:00,18.26,18.26,18.26,18.26
2023-08-18T05:00:00-05:00,18.57,18.57,18.57,18.57
2023-08-18T05:15:00-05:00,19.14,19.14,19.14,19.14
2023-08-18T05:30:00-05:00,19.92,19.92,19.92,19.92
2023-08-18T05:45:00-05:00,20.27,20.27,20.27,20.27
2023-08-18T06:00:00-05:00,20.64,20.64,20.64,20.64
2023-08-18T06:15:00-05:00,21.13,21.13,21.13,21.13
2023-08-18T06:30:00-05:00,21.06,21.06,21.06,21.06
2023-08-18T06:45:00-05:00,21.12,21.12,21.12,21.12
2023-08-18T07:00:00-05:00,20.95,20.95,20.95,20.95
2023-08-18T07:15:00-05:00,20.86,20.86,20.86,20.86
2023-08-18T07:30:00-05:00,20.6,20.6,20.6,20.6
2023-08-18T07:45:00-05:00,20.14,20.14,20.14,20.14
2023-08-18T08:00:00-05:00,20.23,20.23,20.23,20.23
2023-08-18T08:15:00-05:00,20.15,20.15,20.15,20.15
2023-08-18T08:30:00-05:00,19.99,19.99,19.99,19.99
2023-08-18T08:45:00-05:00,19.97,19.97,19.97,19.97
2023-08-18T09:00:00-05:00,20.77,20.77,20.77,20.77
2023-08-18T09:15:00-05:00,21.09,21.09,21.09,21.09
2023-08-18T09:30:00-05:00,21.29,21.29,21.29,21.29
2023-08-18T09:45:00-05:00,22.04,22.04,22.04,22.04
2023-08-18T10:00:00-05:00,22.25,22.25,22.25,22.25
2023-08-18T10:15:00-05:00,24.14,23.87,23.74,23.85
2023-08-18T10:30:00-05:00,26.68,25.59,25.04,25.48
2023-08-18T10:45:00-05:00,27.68,26.78,26.33,26.69
2023-08-18T11:00:00-05:00,25.91,25.75,25.67,25.74
2023-08-18T11:15:00-05:00,27.76,27.76,27.76,27.76
2023-08-18T11:30:00-05:00,38.15,38.15,38.15,38.15
2023-08-18T11:45:00-05:00,41.71,41.71,41.71,41.71
2023-08-18T12:00:00-05:00,49.42,46.42,44.87,46.11
2023-08-18T12:15:00-05:00,84.9,80.85,77.78,80.45
2023-08-18T12:30:00-05:00,84.62,77.68,71.98,77.0
2023-08-18T12:45:00-05:00,87.25,99.79,72.53,82.63
2023-08-18T13:00:00-05:00,79.09,106.32,71.88,80.72
2023-08-18T13:15:00-05:00,79.44,107.05,72.88,81.51
2023-08-18T13:30:00-05:00,80.67,108.42,74.2,82.82
2023-08-18T13:45:00-05:00,84.79,79.45,75.66,78.35
2023-08-18T14:00:00-05:00,137.53,124.12,117.03,122.76
2023-08-18T14:15:00-05:00,91.79,86.78,84.53,88.91
2023-08-18T14:30:00-05:00,122.98,120.02,98.03,126.08
2023-08-18T14:45:00-05:00,91.66,89.75,87.22,90.47
2023-08-18T15:00:00-05:00,86.13,84.91,63.97,89.98
2023-08-18T15:15:00-05:00,120.31,124.97,67.3,134.57
2023-08-18T15:30:00-05:00,81.44,81.48,57.3,83.27
2023-08-18T15:45:00-05:00,71.9,59.69,44.24,54.46
2023-08-18T16:00:00-05:00,70.92,64.98,53.52,59.72
2023-08-18T16:15:00-05:00,68.76,75.07,47.31,56.39
2023-08-18T16:30:00-05:00,141.97,148.68,73.63,94.56
2023-08-18T16:45:00-05:00,83.23,94.73,58.11,66.19
2023-08-18T17:00:00-05:00,53.74,61.53,64.48,37.51
2023-08-18T17:15:00-05:00,68.81,89.75,57.71,44.55
2023-08-18T17:30:00-05:00,87.2,127.07,54.57,59.45
2023-08-18T17:45:00-05:00,83.96,133.28,53.84,42.84
2023-08-18T18:00:00-05:00,54.51,84.18,45.74,29.17
2023-08-18T18:15:00-05:00,68.8,101.86,50.43,46.21
2023-08-18T18:30:00-05:00,131.55,153.87,69.97,137.29
2023-08-18T18:45:00-05:00,174.22,207.61,102.64,189.13
2023-08-18T19:00:00-05:00,177.91,205.78,92.52,193.65
2023-08-18T19:15:00-05:00,117.34,128.52,60.91,130.81
2023-08-18T19:30:00-05:00,120.73,129.81,62.45,132.03
2023-08-18T19:45:00-05:00,195.84,209.57,107.36,213.52
2023-08-18T20:00:00-05:00,96.19,101.54,56.51,103.69
2023-08-18T20:15:00-05:00,56.34,59.1,33.07,60.37
2023-08-18T20:30:00-05:00,37.08,38.0,32.16,38.6
2023-08-18T20:45:00-05:00,32.11,31.91,30.66,34.43
2023-08-18T21:00:00-05:00,29.47,28.85,28.95,32.48
2023-08-18T21:15:00-05:00,27.22,26.18,27.53,31.12
2023-08-18T21:30:00-05:00,27.1,26.01,27.44,31.21
2023-08-18T21:45:00-05:00,25.74,24.57,26.16,30.1
2023-08-18T22:00:00-05:00,26.5,25.27,26.99,30.92
2023-08-18T22:15:00-05:00,25.6,24.41,26.15,29.5
2023-08-18T22:30:00-05:00,24.8,23.54,25.39,28.95
2023-08-18T22:45:00-05:00,24.12,22.7,24.82,28.82
2023-08-18T23:00:00-05:00,24.37,22.92,25.1,29.24
2023-08-18T23:15:00-05:00,23.41,21.99,24.13,28.21
2023-08-18T23:30:00-05:00,22.95,21.53,23.66,27.74
2023-08-18T23:45:00-05:00,22.5,21.1,23.2,27.25
2023-08-19T00:00:00-05:00,21.6,20.27,22.27,26.13
2023-08-19T00:15:00-05:00,21.33,20.0,22.0,25.8
2023-08-19T00:30:00-05:00,20.67,19.36,21.35,25.13
2023-08-19T00:45:00-05:00,20.39,19.04,21.09,24.97
2023-08-19T01:00:00-05:00,19.9,18.56,20.59,24.41
2023-08-19T01:15:00-05:00,18.58,17.28,19.26,23.0
2023-08-19T01:30:00-05:00,18.63,17.33,19.31,23.05
2023-08-19T01:45:00-05:00,17.45,16.18,18.12,21.78
2023-08-19T02:00:00-05:00,16.62,15.39,17.4,20.96
2023-08-19T02:15:00-05:00,15.68,14.45,16.47,20.02
2023-08-19T02:30:00-05:00,15.22,14.0,16.01,19.53
2023-08-19T02:45:00-05:00,15.52,14.29,16.31,19.86
2023-08-19T03:00:00-05:00,15.35,14.12,16.13,19.68
2023-08-19T03:15:00-05:00,14.28,13.08,15.04,18.5
2023-08-19T03:30:00-05:00,13.96,12.77,14.72,18.17
2023-08-19T03:45:00-05:00,13.7,12.52,14.46,17.89
2023-08-19T04:00:00-05:00,14.38,13.18,15.14,18.63
2023-08-19T04:15:00-05:00,14.04,12.85,14.79,18.23
2023-08-19T04:30:00-05:00,14.49,13.32,15.23,18.65
2023-08-19T04:45:00-05:00,14.39,13.23,15.14,18.57
2023-08-19T05:00:00-05:00,14.69,13.67,15.35,18.36
2023-08-19T05:15:00-05:00,15.0,14.05,15.61,18.4
2023-08-19T05:30:00-05:00,15.99,15.02,16.6,19.41
2023-08-19T05:45:00-05:00,16.02,15.09,16.62,19.37
2023-08-19T06:00:00-05:00,16.02,15.32,16.46,18.51
2023-08-19T06:15:00-05:00,16.29,15.68,16.68,18.48
2023-08-19T06:30:00-05:00,16.69,16.68,16.7,16.73
2023-08-19T06:45:00-05:00,16.91,16.91,16.91,16.91
2023-08-19T07:00:00-05:00,17.09,17.09,17.09,17.09
2023-08-19T07:15:00-05:00,16.82,16.82,16.82,16.82
2023-08-19T07:30:00-05:00,16.41,16.41,16.41,16.41
2023-08-19T07:45:00-05:00,16.13,16.13,16.13,16.13
2023-08-19T08:00:00-05:00,17.28,17.28,17.28,17.28
2023-08-19T08:15:00-05:00,17.06,17.06,17.06,17.06
2023-08-19T08:30:00-05:00,17.43,17.43,17.43,17.43
2023-08-19T08:45:00-05:00,18.2,18.2,18.2,18.2
2023-08-19T09:00:00-05:00,19.1,19.1,19.1,19.1
2023-08-19T09:15:00-05:00,22.44,22.44,22.44,22.44
2023-08-19T09:30:00-05:00,23.69,23.69,23.69,23.69
2023-08-19T09:45:00-05:00,24.83,24.83,24.83,24.83
2023-08-19T10:00:00-05:00,25.85,25.85,25.85,25.85
2023-08-19T10:15:00-05:00,26.16,26.16,26.16,26.16
2023-08-19T10:30:00-05:00,25.69,25.69,25.69,25.69
2023-08-19T10:45:00-05:00,26.08,26.08,26.08,26.08
2023-08-19T11:00:00-05:00,25.69,25.69,25.69,25.69
2023-08-19T11:15:00-05:00,28.55,28.55,28.55,28.55
2023-08-19T11:30:00-05:00,50.68,50.68,50.68,50.68
2023-08-19T11:45:00-05:00,34.57,34.57,34.57,34.57
2023-08-19T12:00:00-05:00,34.89,34.89,34.89,34.89
2023-08-19T12:15:00-05:00,31.25,31.25,31.25,31.25
2023-08-19T12:30:00-05:00,30.67,32.11,30.76,31.03
2023-08-19T12:45:00-05:00,44.79,68.04,46.22,50.59
2023-08-19T13:00:00-05:00,28.74,37.49,29.27,30.92
2023-08-19T13:15:00-05:00,30.79,36.4,31.14,32.19
2023-08-19T13:30:00-05:00,39.4,58.32,40.56,44.12
2023-08-19T13:45:00-05:00,44.8,64.57,42.12,47.45
2023-08-19T14:00:00-05:00,40.63,55.29,36.17,41.13
2023-08-19T14:15:00-05:00,40.02,56.83,35.72,41.08
2023-08-19T14:30:00-05:00,39.37,56.99,34.19,40.77
2023-08-19T14:45:00-05:00,47.53,74.52,39.92,51.38
2023-08-19T15:00:00-05:00,53.53,76.06,31.67,50.25
2023-08-19T15:15:00-05:00,62.57,83.21,33.92,54.46
2023-08-19T15:30:00-05:00,55.55,80.74,45.77,52.13
2023-08-19T15:45:00-05:00,44.75,76.71,49.45,38.77
2023-08-19T16:00:00-05:00,42.55,79.61,36.47,33.61
2023-08-19T16:15:00-05:00,40.79,65.95,41.42,31.5
2023-08-19T16:30:00-05:00,37.99,41.25,34.92,26.37
2023-08-19T16:45:00-05:00,33.46,40.43,33.98,24.69
2023-08-19T17:00:00-05:00,31.19,43.51,46.19,20.09
2023-08-19T17:15:00-05:00,33.64,41.11,38.63,23.62
2023-08-19T17:30:00-05:00,36.67,49.62,52.24,23.25
2023-08-19T17:45:00-05:00,31.35,37.89,44.39,22.34
2023-08-19T18:00:00-05:00,28.13,35.46,46.67,21.38
2023-08-19T18:15:00-05:00,32.02,40.98,34.52,24.25
2023-08-19T18:30:00-05:00,31.68,38.99,39.35,25.42
2023-08-19T18:45:00-05:00,105.25,161.19,81.56,56.72
2023-08-19T19:00:00-05:00,88.35,95.96,55.34,94.31
2023-08-19T19:15:00-05:00,73.24,77.61,43.3,78.63
2023-08-19T19:30:00-05:00,124.95,132.78,71.29,134.55
2023-08-19T19:45:00-05:00,273.6,292.21,152.12,297.19
2023-08-19T20:00:00-05:00,283.78,293.53,214.44,297.12
2023-08-19T20:15:00-05:00,189.67,190.88,185.44,191.92
2023-08-19T20:30:00-05:00,53.75,54.19,51.16,54.53
2023-08-19T20:45:00-05:00,48.04,48.22,46.49,48.43
2023-08-19T21:00:00-05:00,38.04,38.02,37.81,38.05
2023-08-19T21:15:00-05:00,31.76,31.73,31.51,31.72
2023-08-19T21:30:00-05:00,28.63,28.6,28.41,28.6
2023-08-19T21:45:00-05:00,28.83,28.8,28.63,28.8
2023-08-19T22:00:00-05:00,28.63,28.64,28.34,28.91
2023-08-19T22:15:00-05:00,27.46,27.55,27.2,30.91
2023-08-19T22:30:00-05:00,26.36,26.49,26.09,31.11
2023-08-19T22:45:00-05:00,26.51,26.66,26.36,31.33
2023-08-19T23:00:00-05:00,26.13,26.29,26.06,30.92
2023-08-19T23:15:00-05:00,25.47,25.61,25.27,30.14
2023-08-19T23:30:00-05:00,23.89,24.04,23.82,28.34
2023-08-19T23:45:00-05:00,22.86,23.01,22.8,27.17
2023-08-20T00:00:00-05:00,23.02,23.02,22.87,23.56
2023-08-20T00:15:00-05:00,22.37,22.37,22.31,22.67
2023-08-20T00:30:00-05:00,22.06,22.06,22.06,22.06
2023-08-20T00:45:00-05:00,21.79,21.79,21.79,21.79
2023-08-20T01:00:00-05:00,21.4,21.4,21.4,21.4
2023-08-20T01:15:00-05:00,21.04,21.04,21.04,21.04
2023-08-20T01:30:00-05:00,20.91,20.44,21.2,22.53
2023-08-20T01:45:00-05:00,20.83,20.3,21.18,22.7
2023-08-20T02:00:00-05:00,21.05,20.45,21.44,23.15
2023-08-20T02:15:00-05:00,20.68,19.88,21.2,23.52
2023-08-20T02:30:00-05:00,20.43,19.64,20.94,23.25
2023-08-20T02:45:00-05:00,20.05,19.27,20.55,22.83
2023-08-20T03:00:00-05:00,20.15,19.37,20.65,22.94
2023-08-20T03:15:00-05:00,20.21,19.53,20.64,22.59
2023-08-20T03:30:00-05:00,20.31,19.52,20.82,23.11
2023-08-20T03:45:00-05:00,20.46,19.72,20.94,23.12
2023-08-20T04:00:00-05:00,20.47,20.33,20.56,20.96
2023-08-20T04:15:00-05:00,20.43,20.43,20.43,20.43
2023-08-20T04:30:00-05:00,20.31,20.31,20.31,20.31
2023-08-20T04:45:00-05:00,20.31,20.31,20.31,20.31
2023-08-20T05:00:00-05:00,20.83,20.83,20.83,20.83
2023-08-20T05:15:00-05:00,21.57,21.57,21.57,21.57
2023-08-20T05:30:00-05:00,21.46,21.46,21.46,21.46
2023-08-20T05:45:00-05:00,21.63,21.63,21.63,21.63
2023-08-20T06:00:00-05:00,21.63,21.63,21.63,21.63
2023-08-20T06:15:00-05:00,22.01,22.01,22.01,22.01
2023-08-20T06:30:00-05:00,22.03,22.03,22.03,22.03
2023-08-20T06:45:00-05:00,21.8,21.8,21.8,21.8
2023-08-20T07:00:00-05:00,21.86,21.86,21.86,21.86
2023-08-20T07:15:00-05:00,21.99,21.99,21.99,21.99
2023-08-20T07:30:00-05:00,22.23,22.23,22.23,22.23
2023-08-20T07:45:00-05:00,21.53,21.53,21.53,21.53
2023-08-20T08:00:00-05:00,21.42,21.42,21.42,21.42
2023-08-20T08:15:00-05:00,21.6,21.6,21.6,21.6
2023-08-20T08:30:00-05:00,21.49,21.49,21.49,21.49
2023-08-20T08:45:00-05:00,22.4,22.4,22.4,22.4
2023-08-20T09:00:00-05:00,23.06,23.06,23.06,23.06
2023-08-20T09:15:00-05:00,23.65,23.65,23.65,23.65
2023-08-20T09:30:00-05:00,24.4,24.4,24.4,24.4
2023-08-20T09:45:00-05:00,25.16,25.16,25.16,25.16
2023-08-20T10:00:00-05:00,25.28,25.28,25.28,25.28
2023-08-20T10:15:00-05:00,27.37,27.37,27.37,27.37
2023-08-20T10:30:00-05:00,33.65,33.65,33.65,33.65
2023-08-20T10:45:00-05:00,27.56,27.56,27.56,27.56
2023-08-20T11:00:00-05:00,26.94,26.94,26.94,26.94
2023-08-20T11:15:00-05:00,29.06,29.06,29.06,29.06
2023-08-20T11:30:00-05:00,28.55,28.55,28.55,28.55
2023-08-20T11:45:00-05:00,28.66,27.85,29.69,26.69
2023-08-20T12:00:00-05:00,37.08,34.1,43.44,16.45
2023-08-20T12:15:00-05:00,36.19,38.85,38.07,15.68
2023-08-20T12:30:00-05:00,34.85,41.77,30.71,17.87
2023-08-20T12:45:00-05:00,35.26,71.87,30.23,24.98
2023-08-20T13:00:00-05:00,49.94,91.14,45.87,39.34
2023-08-20T13:15:00-05:00,99.29,136.33,105.98,85.58
2023-08-20T13:30:00-05:00,72.0,99.92,80.84,61.67
2023-08-20T13:45:00-05:00,56.81,85.12,65.0,47.63
2023-08-20T14:00:00-05:00,67.55,89.39,85.87,52.31
2023-08-20T14:15:00-05:00,120.89,81.15,185.92,68.54
2023-08-20T14:30:00-05:00,50.59,44.8,58.83,36.47
2023-08-20T14:45:00-05:00,43.82,40.7,47.1,30.4
2023-08-20T15:00:00-05:00,190.32,258.64,185.18,71.08
2023-08-20T15:15:00-05:00,78.7,102.59,82.73,27.77
2023-08-20T15:30:00-05:00,69.57,80.83,74.82,30.86
2023-08-20T15:45:00-05:00,63.56,62.07,75.13,30.75
2023-08-20T16:00:00-05:00,73.93,68.36,89.97,30.7
2023-08-20T16:15:00-05:00,53.67,51.17,67.52,22.42
2023-08-20T16:30:00-05:00,101.09,84.85,192.86,26.71
2023-08-20T16:45:00-05:00,76.2,87.35,123.83,21.45
2023-08-20T17:00:00-05:00,59.47,55.19,94.17,19.25
2023-08-20T17:15:00-05:00,81.44,65.67,146.95,25.84
2023-08-20T17:30:00-05:00,76.04,66.88,149.52,26.81
2023-08-20T17:45:00-05:00,78.73,83.57,149.92,25.14
2023-08-20T18:00:00-05:00,79.4,82.26,117.53,36.8
2023-08-20T18:15:00-05:00,245.84,296.81,339.31,89.72
2023-08-20T18:30:00-05:00,326.0,460.05,320.0,166.46
2023-08-20T18:45:00-05:00,249.37,341.8,234.83,153.12
2023-08-20T19:00:00-05:00,542.62,629.13,526.72,461.93
2023-08-20T19:15:00-05:00,83.62,81.58,74.16,80.82
2023-08-20T19:30:00-05:00,378.51,347.38,268.01,338.47
2023-08-20T19:45:00-05:00,711.52,698.15,663.05,694.63
2023-08-20T20:00:00-05:00,540.7,540.46,513.94,541.65
2023-08-20T20:15:00-05:00,1424.49,1409.54,1338.16,1408.27
2023-08-20T20:30:00-05:00,1302.2,1301.58,1297.68,1302.34
2023-08-20T20:45:00-05:00,766.4,766.97,768.68,767.9
2023-08-20T21:00:00-05:00,421.53,421.66,422.25,421.82
2023-08-20T21:15:00-05:00,187.47,187.47,187.47,187.47
2023-08-20T21:30:00-05:00,107.61,107.61,107.61,107.61
2023-08-20T21:45:00-05:00,76.09,76.09,76.09,76.09
2023-08-20T22:00:00-05:00,84.22,84.22,84.22,84.22
2023-08-20T22:15:00-05:00,55.99,55.99,55.99,55.99
2023-08-20T22:30:00-05:00,50.31,50.31,50.31,50.31
2023-08-20T22:45:00-05:00,40.35,40.13,40.54,41.84
2023-08-20T23:00:00-05:00,40.43,40.15,40.73,42.42
2023-08-20T23:15:00-05:00,32.49,32.5,32.52,32.51
2023-08-20T23:30:00-05:00,30.9,29.81,31.84,38.27
2023-08-20T23:45:00-05:00,34.27,27.72,39.83,78.32
2023-08-21T00:00:00-05:00,39.18,35.44,42.35,64.37
2023-08-21T00:15:00-05:00,30.92,28.18,33.25,49.49
2023-08-21T00:30:00-05:00,30.94,26.38,34.83,62.02
2023-08-21T00:45:00-05:00,25.74,23.04,28.05,44.16
2023-08-21T01:00:00-05:00,27.77,22.91,31.88,60.95
2023-08-21T01:15:00-05:00,26.52,22.04,30.3,57.22
2023-08-21T01:30:00-05:00,27.07,21.99,31.27,60.87
2023-08-21T01:45:00-05:00,26.21,21.53,30.14,58.41
2023-08-21T02:00:00-05:00,27.85,21.28,33.37,73.11
2023-08-21T02:15:00-05:00,25.51,20.79,29.47,58.03
2023-08-21T02:30:00-05:00,31.41,20.54,40.44,105.61
2023-08-21T02:45:00-05:00,26.46,20.7,31.27,65.99
2023-08-21T03:00:00-05:00,28.5,20.47,35.19,83.76
2023-08-21T03:15:00-05:00,28.84,20.5,35.77,86.06
2023-08-21T03:30:00-05:00,28.98,20.71,35.85,85.69
2023-08-21T03:45:00-05:00,28.94,20.7,35.77,85.35
2023-08-21T04:00:00-05:00,28.94,20.87,35.65,84.22
2023-08-21T04:15:00-05:00,29.19,20.94,36.01,85.64
2023-08-21T04:30:00-05:00,30.55,21.46,38.07,92.8
2023-08-21T04:45:00-05:00,33.89,22.09,43.67,114.9
2023-08-21T05:00:00-05:00,35.84,23.43,46.13,121.88
2023-08-21T05:15:00-05:00,32.27,26.12,37.37,74.95
2023-08-21T05:30:00-05:00,36.37,26.96,44.17,101.39
2023-08-21T05:45:00-05:00,37.51,28.55,44.95,99.34
2023-08-21T06:00:00-05:00,50.65,38.4,60.6,133.42
2023-08-21T06:15:00-05:00,52.82,40.12,63.0,138.01
2023-08-21T06:30:00-05:00,52.49,40.59,62.07,132.69
2023-08-21T06:45:00-05:00,56.86,45.54,66.03,133.36
2023-08-21T07:00:00-05:00,38.33,32.62,43.01,77.04
2023-08-21T07:15:00-05:00,37.69,31.63,42.63,78.66
2023-08-21T07:30:00-05:00,32.44,29.29,35.14,54.3
2023-08-21T07:45:00-05:00,28.67,28.5,28.81,29.87
2023-08-21T08:00:00-05:00,28.67,28.67,28.67,28.67
2023-08-21T08:15:00-05:00,27.28,27.28,27.28,27.28
2023-08-21T08:30:00-05:00,26.73,26.73,26.73,26.73
2023-08-21T08:45:00-05:00,26.5,26.5,26.5,26.5
2023-08-21T09:00:00-05:00,29.36,29.36,29.36,29.36
2023-08-21T09:15:00-05:00,36.81,36.81,36.81,36.81
2023-08-21T09:30:00-05:00,52.7,52.7,52.7,52.7
2023-08-21T09:45:00-05:00,70.12,70.12,70.12,70.12
2023-08-21T10:00:00-05:00,32.29,32.29,32.29,32.29
2023-08-21T10:15:00-05:00,49.99,49.99,49.99,49.99
2023-08-21T10:30:00-05:00,114.68,114.68,114.68,114.68
2023-08-21T10:45:00-05:00,101.04,101.04,101.04,101.04
2023-08-21T11:00:00-05:00,359.5,359.5,359.5,359.5
2023-08-21T11:15:00-05:00,69.55,69.55,69.55,69.55
2023-08-21T11:30:00-05:00,214.86,214.86,214.86,214.86
2023-08-21T11:45:00-05:00,92.67,92.67,92.67,92.67
2023-08-21T12:00:00-05:00,86.66,86.66,86.66,86.66
2023-08-21T12:15:00-05:00,242.26,242.26,242.26,242.26
2023-08-21T12:30:00-05:00,70.07,103.81,72.08,78.36
2023-08-21T12:45:00-05:00,67.52,101.85,69.57,75.82
2023-08-21T13:00:00-05:00,45.52,57.71,46.25,48.45
2023-08-21T13:15:00-05:00,42.1,42.1,42.1,42.1
2023-08-21T13:30:00-05:00,46.58,46.58,46.58,46.58
2023-08-21T13:45:00-05:00,74.48,74.4,74.47,74.44
2023-08-21T14:00:00-05:00,52.55,52.44,52.6,52.5
2023-08-21T14:15:00-05:00,113.46,100.67,135.34,106.5
2023-08-21T14:30:00-05:00,63.28,44.67,94.74,51.78
2023-08-21T14:45:00-05:00,76.78,42.13,133.31,52.04
2023-08-21T15:00:00-05:00,60.01,37.82,100.13,44.65
2023-08-21T15:15:00-05:00,73.15,54.36,130.68,41.86
2023-08-21T15:30:00-05:00,37.54,42.41,38.22,30.23
2023-08-21T15:45:00-05:00,34.78,41.55,27.83,36.38
2023-08-21T16:00:00-05:00,36.27,45.78,24.0,31.36
2023-08-21T16:15:00-05:00,40.22,50.1,34.26,31.53
2023-08-21T16:30:00-05:00,83.13,109.82,67.44,64.03
2023-08-21T16:45:00-05:00,55.1,67.38,56.07,42.11
2023-08-21T17:00:00-05:00,43.0,55.71,22.62,38.43
2023-08-21T17:15:00-05:00,81.03,107.42,59.89,58.27
2023-08-21T17:30:00-05:00,107.83,153.66,64.57,71.63
2023-08-21T17:45:00-05:00,54.13,81.77,23.42,33.67
2023-08-21T18:00:00-05:00,52.3,63.92,26.27,51.13
2023-08-21T18:15:00-05:00,41.95,51.94,21.25,40.86
2023-08-21T18:30:00-05:00,69.5,96.84,33.05,56.09
2023-08-21T18:45:00-05:00,89.54,116.67,44.72,80.5
2023-08-21T19:00:00-05:00,54.09,57.73,29.47,63.53
2023-08-21T19:15:00-05:00,61.92,63.89,36.12,73.42
2023-08-21T19:30:00-05:00,66.66,66.82,45.36,77.03
2023-08-21T19:45:00-05:00,73.12,74.45,51.24,85.57
2023-08-21T20:00:00-05:00,128.84,132.73,100.01,150.45
2023-08-21T20:15:00-05:00,182.45,190.97,120.94,215.52
2023-08-21T20:30:00-05:00,94.51,98.87,65.08,109.01
2023-08-21T20:45:00-05:00,73.43,75.42,63.48,76.37
2023-08-21T21:00:00-05:00,102.19,102.39,102.04,102.55
2023-08-21T21:15:00-05:00,57.85,56.21,59.3,64.02
2023-08-21T21:30:00-05:00,50.13,48.6,51.43,55.9
2023-08-21T21:45:00-05:00,54.59,53.81,55.43,57.69
2023-08-21T22:00:00-05:00,39.74,38.85,40.33,42.99
2023-08-21T22:15:00-05:00,48.36,48.35,48.36,48.37
2023-08-21T22:30:00-05:00,48.31,48.14,48.5,59.32
2023-08-21T22:45:00-05:00,38.44,37.41,39.26,53.49
2023-08-21T23:00:00-05:00,35.13,35.22,34.57,48.1
2023-08-21T23:15:00-05:00,33.52,34.0,32.33,50.96
2023-08-21T23:30:00-05:00,32.61,33.09,31.46,52.34
2023-08-21T23:45:00-05:00,29.28,29.48,28.85,43.72
2023-08-22T00:00:00-05:00,29.69,29.69,29.8,37.85
2023-08-22T00:15:00-05:00,32.93,33.06,32.91,40.06
2023-08-22T00:30:00-05:00,30.05,30.23,29.96,35.65
2023-08-22T00:45:00-05:00,28.04,28.16,27.98,31.72
2023-08-22T01:00:00-05:00,29.36,29.47,29.3,32.91
2023-08-22T01:15:00-05:00,33.54,33.6,33.51,35.47
2023-08-22T01:30:00-05:00,46.83,46.83,46.83,46.83
2023-08-22T01:45:00-05:00,30.16,30.16,30.16,30.16
2023-08-22T02:00:00-05:00,31.62,31.62,31.62,31.62
2023-08-22T02:15:00-05:00,29.01,29.01,29.01,29.01
2023-08-22T02:30:00-05:00,31.42,31.42,31.42,31.42
2023-08-22T02:45:00-05:00,31.67,31.67,31.67,31.67
2023-08-22T03:00:00-05:00,33.68,33.68,33.68,33.68
2023-08-22T03:15:00-05:00,31.5,31.5,30.6,31.5
2023-08-22T03:30:00-05:00,33.49,33.49,30.84,33.49
2023-08-22T03:45:00-05:00,33.5,33.5,33.44,33.5
2023-08-22T04:00:00-05:00,52.29,52.29,50.56,52.29
2023-08-22T04:15:00-05:00,35.49,35.49,24.4,35.49
2023-08-22T04:30:00-05:00,36.62,36.62,24.35,36.62
2023-08-22T04:45:00-05:00,49.67,49.92,36.81,49.98
2023-08-22T05:00:00-05:00,74.99,74.92,59.7,74.93
2023-08-22T05:15:00-05:00,75.01,75.01,62.4,75.01
2023-08-22T05:30:00-05:00,71.65,71.65,60.95,71.65
2023-08-22T05:45:00-05:00,69.72,69.72,59.62,69.72
2023-08-22T06:00:00-05:00,74.69,74.69,74.49,74.69
2023-08-22T06:15:00-05:00,75.04,75.04,75.04,75.04
2023-08-22T06:30:00-05:00,71.66,73.04,57.18,73.52
2023-08-22T06:45:00-05:00,59.57,66.19,42.23,74.39
2023-08-22T07:00:00-05:00,61.0,68.44,49.4,80.66
2023-08-22T07:15:00-05:00,50.47,52.18,39.65,54.27
2023-08-22T07:30:00-05:00,36.2,37.58,24.16,38.13
2023-08-22T07:45:00-05:00,35.45,36.92,17.14,37.28
2023-08-22T08:00:00-05:00,41.16,43.22,20.53,43.73
2023-08-22T08:15:00-05:00,37.26,38.82,18.87,39.2
2023-08-22T08:30:00-05:00,36.19,37.08,20.74,37.28
2023-08-22T08:45:00-05:00,35.09,34.97,27.31,34.93
2023-08-22T09:00:00-05:00,67.51,70.82,41.93,71.66
2023-08-22T09:15:00-05:00,43.01,45.06,23.39,45.57
2023-08-22T09:30:00-05:00,67.15,68.85,43.09,69.28
2023-08-22T09:45:00-05:00,62.23,64.22,39.52,64.72
2023-08-22T10:00:00-05:00,60.78,64.88,34.31,65.93
2023-08-22T10:15:00-05:00,68.02,72.42,39.16,73.54
2023-08-22T10:30:00-05:00,64.92,69.04,37.5,70.08
2023-08-22T10:45:00-05:00,142.96,153.01,79.31,155.52
2023-08-22T11:00:00-05:00,146.19,157.69,77.41,160.57
2023-08-22T11:15:00-05:00,66.21,70.62,38.4,71.72
2023-08-22T11:30:00-05:00,132.92,143.35,71.74,145.97
2023-08-22T11:45:00-05:00,115.67,152.71,103.41,126.61
2023-08-22T12:00:00-05:00,69.67,70.25,69.46,69.45
2023-08-22T12:15:00-05:00,45.35,45.22,47.19,45.15
2023-08-22T12:30:00-05:00,102.16,102.23,104.92,102.26
2023-08-22T12:45:00-05:00,111.61,115.93,89.94,116.97
2023-08-22T13:00:00-05:00,47.04,47.29,48.57,47.1
2023-08-22T13:15:00-05:00,76.32,85.23,47.66,82.69
2023-08-22T13:30:00-05:00,49.51,53.96,32.81,52.7
2023-08-22T13:45:00-05:00,41.39,44.62,32.06,43.6
2023-08-22T14:00:00-05:00,116.58,132.99,82.95,124.8
2023-08-22T14:15:00-05:00,91.5,102.28,66.33,96.53
2023-08-22T14:30:00-05:00,45.14,47.91,32.19,47.94
2023-08-22T14:45:00-05:00,39.27,42.35,28.56,41.7
2023-08-22T15:00:00-05:00,40.63,44.81,24.68,44.18
2023-08-22T15:15:00-05:00,48.13,52.73,29.59,51.53
2023-08-22T15:30:00-05:00,97.68,109.04,47.64,104.54
2023-08-22T15:45:00-05:00,91.88,103.09,46.23,99.23
2023-08-22T16:00:00-05:00,80.47,69.25,30.52,63.87
2023-08-22T16:15:00-05:00,58.33,50.76,24.94,46.63
2023-08-22T16:30:00-05:00,122.62,127.57,54.62,117.94
2023-08-22T16:45:00-05:00,84.07,81.62,43.44,73.75
2023-08-22T17:00:00-05:00,65.7,67.96,43.94,63.05
2023-08-22T17:15:00-05:00,61.11,65.75,52.76,63.28
2023-08-22T17:30:00-05:00,60.63,63.16,55.75,61.91
2023-08-22T17:45:00-05:00,62.35,64.97,57.27,63.67
2023-08-22T18:00:00-05:00,30.68,31.0,29.81,30.92
2023-08-22T18:15:00-05:00,30.83,31.36,29.63,31.16
2023-08-22T18:30:00-05:00,38.12,38.23,37.49,38.3
2023-08-22T18:45:00-05:00,52.59,52.75,51.72,52.84
2023-08-22T19:00:00-05:00,32.05,32.14,31.52,32.2
2023-08-22T19:15:00-05:00,31.88,31.91,29.02,31.93
2023-08-22T19:30:00-05:00,30.98,31.67,25.14,31.85
2023-08-22T19:45:00-05:00,34.07,33.29,30.42,33.1
2023-08-22T20:00:00-05:00,37.83,39.09,29.37,39.41
2023-08-22T20:15:00-05:00,34.08,35.09,28.07,35.36
2023-08-22T20:30:00-05:00,40.19,40.33,39.43,40.4
2023-08-22T20:45:00-05:00,43.13,43.26,42.44,43.34
2023-08-22T21:00:00-05:00,31.23,31.33,30.73,31.38
2023-08-22T21:15:00-05:00,34.36,34.37,34.31,34.37
2023-08-22T21:30:00-05:00,33.04,33.04,33.04,33.04
2023-08-22T21:45:00-05:00,28.64,28.64,28.64,28.64
2023-08-22T22:00:00-05:00,28.06,28.06,28.06,28.06
2023-08-22T22:15:00-05:00,27.08,27.08,27.08,27.08
2023-08-22T22:30:00-05:00,27.44,27.44,27.44,27.44
2023-08-22T22:45:00-05:00,26.07,26.07,26.07,26.07
2023-08-22T23:00:00-05:00,25.88,25.99,25.83,29.08
2023-08-22T23:15:00-05:00,26.09,26.09,26.09,26.09
2023-08-22T23:30:00-05:00,25.79,25.79,25.79,25.79
2023-08-22T23:45:00-05:00,25.07,24.41,25.61,29.61
2023-08-23T00:00:00-05:00,26.11,21.87,29.59,55.47
2023-08-23T00:15:00-05:00,27.6,21.12,32.92,72.56
2023-08-23T00:30:00-05:00,32.75,20.81,42.55,115.29
2023-08-23T00:45:00-05:00,26.61,21.13,31.11,64.81
2023-08-23T01:00:00-05:00,30.52,21.14,38.23,96.63
2023-08-23T01:15:00-05:00,26.01,21.19,29.97,60.01
2023-08-23T01:30:00-05:00,27.11,21.57,31.66,66.29
2023-08-23T01:45:00-05:00,28.06,21.52,33.43,74.35
2023-08-23T02:00:00-05:00,30.83,21.75,38.29,95.02
2023-08-23T02:15:00-05:00,26.98,21.62,31.38,65.0
2023-08-23T02:30:00-05:00,31.75,20.57,40.92,111.33
2023-08-23T02:45:00-05:00,25.72,21.01,29.58,59.19
2023-08-23T03:00:00-05:00,25.73,21.6,29.12,55.24
2023-08-23T03:15:00-05:00,24.58,22.36,26.39,40.39
2023-08-23T03:30:00-05:00,28.86,22.66,33.94,73.38
2023-08-23T03:45:00-05:00,25.83,22.44,28.59,50.11
2023-08-23T04:00:00-05:00,25.84,24.17,27.2,37.84
2023-08-23T04:15:00-05:00,26.07,25.43,26.6,30.71
2023-08-23T04:30:00-05:00,26.27,26.27,26.27,26.27
2023-08-23T04:45:00-05:00,26.79,26.79,26.79,26.79
2023-08-23T05:00:00-05:00,27.79,27.79,27.79,27.79
2023-08-23T05:15:00-05:00,32.54,32.54,32.54,32.54
2023-08-23T05:30:00-05:00,28.11,28.11,28.11,28.11
2023-08-23T05:45:00-05:00,27.72,27.72,27.72,27.72
2023-08-23T06:00:00-05:00,30.99,30.99,30.99,30.99
2023-08-23T06:15:00-05:00,32.93,32.93,32.93,32.93
2023-08-23T06:30:00-05:00,32.13,32.13,32.13,32.13
2023-08-23T06:45:00-05:00,30.48,30.48,30.48,30.48
2023-08-23T07:00:00-05:00,28.84,28.84,28.84,28.84
2023-08-23T07:15:00-05:00,27.28,27.28,27.28,27.28
2023-08-23T07:30:00-05:00,27.3,27.3,27.3,27.3
2023-08-23T07:45:00-05:00,26.58,26.58,26.58,26.58
2023-08-23T08:00:00-05:00,27.63,27.63,27.63,27.63
2023-08-23T08:15:00-05:00,26.68,26.68,26.68,26.68
2023-08-23T08:30:00-05:00,26.09,26.09,26.09,26.09
2023-08-23T08:45:00-05:00,25.43,25.43,25.43,25.43
2023-08-23T09:00:00-05:00,26.73,26.73,26.73,26.73
2023-08-23T09:15:00-05:00,26.56,26.56,26.56,26.56
2023-08-23T09:30:00-05:00,25.99,25.99,25.99,25.99
2023-08-23T09:45:00-05:00,26.26,26.26,26.26,26.26
2023-08-23T10:00:00-05:00,25.16,25.16,25.16,25.16
2023-08-23T10:15:00-05:00,24.89,24.89,24.89,24.89
2023-08-23T10:30:00-05:00,25.12,25.12,25.12,25.12
2023-08-23T10:45:00-05:00,24.03,24.03,24.03,24.03
2023-08-23T11:00:00-05:00,23.52,23.52,23.52,23.52
2023-08-23T11:15:00-05:00,23.74,23.74,23.74,23.74
2023-08-23T11:30:00-05:00,23.91,23.91,23.91,23.91
2023-08-23T11:45:00-05:00,25.2,24.89,25.46,24.42
2023-08-23T12:00:00-05:00,26.34,25.29,27.14,23.7
2023-08-23T12:15:00-05:00,29.24,27.75,30.14,25.44
2023-08-23T12:30:00-05:00,27.41,28.62,27.17,25.7
2023-08-23T12:45:00-05:00,29.61,33.43,26.56,24.85
2023-08-23T13:00:00-05:00,32.51,33.79,27.65,25.66
2023-08-23T13:15:00-05:00,37.2,29.79,28.3,26.23
2023-08-23T13:30:00-05:00,33.47,29.07,27.3,26.85
2023-08-23T13:45:00-05:00,35.62,30.6,26.52,29.69
2023-08-23T14:00:00-05:00,29.85,27.99,26.35,27.66
2023-08-23T14:15:00-05:00,27.91,27.21,27.22,26.47
2023-08-23T14:30:00-05:00,34.19,31.27,27.19,30.31
2023-08-23T14:45:00-05:00,32.16,28.59,26.46,26.17
2023-08-23T15:00:00-05:00,32.66,31.5,26.14,27.52
2023-08-23T15:15:00-05:00,67.03,51.44,29.95,46.46
2023-08-23T15:30:00-05:00,29.53,28.28,37.89,27.23
2023-08-23T15:45:00-05:00,29.42,28.86,31.44,26.87
2023-08-23T16:00:00-05:00,33.03,39.08,34.56,23.97
2023-08-23T16:15:00-05:00,32.38,36.71,41.85,24.34
2023-08-23T16:30:00-05:00,30.43,37.43,44.25,19.11
2023-08-23T16:45:00-05:00,31.77,37.95,39.39,25.15
2023-08-23T17:00:00-05:00,33.29,36.13,41.95,28.7
2023-08-23T17:15:00-05:00,37.65,44.72,46.34,30.2
2023-08-23T17:30:00-05:00,58.22,68.74,66.05,47.12
2023-08-23T17:45:00-05:00,38.25,40.89,69.84,35.45
2023-08-23T18:00:00-05:00,31.52,31.81,61.19,31.24
2023-08-23T18:15:00-05:00,60.03,61.76,85.72,62.15
2023-08-23T18:30:00-05:00,72.35,72.54,106.21,72.59
2023-08-23T18:45:00-05:00,75.16,75.16,109.56,75.16
2023-08-23T19:00:00-05:00,74.39,74.39,75.33,74.39
2023-08-23T19:15:00-05:00,258.61,258.61,258.61,258.61
2023-08-23T19:30:00-05:00,280.7,280.7,280.7,280.7
2023-08-23T19:45:00-05:00,529.02,529.02,529.02,529.02
2023-08-23T20:00:00-05:00,454.17,454.17,454.17,454.17
2023-08-23T20:15:00-05:00,247.02,247.02,247.02,247.02
2023-08-23T20:30:00-05:00,87.31,87.31,87.31,87.31
2023-08-23T20:45:00-05:00,76.3,76.3,76.3,76.3
2023-08-23T21:00:00-05:00,81.68,81.68,81.68,81.68
2023-08-23T21:15:00-05:00,67.22,67.22,67.22,67.22
2023-08-23T21:30:00-05:00,46.37,46.37,46.37,46.37
2023-08-23T21:45:00-05:00,55.7,55.7,55.7,55.7
2023-08-23T22:00:00-05:00,67.1,67.1,67.1,67.1
2023-08-23T22:15:00-05:00,44.59,44.59,44.59,44.59
2023-08-23T22:30:00-05:00,37.76,37.76,37.76,37.76
2023-08-23T22:45:00-05:00,36.71,36.71,36.71,36.71
2023-08-23T23:00:00-05:00,34.6,34.6,34.6,34.6
2023-08-23T23:15:00-05:00,28.02,28.02,28.02,28.02
2023-08-23T23:30:00-05:00,27.83,27.83,27.83,27.83
2023-08-23T23:45:00-05:00,27.95,27.95,27.95,27.95
2023-08-24T00:00:00-05:00,28.59,28.59,28.59,28.59
2023-08-24T00:15:00-05:00,27.98,27.98,27.98,27.98
2023-08-24T00:30:00-05:00,27.11,27.11,27.11,27.11
2023-08-24T00:45:00-05:00,25.83,25.83,25.83,25.83
2023-08-24T01:00:00-05:00,28.8,28.8,28.8,28.8
2023-08-24T01:15:00-05:00,27.1,27.1,27.1,27.1
2023-08-24T01:30:00-05:00,27.15,27.15,27.15,27.15
2023-08-24T01:45:00-05:00,26.01,26.01,26.01,26.01
2023-08-24T02:00:00-05:00,26.28,26.28,26.28,26.28
2023-08-24T02:15:00-05:00,26.15,26.15,26.15,26.15
2023-08-24T02:30:00-05:00,25.5,25.5,25.5,25.5
2023-08-24T02:45:00-05:00,25.69,25.69,25.69,25.69
2023-08-24T03:00:00-05:00,25.54,25.54,25.54,25.54
2023-08-24T03:15:00-05:00,25.32,25.32,25.32,25.32
2023-08-24T03:30:00-05:00,25.15,25.15,25.15,25.15
2023-08-24T03:45:00-05:00,25.44,25.44,25.44,25.44
2023-08-24T04:00:00-05:00,25.54,25.54,25.54,25.54
2023-08-24T04:15:00-05:00,25.63,25.63,25.63,25.63
2023-08-24T04:30:00-05:00,25.79,25.79,25.79,25.79
2023-08-24T04:45:00-05:00,26.09,26.09,26.09,26.09
2023-08-24T05:00:00-05:00,33.15,33.15,33.15,33.15
2023-08-24T05:15:00-05:00,29.81,29.81,29.81,29.81
2023-08-24T05:30:00-05:00,30.15,30.15,30.15,30.15
2023-08-24T05:45:00-05:00,32.5,32.5,32.5,32.5
2023-08-24T06:00:00-05:00,57.4,57.4,57.4,57.4
2023-08-24T06:15:00-05:00,43.46,43.46,43.46,43.46
2023-08-24T06:30:00-05:00,37.32,35.6,37.93,38.03
2023-08-24T06:45:00-05:00,35.7,33.79,36.38,36.49
2023-08-24T07:00:00-05:00,40.08,40.08,40.08,40.08
2023-08-24T07:15:00-05:00,39.16,39.16,39.16,39.16
2023-08-24T07:30:00-05:00,33.17,32.94,33.37,34.83
2023-08-24T07:45:00-05:00,28.76,28.76,28.76,28.76
2023-08-24T08:00:00-05:00,29.09,29.09,29.09,29.09
2023-08-24T08:15:00-05:00,27.72,27.72,27.72,27.72
2023-08-24T08:30:00-05:00,27.41,27.41,27.41,27.41
2023-08-24T08:45:00-05:00,25.55,25.55,25.55,25.55
2023-08-24T09:00:00-05:00,24.92,24.92,24.92,24.92
2023-08-24T09:15:00-05:00,25.71,25.71,25.71,25.71
2023-08-24T09:30:00-05:00,26.81,26.81,26.81,26.81
2023-08-24T09:45:00-05:00,29.48,29.48,29.48,29.48
2023-08-24T10:00:00-05:00,30.69,30.69,30.69,30.69
2023-08-24T10:15:00-05:00,34.93,34.93,34.93,34.93
2023-08-24T10:30:00-05:00,42.0,42.0,42.0,42.0
2023-08-24T10:45:00-05:00,39.71,39.71,39.71,39.71
2023-08-24T11:00:00-05:00,28.45,28.15,30.21,27.83
2023-08-24T11:15:00-05:00,28.57,34.99,31.69,29.1
2023-08-24T11:30:00-05:00,32.25,42.53,37.99,33.54
2023-08-24T11:45:00-05:00,53.21,82.55,63.14,58.48
2023-08-24T12:00:00-05:00,30.22,47.88,37.46,33.2
2023-08-24T12:15:00-05:00,34.02,63.12,42.35,39.6
2023-08-24T12:30:00-05:00,43.95,78.28,53.53,50.6
2023-08-24T12:45:00-05:00,43.96,78.32,53.56,50.61
2023-08-24T13:00:00-05:00,70.42,93.43,81.66,74.07
2023-08-24T13:15:00-05:00,50.67,50.24,54.06,49.99
2023-08-24T13:30:00-05:00,71.93,70.44,77.22,70.66
2023-08-24T13:45:00-05:00,170.7,130.82,252.33,146.96
2023-08-24T14:00:00-05:00,86.54,69.45,118.12,76.64
2023-08-24T14:15:00-05:00,142.46,112.38,196.88,125.43
2023-08-24T14:30:00-05:00,166.52,136.35,219.09,150.1
2023-08-24T14:45:00-05:00,3305.56,3304.78,3305.71,3305.51
2023-08-24T15:00:00-05:00,3302.2,3260.15,3374.33,3279.49
2023-08-24T15:15:00-05:00,119.99,90.5,174.23,103.73
2023-08-24T15:30:00-05:00,203.99,161.94,281.7,180.84
2023-08-24T15:45:00-05:00,1709.49,1706.99,1710.83,1708.28
2023-08-24T16:00:00-05:00,1570.0,1568.83,1569.85,1569.47
2023-08-24T16:15:00-05:00,3461.28,3459.21,3461.02,3460.34
2023-08-24T16:30:00-05:00,116.63,116.63,116.63,116.63
2023-08-24T16:45:00-05:00,1584.28,1584.28,1584.28,1584.28
2023-08-24T17:00:00-05:00,3043.84,3053.96,3041.26,3033.13
2023-08-24T17:15:00-05:00,3534.59,3534.59,3534.59,3534.59
2023-08-24T17:30:00-05:00,189.03,193.53,187.85,184.27
2023-08-24T17:45:00-05:00,155.47,156.39,155.23,154.48
2023-08-24T18:00:00-05:00,98.41,100.34,97.92,96.36
2023-08-24T18:15:00-05:00,138.92,139.01,139.05,139.03
2023-08-24T18:30:00-05:00,146.85,146.86,146.86,146.86
2023-08-24T18:45:00-05:00,3915.64,3916.56,3907.7,3916.99
2023-08-24T19:00:00-05:00,4133.96,4140.45,4143.64,4141.78
2023-08-24T19:15:00-05:00,4331.19,4342.92,4348.84,4345.32
2023-08-24T19:30:00-05:00,1978.14,1987.67,1992.41,1989.62
2023-08-24T19:45:00-05:00,2018.19,2032.5,2039.53,2035.43
2023-08-24T20:00:00-05:00,1777.77,1792.08,1799.14,1795.01
2023-08-24T20:15:00-05:00,1122.52,1125.62,1127.13,1126.25
2023-08-24T20:30:00-05:00,535.47,535.47,535.47,535.47
2023-08-24T20:45:00-05:00,338.48,338.48,338.48,338.48
2023-08-24T21:00:00-05:00,81.84,81.84,81.84,81.84
2023-08-24T21:15:00-05:00,82.98,82.98,82.98,82.98
2023-08-24T21:30:00-05:00,77.38,77.38,77.38,77.38
2023-08-24T21:45:00-05:00,75.1,75.1,75.1,75.1
2023-08-24T22:00:00-05:00,70.79,70.79,70.79,70.79
2023-08-24T22:15:00-05:00,49.62,49.62,49.62,49.62
2023-08-24T22:30:00-05:00,37.43,37.43,37.43,37.43
2023-08-24T22:45:00-05:00,32.91,32.91,32.91,32.91
2023-08-24T23:00:00-05:00,33.51,33.51,33.51,33.51
2023-08-24T23:15:00-05:00,32.11,32.11,32.11,32.11
2023-08-24T23:30:00-05:00,30.22,47.1,30.53,32.96
2023-08-24T23:45:00-05:00,27.52,80.84,28.51,36.25
2023-08-25T00:00:00-05:00,30.76,49.86,31.12,33.89
2023-08-25T00:15:00-05:00,26.91,26.91,26.91,26.91
2023-08-25T00:30:00-05:00,25.57,25.57,25.47,25.57
2023-08-25T00:45:00-05:00,25.38,25.38,25.38,25.38
2023-08-25T01:00:00-05:00,26.43,26.43,26.43,26.43
2023-08-25T01:15:00-05:00,25.98,25.98,25.98,25.98
2023-08-25T01:30:00-05:00,24.5,24.5,24.5,24.5
2023-08-25T01:45:00-05:00,23.82,23.82,23.82,23.82
2023-08-25T02:00:00-05:00,23.91,23.91,23.91,23.91
2023-08-25T02:15:00-05:00,23.33,23.33,23.33,23.33
2023-08-25T02:30:00-05:00,22.1,22.1,22.1,22.1
2023-08-25T02:45:00-05:00,21.6,21.6,21.6,21.6
2023-08-25T03:00:00-05:00,21.89,21.89,21.89,21.89
2023-08-25T03:15:00-05:00,21.24,21.24,21.24,21.24
2023-08-25T03:30:00-05:00,20.54,20.54,20.54,20.54
2023-08-25T03:45:00-05:00,20.62,20.62,20.62,20.62
2023-08-25T04:00:00-05:00,21.09,21.09,21.09,21.09
2023-08-25T04:15:00-05:00,21.1,21.1,21.1,21.1
2023-08-25T04:30:00-05:00,20.91,20.91,20.91,20.91
2023-08-25T04:45:00-05:00,21.42,21.42,21.42,21.42
2023-08-25T05:00:00-05:00,22.31,22.31,22.31,22.31
2023-08-25T05:15:00-05:00,23.07,22.78,23.25,24.12
2023-08-25T05:30:00-05:00,24.66,24.66,24.66,24.66
2023-08-25T05:45:00-05:00,24.98,24.98,24.98,24.98
2023-08-25T06:00:00-05:00,27.0,27.0,27.0,27.0
2023-08-25T06:15:00-05:00,27.66,27.66,27.66,27.66
2023-08-25T06:30:00-05:00,27.51,27.51,27.51,27.51
2023-08-25T06:45:00-05:00,28.06,27.69,28.37,30.69
2023-08-25T07:00:00-05:00,30.33,26.96,33.09,54.06
2023-08-25T07:15:00-05:00,31.42,27.86,34.51,58.81
2023-08-25T07:30:00-05:00,27.99,27.19,28.68,34.12
2023-08-25T07:45:00-05:00,25.78,25.78,25.78,25.78
2023-08-25T08:00:00-05:00,25.16,25.16,25.16,25.16
2023-08-25T08:15:00-05:00,25.55,25.55,25.55,25.55
2023-08-25T08:30:00-05:00,24.75,24.75,24.75,24.75
2023-08-25T08:45:00-05:00,24.69,24.69,24.69,24.69
2023-08-25T09:00:00-05:00,25.21,25.21,25.21,25.21
2023-08-25T09:15:00-05:00,26.24,26.24,26.24,26.24
2023-08-25T09:30:00-05:00,26.58,26.58,26.57,26.58
2023-08-25T09:45:00-05:00,26.89,26.89,26.88,26.89
2023-08-25T10:00:00-05:00,26.61,26.61,26.61,26.61
2023-08-25T10:15:00-05:00,33.92,30.78,49.05,32.96
2023-08-25T10:30:00-05:00,35.91,31.07,59.44,34.43
2023-08-25T10:45:00-05:00,39.36,37.66,47.62,38.83
2023-08-25T11:00:00-05:00,32.53,32.53,32.53,32.53
2023-08-25T11:15:00-05:00,60.24,62.72,60.39,60.86
2023-08-25T11:30:00-05:00,52.91,88.25,55.08,61.76
2023-08-25T11:45:00-05:00,59.49,83.64,63.36,64.36
2023-08-25T12:00:00-05:00,50.16,50.13,50.15,50.14
2023-08-25T12:15:00-05:00,49.44,49.44,49.44,49.44
2023-08-25T12:30:00-05:00,57.41,57.41,57.41,57.41
2023-08-25T12:45:00-05:00,69.11,67.02,76.51,62.95
2023-08-25T13:00:00-05:00,63.4,58.92,79.42,50.21
2023-08-25T13:15:00-05:00,100.57,93.26,126.64,79.1
2023-08-25T13:30:00-05:00,88.98,83.92,107.17,74.12
2023-08-25T13:45:00-05:00,79.16,79.16,79.16,79.16
2023-08-25T14:00:00-05:00,77.47,77.47,77.47,77.47
2023-08-25T14:15:00-05:00,1886.06,1875.82,1904.91,1822.69
2023-08-25T14:30:00-05:00,515.38,519.51,538.23,499.54
2023-08-25T14:45:00-05:00,176.11,188.31,208.82,163.23
2023-08-25T15:00:00-05:00,376.81,417.84,479.5,376.29
2023-08-25T15:15:00-05:00,1423.62,1484.4,1578.75,1496.17
2023-08-25T15:30:00-05:00,1173.19,1258.43,1337.29,1271.46
2023-08-25T15:45:00-05:00,337.03,393.45,439.2,391.24
2023-08-25T16:00:00-05:00,156.4,183.62,237.55,178.49
2023-08-25T16:15:00-05:00,718.12,784.17,821.19,781.41
2023-08-25T16:30:00-05:00,2324.57,2400.91,2450.34,2403.58
2023-08-25T16:45:00-05:00,297.15,362.78,400.43,360.08
2023-08-25T17:00:00-05:00,331.96,396.4,474.32,389.15
2023-08-25T17:15:00-05:00,414.68,476.68,571.53,467.38
2023-08-25T17:30:00-05:00,3766.61,3833.69,3874.36,3831.09
2023-08-25T17:45:00-05:00,2799.98,2867.06,2907.72,2864.45
2023-08-25T18:00:00-05:00,1462.94,1517.78,1566.13,1514.73
2023-08-25T18:15:00-05:00,2459.95,2494.13,2555.16,2490.52
2023-08-25T18:30:00-05:00,2192.53,2221.59,2287.25,2217.83
2023-08-25T18:45:00-05:00,4417.91,4543.4,3912.32,4560.42
2023-08-25T19:00:00-05:00,3390.62,3484.32,2932.87,3501.65
2023-08-25T19:15:00-05:00,4898.86,4932.53,4795.14,4939.32
2023-08-25T19:30:00-05:00,4197.14,4213.37,4225.86,4218.67
2023-08-25T19:45:00-05:00,4722.94,4746.11,4748.09,4750.08
2023-08-25T20:00:00-05:00,3617.27,3625.76,3627.66,3628.33
2023-08-25T20:15:00-05:00,3210.71,3213.17,3220.38,3216.33
2023-08-25T20:30:00-05:00,1409.51,1409.54,1409.64,1409.58
2023-08-25T20:45:00-05:00,2048.73,2048.73,2048.73,2048.73
2023-08-25T21:00:00-05:00,169.11,169.2,169.47,169.33
2023-08-25T21:15:00-05:00,232.32,232.4,232.63,232.51
2023-08-25T21:30:00-05:00,105.16,105.25,105.49,105.36
2023-08-25T21:45:00-05:00,80.39,80.45,80.61,80.53
2023-08-25T22:00:00-05:00,89.68,89.68,89.68,89.68
2023-08-25T22:15:00-05:00,89.86,89.86,89.86,89.86
2023-08-25T22:30:00-05:00,75.29,75.29,75.29,75.29
2023-08-25T22:45:00-05:00,75.09,75.09,75.09,75.09
2023-08-25T23:00:00-05:00,60.2,60.2,60.2,60.2
2023-08-25T23:15:00-05:00,42.43,42.43,42.43,42.43
2023-08-25T23:30:00-05:00,52.42,52.42,52.42,52.42
2023-08-25T23:45:00-05:00,40.5,40.5,40.5,40.5
2023-08-26T00:00:00-05:00,44.86,44.86,44.86,44.86
2023-08-26T00:15:00-05:00,29.66,29.66,29.66,29.66
2023-08-26T00:30:00-05:00,30.78,30.78,30.78,30.78
2023-08-26T00:45:00-05:00,28.98,28.98,28.98,28.98
2023-08-26T01:00:00-05:00,33.29,33.29,33.29,33.29
2023-08-26T01:15:00-05:00,34.41,34.41,34.41,34.41
2023-08-26T01:30:00-05:00,28.3,28.3,28.3,28.3
2023-08-26T01:45:00-05:00,27.23,27.23,27.23,27.23
2023-08-26T02:00:00-05:00,27.11,27.11,27.11,27.11
2023-08-26T02:15:00-05:00,26.21,26.21,26.21,26.21
2023-08-26T02:30:00-05:00,25.67,25.67,25.67,25.67
2023-08-26T02:45:00-05:00,25.33,25.33,25.33,25.33
2023-08-26T03:00:00-05:00,25.17,25.17,25.17,25.17
2023-08-26T03:15:00-05:00,24.42,23.14,26.08,36.39
2023-08-26T03:30:00-05:00,24.47,21.01,27.32,48.38
2023-08-26T03:45:00-05:00,24.83,20.18,28.67,57.09
2023-08-26T04:00:00-05:00,24.68,20.18,28.91,58.67
2023-08-26T04:15:00-05:00,25.41,19.24,30.5,68.34
2023-08-26T04:30:00-05:00,24.63,19.3,29.02,61.61
2023-08-26T04:45:00-05:00,24.33,18.21,29.38,66.79
2023-08-26T05:00:00-05:00,24.88,16.96,31.4,79.74
2023-08-26T05:15:00-05:00,24.1,17.28,29.71,71.44
2023-08-26T05:30:00-05:00,24.38,15.85,31.4,83.65
2023-08-26T05:45:00-05:00,23.86,16.89,29.58,72.08
2023-08-26T06:00:00-05:00,24.54,14.55,32.76,93.69
2023-08-26T06:15:00-05:00,24.71,16.39,31.55,82.19
2023-08-26T06:30:00-05:00,24.02,15.98,30.63,79.48
2023-08-26T06:45:00-05:00,24.75,15.36,32.47,89.63
2023-08-26T07:00:00-05:00,25.07,16.16,32.37,86.76
2023-08-26T07:15:00-05:00,26.16,15.35,35.03,100.94
2023-08-26T07:30:00-05:00,21.2,17.36,24.36,47.56
2023-08-26T07:45:00-05:00,21.47,16.83,25.3,53.6
2023-08-26T08:00:00-05:00,21.46,17.93,24.37,45.82
2023-08-26T08:15:00-05:00,21.67,19.18,23.73,38.82
2023-08-26T08:30:00-05:00,21.54,21.5,21.57,21.8
2023-08-26T08:45:00-05:00,21.91,21.91,21.91,21.91
2023-08-26T09:00:00-05:00,23.06,23.06,23.06,23.06
2023-08-26T09:15:00-05:00,24.79,24.75,24.9,25.43
2023-08-26T09:30:00-05:00,25.15,25.15,25.15,25.15
2023-08-26T09:45:00-05:00,26.89,26.89,26.89,26.89
2023-08-26T10:00:00-05:00,25.91,25.91,25.91,25.91
2023-08-26T10:15:00-05:00,26.56,26.56,26.56,26.56
2023-08-26T10:30:00-05:00,27.59,27.59,27.59,27.59
2023-08-26T10:45:00-05:00,34.12,34.12,34.12,34.12
2023-08-26T11:00:00-05:00,31.32,31.31,31.32,31.32
2023-08-26T11:15:00-05:00,31.81,31.75,31.8,31.78
2023-08-26T11:30:00-05:00,41.03,41.03,41.03,41.03
2023-08-26T11:45:00-05:00,70.77,70.77,70.77,70.77
2023-08-26T12:00:00-05:00,50.59,50.47,50.58,50.54
2023-08-26T12:15:00-05:00,62.67,62.48,62.65,62.59
2023-08-26T12:30:00-05:00,86.78,86.5,86.74,86.65
2023-08-26T12:45:00-05:00,81.89,81.63,81.85,81.77
2023-08-26T13:00:00-05:00,78.3,99.28,79.6,83.54
2023-08-26T13:15:00-05:00,410.64,442.58,412.56,418.47
2023-08-26T13:30:00-05:00,84.82,96.11,85.51,87.61
2023-08-26T13:45:00-05:00,883.41,880.88,883.09,882.28
2023-08-26T14:00:00-05:00,3010.12,3009.11,3010.0,3009.67
2023-08-26T14:15:00-05:00,2228.51,2226.66,2228.28,2227.69
2023-08-26T14:30:00-05:00,3179.98,3179.81,3179.96,3179.9
2023-08-26T14:45:00-05:00,464.99,464.87,464.99,464.99
2023-08-26T15:00:00-05:00,82.55,82.55,82.55,82.55
2023-08-26T15:15:00-05:00,1748.29,1746.33,1748.0,1747.38
2023-08-26T15:30:00-05:00,1764.91,1762.84,1764.61,1763.96
2023-08-26T15:45:00-05:00,103.33,103.02,103.28,103.18
2023-08-26T16:00:00-05:00,96.91,96.8,96.9,96.86
2023-08-26T16:15:00-05:00,4912.85,4912.85,4912.85,4912.85
2023-08-26T16:30:00-05:00,1142.06,1142.06,1142.06,1142.06
2023-08-26T16:45:00-05:00,846.19,846.19,846.19,846.19
2023-08-26T17:00:00-05:00,74.74,74.74,74.74,74.74
2023-08-26T17:15:00-05:00,87.27,87.27,87.27,87.27
2023-08-26T17:30:00-05:00,91.89,91.89,91.89,91.89
2023-08-26T17:45:00-05:00,2718.79,2718.79,2718.79,2718.79
2023-08-26T18:00:00-05:00,163.53,163.53,163.53,163.53
2023-08-26T18:15:00-05:00,85.28,85.28,85.28,85.28
2023-08-26T18:30:00-05:00,79.87,79.87,79.87,79.87
2023-08-26T18:45:00-05:00,1627.29,1627.29,1627.29,1627.29
2023-08-26T19:00:00-05:00,278.02,278.02,278.02,278.02
2023-08-26T19:15:00-05:00,737.95,737.95,737.95,737.95
2023-08-26T19:30:00-05:00,866.31,866.31,866.31,866.31
2023-08-26T19:45:00-05:00,398.98,398.98,398.98,398.98
2023-08-26T20:00:00-05:00,470.98,470.98,470.98,470.98
2023-08-26T20:15:00-05:00,401.56,401.56,401.56,401.56
2023-08-26T20:30:00-05:00,307.95,307.95,307.95,307.95
2023-08-26T20:45:00-05:00,309.89,303.57,314.26,344.05
2023-08-26T21:00:00-05:00,221.67,214.7,226.47,259.32
2023-08-26T21:15:00-05:00,206.95,197.72,213.2,257.13
2023-08-26T21:30:00-05:00,120.72,112.53,126.0,167.15
2023-08-26T21:45:00-05:00,72.23,62.03,80.62,139.49
2023-08-26T22:00:00-05:00,56.58,41.88,69.24,154.78
2023-08-26T22:15:00-05:00,49.11,36.9,59.88,131.52
2023-08-26T22:30:00-05:00,47.1,34.72,58.01,130.64
2023-08-26T22:45:00-05:00,57.61,33.94,78.23,217.57
2023-08-26T23:00:00-05:00,61.21,46.94,73.26,156.8
2023-08-26T23:15:00-05:00,50.07,33.73,63.83,159.92
2023-08-26T23:30:00-05:00,46.94,26.28,64.31,185.96
2023-08-26T23:45:00-05:00,44.49,22.39,62.99,193.4
2023-08-27T00:00:00-05:00,47.88,20.56,70.73,232.78
2023-08-27T00:15:00-05:00,48.33,21.08,71.11,233.6
2023-08-27T00:30:00-05:00,46.35,20.2,68.2,224.61
2023-08-27T00:45:00-05:00,47.8,21.95,69.28,223.71
2023-08-27T01:00:00-05:00,38.68,21.16,53.13,156.58
2023-08-27T01:15:00-05:00,33.63,20.12,44.6,124.01
2023-08-27T01:30:00-05:00,31.4,18.97,41.43,114.28
2023-08-27T01:45:00-05:00,30.48,19.01,39.83,108.57
2023-08-27T02:00:00-05:00,27.84,20.67,33.68,76.59
2023-08-27T02:15:00-05:00,24.34,20.15,27.79,53.47
2023-08-27T02:30:00-05:00,26.52,19.43,32.34,75.92
2023-08-27T02:45:00-05:00,26.73,18.19,33.72,86.38
2023-08-27T03:00:00-05:00,23.16,19.34,26.3,49.87
2023-08-27T03:15:00-05:00,23.43,19.58,26.58,50.34
2023-08-27T03:30:00-05:00,23.25,19.61,26.21,48.71
2023-08-27T03:45:00-05:00,23.41,21.97,24.58,33.43
2023-08-27T04:00:00-05:00,23.49,22.2,24.55,32.48
2023-08-27T04:15:00-05:00,23.61,19.37,28.75,62.45
2023-08-27T04:30:00-05:00,24.03,19.21,29.67,67.07
2023-08-27T04:45:00-05:00,23.29,19.57,26.92,52.51
2023-08-27T05:00:00-05:00,23.38,19.57,26.49,50.01
2023-08-27T05:15:00-05:00,23.21,19.19,26.48,51.3
2023-08-27T05:30:00-05:00,23.22,17.52,27.82,63.0
2023-08-27T05:45:00-05:00,22.31,17.96,26.92,58.8
2023-08-27T06:00:00-05:00,21.98,17.77,26.55,57.94
2023-08-27T06:15:00-05:00,21.95,18.63,25.73,51.26
2023-08-27T06:30:00-05:00,22.03,19.32,25.93,50.52
2023-08-27T06:45:00-05:00,21.73,18.6,25.99,53.19
2023-08-27T07:00:00-05:00,21.91,18.08,25.69,65.06
2023-08-27T07:15:00-05:00,22.06,18.57,24.9,47.54
2023-08-27T07:30:00-05:00,22.19,18.62,25.09,47.41
2023-08-27T07:45:00-05:00,21.43,20.56,22.14,27.52
2023-08-27T08:00:00-05:00,21.05,20.33,21.63,26.05
2023-08-27T08:15:00-05:00,20.23,20.23,20.23,20.23
2023-08-27T08:30:00-05:00,19.17,19.17,19.17,19.17
2023-08-27T08:45:00-05:00,17.7,17.7,17.7,17.7
2023-08-27T09:00:00-05:00,17.9,17.9,17.9,17.9
2023-08-27T09:15:00-05:00,18.54,18.54,18.54,18.54
2023-08-27T09:30:00-05:00,20.92,20.92,20.92,20.92
2023-08-27T09:45:00-05:00,23.34,23.34,23.34,23.34
2023-08-27T10:00:00-05:00,24.41,24.41,24.41,24.41
2023-08-27T10:15:00-05:00,24.81,24.81,24.81,24.81
2023-08-27T10:30:00-05:00,25.55,25.55,25.55,25.55
2023-08-27T10:45:00-05:00,26.37,26.37,26.37,26.37
2023-08-27T11:00:00-05:00,25.36,25.36,25.36,25.36
2023-08-27T11:15:00-05:00,26.61,26.61,26.61,26.61
2023-08-27T11:30:00-05:00,43.29,43.29,43.29,43.29
2023-08-27T11:45:00-05:00,34.94,34.94,34.94,34.94
2023-08-27T12:00:00-05:00,26.14,26.14,26.14,26.14
2023-08-27T12:15:00-05:00,26.35,26.31,26.43,26.33
2023-08-27T12:30:00-05:00,45.46,34.51,64.18,39.7
2023-08-27T12:45:00-05:00,44.86,29.45,71.3,36.76
2023-08-27T13:00:00-05:00,30.97,30.15,32.39,30.54
2023-08-27T13:15:00-05:00,64.23,42.23,104.2,49.73
2023-08-27T13:30:00-05:00,55.82,47.4,78.2,49.18
2023-08-27T13:45:00-05:00,81.61,65.73,119.67,70.31
2023-08-27T14:00:00-05:00,65.8,50.75,92.29,57.78
2023-08-27T14:15:00-05:00,133.45,98.24,218.3,121.21
2023-08-27T14:30:00-05:00,82.06,43.67,165.08,65.29
2023-08-27T14:45:00-05:00,116.36,75.56,218.74,95.29
2023-08-27T15:00:00-05:00,160.91,122.34,265.74,143.15
2023-08-27T15:15:00-05:00,177.9,138.59,304.0,157.74
2023-08-27T15:30:00-05:00,213.65,167.56,337.07,184.12
2023-08-27T15:45:00-05:00,801.2,739.11,964.71,759.26
2023-08-27T16:00:00-05:00,367.36,328.91,466.76,352.32
2023-08-27T16:15:00-05:00,443.76,410.11,527.3,429.19
2023-08-27T16:30:00-05:00,422.85,390.59,508.36,409.9
2023-08-27T16:45:00-05:00,216.71,155.38,292.68,182.34
2023-08-27T17:00:00-05:00,1849.16,1779.55,1927.12,1810.76
2023-08-27T17:15:00-05:00,430.24,405.99,483.81,418.97
2023-08-27T17:30:00-05:00,377.58,377.48,377.59,377.51
2023-08-27T17:45:00-05:00,102.97,89.49,100.17,93.85
2023-08-27T18:00:00-05:00,46.14,43.15,45.52,44.13
2023-08-27T18:15:00-05:00,75.63,75.63,75.63,75.63
2023-08-27T18:30:00-05:00,201.44,168.09,194.5,178.82
2023-08-27T18:45:00-05:00,416.47,382.07,409.32,393.15
2023-08-27T19:00:00-05:00,367.44,351.71,349.65,349.57
2023-08-27T19:15:00-05:00,863.23,863.23,863.23,863.23
2023-08-27T19:30:00-05:00,1074.95,1074.95,1074.95,1074.95
2023-08-27T19:45:00-05:00,312.03,312.26,312.98,312.56
2023-08-27T20:00:00-05:00,101.38,101.39,101.41,101.4
2023-08-27T20:15:00-05:00,77.66,77.66,77.66,77.66
2023-08-27T20:30:00-05:00,75.1,75.1,75.1,75.1
2023-08-27T20:45:00-05:00,62.13,62.13,62.13,62.13
2023-08-27T21:00:00-05:00,33.16,33.16,33.16,33.16
2023-08-27T21:15:00-05:00,38.42,38.43,38.37,38.44
2023-08-27T21:30:00-05:00,49.06,49.09,48.98,49.1
2023-08-27T21:45:00-05:00,33.53,33.54,33.5,33.54
2023-08-27T22:00:00-05:00,31.62,29.31,33.56,47.0
2023-08-27T22:15:00-05:00,35.22,26.19,42.89,96.0
2023-08-27T22:30:00-05:00,30.57,25.97,34.46,61.94
2023-08-27T22:45:00-05:00,31.82,26.98,35.89,64.86
2023-08-27T23:00:00-05:00,30.24,25.67,34.09,61.49
2023-08-27T23:15:00-05:00,30.2,23.39,35.92,76.47
2023-08-27T23:30:00-05:00,26.5,22.45,29.9,53.92
2023-08-27T23:45:00-05:00,26.61,22.44,30.11,55.0
2023-08-28T00:00:00-05:00,25.31,23.78,26.59,35.73
2023-08-28T00:15:00-05:00,26.03,25.29,26.64,31.05
2023-08-28T00:30:00-05:00,25.56,25.44,25.67,26.44
2023-08-28T00:45:00-05:00,25.01,25.01,25.01,25.01
2023-08-28T01:00:00-05:00,25.93,25.93,25.93,25.93
2023-08-28T01:15:00-05:00,25.13,23.55,26.43,36.02
2023-08-28T01:30:00-05:00,25.87,21.73,28.68,54.58
2023-08-28T01:45:00-05:00,24.12,21.77,23.22,40.51
2023-08-28T02:00:00-05:00,24.06,23.55,22.79,27.62
2023-08-28T02:15:00-05:00,24.32,22.41,23.79,37.58
2023-08-28T02:30:00-05:00,24.23,22.06,23.89,39.31
2023-08-28T02:45:00-05:00,24.15,21.68,22.91,41.32
2023-08-28T03:00:00-05:00,24.27,20.35,25.72,51.55
2023-08-28T03:15:00-05:00,24.85,20.46,27.65,55.4
2023-08-28T03:30:00-05:00,25.14,20.71,27.23,55.92
2023-08-28T03:45:00-05:00,24.03,20.7,24.41,47.22
2023-08-28T04:00:00-05:00,24.37,20.46,26.96,51.59
2023-08-28T04:15:00-05:00,24.12,20.35,24.82,50.41
2023-08-28T04:30:00-05:00,23.84,20.45,24.36,47.4
2023-08-28T04:45:00-05:00,24.28,22.42,25.1,37.33
2023-08-28T05:00:00-05:00,24.71,23.7,25.53,31.74
2023-08-28T05:15:00-05:00,25.19,24.79,25.51,27.93
2023-08-28T05:30:00-05:00,26.98,26.77,27.16,28.47
2023-08-28T05:45:00-05:00,28.47,26.71,29.92,40.68
2023-08-28T06:00:00-05:00,30.81,29.34,32.03,41.02
2023-08-28T06:15:00-05:00,31.45,28.91,33.56,49.06
2023-08-28T06:30:00-05:00,30.65,27.72,33.08,50.95
2023-08-28T06:45:00-05:00,29.13,26.93,30.96,44.39
2023-08-28T07:00:00-05:00,29.1,26.83,30.98,44.71
2023-08-28T07:15:00-05:00,30.43,25.62,34.45,63.64
2023-08-28T07:30:00-05:00,27.63,23.46,31.1,56.43
2023-08-28T07:45:00-05:00,27.46,23.52,30.79,54.82
2023-08-28T08:00:00-05:00,26.14,24.47,27.56,37.79
2023-08-28T08:15:00-05:00,26.18,25.61,26.66,30.13
2023-08-28T08:30:00-05:00,26.23,26.23,26.23,26.23
2023-08-28T08:45:00-05:00,26.49,26.49,26.49,26.49
2023-08-28T09:00:00-05:00,26.28,26.28,26.28,26.28
2023-08-28T09:15:00-05:00,26.89,26.89,26.89,26.89
2023-08-28T09:30:00-05:00,26.94,26.94,26.94,26.94
2023-08-28T09:45:00-05:00,27.42,27.42,27.42,27.42
2023-08-28T10:00:00-05:00,24.84,24.84,24.84,24.84
2023-08-28T10:15:00-05:00,25.94,25.94,25.94,25.94
2023-08-28T10:30:00-05:00,27.3,27.3,27.3,27.3
2023-08-28T10:45:00-05:00,27.31,27.31,27.31,27.31
2023-08-28T11:00:00-05:00,26.23,26.23,26.23,26.23
2023-08-28T11:15:00-05:00,26.87,26.83,27.15,26.79
2023-08-28T11:30:00-05:00,29.88,27.88,29.45,28.5
2023-08-28T11:45:00-05:00,34.17,27.58,32.76,29.61
2023-08-28T12:00:00-05:00,46.02,29.46,63.67,34.73
2023-08-28T12:15:00-05:00,43.19,27.66,55.63,33.69
2023-08-28T12:30:00-05:00,67.11,43.19,79.36,51.07
2023-08-28T12:45:00-05:00,42.3,31.06,43.95,34.78
2023-08-28T13:00:00-05:00,40.06,29.42,44.71,32.55
2023-08-28T13:15:00-05:00,54.53,28.46,92.35,37.34
2023-08-28T13:30:00-05:00,80.05,32.11,153.8,49.97
2023-08-28T13:45:00-05:00,78.37,27.72,171.97,46.82
2023-08-28T14:00:00-05:00,72.04,25.67,156.59,43.09
2023-08-28T14:15:00-05:00,68.94,24.68,160.17,41.6
2023-08-28T14:30:00-05:00,76.62,28.24,174.29,46.71
2023-08-28T14:45:00-05:00,79.48,29.87,159.11,50.3
2023-08-28T15:00:00-05:00,61.15,28.79,105.82,42.48
2023-08-28T15:15:00-05:00,85.15,35.24,147.16,55.77
2023-08-28T15:30:00-05:00,86.96,39.05,159.42,59.71
2023-08-28T15:45:00-05:00,70.64,32.02,121.0,48.08
2023-08-28T16:00:00-05:00,63.65,29.79,115.55,42.42
2023-08-28T16:15:00-05:00,121.1,57.34,188.59,74.87
2023-08-28T16:30:00-05:00,126.65,60.07,199.78,77.78
2023-08-28T16:45:00-05:00,102.35,53.52,171.53,71.71
2023-08-28T17:00:00-05:00,86.09,43.93,156.18,63.04
2023-08-28T17:15:00-05:00,122.79,80.66,193.31,99.74
2023-08-28T17:30:00-05:00,209.48,167.3,280.3,186.38
2023-08-28T17:45:00-05:00,245.11,199.79,315.26,219.63
2023-08-28T18:00:00-05:00,80.78,37.72,151.04,56.82
2023-08-28T18:15:00-05:00,198.37,156.19,268.8,175.38
2023-08-28T18:30:00-05:00,262.13,220.22,332.58,239.1
2023-08-28T18:45:00-05:00,754.65,739.9,779.57,746.53
2023-08-28T19:00:00-05:00,981.71,981.71,981.71,981.71
2023-08-28T19:15:00-05:00,1269.76,1269.76,1269.76,1269.76
2023-08-28T19:30:00-05:00,3361.99,3361.99,3361.99,3361.99
2023-08-28T19:45:00-05:00,3436.63,3436.63,3436.63,3436.63
2023-08-28T20:00:00-05:00,2470.12,2470.12,2470.12,2470.12
2023-08-28T20:15:00-05:00,228.33,228.33,228.33,228.33
2023-08-28T20:30:00-05:00,107.5,107.5,107.5,107.5
2023-08-28T20:45:00-05:00,78.12,78.12,78.12,78.13
2023-08-28T21:00:00-05:00,76.03,61.63,88.65,174.35
2023-08-28T21:15:00-05:00,135.28,110.71,156.48,304.2
2023-08-28T21:30:00-05:00,47.82,32.16,61.29,155.09
2023-08-28T21:45:00-05:00,40.71,28.32,51.28,125.74
2023-08-28T22:00:00-05:00,40.2,31.85,47.32,97.86
2023-08-28T22:15:00-05:00,47.86,34.56,59.16,140.25
2023-08-28T22:30:00-05:00,40.77,28.54,51.16,126.07
2023-08-28T22:45:00-05:00,36.85,27.18,45.02,104.47
2023-08-28T23:00:00-05:00,32.32,27.18,36.66,68.38
2023-08-28T23:15:00-05:00,32.43,27.3,36.76,68.66
2023-08-28T23:30:00-05:00,32.63,23.32,40.46,98.26
2023-08-28T23:45:00-05:00,31.44,22.51,38.94,94.68
2023-08-29T00:00:00-05:00,28.87,21.97,34.66,77.79
2023-08-29T00:15:00-05:00,35.31,21.85,46.59,131.41
2023-08-29T00:30:00-05:00,25.78,21.81,29.1,54.12
2023-08-29T00:45:00-05:00,33.08,22.2,42.18,110.92
2023-08-29T01:00:00-05:00,29.09,26.15,31.53,50.21
2023-08-29T01:15:00-05:00,36.77,24.0,47.33,128.74
2023-08-29T01:30:00-05:00,26.94,22.56,30.57,58.44
2023-08-29T01:45:00-05:00,30.1,22.36,36.51,85.95
2023-08-29T02:00:00-05:00,28.54,24.13,32.19,60.4
2023-08-29T02:15:00-05:00,28.79,25.02,31.9,56.11
2023-08-29T02:30:00-05:00,29.47,22.21,35.46,82.17
2023-08-29T02:45:00-05:00,28.39,24.28,31.78,58.26
2023-08-29T03:00:00-05:00,30.77,24.8,35.7,74.26
2023-08-29T03:15:00-05:00,28.17,26.16,29.82,42.75
2023-08-29T03:30:00-05:00,30.84,25.46,35.27,70.1
2023-08-29T03:45:00-05:00,28.74,25.93,31.05,49.26
2023-08-29T04:00:00-05:00,30.92,22.2,38.07,94.4
2023-08-29T04:15:00-05:00,29.67,25.4,33.18,60.81
2023-08-29T04:30:00-05:00,28.5,22.69,33.28,70.73
2023-08-29T04:45:00-05:00,31.94,27.09,35.93,67.36
2023-08-29T05:00:00-05:00,40.39,32.33,47.0,99.17
2023-08-29T05:15:00-05:00,34.36,29.66,38.22,68.54
2023-08-29T05:30:00-05:00,32.92,30.89,34.58,47.75
2023-08-29T05:45:00-05:00,42.73,42.49,42.87,44.7
2023-08-29T06:00:00-05:00,88.76,87.8,89.29,96.36
2023-08-29T06:15:00-05:00,57.38,57.41,57.24,57.43
2023-08-29T06:30:00-05:00,59.44,59.47,59.29,59.49
2023-08-29T06:45:00-05:00,65.94,65.99,65.77,66.01
2023-08-29T07:00:00-05:00,49.58,49.58,49.57,49.58
2023-08-29T07:15:00-05:00,34.34,34.34,34.34,34.34
2023-08-29T07:30:00-05:00,37.23,36.02,38.24,45.95
2023-08-29T07:45:00-05:00,29.3,27.35,30.91,43.2
2023-08-29T08:00:00-05:00,26.81,26.79,26.81,26.81
2023-08-29T08:15:00-05:00,25.91,25.85,25.91,25.91
2023-08-29T08:30:00-05:00,25.65,25.58,25.65,25.65
2023-08-29T08:45:00-05:00,25.05,24.97,25.05,25.05
2023-08-29T09:00:00-05:00,26.06,25.98,26.06,26.06
2023-08-29T09:15:00-05:00,25.72,25.65,25.72,25.72
2023-08-29T09:30:00-05:00,25.68,25.6,25.68,25.68
2023-08-29T09:45:00-05:00,28.72,28.63,28.72,28.72
2023-08-29T10:00:00-05:00,30.25,30.16,30.25,30.25
2023-08-29T10:15:00-05:00,33.6,33.5,33.6,33.6
2023-08-29T10:30:00-05:00,41.51,41.39,41.51,41.51
2023-08-29T10:45:00-05:00,57.59,57.42,57.59,57.59
2023-08-29T11:00:00-05:00,28.92,28.83,28.92,28.92
2023-08-29T11:15:00-05:00,32.01,31.92,32.01,32.01
2023-08-29T11:30:00-05:00,63.11,63.07,63.11,63.11
2023-08-29T11:45:00-05:00,35.56,35.56,35.56,35.56
2023-08-29T12:00:00-05:00,30.66,30.66,30.66,30.66
2023-08-29T12:15:00-05:00,58.55,58.55,58.55,58.55
2023-08-29T12:30:00-05:00,36.36,36.36,36.36,36.36
2023-08-29T12:45:00-05:00,51.72,48.33,51.02,49.39
2023-08-29T13:00:00-05:00,40.02,31.2,40.1,31.63
2023-08-29T13:15:00-05:00,46.79,32.86,50.59,29.19
2023-08-29T13:30:00-05:00,102.08,72.77,105.2,70.91
2023-08-29T13:45:00-05:00,60.86,48.17,61.46,48.22
2023-08-29T14:00:00-05:00,35.46,35.45,35.46,35.46
2023-08-29T14:15:00-05:00,33.06,33.06,33.06,33.06
2023-08-29T14:30:00-05:00,74.2,74.2,74.2,74.2
2023-08-29T14:45:00-05:00,54.83,54.83,54.83,54.83
2023-08-29T15:00:00-05:00,81.79,81.79,81.79,81.79
2023-08-29T15:15:00-05:00,54.09,54.08,54.09,54.09
2023-08-29T15:30:00-05:00,58.46,58.45,58.46,58.46
2023-08-29T15:45:00-05:00,84.61,84.61,84.61,84.61
2023-08-29T16:00:00-05:00,42.86,42.86,42.86,42.86
2023-08-29T16:15:00-05:00,397.27,397.27,397.27,397.27
2023-08-29T16:30:00-05:00,107.86,107.86,107.86,107.86
2023-08-29T16:45:00-05:00,53.5,53.5,53.5,53.5
2023-08-29T17:00:00-05:00,74.97,74.97,74.97,74.97
2023-08-29T17:15:00-05:00,75.25,68.2,87.23,71.37
2023-08-29T17:30:00-05:00,80.38,76.24,87.43,78.11
2023-08-29T17:45:00-05:00,166.35,152.04,190.74,158.47
2023-08-29T18:00:00-05:00,59.47,59.3,59.77,59.38
2023-08-29T18:15:00-05:00,537.25,537.25,537.25,537.25
2023-08-29T18:30:00-05:00,582.79,582.79,582.79,582.79
2023-08-29T18:45:00-05:00,976.27,976.27,976.27,976.27
2023-08-29T19:00:00-05:00,567.27,567.27,567.27,567.27
2023-08-29T19:15:00-05:00,834.32,834.32,834.32,834.32
2023-08-29T19:30:00-05:00,1192.52,1192.52,1192.52,1192.52
2023-08-29T19:45:00-05:00,1459.25,1459.25,1459.25,1459.25
2023-08-29T20:00:00-05:00,735.14,735.14,735.14,735.14
2023-08-29T20:15:00-05:00,610.41,610.41,610.41,610.41
2023-08-29T20:30:00-05:00,164.23,164.23,164.23,164.23
2023-08-29T20:45:00-05:00,87.5,87.5,87.5,87.5
2023-08-29T21:00:00-05:00,89.12,89.12,89.12,89.12
2023-08-29T21:15:00-05:00,73.77,73.77,73.77,73.77
2023-08-29T21:30:00-05:00,50.13,50.13,50.13,50.13
2023-08-29T21:45:00-05:00,48.35,48.35,48.35,48.35
2023-08-29T22:00:00-05:00,67.06,67.06,67.06,67.06
2023-08-29T22:15:00-05:00,51.37,51.37,51.37,51.37
2023-08-29T22:30:00-05:00,36.7,36.7,36.7,36.7
2023-08-29T22:45:00-05:00,36.08,36.08,36.08,36.08
2023-08-29T23:00:00-05:00,58.49,58.49,58.49,58.49
2023-08-29T23:15:00-05:00,31.02,31.02,31.0,31.02
2023-08-29T23:30:00-05:00,29.18,29.18,29.17,29.18
2023-08-29T23:45:00-05:00,28.13,28.13,28.12,28.13
2023-08-30T00:00:00-05:00,28.8,28.8,28.8,28.8
2023-08-30T00:15:00-05:00,28.94,28.94,28.94,28.94
2023-08-30T00:30:00-05:00,29.02,29.02,29.02,29.02
2023-08-30T00:45:00-05:00,27.9,27.9,27.9,27.9
2023-08-30T01:00:00-05:00,28.59,28.59,28.59,28.59
2023-08-30T01:15:00-05:00,28.33,28.33,28.33,28.33
2023-08-30T01:30:00-05:00,28.28,28.28,28.28,28.28
2023-08-30T01:45:00-05:00,27.57,27.57,27.57,27.57
2023-08-30T02:00:00-05:00,28.66,28.66,28.66,28.66
2023-08-30T02:15:00-05:00,27.64,27.64,27.64,27.64
2023-08-30T02:30:00-05:00,26.99,26.99,26.99,26.99
2023-08-30T02:45:00-05:00,27.69,27.69,27.69,27.69
2023-08-30T03:00:00-05:00,28.05,28.05,28.05,28.05
2023-08-30T03:15:00-05:00,27.2,27.2,27.2,27.2
2023-08-30T03:30:00-05:00,27.16,27.16,27.16,27.16
2023-08-30T03:45:00-05:00,26.6,26.6,26.6,26.6
2023-08-30T04:00:00-05:00,26.33,26.33,26.33,26.33
2023-08-30T04:15:00-05:00,26.47,26.47,26.47,26.47
2023-08-30T04:30:00-05:00,26.27,26.27,26.27,26.27
2023-08-30T04:45:00-05:00,26.91,26.91,26.91,26.91
2023-08-30T05:00:00-05:00,28.3,28.3,28.3,28.3
2023-08-30T05:15:00-05:00,27.83,27.83,27.83,27.83
2023-08-30T05:30:00-05:00,27.61,27.61,27.61,27.61
2023-08-30T05:45:00-05:00,27.79,27.79,27.79,27.79
2023-08-30T06:00:00-05:00,30.2,30.2,30.2,30.2
2023-08-30T06:15:00-05:00,30.78,30.78,30.78,30.78
2023-08-30T06:30:00-05:00,29.67,29.67,29.67,29.67
2023-08-30T06:45:00-05:00,31.1,31.1,31.1,31.1
2023-08-30T07:00:00-05:00,28.28,28.28,28.28,28.28
2023-08-30T07:15:00-05:00,27.72,27.72,27.72,27.72
2023-08-30T07:30:00-05:00,26.7,26.7,26.7,26.7
2023-08-30T07:45:00-05:00,24.92,24.91,24.92,24.92
2023-08-30T08:00:00-05:00,24.39,24.37,24.39,24.39
2023-08-30T08:15:00-05:00,23.57,23.51,23.57,23.57
2023-08-30T08:30:00-05:00,22.57,22.52,22.57,22.57
2023-08-30T08:45:00-05:00,22.1,22.05,22.1,22.1
2023-08-30T09:00:00-05:00,22.23,22.18,22.23,22.23
2023-08-30T09:15:00-05:00,23.27,23.21,23.27,23.27
2023-08-30T09:30:00-05:00,23.18,23.13,23.18,23.18
2023-08-30T09:45:00-05:00,23.52,23.47,23.52,23.52
2023-08-30T10:00:00-05:00,23.39,23.33,23.39,23.39
2023-08-30T10:15:00-05:00,23.47,23.42,23.47,23.47
2023-08-30T10:30:00-05:00,24.93,24.72,24.89,24.78
2023-08-30T10:45:00-05:00,25.65,25.35,25.58,25.42
2023-08-30T11:00:00-05:00,25.0,24.78,24.96,24.85
2023-08-30T11:15:00-05:00,26.86,26.47,26.76,26.55
2023-08-30T11:30:00-05:00,27.38,26.96,27.28,27.04
2023-08-30T11:45:00-05:00,27.97,27.51,27.86,27.59
2023-08-30T12:00:00-05:00,30.46,29.88,30.3,29.93
2023-08-30T12:15:00-05:00,32.55,31.89,32.36,31.92
2023-08-30T12:30:00-05:00,60.02,58.08,59.45,58.14
2023-08-30T12:45:00-05:00,52.41,50.82,51.95,50.87
2023-08-30T13:00:00-05:00,32.44,31.76,32.24,31.78
2023-08-30T13:15:00-05:00,49.79,48.32,49.35,48.36
2023-08-30T13:30:00-05:00,51.64,50.09,51.18,50.12
2023-08-30T13:45:00-05:00,49.97,49.32,49.78,49.34
2023-08-30T14:00:00-05:00,70.12,70.12,70.12,70.12
2023-08-30T14:15:00-05:00,69.74,69.74,69.74,69.74
2023-08-30T14:30:00-05:00,111.24,107.3,105.32,106.91
2023-08-30T14:45:00-05:00,71.0,70.4,70.1,70.34
2023-08-30T15:00:00-05:00,109.88,109.88,109.88,109.88
2023-08-30T15:15:00-05:00,78.55,78.55,78.55,78.55
2023-08-30T15:30:00-05:00,70.28,70.28,70.28,70.28
2023-08-30T15:45:00-05:00,184.9,184.9,184.9,184.9
2023-08-30T16:00:00-05:00,105.36,105.36,97.96,105.36
2023-08-30T16:15:00-05:00,96.99,96.99,83.11,96.99
2023-08-30T16:30:00-05:00,359.62,359.62,276.76,359.62
2023-08-30T16:45:00-05:00,968.28,968.84,732.76,969.63
2023-08-30T17:00:00-05:00,67.15,67.15,63.7,67.15
2023-08-30T17:15:00-05:00,131.65,131.65,131.65,131.65
2023-08-30T17:30:00-05:00,732.19,732.19,732.19,732.19
2023-08-30T17:45:00-05:00,136.06,136.06,136.06,136.06
2023-08-30T18:00:00-05:00,279.86,279.86,279.86,279.86
2023-08-30T18:15:00-05:00,1812.09,1812.09,1812.09,1812.09
2023-08-30T18:30:00-05:00,4025.77,4025.77,4025.77,4025.77
2023-08-30T18:45:00-05:00,4996.28,4996.28,4996.28,4996.28
2023-08-30T19:00:00-05:00,4364.16,4364.16,4364.16,4364.16
2023-08-30T19:15:00-05:00,4998.65,4999.71,4994.06,5000.22
2023-08-30T19:30:00-05:00,5000.18,5001.81,4992.98,5002.61
2023-08-30T19:45:00-05:00,5003.46,5005.1,4995.9,5005.89
2023-08-30T20:00:00-05:00,5003.14,5005.5,4992.43,5006.64
2023-08-30T20:15:00-05:00,4678.63,4681.38,4665.83,4682.72
2023-08-30T20:30:00-05:00,932.36,932.61,931.17,932.73
2023-08-30T20:45:00-05:00,526.19,526.36,525.35,526.45
2023-08-30T21:00:00-05:00,254.94,254.94,254.94,254.94
2023-08-30T21:15:00-05:00,139.77,139.77,139.76,139.78
2023-08-30T21:30:00-05:00,89.51,89.51,89.51,89.51
2023-08-30T21:45:00-05:00,73.16,70.08,75.77,94.41
2023-08-30T22:00:00-05:00,63.26,61.64,64.55,74.62
2023-08-30T22:15:00-05:00,52.86,49.03,56.07,79.49
2023-08-30T22:30:00-05:00,34.58,30.22,38.23,64.83
2023-08-30T22:45:00-05:00,33.44,28.84,37.29,65.37
2023-08-30T23:00:00-05:00,57.26,49.94,63.39,107.54
2023-08-30T23:15:00-05:00,37.24,28.81,44.29,95.26
2023-08-30T23:30:00-05:00,29.46,24.48,33.61,63.74
2023-08-30T23:45:00-05:00,27.18,22.16,31.35,61.87
2023-08-31T00:00:00-05:00,25.84,22.08,28.97,51.89
2023-08-31T00:15:00-05:00,25.79,19.51,30.98,69.45
2023-08-31T00:30:00-05:00,24.73,19.31,29.21,62.55
2023-08-31T00:45:00-05:00,24.94,19.38,29.52,63.8
2023-08-31T01:00:00-05:00,23.64,19.31,27.19,53.8
2023-08-31T01:15:00-05:00,23.8,18.07,28.49,64.16
2023-08-31T01:30:00-05:00,23.19,16.66,28.55,69.31
2023-08-31T01:45:00-05:00,22.2,16.02,27.25,65.8
2023-08-31T02:00:00-05:00,23.03,13.15,31.1,92.88
2023-08-31T02:15:00-05:00,22.07,16.47,26.64,61.53
2023-08-31T02:30:00-05:00,21.49,13.75,27.84,76.39
2023-08-31T02:45:00-05:00,20.91,15.3,25.48,60.63
2023-08-31T03:00:00-05:00,20.59,14.46,25.57,64.06
2023-08-31T03:15:00-05:00,20.66,15.34,25.01,58.59
2023-08-31T03:30:00-05:00,20.29,14.24,25.22,63.6
2023-08-31T03:45:00-05:00,20.22,14.68,24.74,59.97
2023-08-31T04:00:00-05:00,20.19,14.3,24.97,62.49
2023-08-31T04:15:00-05:00,20.24,14.5,24.89,61.42
2023-08-31T04:30:00-05:00,20.64,15.24,25.02,59.49
2023-08-31T04:45:00-05:00,20.9,15.52,25.27,59.5
2023-08-31T05:00:00-05:00,21.56,16.46,25.71,58.17
2023-08-31T05:15:00-05:00,22.04,16.77,26.34,59.87
2023-08-31T05:30:00-05:00,21.69,16.43,25.97,59.29
2023-08-31T05:45:00-05:00,21.88,16.3,26.45,61.9
2023-08-31T06:00:00-05:00,23.11,18.13,27.18,58.53
2023-08-31T06:15:00-05:00,26.15,18.08,32.78,83.74
2023-08-31T06:30:00-05:00,24.77,20.0,28.68,58.67
2023-08-31T06:45:00-05:00,25.41,20.04,29.86,63.64
2023-08-31T07:00:00-05:00,25.08,19.32,29.96,66.16
2023-08-31T07:15:00-05:00,24.93,18.45,30.39,71.08
2023-08-31T07:30:00-05:00,23.37,18.27,27.63,59.56
2023-08-31T07:45:00-05:00,21.89,18.51,24.7,45.92
2023-08-31T08:00:00-05:00,21.26,20.46,21.9,26.83
2023-08-31T08:15:00-05:00,20.99,20.95,20.97,20.97
2023-08-31T08:30:00-05:00,20.85,20.78,20.83,20.83
2023-08-31T08:45:00-05:00,20.18,20.12,20.17,20.17
2023-08-31T09:00:00-05:00,20.0,19.94,20.0,20.0
2023-08-31T09:15:00-05:00,20.75,20.68,20.74,20.74
2023-08-31T09:30:00-05:00,21.56,21.48,21.55,21.54
2023-08-31T09:45:00-05:00,24.08,23.99,24.06,24.05
2023-08-31T10:00:00-05:00,23.79,23.72,23.79,23.79
2023-08-31T10:15:00-05:00,24.56,24.49,24.56,24.56
2023-08-31T10:30:00-05:00,25.66,25.6,25.66,25.66
2023-08-31T10:45:00-05:00,27.72,27.65,27.72,27.72
2023-08-31T11:00:00-05:00,30.4,30.32,30.4,30.4
2023-08-31T11:15:00-05:00,35.0,34.91,35.0,35.0
2023-08-31T11:30:00-05:00,52.62,52.48,52.62,52.62
2023-08-31T11:45:00-05:00,33.35,33.26,33.35,33.35
2023-08-31T12:00:00-05:00,34.53,34.44,34.53,34.53
2023-08-31T12:15:00-05:00,66.51,66.33,66.51,66.51
2023-08-31T12:30:00-05:00,79.75,79.54,79.75,79.75
2023-08-31T12:45:00-05:00,78.62,78.41,78.62,78.62
2023-08-31T13:00:00-05:00,38.86,38.76,38.86,38.86
2023-08-31T13:15:00-05:00,74.46,68.12,74.46,74.46
2023-08-31T13:30:00-05:00,98.22,87.34,98.22,98.22
2023-08-31T13:45:00-05:00,75.11,75.11,75.1,75.11
2023-08-31T14:00:00-05:00,75.07,75.07,75.07,75.07
2023-08-31T14:15:00-05:00,75.19,75.19,75.19,75.19
2023-08-31T14:30:00-05:00,161.6,161.6,161.6,161.6
2023-08-31T14:45:00-05:00,87.32,87.32,87.32,87.32
2023-08-31T15:00:00-05:00,154.26,154.26,154.26,154.26
2023-08-31T15:15:00-05:00,215.75,215.75,215.75,215.75
2023-08-31T15:30:00-05:00,130.55,130.55,130.55,130.55
2023-08-31T15:45:00-05:00,79.58,79.58,79.58,79.58
2023-08-31T16:00:00-05:00,168.71,168.71,168.71,168.71
2023-08-31T16:15:00-05:00,180.11,180.11,180.13,180.11
2023-08-31T16:30:00-05:00,1961.52,1961.01,1964.46,1960.84
2023-08-31T16:45:00-05:00,136.08,136.44,135.89,136.59
2023-08-31T17:00:00-05:00,177.33,177.35,177.31,177.35
2023-08-31T17:15:00-05:00,226.39,226.39,226.39,226.39
2023-08-31T17:30:00-05:00,116.33,116.33,116.33,116.33
2023-08-31T17:45:00-05:00,154.39,154.39,154.39,154.39
2023-08-31T18:00:00-05:00,81.3,81.32,81.28,81.33
2023-08-31T18:15:00-05:00,278.88,278.88,278.88,278.88
2023-08-31T18:30:00-05:00,581.3,584.05,579.63,585.2
2023-08-31T18:45:00-05:00,623.22,627.74,621.15,629.61
2023-08-31T19:00:00-05:00,316.86,320.05,315.47,321.4
2023-08-31T19:15:00-05:00,333.94,337.57,333.88,339.27
2023-08-31T19:30:00-05:00,331.88,337.86,259.88,392.13
2023-08-31T19:45:00-05:00,224.2,229.26,163.56,264.67
2023-08-31T20:00:00-05:00,75.46,77.25,48.74,95.15
2023-08-31T20:15:00-05:00,69.83,68.71,58.01,89.27
2023-08-31T20:30:00-05:00,47.07,44.84,40.36,66.89
2023-08-31T20:45:00-05:00,34.24,32.42,31.57,47.61
2023-08-31T21:00:00-05:00,34.42,34.14,30.55,39.63
2023-08-31T21:15:00-05:00,30.81,28.7,32.08,41.84
2023-08-31T21:30:00-05:00,29.69,27.49,31.12,40.14
2023-08-31T21:45:00-05:00,28.14,25.79,29.67,38.37
2023-08-31T22:00:00-05:00,30.42,25.09,34.54,61.58
2023-08-31T22:15:00-05:00,27.49,21.92,31.92,61.32
2023-08-31T22:30:00-05:00,26.39,20.74,30.89,61.1
2023-08-31T22:45:00-05:00,24.7,18.62,29.56,62.58
2023-08-31T23:00:00-05:00,22.67,17.34,26.89,55.47
2023-08-31T23:15:00-05:00,22.07,15.61,27.27,63.55
2023-08-31T23:30:00-05:00,19.65,15.08,23.24,47.88
2023-08-31T23:45:00-05:00,19.87,17.65,21.42,31.99
2023-09-01T00:00:00-05:00,20.0,17.48,21.79,33.04
2023-09-01T00:15:00-05:00,18.38,14.74,21.16,40.27
2023-09-01T00:30:00-05:00,18.11,15.05,20.46,38.85
2023-09-01T00:45:00-05:00,16.72,13.82,18.95,38.52
2023-09-01T01:00:00-05:00,17.89,16.56,18.81,26.86
2023-09-01T01:15:00-05:00,17.26,16.04,18.07,22.59
2023-09-01T01:30:00-05:00,16.34,14.71,17.48,24.62
2023-09-01T01:45:00-05:00,15.09,13.0,16.62,26.84
2023-09-01T02:00:00-05:00,15.36,13.68,16.55,24.17
2023-09-01T02:15:00-05:00,14.87,12.18,16.89,30.74
2023-09-01T02:30:00-05:00,14.95,12.1,17.1,31.98
2023-09-01T02:45:00-05:00,14.6,12.3,16.35,28.09
2023-09-01T03:00:00-05:00,14.54,12.02,16.5,29.66
2023-09-01T03:15:00-05:00,14.6,11.76,16.85,32.3
2023-09-01T03:30:00-05:00,14.93,11.51,17.66,36.88
2023-09-01T03:45:00-05:00,14.9,11.25,17.84,38.67
2023-09-01T04:00:00-05:00,14.9,11.47,17.66,37.09
2023-09-01T04:15:00-05:00,14.91,11.7,17.46,35.35
2023-09-01T04:30:00-05:00,14.77,11.69,17.22,34.41
2023-09-01T04:45:00-05:00,14.88,11.86,17.3,34.32
2023-09-01T05:00:00-05:00,16.13,14.19,17.79,30.31
2023-09-01T05:15:00-05:00,16.23,15.11,17.18,24.39
2023-09-01T05:30:00-05:00,16.93,16.56,17.24,19.65
2023-09-01T05:45:00-05:00,17.3,17.24,17.35,17.72
2023-09-01T06:00:00-05:00,18.53,18.53,18.53,18.53
2023-09-01T06:15:00-05:00,19.54,19.54,19.54,19.54
2023-09-01T06:30:00-05:00,19.65,19.65,19.65,19.65
2023-09-01T06:45:00-05:00,19.71,19.71,19.71,19.71
2023-09-01T07:00:00-05:00,20.16,20.16,20.16,20.16
2023-09-01T07:15:00-05:00,19.55,19.55,19.55,19.55
2023-09-01T07:30:00-05:00,18.88,18.88,18.88,18.88
2023-09-01T07:45:00-05:00,17.82,17.82,17.82,17.82
2023-09-01T08:00:00-05:00,17.35,17.35,17.35,17.35
2023-09-01T08:15:00-05:00,16.62,16.62,16.62,16.62
2023-09-01T08:30:00-05:00,16.46,16.27,16.59,16.04
2023-09-01T08:45:00-05:00,16.74,16.24,17.08,15.61
2023-09-01T09:00:00-05:00,18.32,17.77,18.71,17.06
2023-09-01T09:15:00-05:00,19.4,18.97,19.7,18.42
2023-09-01T09:30:00-05:00,20.62,20.26,20.86,19.81
2023-09-01T09:45:00-05:00,21.72,21.44,21.91,21.09
2023-09-01T10:00:00-05:00,21.58,20.92,22.04,20.08
2023-09-01T10:15:00-05:00,22.22,21.39,22.8,20.35
2023-09-01T10:30:00-05:00,23.4,22.6,23.99,21.6
2023-09-01T10:45:00-05:00,25.42,25.24,25.54,25.03
2023-09-01T11:00:00-05:00,25.78,25.78,25.78,25.78
2023-09-01T11:15:00-05:00,28.92,28.92,28.92,28.92
2023-09-01T11:30:00-05:00,60.23,60.23,60.23,60.23
2023-09-01T11:45:00-05:00,35.72,35.72,35.72,35.72
2023-09-01T12:00:00-05:00,52.53,52.53,52.53,52.53
2023-09-01T12:15:00-05:00,72.09,72.09,72.09,72.09
2023-09-01T12:30:00-05:00,69.25,63.03,67.95,64.9
2023-09-01T12:45:00-05:00,99.31,77.16,94.69,83.85
2023-09-01T13:00:00-05:00,56.92,37.79,54.22,47.88
2023-09-01T13:15:00-05:00,79.79,65.67,77.56,72.33
2023-09-01T13:30:00-05:00,81.45,68.62,78.75,72.51
2023-09-01T13:45:00-05:00,91.38,91.38,91.38,91.38
2023-09-01T14:00:00-05:00,45.76,45.76,45.76,45.76
2023-09-01T14:15:00-05:00,54.04,54.04,54.04,54.04
2023-09-01T14:30:00-05:00,74.76,81.97,81.49,75.08
2023-09-01T14:45:00-05:00,59.83,90.69,61.79,66.23
2023-09-01T15:00:00-05:00,56.47,71.55,56.42,56.75
2023-09-01T15:15:00-05:00,35.37,35.27,35.35,35.3
2023-09-01T15:30:00-05:00,68.53,68.53,68.53,68.53
2023-09-01T15:45:00-05:00,38.0,38.0,38.0,38.0
2023-09-01T16:00:00-05:00,40.13,40.13,40.13,40.13
2023-09-01T16:15:00-05:00,53.18,53.18,53.18,53.18
2023-09-01T16:30:00-05:00,67.91,67.91,67.91,67.91
2023-09-01T16:45:00-05:00,50.32,50.32,50.32,50.32
2023-09-01T17:00:00-05:00,43.71,43.71,43.71,43.71
2023-09-01T17:15:00-05:00,43.76,43.76,43.76,43.76
2023-09-01T17:30:00-05:00,62.8,62.8,62.8,62.8
2023-09-01T17:45:00-05:00,62.96,62.96,62.96,62.96
2023-09-01T18:00:00-05:00,52.68,52.68,52.68,52.68
2023-09-01T18:15:00-05:00,77.94,77.94,77.94,77.94
2023-09-01T18:30:00-05:00,121.14,121.14,121.14,121.14
2023-09-01T18:45:00-05:00,212.54,212.54,212.54,212.54
2023-09-01T19:00:00-05:00,113.8,115.73,110.37,116.23
2023-09-01T19:15:00-05:00,167.77,175.63,150.89,177.6
2023-09-01T19:30:00-05:00,100.33,106.45,67.75,108.27
2023-09-01T19:45:00-05:00,76.98,78.65,61.33,90.03
2023-09-01T20:00:00-05:00,56.87,57.13,45.98,70.24
2023-09-01T20:15:00-05:00,37.48,33.67,38.99,64.99
2023-09-01T20:30:00-05:00,31.94,27.28,35.93,62.5
2023-09-01T20:45:00-05:00,31.8,27.31,35.26,58.48
2023-09-01T21:00:00-05:00,28.9,25.33,31.83,51.52
2023-09-01T21:15:00-05:00,26.71,21.97,30.56,54.98
2023-09-01T21:30:00-05:00,26.83,21.47,31.19,59.11
2023-09-01T21:45:00-05:00,24.81,21.92,27.04,40.24
2023-09-01T22:00:00-05:00,25.45,21.02,28.98,51.35
2023-09-01T22:15:00-05:00,25.47,20.69,29.3,53.98
2023-09-01T22:30:00-05:00,24.29,20.46,27.33,46.69
2023-09-01T22:45:00-05:00,22.75,20.98,24.03,31.24
2023-09-01T23:00:00-05:00,22.58,20.54,24.1,33.01
2023-09-01T23:15:00-05:00,21.23,19.79,22.23,27.57
2023-09-01T23:30:00-05:00,20.31,18.69,21.55,35.22
2023-09-01T23:45:00-05:00,18.81,17.02,20.13,27.91
2023-09-02T00:00:00-05:00,22.02,19.26,24.14,37.75
2023-09-02T00:15:00-05:00,22.58,21.25,23.47,28.18
2023-09-02T00:30:00-05:00,21.88,20.82,22.55,25.66
2023-09-02T00:45:00-05:00,20.85,19.83,21.5,24.51
2023-09-02T01:00:00-05:00,20.71,19.66,21.38,24.5
2023-09-02T01:15:00-05:00,21.28,19.59,22.49,29.58
2023-09-02T01:30:00-05:00,21.4,17.06,24.81,48.52
2023-09-02T01:45:00-05:00,20.95,15.38,25.39,56.81
2023-09-02T02:00:00-05:00,20.84,15.39,25.2,55.95
2023-09-02T02:15:00-05:00,19.84,14.02,24.5,57.7
2023-09-02T02:30:00-05:00,19.16,12.44,24.57,63.67
2023-09-02T02:45:00-05:00,19.35,13.38,24.13,58.48
2023-09-02T03:00:00-05:00,18.59,12.72,23.27,57.02
2023-09-02T03:15:00-05:00,18.81,13.7,22.86,51.68
2023-09-02T03:30:00-05:00,18.79,12.34,23.94,61.55
2023-09-02T03:45:00-05:00,19.01,12.46,24.24,62.42
2023-09-02T04:00:00-05:00,19.1,12.77,24.15,60.94
2023-09-02T04:15:00-05:00,19.03,12.61,24.14,61.68
2023-09-02T04:30:00-05:00,19.2,13.14,24.0,59.13
2023-09-02T04:45:00-05:00,20.17,13.27,25.68,66.34
2023-09-02T05:00:00-05:00,19.08,14.49,22.81,50.81
2023-09-02T05:15:00-05:00,19.33,15.15,22.76,49.18
2023-09-02T05:30:00-05:00,19.38,15.9,22.24,44.29
2023-09-02T05:45:00-05:00,19.4,16.09,22.12,43.12
2023-09-02T06:00:00-05:00,19.12,16.05,21.63,41.02
2023-09-02T06:15:00-05:00,19.32,17.17,21.08,34.62
2023-09-02T06:30:00-05:00,20.4,18.94,21.6,30.82
2023-09-02T06:45:00-05:00,20.2,19.46,20.8,25.48
2023-09-02T07:00:00-05:00,20.3,19.51,20.94,25.87
2023-09-02T07:15:00-05:00,20.28,20.26,20.3,20.43
2023-09-02T07:30:00-05:00,20.15,20.15,20.15,20.15
2023-09-02T07:45:00-05:00,19.0,19.0,19.0,19.0
2023-09-02T08:00:00-05:00,18.18,18.18,18.18,18.18
2023-09-02T08:15:00-05:00,17.29,17.29,17.29,17.29
2023-09-02T08:30:00-05:00,16.98,16.98,16.98,16.98
2023-09-02T08:45:00-05:00,16.83,16.83,16.83,16.83
2023-09-02T09:00:00-05:00,18.69,18.69,18.69,18.69
2023-09-02T09:15:00-05:00,18.99,18.99,18.99,18.99
2023-09-02T09:30:00-05:00,19.56,19.56,19.56,19.56
2023-09-02T09:45:00-05:00,20.55,20.55,20.55,20.55
2023-09-02T10:00:00-05:00,21.17,21.17,21.17,21.17
2023-09-02T10:15:00-05:00,20.95,20.95,20.95,20.95
2023-09-02T10:30:00-05:00,21.21,21.21,21.21,21.21
2023-09-02T10:45:00-05:00,21.77,21.77,21.77,21.77
2023-09-02T11:00:00-05:00,22.78,22.78,22.78,22.78
2023-09-02T11:15:00-05:00,24.71,23.43,24.44,23.81
2023-09-02T11:30:00-05:00,25.39,24.43,25.18,24.71
2023-09-02T11:45:00-05:00,27.73,27.73,27.73,27.73
2023-09-02T12:00:00-05:00,27.91,26.03,27.51,26.59
2023-09-02T12:15:00-05:00,41.56,31.7,39.44,34.62
2023-09-02T12:30:00-05:00,62.8,45.87,59.03,50.91
2023-09-02T12:45:00-05:00,38.52,31.49,37.01,33.59
2023-09-02T13:00:00-05:00,28.56,27.06,28.24,27.51
2023-09-02T13:15:00-05:00,54.5,39.63,51.32,44.11
2023-09-02T13:30:00-05:00,67.68,48.99,63.65,54.53
2023-09-02T13:45:00-05:00,43.12,56.1,42.85,42.62
2023-09-02T14:00:00-05:00,32.36,62.51,34.14,38.77
2023-09-02T14:15:00-05:00,31.61,32.28,31.65,31.75
2023-09-02T14:30:00-05:00,41.51,41.51,41.51,41.51
2023-09-02T14:45:00-05:00,43.96,43.96,43.96,43.96
2023-09-02T15:00:00-05:00,73.3,63.13,71.12,66.21
2023-09-02T15:15:00-05:00,86.51,73.1,83.63,77.13
2023-09-02T15:30:00-05:00,74.67,66.53,72.93,68.98
2023-09-02T15:45:00-05:00,65.18,59.82,64.03,61.43
2023-09-02T16:00:00-05:00,53.63,53.48,53.6,53.53
2023-09-02T16:15:00-05:00,74.38,74.38,74.38,74.38
2023-09-02T16:30:00-05:00,52.24,52.24,52.24,52.24
2023-09-02T16:45:00-05:00,72.59,72.59,72.59,72.59
2023-09-02T17:00:00-05:00,34.19,34.19,34.19,34.19
2023-09-02T17:15:00-05:00,57.35,57.35,57.35,57.35
2023-09-02T17:30:00-05:00,75.0,75.0,75.0,75.0
2023-09-02T17:45:00-05:00,53.2,53.2,53.2,53.2
2023-09-02T18:00:00-05:00,31.99,31.99,31.99,31.99
2023-09-02T18:15:00-05:00,39.24,39.24,39.24,39.24
2023-09-02T18:30:00-05:00,48.79,48.79,48.79,48.79
2023-09-02T18:45:00-05:00,74.82,74.85,74.96,74.89
2023-09-02T19:00:00-05:00,75.13,75.22,75.55,75.33
2023-09-02T19:15:00-05:00,75.34,75.43,75.77,75.55
2023-09-02T19:30:00-05:00,111.85,108.03,114.72,123.48
2023-09-02T19:45:00-05:00,78.04,69.3,85.62,134.18
2023-09-02T20:00:00-05:00,49.51,31.75,64.99,168.51
2023-09-02T20:15:00-05:00,38.03,27.99,46.52,104.03
2023-09-02T20:30:00-05:00,28.8,22.94,33.62,66.48
2023-09-02T20:45:00-05:00,40.96,22.65,56.85,164.67
2023-09-02T21:00:00-05:00,30.22,22.5,37.01,82.67
2023-09-02T21:15:00-05:00,34.15,21.77,44.72,117.06
2023-09-02T21:30:00-05:00,29.4,20.39,36.97,87.93
2023-09-02T21:45:00-05:00,26.05,20.66,30.37,58.77
2023-09-02T22:00:00-05:00,31.53,20.78,40.52,101.85
2023-09-02T22:15:00-05:00,25.96,21.62,29.33,50.55
2023-09-02T22:30:00-05:00,26.02,21.68,29.35,50.51
2023-09-02T22:45:00-05:00,23.66,21.26,25.3,34.85
2023-09-02T23:00:00-05:00,23.74,21.34,25.37,34.84
2023-09-02T23:15:00-05:00,23.26,21.32,24.54,31.26
2023-09-02T23:30:00-05:00,22.79,20.8,24.12,31.37
2023-09-02T23:45:00-05:00,22.32,20.51,23.49,29.83
2023-09-03T00:00:00-05:00,22.45,20.87,23.46,28.95
2023-09-03T00:15:00-05:00,22.44,21.36,23.13,26.39
2023-09-03T00:30:00-05:00,22.0,20.96,22.66,25.83
2023-09-03T00:45:00-05:00,21.41,20.38,22.06,25.19
2023-09-03T01:00:00-05:00,20.73,19.86,21.28,23.94
2023-09-03T01:15:00-05:00,19.63,18.88,20.1,22.39
2023-09-03T01:30:00-05:00,18.93,18.19,19.4,21.68
2023-09-03T01:45:00-05:00,18.53,17.58,19.14,22.31
2023-09-03T02:00:00-05:00,18.09,17.14,18.69,22.95
2023-09-03T02:15:00-05:00,17.59,16.43,18.33,23.57
2023-09-03T02:30:00-05:00,17.75,17.74,17.76,17.83
2023-09-03T02:45:00-05:00,18.02,18.02,18.02,18.02
2023-09-03T03:00:00-05:00,17.73,17.73,17.73,17.73
2023-09-03T03:15:00-05:00,17.46,17.46,17.46,17.46
2023-09-03T03:30:00-05:00,17.65,17.65,17.65,17.65
2023-09-03T03:45:00-05:00,17.68,17.68,17.68,17.68
2023-09-03T04:00:00-05:00,17.68,17.68,17.68,17.68
2023-09-03T04:15:00-05:00,17.87,17.87,17.87,17.87
2023-09-03T04:30:00-05:00,17.54,17.54,17.54,17.54
2023-09-03T04:45:00-05:00,17.31,17.31,17.31,17.31
2023-09-03T05:00:00-05:00,17.31,17.31,17.31,17.31
2023-09-03T05:15:00-05:00,17.53,17.53,17.53,17.53
2023-09-03T05:30:00-05:00,17.36,17.36,17.36,17.36
2023-09-03T05:45:00-05:00,17.78,17.78,17.78,17.78
2023-09-03T06:00:00-05:00,17.91,17.91,17.91,17.91
2023-09-03T06:15:00-05:00,18.03,18.03,18.03,18.03
2023-09-03T06:30:00-05:00,18.02,18.02,18.02,18.02
2023-09-03T06:45:00-05:00,17.9,17.9,17.9,17.9
2023-09-03T07:00:00-05:00,17.95,17.95,17.95,17.95
2023-09-03T07:15:00-05:00,17.98,17.98,17.98,17.98
2023-09-03T07:30:00-05:00,17.66,17.66,17.66,17.66
2023-09-03T07:45:00-05:00,16.82,16.82,16.82,16.82
2023-09-03T08:00:00-05:00,16.38,16.38,16.38,16.38
2023-09-03T08:15:00-05:00,15.62,15.62,15.62,15.62
2023-09-03T08:30:00-05:00,15.66,15.66,15.66,15.66
2023-09-03T08:45:00-05:00,15.42,15.42,15.42,15.42
2023-09-03T09:00:00-05:00,16.99,16.99,16.99,16.99
2023-09-03T09:15:00-05:00,17.03,17.03,17.03,17.03
2023-09-03T09:30:00-05:00,17.66,17.66,17.66,17.66
2023-09-03T09:45:00-05:00,17.79,17.79,17.79,17.79
2023-09-03T10:00:00-05:00,18.29,18.29,18.29,18.29
2023-09-03T10:15:00-05:00,18.75,18.75,18.75,18.75
2023-09-03T10:30:00-05:00,18.67,18.67,18.67,18.67
2023-09-03T10:45:00-05:00,19.17,19.17,19.17,19.17
2023-09-03T11:00:00-05:00,21.22,21.22,21.22,21.22
2023-09-03T11:15:00-05:00,21.35,21.35,21.35,21.35
2023-09-03T11:30:00-05:00,22.09,22.09,22.09,22.09
2023-09-03T11:45:00-05:00,23.98,23.98,23.98,23.98
2023-09-03T12:00:00-05:00,23.76,23.76,23.76,23.76
2023-09-03T12:15:00-05:00,26.19,26.19,26.19,26.19
2023-09-03T12:30:00-05:00,31.59,28.72,30.98,29.61
2023-09-03T12:45:00-05:00,38.58,32.97,37.4,34.71
2023-09-03T13:00:00-05:00,55.58,43.33,53.13,47.18
2023-09-03T13:15:00-05:00,31.22,31.04,31.19,31.09
2023-09-03T13:30:00-05:00,46.13,46.13,46.13,46.13
2023-09-03T13:45:00-05:00,70.47,70.47,70.47,70.47
2023-09-03T14:00:00-05:00,46.44,46.44,46.44,46.44
2023-09-03T14:15:00-05:00,48.25,48.25,48.25,48.25
2023-09-03T14:30:00-05:00,57.52,57.52,57.52,57.52
2023-09-03T14:45:00-05:00,46.31,46.31,46.31,46.31
2023-09-03T15:00:00-05:00,49.98,49.98,49.98,49.98
2023-09-03T15:15:00-05:00,33.35,33.35,33.35,33.35
2023-09-03T15:30:00-05:00,29.69,29.69,29.69,29.69
2023-09-03T15:45:00-05:00,28.39,28.39,28.39,28.39
2023-09-03T16:00:00-05:00,27.59,27.59,27.59,27.59
2023-09-03T16:15:00-05:00,27.37,27.37,27.37,27.37
2023-09-03T16:30:00-05:00,31.98,31.98,31.98,31.98
2023-09-03T16:45:00-05:00,27.98,27.98,27.98,27.98
2023-09-03T17:00:00-05:00,28.74,28.85,33.06,28.9
2023-09-03T17:15:00-05:00,28.52,28.76,37.87,28.88
2023-09-03T17:30:00-05:00,27.81,27.96,33.77,28.03
2023-09-03T17:45:00-05:00,26.62,26.74,31.0,26.79
2023-09-03T18:00:00-05:00,26.28,26.36,29.28,26.4
2023-09-03T18:15:00-05:00,26.52,26.64,28.46,26.68
2023-09-03T18:30:00-05:00,27.04,27.25,26.64,27.3
2023-09-03T18:45:00-05:00,27.14,27.44,26.55,27.5
2023-09-03T19:00:00-05:00,28.93,29.53,25.98,29.66
2023-09-03T19:15:00-05:00,27.31,27.79,24.99,27.89
2023-09-03T19:30:00-05:00,26.66,27.29,22.89,27.45
2023-09-03T19:45:00-05:00,26.41,26.11,17.23,41.56
2023-09-03T20:00:00-05:00,26.95,25.99,16.3,52.88
2023-09-03T20:15:00-05:00,24.82,23.99,17.29,40.26
2023-09-03T20:30:00-05:00,25.23,23.03,15.66,35.13
2023-09-03T20:45:00-05:00,24.05,22.11,19.79,33.1
2023-09-03T21:00:00-05:00,25.65,24.64,25.93,28.84
2023-09-03T21:15:00-05:00,23.2,22.74,23.1,22.88
2023-09-03T21:30:00-05:00,23.15,22.27,22.17,22.64
2023-09-03T21:45:00-05:00,22.09,22.07,21.91,22.05
2023-09-03T22:00:00-05:00,21.96,22.0,21.66,22.04
2023-09-03T22:15:00-05:00,21.01,21.01,21.01,21.01
2023-09-03T22:30:00-05:00,20.05,20.13,20.01,22.6
2023-09-03T22:45:00-05:00,19.64,19.41,19.78,20.4
2023-09-03T23:00:00-05:00,20.23,19.3,20.75,23.39
2023-09-03T23:15:00-05:00,20.93,19.88,21.52,24.52
2023-09-03T23:30:00-05:00,19.67,18.64,20.27,23.21
2023-09-03T23:45:00-05:00,19.01,18.0,19.55,22.5
2023-09-04T00:00:00-05:00,18.08,17.08,18.7,21.54
2023-09-04T00:15:00-05:00,17.99,16.95,18.65,21.33
2023-09-04T00:30:00-05:00,17.6,16.29,18.5,19.93
2023-09-04T00:45:00-05:00,16.57,15.13,17.6,18.38
2023-09-04T01:00:00-05:00,16.36,15.24,17.28,18.96
2023-09-04T01:15:00-05:00,15.82,14.06,17.38,16.5
2023-09-04T01:30:00-05:00,14.17,12.49,15.88,14.14
2023-09-04T01:45:00-05:00,13.37,11.74,15.15,11.24
2023-09-04T02:00:00-05:00,13.56,11.92,15.32,11.45
2023-09-04T02:15:00-05:00,12.66,11.15,14.37,10.7
2023-09-04T02:30:00-05:00,12.16,10.74,14.56,9.56
2023-09-04T02:45:00-05:00,10.21,9.8,10.69,1.72
2023-09-04T03:00:00-05:00,9.94,9.41,10.57,2.48
2023-09-04T03:15:00-05:00,4.07,3.56,4.88,1.38
2023-09-04T03:30:00-05:00,6.75,5.95,7.63,3.81
2023-09-04T03:45:00-05:00,2.62,2.1,3.28,0.51
2023-09-04T04:00:00-05:00,10.47,8.38,13.28,8.03
2023-09-04T04:15:00-05:00,7.33,5.99,8.83,8.11
2023-09-04T04:30:00-05:00,5.62,4.49,6.8,6.58
2023-09-04T04:45:00-05:00,8.2,6.39,10.51,7.83
2023-09-04T05:00:00-05:00,7.2,5.92,8.57,8.21
2023-09-04T05:15:00-05:00,6.94,5.71,8.22,8.07
2023-09-04T05:30:00-05:00,8.59,7.4,9.79,10.03
2023-09-04T05:45:00-05:00,9.25,7.83,10.82,10.09
2023-09-04T06:00:00-05:00,10.87,9.48,12.33,12.0
2023-09-04T06:15:00-05:00,12.33,10.95,13.75,13.7
2023-09-04T06:30:00-05:00,13.0,11.71,14.2,14.93
2023-09-04T06:45:00-05:00,13.07,11.76,14.29,15.12
2023-09-04T07:00:00-05:00,12.93,11.95,13.63,15.93
2023-09-04T07:15:00-05:00,13.03,12.13,13.6,16.31
2023-09-04T07:30:00-05:00,12.56,11.67,13.12,15.84
2023-09-04T07:45:00-05:00,12.0,11.16,12.54,15.13
2023-09-04T08:00:00-05:00,12.22,11.37,12.76,15.36
2023-09-04T08:15:00-05:00,11.46,10.99,11.76,13.2
2023-09-04T08:30:00-05:00,2.61,2.44,2.71,3.22
2023-09-04T08:45:00-05:00,0.04,-0.03,0.08,0.29
2023-09-04T09:00:00-05:00,3.83,3.75,3.76,0.16
2023-09-04T09:15:00-05:00,11.06,10.92,10.82,0.31
2023-09-04T09:30:00-05:00,13.52,13.39,13.19,0.08
2023-09-04T09:45:00-05:00,14.19,14.02,13.88,0.06
2023-09-04T10:00:00-05:00,14.47,14.23,12.92,0.05
2023-09-04T10:15:00-05:00,16.98,16.8,15.64,0.11
2023-09-04T10:30:00-05:00,16.98,16.84,16.5,0.12
2023-09-04T10:45:00-05:00,17.29,16.61,17.94,0.34
2023-09-04T11:00:00-05:00,18.24,17.24,19.51,0.48
2023-09-04T11:15:00-05:00,19.3,18.03,21.11,0.67
2023-09-04T11:30:00-05:00,20.6,19.01,23.01,1.29
2023-09-04T11:45:00-05:00,23.44,19.97,29.6,7.57
2023-09-04T12:00:00-05:00,25.76,21.15,34.02,9.38
2023-09-04T12:15:00-05:00,23.94,21.16,28.09,16.56
2023-09-04T12:30:00-05:00,23.15,20.68,26.73,16.6
2023-09-04T12:45:00-05:00,25.4,23.41,28.09,20.29
2023-09-04T13:00:00-05:00,27.28,23.1,33.1,21.73
2023-09-04T13:15:00-05:00,27.4,22.31,34.68,24.03
2023-09-04T13:30:00-05:00,26.78,21.38,34.35,21.61
2023-09-04T13:45:00-05:00,28.18,21.27,38.54,20.31
2023-09-04T14:00:00-05:00,26.83,22.4,32.31,24.44
2023-09-04T14:15:00-05:00,28.02,23.67,33.37,29.74
2023-09-04T14:30:00-05:00,29.75,23.87,37.06,31.04
2023-09-04T14:45:00-05:00,29.45,24.26,34.02,30.16
2023-09-04T15:00:00-05:00,28.99,23.26,34.28,29.11
2023-09-04T15:15:00-05:00,31.27,24.34,38.33,30.78
2023-09-04T15:30:00-05:00,30.36,23.91,36.82,29.94
2023-09-04T15:45:00-05:00,30.0,23.85,36.1,29.56
2023-09-04T16:00:00-05:00,31.02,23.77,41.29,30.09
2023-09-04T16:15:00-05:00,32.79,23.09,44.44,30.46
2023-09-04T16:30:00-05:00,34.19,24.08,48.75,31.78
2023-09-04T16:45:00-05:00,29.74,24.49,35.66,29.86
2023-09-04T17:00:00-05:00,30.17,25.6,37.98,30.79
2023-09-04T17:15:00-05:00,34.1,26.19,43.53,32.96
2023-09-04T17:30:00-05:00,30.72,26.5,33.38,31.52
2023-09-04T17:45:00-05:00,32.54,26.69,37.28,32.49
2023-09-04T18:00:00-05:00,29.48,28.24,26.66,32.3
2023-09-04T18:15:00-05:00,35.49,31.18,36.78,36.73
2023-09-04T18:30:00-05:00,44.91,42.17,42.43,48.12
2023-09-04T18:45:00-05:00,76.1,74.83,65.03,84.3
2023-09-04T19:00:00-05:00,90.64,92.34,61.43,104.54
2023-09-04T19:15:00-05:00,113.7,116.75,78.18,132.15
2023-09-04T19:30:00-05:00,66.64,65.71,54.15,77.45
2023-09-04T19:45:00-05:00,73.79,73.49,57.88,87.44
2023-09-04T20:00:00-05:00,38.04,36.43,32.32,44.68
2023-09-04T20:15:00-05:00,30.86,29.17,27.14,36.2
2023-09-04T20:30:00-05:00,27.84,26.22,24.34,32.79
2023-09-04T20:45:00-05:00,26.46,24.88,23.02,31.29
2023-09-04T21:00:00-05:00,26.87,25.21,23.49,33.46
2023-09-04T21:15:00-05:00,26.49,25.03,23.06,35.3
2023-09-04T21:30:00-05:00,24.7,23.19,21.44,30.29
2023-09-04T21:45:00-05:00,23.91,22.26,21.22,28.23
2023-09-04T22:00:00-05:00,24.01,22.11,22.92,27.42
2023-09-04T22:15:00-05:00,24.58,22.41,23.92,27.14
2023-09-04T22:30:00-05:00,23.19,20.96,22.82,25.33
2023-09-04T22:45:00-05:00,22.25,20.23,21.84,23.8
2023-09-04T23:00:00-05:00,22.6,20.76,22.03,21.95
2023-09-04T23:15:00-05:00,22.49,21.01,21.36,11.17
2023-09-04T23:30:00-05:00,21.34,19.91,20.24,8.97
2023-09-04T23:45:00-05:00,20.35,18.95,19.37,9.4
2023-09-05T00:00:00-05:00,19.04,17.96,18.13,8.82
2023-09-05T00:15:00-05:00,18.23,17.27,17.34,8.42
2023-09-05T00:30:00-05:00,17.28,16.02,16.57,8.33
2023-09-05T00:45:00-05:00,16.74,15.6,15.3,9.37
2023-09-05T01:00:00-05:00,17.61,16.49,16.53,15.2
2023-09-05T01:15:00-05:00,16.67,16.03,14.54,12.93
2023-09-05T01:30:00-05:00,16.54,15.74,14.67,17.24
2023-09-05T01:45:00-05:00,15.55,14.88,13.33,16.34
2023-09-05T02:00:00-05:00,15.2,14.14,14.08,16.65
2023-09-05T02:15:00-05:00,15.12,14.01,14.32,16.53
2023-09-05T02:30:00-05:00,14.85,13.7,14.46,16.09
2023-09-05T02:45:00-05:00,14.85,13.77,14.34,16.03
2023-09-05T03:00:00-05:00,15.79,14.73,15.57,16.81
2023-09-05T03:15:00-05:00,14.76,13.63,14.53,15.98
2023-09-05T03:30:00-05:00,14.46,13.48,14.25,15.07
2023-09-05T03:45:00-05:00,14.47,13.58,14.28,14.79
2023-09-05T04:00:00-05:00,15.22,14.68,15.94,14.5
2023-09-05T04:15:00-05:00,15.6,15.15,16.24,14.46
2023-09-05T04:30:00-05:00,16.14,15.68,16.76,14.97
2023-09-05T04:45:00-05:00,16.24,15.77,16.89,15.09
2023-09-05T05:00:00-05:00,16.85,16.51,17.14,17.02
2023-09-05T05:15:00-05:00,17.26,17.24,17.13,17.24
2023-09-05T05:30:00-05:00,17.78,17.42,17.86,19.01
2023-09-05T05:45:00-05:00,17.86,17.07,18.21,20.6
2023-09-05T06:00:00-05:00,18.94,17.92,19.33,22.45
2023-09-05T06:15:00-05:00,19.59,18.56,19.89,23.14
2023-09-05T06:30:00-05:00,19.72,18.69,20.05,23.28
2023-09-05T06:45:00-05:00,20.15,19.11,20.48,23.73
2023-09-05T07:00:00-05:00,20.4,19.34,20.88,24.07
2023-09-05T07:15:00-05:00,19.81,18.79,20.19,23.39
2023-09-05T07:30:00-05:00,19.86,18.83,20.32,23.42
2023-09-05T07:45:00-05:00,19.43,18.49,19.86,22.68
2023-09-05T08:00:00-05:00,19.0,18.3,19.35,21.44
2023-09-05T08:15:00-05:00,18.13,17.57,18.48,20.12
2023-09-05T08:30:00-05:00,16.73,16.71,16.69,16.76
2023-09-05T08:45:00-05:00,15.51,15.48,15.07,15.47
2023-09-05T09:00:00-05:00,15.63,15.44,13.94,3.14
2023-09-05T09:15:00-05:00,17.01,16.85,14.71,0.52
2023-09-05T09:30:00-05:00,17.41,17.16,14.65,0.36
2023-09-05T09:45:00-05:00,18.1,17.64,15.5,0.34
2023-09-05T10:00:00-05:00,20.21,18.85,15.12,0.77
2023-09-05T10:15:00-05:00,21.8,20.26,16.22,1.57
2023-09-05T10:30:00-05:00,21.76,21.06,19.6,18.9
2023-09-05T10:45:00-05:00,24.79,22.74,19.89,25.34
2023-09-05T11:00:00-05:00,25.09,23.42,21.31,26.22
2023-09-05T11:15:00-05:00,27.06,26.37,24.66,27.34
2023-09-05T11:30:00-05:00,36.59,36.6,33.27,36.51
2023-09-05T11:45:00-05:00,27.96,27.91,26.96,27.89
2023-09-05T12:00:00-05:00,28.62,28.62,28.62,28.62
2023-09-05T12:15:00-05:00,63.73,63.73,63.73,63.73
2023-09-05T12:30:00-05:00,42.83,42.83,42.83,42.83
2023-09-05T12:45:00-05:00,32.77,32.76,32.71,32.75
2023-09-05T13:00:00-05:00,39.66,73.29,41.23,47.71
2023-09-05T13:15:00-05:00,48.2,95.84,60.77,74.7
2023-09-05T13:30:00-05:00,88.12,133.37,123.18,138.8
2023-09-05T13:45:00-05:00,62.01,94.07,81.11,92.61
2023-09-05T14:00:00-05:00,59.2,109.44,64.55,92.08
2023-09-05T14:15:00-05:00,36.4,50.29,33.14,43.93
2023-09-05T14:30:00-05:00,72.47,91.97,69.05,100.34
2023-09-05T14:45:00-05:00,84.82,110.6,80.04,121.72
2023-09-05T15:00:00-05:00,64.36,99.27,79.63,111.91
2023-09-05T15:15:00-05:00,99.57,162.66,118.9,179.74
2023-09-05T15:30:00-05:00,88.78,146.66,154.29,150.83
2023-09-05T15:45:00-05:00,136.35,210.37,169.08,207.49
2023-09-05T16:00:00-05:00,143.89,210.18,198.39,216.95
2023-09-05T16:15:00-05:00,143.13,217.35,205.18,217.72
2023-09-05T16:30:00-05:00,183.83,263.63,191.21,280.35
2023-09-05T16:45:00-05:00,1560.83,1740.46,905.32,1786.16
2023-09-05T17:00:00-05:00,823.22,934.92,514.49,965.75
2023-09-05T17:15:00-05:00,169.75,224.38,178.06,244.98
2023-09-05T17:30:00-05:00,142.28,193.19,166.82,213.01
2023-09-05T17:45:00-05:00,128.26,176.55,148.24,196.49
2023-09-05T18:00:00-05:00,144.43,196.45,140.23,216.76
2023-09-05T18:15:00-05:00,265.55,329.24,184.91,351.58
2023-09-05T18:30:00-05:00,1305.16,1471.52,718.33,1514.75
2023-09-05T18:45:00-05:00,1516.85,1703.46,877.35,1751.05
2023-09-05T19:00:00-05:00,1950.18,2172.19,1080.3,2228.84
2023-09-05T19:15:00-05:00,2109.62,2346.31,1229.47,2408.27
2023-09-05T19:30:00-05:00,483.84,584.67,368.31,616.71
2023-09-05T19:45:00-05:00,1150.59,1299.99,720.47,1345.61
2023-09-05T20:00:00-05:00,349.65,429.29,271.8,456.69
2023-09-05T20:15:00-05:00,96.57,117.56,107.18,127.07
2023-09-05T20:30:00-05:00,70.44,74.86,70.16,76.98
2023-09-05T20:45:00-05:00,60.86,60.96,60.15,61.06
2023-09-05T21:00:00-05:00,72.55,73.11,70.47,73.48
2023-09-05T21:15:00-05:00,68.59,68.64,68.31,68.67
2023-09-05T21:30:00-05:00,41.36,40.37,42.11,60.87
2023-09-05T21:45:00-05:00,35.89,34.25,37.27,66.82
2023-09-05T22:00:00-05:00,40.06,39.54,40.33,49.86
2023-09-05T22:15:00-05:00,68.04,67.93,67.57,69.42
2023-09-05T22:30:00-05:00,35.23,35.22,35.09,35.24
2023-09-05T22:45:00-05:00,28.5,28.39,28.58,30.54
2023-09-05T23:00:00-05:00,28.83,28.8,28.87,29.62
2023-09-05T23:15:00-05:00,31.04,31.04,31.04,31.04
2023-09-05T23:30:00-05:00,26.19,26.19,26.19,26.19
2023-09-05T23:45:00-05:00,25.99,25.99,25.99,25.99
2023-09-06T00:00:00-05:00,24.82,24.82,24.82,24.82
2023-09-06T00:15:00-05:00,24.93,24.93,24.93,24.93
2023-09-06T00:30:00-05:00,26.53,26.53,26.53,26.53
2023-09-06T00:45:00-05:00,25.39,25.39,25.39,25.39
2023-09-06T01:00:00-05:00,25.75,25.75,25.75,25.75
2023-09-06T01:15:00-05:00,25.28,25.28,25.28,25.28
2023-09-06T01:30:00-05:00,24.52,24.52,24.52,24.52
2023-09-06T01:45:00-05:00,24.65,24.65,24.65,24.65
2023-09-06T02:00:00-05:00,24.58,24.58,24.58,24.58
2023-09-06T02:15:00-05:00,24.68,24.68,24.68,24.68
2023-09-06T02:30:00-05:00,24.82,24.82,24.82,24.82
2023-09-06T02:45:00-05:00,25.2,25.2,25.2,25.2
2023-09-06T03:00:00-05:00,25.88,25.88,25.88,25.88
2023-09-06T03:15:00-05:00,26.52,26.52,26.52,26.52
2023-09-06T03:30:00-05:00,25.57,25.57,25.57,25.57
2023-09-06T03:45:00-05:00,25.72,25.72,25.72,25.72
2023-09-06T04:00:00-05:00,26.32,26.32,26.32,26.32
2023-09-06T04:15:00-05:00,27.73,27.73,27.73,27.73
2023-09-06T04:30:00-05:00,26.76,26.76,26.76,26.76
2023-09-06T04:45:00-05:00,26.97,26.97,26.97,26.97
2023-09-06T05:00:00-05:00,35.4,35.4,35.4,35.4
2023-09-06T05:15:00-05:00,34.78,34.78,34.78,34.78
2023-09-06T05:30:00-05:00,27.64,27.64,27.64,27.64
2023-09-06T05:45:00-05:00,28.45,28.45,28.45,28.45
2023-09-06T06:00:00-05:00,31.47,31.47,31.47,31.47
2023-09-06T06:15:00-05:00,35.71,35.71,35.71,35.71
2023-09-06T06:30:00-05:00,29.77,29.77,29.77,29.77
2023-09-06T06:45:00-05:00,27.39,27.39,27.39,27.39
2023-09-06T07:00:00-05:00,26.2,26.2,26.2,26.2
2023-09-06T07:15:00-05:00,25.39,25.39,25.39,25.39
2023-09-06T07:30:00-05:00,26.08,26.08,26.08,26.08
2023-09-06T07:45:00-05:00,26.33,26.33,26.33,26.33
2023-09-06T08:00:00-05:00,27.03,27.03,27.03,27.03
2023-09-06T08:15:00-05:00,25.08,25.08,25.08,25.08
2023-09-06T08:30:00-05:00,23.58,23.58,23.58,23.58
2023-09-06T08:45:00-05:00,22.36,22.36,22.36,22.36
2023-09-06T09:00:00-05:00,22.06,22.06,22.06,22.06
2023-09-06T09:15:00-05:00,22.29,22.29,22.29,22.29
2023-09-06T09:30:00-05:00,23.82,23.82,23.82,23.82
2023-09-06T09:45:00-05:00,25.64,25.64,25.64,25.64
2023-09-06T10:00:00-05:00,25.28,25.28,25.28,25.28
2023-09-06T10:15:00-05:00,26.61,26.61,26.61,26.61
2023-09-06T10:30:00-05:00,26.66,26.66,26.66,26.66
2023-09-06T10:45:00-05:00,31.19,31.19,31.19,31.19
2023-09-06T11:00:00-05:00,34.11,34.12,34.08,34.12
2023-09-06T11:15:00-05:00,53.01,53.05,52.86,53.07
2023-09-06T11:30:00-05:00,60.51,60.55,60.31,60.58
2023-09-06T11:45:00-05:00,85.97,97.07,86.26,88.62
2023-09-06T12:00:00-05:00,50.46,62.91,51.04,53.35
2023-09-06T12:15:00-05:00,77.47,111.55,79.38,85.55
2023-09-06T12:30:00-05:00,82.32,117.09,84.4,90.53
2023-09-06T12:45:00-05:00,301.89,314.1,302.62,304.78
2023-09-06T13:00:00-05:00,76.5,76.5,76.5,76.5
2023-09-06T13:15:00-05:00,137.32,137.32,137.32,137.32
2023-09-06T13:30:00-05:00,563.87,585.34,565.22,569.2
2023-09-06T13:45:00-05:00,1071.56,1099.4,1084.71,1049.43
2023-09-06T14:00:00-05:00,390.12,429.96,419.89,411.76
2023-09-06T14:15:00-05:00,114.21,141.8,136.05,130.32
2023-09-06T14:30:00-05:00,122.4,129.0,149.88,136.58
2023-09-06T14:45:00-05:00,1537.75,1537.84,1538.11,1537.94
2023-09-06T15:00:00-05:00,1673.31,1673.31,1673.31,1673.31
2023-09-06T15:15:00-05:00,3779.95,3772.71,3765.1,3771.75
2023-09-06T15:30:00-05:00,3725.33,3709.62,3701.41,3709.48
2023-09-06T15:45:00-05:00,5013.51,4997.65,4989.62,4997.48
2023-09-06T16:00:00-05:00,5013.51,4997.71,4989.59,4997.55
2023-09-06T16:15:00-05:00,4987.27,4981.38,4977.01,4983.17
2023-09-06T16:30:00-05:00,2099.57,2093.45,2102.9,2094.19
2023-09-06T16:45:00-05:00,3498.4,3511.23,3496.59,3512.69
2023-09-06T17:00:00-05:00,1250.96,1268.89,1247.53,1271.06
2023-09-06T17:15:00-05:00,692.85,708.42,642.29,708.45
2023-09-06T17:30:00-05:00,1090.92,1157.37,656.63,1167.7
2023-09-06T17:45:00-05:00,381.88,418.42,223.81,424.92
2023-09-06T18:00:00-05:00,690.78,757.87,353.08,769.84
2023-09-06T18:15:00-05:00,2134.15,2310.2,1087.53,2341.56
2023-09-06T18:30:00-05:00,2653.29,2839.63,1424.02,2876.5
2023-09-06T18:45:00-05:00,3984.79,4199.41,2340.36,4247.36
2023-09-06T19:00:00-05:00,5049.78,5189.4,3184.76,5217.56
2023-09-06T19:15:00-05:00,5147.61,5212.51,3684.29,5225.03
2023-09-06T19:30:00-05:00,5140.09,5299.86,3328.63,5339.52
2023-09-06T19:45:00-05:00,5117.23,5228.55,3827.7,5261.63
2023-09-06T20:00:00-05:00,4551.54,4693.27,3474.46,4744.39
2023-09-06T20:15:00-05:00,1206.11,1210.52,1194.19,1212.18
2023-09-06T20:30:00-05:00,126.89,127.7,121.05,128.35
2023-09-06T20:45:00-05:00,72.3,72.67,69.82,72.94
2023-09-06T21:00:00-05:00,76.18,76.52,75.07,77.49
2023-09-06T21:15:00-05:00,85.08,85.55,83.48,87.73
2023-09-06T21:30:00-05:00,67.1,67.05,66.7,68.49
2023-09-06T21:45:00-05:00,46.81,46.76,46.47,47.95
2023-09-06T22:00:00-05:00,101.44,101.51,100.95,102.4
2023-09-06T22:15:00-05:00,71.08,71.1,71.1,71.12
2023-09-06T22:30:00-05:00,70.05,70.14,69.74,70.21
2023-09-06T22:45:00-05:00,41.59,41.68,41.27,41.74
2023-09-06T23:00:00-05:00,38.35,38.36,38.33,38.37
2023-09-06T23:15:00-05:00,29.38,29.38,29.39,29.38
2023-09-06T23:30:00-05:00,27.14,27.14,27.14,27.14
2023-09-06T23:45:00-05:00,26.09,26.09,26.09,26.09
2023-09-07T00:00:00-05:00,27.54,27.54,27.54,27.54
2023-09-07T00:15:00-05:00,26.34,26.34,26.34,26.34
2023-09-07T00:30:00-05:00,25.47,25.47,25.47,25.47
2023-09-07T00:45:00-05:00,24.12,24.12,24.12,24.12
2023-09-07T01:00:00-05:00,23.34,23.34,23.34,23.34
2023-09-07T01:15:00-05:00,21.78,21.78,21.78,21.78
2023-09-07T01:30:00-05:00,21.39,21.39,21.39,21.39
2023-09-07T01:45:00-05:00,20.81,20.81,20.81,20.81
2023-09-07T02:00:00-05:00,20.56,20.56,20.56,20.56
2023-09-07T02:15:00-05:00,20.17,20.17,20.17,20.17
2023-09-07T02:30:00-05:00,19.87,19.87,19.87,19.87
2023-09-07T02:45:00-05:00,19.27,19.27,19.27,19.27
2023-09-07T03:00:00-05:00,19.07,19.07,19.07,19.07
2023-09-07T03:15:00-05:00,18.83,18.83,18.83,18.83
2023-09-07T03:30:00-05:00,18.69,18.69,18.69,18.69
2023-09-07T03:45:00-05:00,18.61,18.61,18.61,18.61
2023-09-07T04:00:00-05:00,18.55,18.55,18.55,18.55
2023-09-07T04:15:00-05:00,18.74,18.74,18.74,18.74
2023-09-07T04:30:00-05:00,18.75,18.75,18.75,18.75
2023-09-07T04:45:00-05:00,19.15,19.15,19.15,19.15
2023-09-07T05:00:00-05:00,19.74,19.74,19.74,19.74
2023-09-07T05:15:00-05:00,19.8,19.8,19.8,19.8
2023-09-07T05:30:00-05:00,20.22,20.22,20.22,20.22
2023-09-07T05:45:00-05:00,20.49,20.49,20.49,20.49
2023-09-07T06:00:00-05:00,21.59,21.59,21.59,21.59
2023-09-07T06:15:00-05:00,22.36,22.36,22.36,22.36
2023-09-07T06:30:00-05:00,22.71,22.71,22.71,22.71
2023-09-07T06:45:00-05:00,22.33,22.33,22.33,22.33
2023-09-07T07:00:00-05:00,22.26,22.26,22.26,22.26
2023-09-07T07:15:00-05:00,22.17,22.17,22.17,22.17
2023-09-07T07:30:00-05:00,22.16,22.16,22.16,22.16
2023-09-07T07:45:00-05:00,21.78,21.78,21.78,21.78
2023-09-07T08:00:00-05:00,20.95,20.95,20.95,20.95
2023-09-07T08:15:00-05:00,20.33,20.33,20.33,20.33
2023-09-07T08:30:00-05:00,20.24,20.24,20.24,20.24
2023-09-07T08:45:00-05:00,20.37,20.37,20.37,20.37
2023-09-07T09:00:00-05:00,21.73,21.73,21.73,21.73
2023-09-07T09:15:00-05:00,22.05,21.9,22.67,21.69
2023-09-07T09:30:00-05:00,21.94,21.48,23.01,20.82
2023-09-07T09:45:00-05:00,22.83,22.32,23.36,21.57
2023-09-07T10:00:00-05:00,22.87,22.42,23.04,21.76
2023-09-07T10:15:00-05:00,23.59,23.12,23.77,22.42
2023-09-07T10:30:00-05:00,24.45,23.95,24.65,23.2
2023-09-07T10:45:00-05:00,25.8,25.24,26.02,24.42
2023-09-07T11:00:00-05:00,25.51,24.98,25.72,24.2
2023-09-07T11:15:00-05:00,26.49,25.92,26.71,25.09
2023-09-07T11:30:00-05:00,28.65,27.98,28.9,26.98
2023-09-07T11:45:00-05:00,29.77,29.01,30.05,27.89
2023-09-07T12:00:00-05:00,43.78,54.13,45.59,44.99
2023-09-07T12:15:00-05:00,46.04,65.55,48.54,49.37
2023-09-07T12:30:00-05:00,29.5,28.44,30.21,27.38
2023-09-07T12:45:00-05:00,43.51,37.38,51.14,36.55
2023-09-07T13:00:00-05:00,45.62,41.68,49.27,42.22
2023-09-07T13:15:00-05:00,63.68,62.99,64.15,65.65
2023-09-07T13:30:00-05:00,74.63,74.62,74.63,74.64
2023-09-07T13:45:00-05:00,79.17,85.38,78.55,78.12
2023-09-07T14:00:00-05:00,61.25,55.82,71.0,51.73
2023-09-07T14:15:00-05:00,72.64,73.42,76.77,67.74
2023-09-07T14:30:00-05:00,75.55,75.86,75.51,75.31
2023-09-07T14:45:00-05:00,75.42,92.17,71.2,57.81
2023-09-07T15:00:00-05:00,76.51,89.64,72.25,65.22
2023-09-07T15:15:00-05:00,440.21,601.37,398.47,274.79
2023-09-07T15:30:00-05:00,365.7,577.0,330.97,170.66
2023-09-07T15:45:00-05:00,105.07,122.43,101.22,89.53
2023-09-07T16:00:00-05:00,85.03,85.66,84.98,85.88
2023-09-07T16:15:00-05:00,1091.59,1302.27,1061.89,902.57
2023-09-07T16:30:00-05:00,2450.15,2709.79,2409.23,2215.4
2023-09-07T16:45:00-05:00,1305.37,1500.19,1317.48,1135.15
2023-09-07T17:00:00-05:00,114.44,156.01,131.55,82.46
2023-09-07T17:15:00-05:00,166.21,225.64,156.26,110.84
2023-09-07T17:30:00-05:00,103.61,124.54,143.11,96.74
2023-09-07T17:45:00-05:00,1525.56,1543.21,1579.49,1538.41
2023-09-07T18:00:00-05:00,256.96,278.95,266.36,264.58
2023-09-07T18:15:00-05:00,425.6,465.36,248.62,473.41
2023-09-07T18:30:00-05:00,2225.95,2374.68,1274.71,2407.26
2023-09-07T18:45:00-05:00,4117.15,4380.95,2525.57,4440.94
2023-09-07T19:00:00-05:00,4006.38,4229.53,2223.46,4289.71
2023-09-07T19:15:00-05:00,4804.9,5002.52,2804.29,5057.9
2023-09-07T19:30:00-05:00,4219.08,4423.67,2416.66,4481.52
2023-09-07T19:45:00-05:00,1600.19,1703.02,1026.8,1739.07
2023-09-07T20:00:00-05:00,372.76,394.4,284.97,405.96
2023-09-07T20:15:00-05:00,104.13,107.22,89.37,117.55
2023-09-07T20:30:00-05:00,65.92,65.67,63.99,70.75
2023-09-07T20:45:00-05:00,44.53,42.68,44.96,52.67
2023-09-07T21:00:00-05:00,64.42,61.37,65.91,77.1
2023-09-07T21:15:00-05:00,50.15,48.99,49.21,58.09
2023-09-07T21:30:00-05:00,31.6,29.9,32.43,38.12
2023-09-07T21:45:00-05:00,27.92,26.21,28.82,34.74
2023-09-07T22:00:00-05:00,29.06,27.51,29.7,34.69
2023-09-07T22:15:00-05:00,28.75,27.21,29.43,34.37
2023-09-07T22:30:00-05:00,26.95,25.41,27.82,32.29
2023-09-07T22:45:00-05:00,25.21,23.7,26.16,30.35
2023-09-07T23:00:00-05:00,24.81,23.31,25.75,29.97
2023-09-07T23:15:00-05:00,23.26,21.8,24.18,28.32
2023-09-07T23:30:00-05:00,22.38,21.02,23.23,27.11
2023-09-07T23:45:00-05:00,21.75,20.53,22.52,26.03
2023-09-08T00:00:00-05:00,21.79,20.56,22.56,26.15
2023-09-08T00:15:00-05:00,21.1,19.97,21.81,25.16
2023-09-08T00:30:00-05:00,20.34,19.23,21.04,24.38
2023-09-08T00:45:00-05:00,19.78,18.68,20.46,23.78
2023-09-08T01:00:00-05:00,19.24,18.16,19.93,23.22
2023-09-08T01:15:00-05:00,18.45,17.38,19.12,22.36
2023-09-08T01:30:00-05:00,17.21,16.16,17.86,21.03
2023-09-08T01:45:00-05:00,16.43,15.41,17.07,20.19
2023-09-08T02:00:00-05:00,15.94,14.92,16.57,19.68
2023-09-08T02:15:00-05:00,15.53,14.37,16.26,19.83
2023-09-08T02:30:00-05:00,14.62,13.47,15.33,18.87
2023-09-08T02:45:00-05:00,14.33,13.11,15.08,18.85
2023-09-08T03:00:00-05:00,14.61,13.39,15.37,19.17
2023-09-08T03:15:00-05:00,14.18,12.97,14.93,18.71
2023-09-08T03:30:00-05:00,13.77,12.57,14.52,18.26
2023-09-08T03:45:00-05:00,14.73,13.51,15.49,19.31
2023-09-08T04:00:00-05:00,14.83,13.6,15.59,19.41
2023-09-08T04:15:00-05:00,14.73,13.51,15.49,19.31
2023-09-08T04:30:00-05:00,14.59,13.36,15.34,19.15
2023-09-08T04:45:00-05:00,14.69,13.7,15.3,18.39
2023-09-08T05:00:00-05:00,15.46,14.45,16.08,19.21
2023-09-08T05:15:00-05:00,16.54,15.51,17.18,20.37
2023-09-08T05:30:00-05:00,16.52,15.53,17.14,20.22
2023-09-08T05:45:00-05:00,16.89,15.89,17.51,20.59
2023-09-08T06:00:00-05:00,17.52,16.51,18.15,21.27
2023-09-08T06:15:00-05:00,17.7,16.81,18.25,21.0
2023-09-08T06:30:00-05:00,18.77,17.86,19.33,22.12
2023-09-08T06:45:00-05:00,19.36,18.31,20.01,23.24
2023-09-08T07:00:00-05:00,19.52,18.47,20.17,23.41
2023-09-08T07:15:00-05:00,18.96,17.92,19.61,22.79
2023-09-08T07:30:00-05:00,18.52,17.49,19.16,22.33
2023-09-08T07:45:00-05:00,18.04,17.05,18.65,21.69
2023-09-08T08:00:00-05:00,17.4,16.6,17.9,20.36
2023-09-08T08:15:00-05:00,17.44,16.72,18.74,19.22
2023-09-08T08:30:00-05:00,17.63,17.01,18.32,19.62
2023-09-08T08:45:00-05:00,18.58,18.57,18.58,18.61
2023-09-08T09:00:00-05:00,18.8,18.8,18.8,18.8
2023-09-08T09:15:00-05:00,18.63,18.63,18.63,18.63
2023-09-08T09:30:00-05:00,19.85,19.43,20.11,21.34
2023-09-08T09:45:00-05:00,19.85,18.58,21.86,20.44
2023-09-08T10:00:00-05:00,21.02,20.32,21.52,23.33
2023-09-08T10:15:00-05:00,22.15,21.45,22.59,24.66
2023-09-08T10:30:00-05:00,23.49,22.76,23.95,26.11
2023-09-08T10:45:00-05:00,25.27,24.48,25.76,28.04
2023-09-08T11:00:00-05:00,26.24,25.43,26.75,29.09
2023-09-08T11:15:00-05:00,26.85,26.02,27.36,29.76
2023-09-08T11:30:00-05:00,26.95,26.13,27.47,29.86
2023-09-08T11:45:00-05:00,36.32,35.24,36.98,40.15
2023-09-08T12:00:00-05:00,50.51,26.28,93.05,40.73
2023-09-08T12:15:00-05:00,39.32,30.73,63.74,36.42
2023-09-08T12:30:00-05:00,50.96,34.33,85.34,44.93
2023-09-08T12:45:00-05:00,69.4,33.0,125.34,55.16
2023-09-08T13:00:00-05:00,49.41,45.5,72.82,49.12
2023-09-08T13:15:00-05:00,88.23,74.55,153.02,80.71
2023-09-08T13:30:00-05:00,95.71,55.07,162.78,80.81
2023-09-08T13:45:00-05:00,148.89,104.92,221.07,131.51
2023-09-08T14:00:00-05:00,147.04,145.44,205.42,83.26
2023-09-08T14:15:00-05:00,446.52,532.08,480.33,298.58
2023-09-08T14:30:00-05:00,114.2,84.51,186.24,85.73
2023-09-08T14:45:00-05:00,132.34,96.27,210.47,116.05
2023-09-08T15:00:00-05:00,97.41,60.24,177.39,79.66
2023-09-08T15:15:00-05:00,160.66,125.91,246.64,145.78
2023-09-08T15:30:00-05:00,2010.16,1982.59,2106.7,2004.17
2023-09-08T15:45:00-05:00,437.91,418.19,505.63,433.29
2023-09-08T16:00:00-05:00,4576.51,4557.02,4659.83,4575.36
2023-09-08T16:15:00-05:00,4954.19,5012.99,5041.42,4873.89
2023-09-08T16:30:00-05:00,2557.27,2864.87,2544.49,2251.96
2023-09-08T16:45:00-05:00,2060.79,2377.64,2078.19,1780.45
2023-09-08T17:00:00-05:00,814.29,1037.71,873.85,632.9
2023-09-08T17:15:00-05:00,1380.96,1415.7,1506.14,1398.66
2023-09-08T17:30:00-05:00,3584.73,3614.37,3682.83,3610.88
2023-09-08T17:45:00-05:00,2650.41,2680.1,2749.68,2676.73
2023-09-08T18:00:00-05:00,386.47,416.18,492.14,412.79
2023-09-08T18:15:00-05:00,1086.17,1106.25,1147.54,1106.89
2023-09-08T18:30:00-05:00,3291.52,3315.2,3292.08,3319.92
2023-09-08T18:45:00-05:00,3241.71,3371.44,2667.62,3392.3
2023-09-08T19:00:00-05:00,972.67,1046.46,685.69,1082.61
2023-09-08T19:15:00-05:00,409.59,445.03,299.49,514.08
2023-09-08T19:30:00-05:00,357.04,390.61,253.42,466.91
2023-09-08T19:45:00-05:00,195.4,211.4,144.19,277.95
2023-09-08T20:00:00-05:00,105.31,106.28,80.95,150.09
2023-09-08T20:15:00-05:00,57.9,56.93,44.56,79.7
2023-09-08T20:30:00-05:00,34.93,34.27,24.09,51.11
2023-09-08T20:45:00-05:00,28.92,30.27,18.37,32.36
2023-09-08T21:00:00-05:00,33.15,34.24,25.25,35.37
2023-09-08T21:15:00-05:00,26.88,25.95,23.0,39.6
2023-09-08T21:30:00-05:00,26.45,26.86,21.86,29.52
2023-09-08T21:45:00-05:00,25.96,26.51,21.98,27.12
2023-09-08T22:00:00-05:00,27.86,28.3,24.74,28.76
2023-09-08T22:15:00-05:00,27.51,27.87,24.94,28.25
2023-09-08T22:30:00-05:00,26.21,26.45,24.51,26.7
2023-09-08T22:45:00-05:00,24.79,24.89,24.11,24.99
2023-09-08T23:00:00-05:00,24.06,24.06,24.06,24.06
2023-09-08T23:15:00-05:00,23.24,23.24,23.24,23.24
2023-09-08T23:30:00-05:00,22.49,22.49,22.49,22.49
2023-09-08T23:45:00-05:00,21.67,21.67,21.67,21.67
2023-09-09T00:00:00-05:00,22.31,22.31,22.31,22.31
2023-09-09T00:15:00-05:00,23.28,23.28,23.28,23.28
2023-09-09T00:30:00-05:00,23.18,23.17,23.2,25.3
2023-09-09T00:45:00-05:00,23.27,23.31,23.31,29.35
2023-09-09T01:00:00-05:00,23.62,23.67,23.62,27.53
2023-09-09T01:15:00-05:00,22.73,22.82,22.69,25.55
2023-09-09T01:30:00-05:00,22.34,22.47,22.27,26.65
2023-09-09T01:45:00-05:00,22.47,22.61,22.4,26.81
2023-09-09T02:00:00-05:00,23.02,23.16,22.95,27.45
2023-09-09T02:15:00-05:00,23.28,23.42,23.21,27.76
2023-09-09T02:30:00-05:00,23.78,23.88,23.73,26.91
2023-09-09T02:45:00-05:00,23.12,23.12,23.12,23.12
2023-09-09T03:00:00-05:00,22.54,22.54,22.54,22.54
2023-09-09T03:15:00-05:00,22.08,22.08,22.08,22.08
2023-09-09T03:30:00-05:00,22.32,22.32,22.32,22.32
2023-09-09T03:45:00-05:00,23.62,23.62,23.62,23.62
2023-09-09T04:00:00-05:00,23.54,23.54,23.54,23.54
2023-09-09T04:15:00-05:00,23.12,23.12,23.12,23.12
2023-09-09T04:30:00-05:00,22.76,22.76,22.76,22.76
2023-09-09T04:45:00-05:00,22.26,23.09,21.22,29.02
2023-09-09T05:00:00-05:00,22.16,23.01,21.1,29.04
2023-09-09T05:15:00-05:00,22.07,22.37,21.7,24.49
2023-09-09T05:30:00-05:00,21.96,21.96,21.96,21.96
2023-09-09T05:45:00-05:00,21.42,21.42,21.42,21.42
2023-09-09T06:00:00-05:00,22.16,21.6,22.62,26.13
2023-09-09T06:15:00-05:00,22.4,19.31,24.95,44.25
2023-09-09T06:30:00-05:00,25.88,19.33,31.29,72.34
2023-09-09T06:45:00-05:00,25.71,16.59,33.27,90.3
2023-09-09T07:00:00-05:00,23.76,15.2,30.46,88.03
2023-09-09T07:15:00-05:00,24.14,16.78,29.05,95.69
2023-09-09T07:30:00-05:00,22.5,18.04,27.0,67.51
2023-09-09T07:45:00-05:00,21.98,20.56,24.83,42.03
2023-09-09T08:00:00-05:00,21.23,21.17,21.41,22.36
2023-09-09T08:15:00-05:00,20.88,20.88,20.88,20.88
2023-09-09T08:30:00-05:00,20.49,20.49,20.49,20.49
2023-09-09T08:45:00-05:00,19.92,19.92,19.92,19.92
2023-09-09T09:00:00-05:00,20.0,20.0,20.0,20.0
2023-09-09T09:15:00-05:00,20.18,20.18,20.18,20.18
2023-09-09T09:30:00-05:00,20.31,20.31,20.31,20.31
2023-09-09T09:45:00-05:00,22.74,22.74,22.74,22.74
2023-09-09T10:00:00-05:00,22.58,22.58,22.58,22.58
2023-09-09T10:15:00-05:00,22.32,22.32,22.32,22.32
2023-09-09T10:30:00-05:00,22.41,22.41,22.41,22.41
2023-09-09T10:45:00-05:00,23.65,23.65,23.65,23.65
2023-09-09T11:00:00-05:00,23.82,23.82,23.82,23.82
2023-09-09T11:15:00-05:00,25.08,25.08,25.08,25.08
2023-09-09T11:30:00-05:00,25.11,25.11,25.11,25.11
2023-09-09T11:45:00-05:00,25.48,25.48,25.48,25.48
2023-09-09T12:00:00-05:00,24.7,24.7,24.7,24.7
2023-09-09T12:15:00-05:00,25.9,25.9,25.9,25.9
2023-09-09T12:30:00-05:00,27.28,27.28,27.28,27.28
2023-09-09T12:45:00-05:00,28.01,28.01,28.01,28.01
2023-09-09T13:00:00-05:00,44.92,44.92,44.92,44.92
2023-09-09T13:15:00-05:00,27.93,27.93,27.93,27.93
2023-09-09T13:30:00-05:00,27.98,27.98,27.98,27.98
2023-09-09T13:45:00-05:00,33.91,33.76,34.15,33.83
2023-09-09T14:00:00-05:00,40.14,37.86,43.8,38.89
2023-09-09T14:15:00-05:00,60.55,46.88,82.6,53.04
2023-09-09T14:30:00-05:00,57.51,42.19,82.37,49.08
2023-09-09T14:45:00-05:00,46.91,36.05,64.58,40.93
2023-09-09T15:00:00-05:00,47.05,38.99,60.19,42.62
2023-09-09T15:15:00-05:00,77.01,46.02,127.97,59.93
2023-09-09T15:30:00-05:00,74.89,39.58,133.09,55.43
2023-09-09T15:45:00-05:00,81.9,40.91,149.6,59.31
2023-09-09T16:00:00-05:00,96.45,62.75,178.09,83.38
2023-09-09T16:15:00-05:00,98.39,61.05,176.5,80.91
2023-09-09T16:30:00-05:00,107.39,70.28,185.64,90.27
2023-09-09T16:45:00-05:00,103.6,66.37,181.49,86.27
2023-09-09T17:00:00-05:00,85.4,47.24,181.82,66.97
2023-09-09T17:15:00-05:00,75.82,36.92,173.15,56.86
2023-09-09T17:30:00-05:00,74.15,35.8,173.09,56.59
2023-09-09T17:45:00-05:00,63.12,26.53,139.36,46.44
2023-09-09T18:00:00-05:00,42.35,28.48,65.86,34.97
2023-09-09T18:15:00-05:00,46.77,35.3,66.07,40.45
2023-09-09T18:30:00-05:00,50.18,36.05,74.04,43.57
2023-09-09T18:45:00-05:00,58.59,53.83,65.96,60.82
2023-09-09T19:00:00-05:00,42.33,39.37,44.7,57.32
2023-09-09T19:15:00-05:00,53.57,32.56,71.95,192.25
2023-09-09T19:30:00-05:00,54.98,30.1,77.42,221.77
2023-09-09T19:45:00-05:00,54.62,29.64,76.85,222.19
2023-09-09T20:00:00-05:00,43.72,27.03,58.4,155.46
2023-09-09T20:15:00-05:00,31.55,24.0,38.2,82.91
2023-09-09T20:30:00-05:00,34.99,21.93,46.49,123.75
2023-09-09T20:45:00-05:00,26.93,20.92,32.21,67.92
2023-09-09T21:00:00-05:00,27.44,21.85,32.34,65.63
2023-09-09T21:15:00-05:00,32.08,24.87,38.39,81.15
2023-09-09T21:30:00-05:00,30.77,21.19,39.09,95.71
2023-09-09T21:45:00-05:00,26.71,22.35,30.49,56.67
2023-09-09T22:00:00-05:00,26.66,23.39,29.49,49.21
2023-09-09T22:15:00-05:00,25.68,22.73,28.24,45.88
2023-09-09T22:30:00-05:00,23.13,22.39,23.78,28.23
2023-09-09T22:45:00-05:00,23.56,21.29,25.52,39.26
2023-09-09T23:00:00-05:00,24.34,21.58,26.69,42.74
2023-09-09T23:15:00-05:00,23.28,21.57,24.67,32.71
2023-09-09T23:30:00-05:00,21.75,21.71,21.78,21.94
2023-09-09T23:45:00-05:00,21.92,21.92,21.92,21.92
2023-09-10T00:00:00-05:00,22.52,22.52,22.52,22.52
2023-09-10T00:15:00-05:00,23.51,23.51,23.51,23.51
2023-09-10T00:30:00-05:00,22.67,22.67,22.67,22.67
2023-09-10T00:45:00-05:00,21.6,21.6,21.6,21.6
2023-09-10T01:00:00-05:00,22.4,22.4,22.4,22.4
2023-09-10T01:15:00-05:00,22.23,22.23,22.23,22.23
2023-09-10T01:30:00-05:00,21.5,21.5,21.5,21.5
2023-09-10T01:45:00-05:00,21.62,21.62,21.62,21.62
2023-09-10T02:00:00-05:00,21.29,21.29,21.29,21.29
2023-09-10T02:15:00-05:00,21.26,21.13,21.36,22.14
2023-09-10T02:30:00-05:00,22.49,18.69,25.71,49.8
2023-09-10T02:45:00-05:00,22.51,16.01,28.02,69.3
2023-09-10T03:00:00-05:00,21.97,15.7,27.26,66.89
2023-09-10T03:15:00-05:00,22.26,15.42,28.04,71.58
2023-09-10T03:30:00-05:00,21.68,15.53,26.85,65.75
2023-09-10T03:45:00-05:00,21.49,19.21,23.41,37.89
2023-09-10T04:00:00-05:00,21.68,18.94,23.97,41.39
2023-09-10T04:15:00-05:00,20.87,19.47,22.07,34.01
2023-09-10T04:30:00-05:00,19.77,18.77,20.53,42.54
2023-09-10T04:45:00-05:00,18.68,17.99,19.33,32.33
2023-09-10T05:00:00-05:00,18.25,17.65,18.83,30.14
2023-09-10T05:15:00-05:00,18.91,18.91,18.91,18.91
2023-09-10T05:30:00-05:00,18.49,18.49,18.49,18.49
2023-09-10T05:45:00-05:00,18.54,18.54,18.54,18.54
2023-09-10T06:00:00-05:00,18.72,18.72,18.72,18.72
2023-09-10T06:15:00-05:00,18.38,18.38,18.38,18.38
2023-09-10T06:30:00-05:00,18.44,18.44,18.44,18.44
2023-09-10T06:45:00-05:00,17.57,17.57,17.57,17.57
2023-09-10T07:00:00-05:00,16.8,16.8,16.8,16.8
2023-09-10T07:15:00-05:00,17.09,17.09,17.09,17.09
2023-09-10T07:30:00-05:00,17.5,17.5,17.5,17.5
2023-09-10T07:45:00-05:00,16.52,16.52,16.52,16.52
2023-09-10T08:00:00-05:00,16.73,16.73,16.73,16.73
2023-09-10T08:15:00-05:00,15.49,15.49,15.49,15.49
2023-09-10T08:30:00-05:00,15.27,15.27,15.27,15.27
2023-09-10T08:45:00-05:00,14.29,14.29,14.29,14.29
2023-09-10T09:00:00-05:00,15.21,15.21,15.21,15.21
2023-09-10T09:15:00-05:00,13.54,13.54,13.54,13.54
2023-09-10T09:30:00-05:00,14.33,14.33,14.33,14.33
2023-09-10T09:45:00-05:00,14.73,14.73,14.73,14.73
2023-09-10T10:00:00-05:00,14.79,14.79,14.79,14.79
2023-09-10T10:15:00-05:00,15.52,15.52,15.52,15.52
2023-09-10T10:30:00-05:00,16.08,16.08,16.08,16.08
2023-09-10T10:45:00-05:00,16.1,16.1,16.1,16.1
2023-09-10T11:00:00-05:00,15.98,15.84,16.2,15.9
2023-09-10T11:15:00-05:00,17.57,17.19,18.23,16.92
2023-09-10T11:30:00-05:00,18.25,18.25,18.26,18.25
2023-09-10T11:45:00-05:00,19.07,18.41,20.08,18.71
2023-09-10T12:00:00-05:00,21.49,18.66,25.88,19.95
2023-09-10T12:15:00-05:00,21.72,18.92,26.06,20.2
2023-09-10T12:30:00-05:00,22.49,20.67,25.34,21.5
2023-09-10T12:45:00-05:00,22.06,19.44,26.17,20.63
2023-09-10T13:00:00-05:00,22.01,19.48,25.99,20.63
2023-09-10T13:15:00-05:00,23.33,20.91,27.14,22.01
2023-09-10T13:30:00-05:00,23.72,21.87,26.67,22.71
2023-09-10T13:45:00-05:00,23.44,21.49,26.53,22.38
2023-09-10T14:00:00-05:00,23.1,21.19,26.15,22.06
2023-09-10T14:15:00-05:00,23.75,22.36,25.99,22.99
2023-09-10T14:30:00-05:00,24.43,22.9,26.89,23.59
2023-09-10T14:45:00-05:00,24.55,23.02,27.02,23.71
2023-09-10T15:00:00-05:00,24.0,22.15,26.97,22.98
2023-09-10T15:15:00-05:00,25.38,23.42,28.55,24.3
2023-09-10T15:30:00-05:00,26.52,24.13,30.38,25.21
2023-09-10T15:45:00-05:00,26.9,25.9,28.53,26.35
2023-09-10T16:00:00-05:00,26.82,26.16,27.88,26.46
2023-09-10T16:15:00-05:00,28.0,26.43,30.55,27.14
2023-09-10T16:30:00-05:00,28.11,27.48,29.12,27.76
2023-09-10T16:45:00-05:00,28.11,27.96,28.35,28.03
2023-09-10T17:00:00-05:00,58.06,54.72,63.6,56.23
2023-09-10T17:15:00-05:00,51.82,41.14,69.37,45.96
2023-09-10T17:30:00-05:00,27.77,26.96,29.09,27.33
2023-09-10T17:45:00-05:00,29.87,29.6,30.32,29.72
2023-09-10T18:00:00-05:00,31.02,31.02,31.02,31.02
2023-09-10T18:15:00-05:00,35.04,35.04,35.04,35.04
2023-09-10T18:30:00-05:00,28.62,28.62,28.62,28.62
2023-09-10T18:45:00-05:00,87.04,61.89,109.12,257.93
2023-09-10T19:00:00-05:00,41.5,30.87,50.66,112.51
2023-09-10T19:15:00-05:00,26.76,24.57,28.4,39.79
2023-09-10T19:30:00-05:00,26.24,23.56,28.66,53.83
2023-09-10T19:45:00-05:00,25.31,22.22,28.1,55.43
2023-09-10T20:00:00-05:00,24.56,22.6,26.38,51.2
2023-09-10T20:15:00-05:00,24.06,22.16,25.79,47.43
2023-09-10T20:30:00-05:00,22.57,22.23,22.89,28.88
2023-09-10T20:45:00-05:00,21.25,21.21,21.28,21.95
2023-09-10T21:00:00-05:00,21.58,21.58,21.58,21.64
2023-09-10T21:15:00-05:00,20.75,20.79,20.73,21.95
2023-09-10T21:30:00-05:00,19.99,20.06,19.96,21.9
2023-09-10T21:45:00-05:00,18.3,18.3,18.3,18.34
2023-09-10T22:00:00-05:00,18.08,18.08,18.08,18.08
2023-09-10T22:15:00-05:00,17.96,17.96,17.96,17.96
2023-09-10T22:30:00-05:00,17.98,17.98,17.98,17.98
2023-09-10T22:45:00-05:00,17.81,17.81,17.81,17.81
2023-09-10T23:00:00-05:00,17.5,17.5,17.5,17.5
2023-09-10T23:15:00-05:00,17.23,17.23,17.23,17.23
2023-09-10T23:30:00-05:00,17.15,17.15,17.15,17.15
2023-09-10T23:45:00-05:00,16.38,16.38,16.38,16.38
2023-09-11T00:00:00-05:00,17.12,17.12,17.12,17.12
2023-09-11T00:15:00-05:00,17.71,17.71,17.71,17.71
2023-09-11T00:30:00-05:00,16.8,16.8,16.8,16.8
2023-09-11T00:45:00-05:00,13.65,13.65,13.65,13.65
2023-09-11T01:00:00-05:00,14.76,14.76,14.76,14.76
2023-09-11T01:15:00-05:00,15.26,15.26,15.26,15.26
2023-09-11T01:30:00-05:00,16.3,16.3,16.3,16.3
2023-09-11T01:45:00-05:00,15.83,15.83,15.83,15.83
2023-09-11T02:00:00-05:00,15.32,15.32,15.32,15.32
2023-09-11T02:15:00-05:00,14.4,14.4,14.4,14.4
2023-09-11T02:30:00-05:00,13.88,13.88,13.88,13.88
2023-09-11T02:45:00-05:00,15.08,15.08,15.08,15.08
2023-09-11T03:00:00-05:00,17.85,17.85,17.85,17.85
2023-09-11T03:15:00-05:00,16.5,16.5,16.5,16.5
2023-09-11T03:30:00-05:00,16.97,16.97,16.97,16.97
2023-09-11T03:45:00-05:00,18.08,18.08,18.08,18.08
2023-09-11T04:00:00-05:00,18.97,18.97,18.97,18.97
2023-09-11T04:15:00-05:00,18.9,19.17,18.2,20.79
2023-09-11T04:30:00-05:00,18.59,18.74,18.22,19.62
2023-09-11T04:45:00-05:00,21.86,21.86,21.86,21.86
2023-09-11T05:00:00-05:00,23.56,23.56,23.56,23.56
2023-09-11T05:15:00-05:00,22.33,22.33,22.33,22.33
2023-09-11T05:30:00-05:00,20.9,20.9,20.9,20.9
2023-09-11T05:45:00-05:00,20.39,20.39,20.39,20.39
2023-09-11T06:00:00-05:00,20.46,20.46,20.46,20.46
2023-09-11T06:15:00-05:00,21.23,21.23,21.23,21.23
2023-09-11T06:30:00-05:00,20.79,20.79,20.79,20.79
2023-09-11T06:45:00-05:00,21.05,21.05,21.05,21.05
2023-09-11T07:00:00-05:00,20.69,20.69,20.69,20.69
2023-09-11T07:15:00-05:00,21.16,21.16,21.16,21.16
2023-09-11T07:30:00-05:00,20.54,20.54,20.54,20.54
2023-09-11T07:45:00-05:00,18.99,18.99,18.99,18.99
2023-09-11T08:00:00-05:00,19.15,19.15,19.15,19.15
2023-09-11T08:15:00-05:00,18.41,18.41,18.41,18.41
2023-09-11T08:30:00-05:00,17.78,17.78,17.78,17.78
2023-09-11T08:45:00-05:00,18.13,18.13,18.13,18.13
2023-09-11T09:00:00-05:00,17.96,17.96,17.96,17.96
2023-09-11T09:15:00-05:00,17.75,17.75,17.75,17.75
2023-09-11T09:30:00-05:00,17.82,17.82,17.82,17.82
2023-09-11T09:45:00-05:00,18.52,18.52,18.52,18.52
2023-09-11T10:00:00-05:00,18.34,18.34,18.34,18.34
2023-09-11T10:15:00-05:00,18.97,18.97,18.97,18.97
2023-09-11T10:30:00-05:00,18.51,18.51,18.51,18.51
2023-09-11T10:45:00-05:00,19.86,20.01,19.66,19.56
2023-09-11T11:00:00-05:00,19.77,19.96,19.5,19.9
2023-09-11T11:15:00-05:00,20.0,20.18,19.72,20.13
2023-09-11T11:30:00-05:00,19.95,20.14,19.68,20.09
2023-09-11T11:45:00-05:00,19.9,19.91,19.89,19.91
2023-09-11T12:00:00-05:00,18.85,18.56,19.45,17.83
2023-09-11T12:15:00-05:00,18.71,17.73,20.55,15.59
2023-09-11T12:30:00-05:00,19.67,18.04,21.81,14.87
2023-09-11T12:45:00-05:00,20.91,17.91,23.74,12.76
2023-09-11T13:00:00-05:00,20.79,18.45,23.67,14.39
2023-09-11T13:15:00-05:00,21.0,18.16,23.88,13.29
2023-09-11T13:30:00-05:00,22.57,18.74,25.16,12.81
2023-09-11T13:45:00-05:00,22.65,19.34,25.66,13.82
2023-09-11T14:00:00-05:00,23.43,19.65,25.65,18.13
2023-09-11T14:15:00-05:00,24.73,20.58,25.99,19.63
2023-09-11T14:30:00-05:00,26.48,23.04,26.26,22.14
2023-09-11T14:45:00-05:00,26.05,22.44,25.98,22.23
2023-09-11T15:00:00-05:00,27.77,23.33,25.76,24.1
2023-09-11T15:15:00-05:00,27.89,23.86,25.87,24.64
2023-09-11T15:30:00-05:00,28.78,24.71,26.33,25.42
2023-09-11T15:45:00-05:00,53.6,25.82,25.73,26.31
2023-09-11T16:00:00-05:00,28.53,24.6,25.96,25.15
2023-09-11T16:15:00-05:00,27.87,25.29,27.55,26.05
2023-09-11T16:30:00-05:00,28.69,26.58,28.75,27.2
2023-09-11T16:45:00-05:00,28.59,25.5,27.92,26.41
2023-09-11T17:00:00-05:00,26.62,24.04,25.49,24.62
2023-09-11T17:15:00-05:00,27.63,24.85,27.03,25.67
2023-09-11T17:30:00-05:00,28.32,25.16,27.63,26.08
2023-09-11T17:45:00-05:00,27.87,25.2,27.37,26.49
2023-09-11T18:00:00-05:00,26.19,23.91,26.33,28.79
2023-09-11T18:15:00-05:00,25.54,23.74,25.32,25.34
2023-09-11T18:30:00-05:00,26.91,24.6,26.45,25.5
2023-09-11T18:45:00-05:00,26.13,24.68,26.02,25.77
2023-09-11T19:00:00-05:00,26.6,23.74,27.04,29.23
2023-09-11T19:15:00-05:00,27.52,22.61,32.06,99.11
2023-09-11T19:30:00-05:00,26.65,21.8,27.14,117.46
2023-09-11T19:45:00-05:00,26.58,22.15,27.08,107.13
2023-09-11T20:00:00-05:00,23.9,21.09,25.66,60.34
2023-09-11T20:15:00-05:00,24.02,21.51,26.25,51.65
2023-09-11T20:30:00-05:00,23.16,20.79,25.06,49.21
2023-09-11T20:45:00-05:00,22.47,21.17,21.7,22.25
2023-09-11T21:00:00-05:00,21.51,21.0,20.86,21.23
2023-09-11T21:15:00-05:00,22.02,22.11,21.49,22.17
2023-09-11T21:30:00-05:00,20.28,20.36,19.8,20.42
2023-09-11T21:45:00-05:00,20.07,20.15,19.58,20.2
2023-09-11T22:00:00-05:00,20.55,20.65,19.77,20.74
2023-09-11T22:15:00-05:00,22.76,22.86,22.02,22.95
2023-09-11T22:30:00-05:00,21.21,21.3,20.71,21.35
2023-09-11T22:45:00-05:00,19.19,19.27,18.74,19.32
2023-09-11T23:00:00-05:00,19.27,19.35,18.73,19.41
2023-09-11T23:15:00-05:00,20.06,20.16,19.31,20.25
2023-09-11T23:30:00-05:00,19.71,19.82,18.9,19.91
2023-09-11T23:45:00-05:00,17.84,17.94,17.04,17.84
2023-09-12T00:00:00-05:00,19.09,19.31,15.91,18.92
2023-09-12T00:15:00-05:00,19.33,19.63,14.49,19.36
2023-09-12T00:30:00-05:00,19.4,19.74,15.03,19.59
2023-09-12T00:45:00-05:00,20.54,20.85,17.67,20.69
2023-09-12T01:00:00-05:00,20.53,20.83,17.73,20.66
2023-09-12T01:15:00-05:00,21.02,21.38,17.73,21.29
2023-09-12T01:30:00-05:00,21.01,21.4,17.48,21.32
2023-09-12T01:45:00-05:00,21.08,21.34,18.81,21.13
2023-09-12T02:00:00-05:00,20.54,20.58,20.41,20.11
2023-09-12T02:15:00-05:00,20.11,20.15,19.96,19.67
2023-09-12T02:30:00-05:00,20.06,20.1,19.65,19.61
2023-09-12T02:45:00-05:00,20.08,20.12,19.85,19.63
2023-09-12T03:00:00-05:00,20.37,20.41,20.26,19.92
2023-09-12T03:15:00-05:00,20.55,20.59,20.43,20.08
2023-09-12T03:30:00-05:00,21.56,21.57,21.51,21.39
2023-09-12T03:45:00-05:00,22.11,22.11,22.11,22.11
2023-09-12T04:00:00-05:00,21.81,21.81,20.64,21.81
2023-09-12T04:15:00-05:00,21.95,22.23,20.24,23.85
2023-09-12T04:30:00-05:00,22.18,22.6,20.74,25.19
2023-09-12T04:45:00-05:00,22.69,22.99,21.98,24.81
2023-09-12T05:00:00-05:00,23.16,23.19,23.09,22.86
2023-09-12T05:15:00-05:00,23.7,23.78,23.51,24.26
2023-09-12T05:30:00-05:00,24.49,24.49,24.48,24.52
2023-09-12T05:45:00-05:00,24.1,24.23,23.77,25.08
2023-09-12T06:00:00-05:00,26.53,26.68,26.16,27.63
2023-09-12T06:15:00-05:00,26.88,26.88,26.88,26.88
2023-09-12T06:30:00-05:00,27.42,27.42,27.42,27.42
2023-09-12T06:45:00-05:00,27.14,26.09,27.99,34.59
2023-09-12T07:00:00-05:00,25.67,23.63,27.35,40.27
2023-09-12T07:15:00-05:00,25.23,24.96,25.45,27.13
2023-09-12T07:30:00-05:00,25.52,25.52,25.52,25.52
2023-09-12T07:45:00-05:00,25.7,26.12,24.71,28.61
2023-09-12T08:00:00-05:00,27.26,27.56,26.56,29.32
2023-09-12T08:15:00-05:00,27.76,27.76,27.76,27.76
2023-09-12T08:30:00-05:00,26.02,24.32,30.1,38.99
2023-09-12T08:45:00-05:00,24.83,23.55,27.97,37.39
2023-09-12T09:00:00-05:00,24.28,24.25,24.36,24.59
2023-09-12T09:15:00-05:00,24.53,24.53,24.53,24.53
2023-09-12T09:30:00-05:00,25.08,25.08,25.08,25.08
2023-09-12T09:45:00-05:00,24.5,24.5,24.5,24.5
2023-09-12T10:00:00-05:00,24.88,24.88,24.88,24.88
2023-09-12T10:15:00-05:00,24.09,24.09,24.09,24.09
2023-09-12T10:30:00-05:00,23.44,23.44,23.44,23.44
2023-09-12T10:45:00-05:00,22.38,22.38,22.38,22.38
2023-09-12T11:00:00-05:00,22.46,22.46,22.46,22.46
2023-09-12T11:15:00-05:00,23.44,23.44,23.44,23.44
2023-09-12T11:30:00-05:00,23.4,23.4,23.4,23.4
2023-09-12T11:45:00-05:00,23.45,23.45,23.45,23.45
2023-09-12T12:00:00-05:00,24.0,24.0,24.0,24.0
2023-09-12T12:15:00-05:00,25.02,25.02,25.02,25.02
2023-09-12T12:30:00-05:00,26.32,26.32,26.32,26.32
2023-09-12T12:45:00-05:00,25.8,25.8,25.8,25.8
2023-09-12T13:00:00-05:00,26.55,26.55,26.55,26.55
2023-09-12T13:15:00-05:00,26.76,26.76,26.76,26.76
2023-09-12T13:30:00-05:00,32.51,27.81,31.53,29.26
2023-09-12T13:45:00-05:00,45.68,32.85,43.02,36.83
2023-09-12T14:00:00-05:00,29.2,25.59,28.44,26.7
2023-09-12T14:15:00-05:00,35.98,30.98,34.94,32.53
2023-09-12T14:30:00-05:00,53.37,37.21,50.0,42.2
2023-09-12T14:45:00-05:00,37.89,31.43,36.54,33.42
2023-09-12T15:00:00-05:00,27.09,27.04,27.08,27.06
2023-09-12T15:15:00-05:00,36.08,29.01,34.59,31.18
2023-09-12T15:30:00-05:00,82.45,53.83,76.44,62.55
2023-09-12T15:45:00-05:00,73.45,49.9,68.51,57.1
2023-09-12T16:00:00-05:00,60.89,51.64,58.95,54.44
2023-09-12T16:15:00-05:00,49.92,36.1,47.01,40.31
2023-09-12T16:30:00-05:00,60.49,60.04,60.4,60.18
2023-09-12T16:45:00-05:00,75.85,68.6,74.32,70.79
2023-09-12T17:00:00-05:00,74.93,74.93,75.09,74.93
2023-09-12T17:15:00-05:00,75.0,75.0,75.34,75.0
2023-09-12T17:30:00-05:00,64.99,64.99,65.0,64.99
2023-09-12T17:45:00-05:00,65.23,65.23,65.23,65.23
2023-09-12T18:00:00-05:00,30.39,30.39,30.39,30.39
2023-09-12T18:15:00-05:00,28.94,28.94,28.94,28.94
2023-09-12T18:30:00-05:00,40.18,40.21,40.32,40.25
2023-09-12T18:45:00-05:00,38.26,38.29,38.38,38.32
2023-09-12T19:00:00-05:00,40.18,40.21,40.32,40.24
2023-09-12T19:15:00-05:00,42.36,42.39,42.52,42.43
2023-09-12T19:30:00-05:00,36.82,37.26,35.9,37.37
2023-09-12T19:45:00-05:00,36.19,36.42,35.75,36.49
2023-09-12T20:00:00-05:00,36.53,36.66,35.79,36.8
2023-09-12T20:15:00-05:00,33.87,33.93,33.68,33.97
2023-09-12T20:30:00-05:00,32.15,32.2,30.98,33.32
2023-09-12T20:45:00-05:00,31.01,29.78,30.57,41.07
2023-09-12T21:00:00-05:00,29.15,28.07,28.62,38.01
2023-09-12T21:15:00-05:00,28.74,25.58,30.78,52.81
2023-09-12T21:30:00-05:00,28.88,25.83,30.83,52.2
2023-09-12T21:45:00-05:00,30.2,28.45,31.02,44.09
2023-09-12T22:00:00-05:00,35.35,28.07,39.72,98.39
2023-09-12T22:15:00-05:00,31.68,27.11,34.35,70.63
2023-09-12T22:30:00-05:00,29.56,24.14,32.65,78.12
2023-09-12T22:45:00-05:00,30.72,25.34,35.02,73.09
2023-09-12T23:00:00-05:00,33.93,30.0,37.28,77.16
2023-09-12T23:15:00-05:00,30.62,29.2,31.83,41.4
2023-09-12T23:30:00-05:00,29.93,27.95,31.47,60.64
2023-09-12T23:45:00-05:00,26.97,24.8,28.68,66.25
2023-09-13T00:00:00-05:00,28.09,25.2,29.95,87.51
2023-09-13T00:15:00-05:00,27.02,25.81,27.66,63.47
2023-09-13T00:30:00-05:00,27.7,23.96,28.48,99.98
2023-09-13T00:45:00-05:00,26.4,24.81,26.22,61.25
2023-09-13T01:00:00-05:00,26.69,27.73,25.58,36.77
2023-09-13T01:15:00-05:00,26.09,26.23,26.06,39.83
2023-09-13T01:30:00-05:00,26.12,25.64,26.46,36.51
2023-09-13T01:45:00-05:00,26.86,23.61,27.63,79.87
2023-09-13T02:00:00-05:00,26.0,24.61,24.61,60.89
2023-09-13T02:15:00-05:00,26.84,22.2,27.42,75.1
2023-09-13T02:30:00-05:00,24.91,24.62,23.7,61.93
2023-09-13T02:45:00-05:00,24.83,23.0,24.8,94.23
2023-09-13T03:00:00-05:00,25.13,24.34,25.01,61.45
2023-09-13T03:15:00-05:00,24.03,22.86,24.21,85.73
2023-09-13T03:30:00-05:00,26.08,23.66,26.86,61.52
2023-09-13T03:45:00-05:00,24.92,23.36,26.89,91.22
2023-09-13T04:00:00-05:00,24.29,25.13,24.04,53.68
2023-09-13T04:15:00-05:00,24.11,23.45,25.48,86.32
2023-09-13T04:30:00-05:00,24.51,24.74,24.76,58.96
2023-09-13T04:45:00-05:00,27.23,19.41,33.76,87.41
2023-09-13T05:00:00-05:00,24.3,22.74,25.59,35.99
2023-09-13T05:15:00-05:00,25.75,21.21,29.54,59.91
2023-09-13T05:30:00-05:00,26.74,22.97,29.88,54.51
2023-09-13T05:45:00-05:00,27.36,22.34,31.55,64.28
2023-09-13T06:00:00-05:00,32.68,24.05,39.88,95.67
2023-09-13T06:15:00-05:00,26.78,24.02,29.1,46.93
2023-09-13T06:30:00-05:00,31.05,23.39,37.46,86.81
2023-09-13T06:45:00-05:00,28.34,26.03,30.28,45.08
2023-09-13T07:00:00-05:00,27.91,23.22,31.83,61.8
2023-09-13T07:15:00-05:00,26.47,24.42,28.18,41.24
2023-09-13T07:30:00-05:00,26.09,22.2,29.34,54.24
2023-09-13T07:45:00-05:00,24.7,23.19,25.96,35.8
2023-09-13T08:00:00-05:00,25.51,25.6,25.68,30.41
2023-09-13T08:15:00-05:00,25.52,25.51,25.52,25.54
2023-09-13T08:30:00-05:00,25.3,25.3,25.3,25.3
2023-09-13T08:45:00-05:00,25.21,25.21,25.21,25.21
2023-09-13T09:00:00-05:00,28.19,28.19,28.19,28.19
2023-09-13T09:15:00-05:00,26.85,26.85,26.85,26.85
2023-09-13T09:30:00-05:00,27.46,27.46,27.46,27.46
2023-09-13T09:45:00-05:00,32.25,32.25,32.25,32.25
2023-09-13T10:00:00-05:00,25.91,25.91,25.91,25.91
2023-09-13T10:15:00-05:00,26.12,26.12,26.12,26.12
2023-09-13T10:30:00-05:00,26.22,26.22,26.22,26.22
2023-09-13T10:45:00-05:00,26.32,26.32,26.32,26.32
2023-09-13T11:00:00-05:00,25.53,25.53,25.53,25.53
2023-09-13T11:15:00-05:00,29.16,29.16,29.16,29.16
2023-09-13T11:30:00-05:00,30.07,30.07,30.07,30.07
2023-09-13T11:45:00-05:00,36.87,36.87,36.87,36.87
2023-09-13T12:00:00-05:00,30.6,30.6,30.6,30.6
2023-09-13T12:15:00-05:00,36.46,36.46,36.46,36.46
2023-09-13T12:30:00-05:00,33.01,33.01,33.01,33.01
2023-09-13T12:45:00-05:00,64.66,64.66,64.66,64.66
2023-09-13T13:00:00-05:00,52.05,52.05,52.05,52.05
2023-09-13T13:15:00-05:00,58.31,40.65,54.64,46.05
2023-09-13T13:30:00-05:00,70.71,46.31,65.65,53.76
2023-09-13T13:45:00-05:00,76.43,53.56,71.68,60.54
2023-09-13T14:00:00-05:00,60.6,44.85,57.33,49.64
2023-09-13T14:15:00-05:00,29.41,29.41,29.41,29.41
2023-09-13T14:30:00-05:00,27.7,27.7,27.7,27.7
2023-09-13T14:45:00-05:00,26.79,26.79,26.79,26.79
2023-09-13T15:00:00-05:00,26.99,26.99,26.99,26.99
2023-09-13T15:15:00-05:00,27.33,27.33,27.33,27.33
2023-09-13T15:30:00-05:00,25.87,25.87,25.87,25.87
2023-09-13T15:45:00-05:00,27.06,27.06,27.06,27.06
2023-09-13T16:00:00-05:00,26.94,26.94,26.94,26.94
2023-09-13T16:15:00-05:00,26.23,26.23,26.23,26.23
2023-09-13T16:30:00-05:00,25.72,25.72,25.72,25.72
2023-09-13T16:45:00-05:00,26.86,26.86,26.86,26.86
2023-09-13T17:00:00-05:00,26.63,26.63,26.63,26.63
2023-09-13T17:15:00-05:00,27.59,27.59,27.59,27.59
2023-09-13T17:30:00-05:00,27.33,27.33,27.33,27.33
2023-09-13T17:45:00-05:00,25.7,25.7,25.7,25.7
2023-09-13T18:00:00-05:00,25.51,25.51,25.04,25.51
2023-09-13T18:15:00-05:00,27.02,27.05,26.93,27.06
2023-09-13T18:30:00-05:00,27.39,27.44,27.27,27.45
2023-09-13T18:45:00-05:00,27.47,27.66,26.97,27.7
2023-09-13T19:00:00-05:00,28.05,28.29,27.41,28.34
2023-09-13T19:15:00-05:00,37.52,37.53,37.51,37.53
2023-09-13T19:30:00-05:00,45.75,46.05,43.36,46.37
2023-09-13T19:45:00-05:00,38.65,40.09,27.05,41.64
2023-09-13T20:00:00-05:00,29.22,30.03,19.46,35.53
2023-09-13T20:15:00-05:00,37.37,37.46,29.25,47.09
2023-09-13T20:30:00-05:00,29.65,27.75,25.12,49.45
2023-09-13T20:45:00-05:00,28.17,26.79,25.91,41.27
2023-09-13T21:00:00-05:00,29.77,29.63,28.48,33.03
2023-09-13T21:15:00-05:00,28.64,28.97,25.89,29.26
2023-09-13T21:30:00-05:00,27.44,27.69,25.87,27.86
2023-09-13T21:45:00-05:00,27.85,28.1,26.26,28.26
2023-09-13T22:00:00-05:00,44.64,44.97,42.38,45.21
2023-09-13T22:15:00-05:00,32.91,33.18,31.21,33.36
2023-09-13T22:30:00-05:00,28.64,28.9,27.08,29.06
2023-09-13T22:45:00-05:00,28.2,28.41,26.93,28.55
2023-09-13T23:00:00-05:00,26.08,26.24,25.16,26.34
2023-09-13T23:15:00-05:00,24.79,24.97,23.5,25.1
2023-09-13T23:30:00-05:00,24.06,24.2,23.28,24.29
2023-09-13T23:45:00-05:00,24.4,24.55,23.52,24.65
2023-09-14T00:00:00-05:00,27.14,27.25,26.49,27.33
2023-09-14T00:15:00-05:00,27.54,27.65,26.9,27.72
2023-09-14T00:30:00-05:00,27.8,28.41,26.02,31.43
2023-09-14T00:45:00-05:00,27.55,28.17,25.75,31.21
2023-09-14T01:00:00-05:00,28.15,28.45,27.09,29.59
2023-09-14T01:15:00-05:00,26.86,26.97,26.25,27.04
2023-09-14T01:30:00-05:00,26.26,26.37,25.67,26.44
2023-09-14T01:45:00-05:00,25.48,25.58,24.91,25.65
2023-09-14T02:00:00-05:00,25.83,25.94,25.25,26.0
2023-09-14T02:15:00-05:00,25.93,26.0,24.47,26.04
2023-09-14T02:30:00-05:00,24.91,24.96,23.38,24.99
2023-09-14T02:45:00-05:00,24.86,24.86,22.85,24.86
2023-09-14T03:00:00-05:00,25.26,25.26,23.95,25.26
2023-09-14T03:15:00-05:00,24.16,24.16,22.67,24.16
2023-09-14T03:30:00-05:00,25.44,25.44,23.42,25.44
2023-09-14T03:45:00-05:00,25.1,25.1,23.47,25.1
2023-09-14T04:00:00-05:00,27.13,27.13,26.14,27.13
2023-09-14T04:15:00-05:00,25.99,25.99,25.27,25.99
2023-09-14T04:30:00-05:00,26.87,26.87,26.85,26.87
2023-09-14T04:45:00-05:00,25.45,25.45,25.1,25.45
2023-09-14T05:00:00-05:00,26.41,26.41,26.4,26.41
2023-09-14T05:15:00-05:00,26.63,26.63,26.63,26.63
2023-09-14T05:30:00-05:00,28.34,28.34,28.34,28.34
2023-09-14T05:45:00-05:00,34.23,34.23,34.23,34.23
2023-09-14T06:00:00-05:00,29.09,29.09,29.09,29.09
2023-09-14T06:15:00-05:00,33.35,33.35,33.35,33.35
2023-09-14T06:30:00-05:00,43.39,43.39,43.39,43.39
2023-09-14T06:45:00-05:00,33.9,33.9,33.9,33.9
2023-09-14T07:00:00-05:00,57.02,57.02,57.02,57.02
2023-09-14T07:15:00-05:00,37.25,37.25,37.25,37.25
2023-09-14T07:30:00-05:00,29.44,29.44,29.44,29.44
2023-09-14T07:45:00-05:00,29.07,29.26,28.6,30.41
2023-09-14T08:00:00-05:00,31.44,31.44,31.43,31.45
2023-09-14T08:15:00-05:00,30.44,30.44,30.44,30.44
2023-09-14T08:30:00-05:00,28.3,28.3,28.3,28.3
2023-09-14T08:45:00-05:00,25.6,25.6,25.6,25.6
2023-09-14T09:00:00-05:00,25.89,25.89,25.89,25.89
2023-09-14T09:15:00-05:00,26.21,26.21,25.36,26.21
2023-09-14T09:30:00-05:00,25.69,25.69,25.09,25.69
2023-09-14T09:45:00-05:00,26.62,26.62,24.95,26.62
2023-09-14T10:00:00-05:00,26.03,26.03,24.29,26.03
2023-09-14T10:15:00-05:00,26.27,26.43,25.58,26.38
2023-09-14T10:30:00-05:00,25.62,25.71,25.5,25.68
2023-09-14T10:45:00-05:00,23.99,24.06,23.88,24.04
2023-09-14T11:00:00-05:00,23.93,23.93,23.93,23.93
2023-09-14T11:15:00-05:00,23.48,23.48,23.48,23.48
2023-09-14T11:30:00-05:00,23.97,23.97,23.97,23.97
2023-09-14T11:45:00-05:00,24.05,24.05,24.05,24.05
2023-09-14T12:00:00-05:00,24.83,24.83,24.83,24.83
2023-09-14T12:15:00-05:00,27.31,27.31,27.31,27.31
2023-09-14T12:30:00-05:00,28.46,28.46,28.46,28.46
2023-09-14T12:45:00-05:00,27.05,27.05,27.05,27.05
2023-09-14T13:00:00-05:00,28.53,28.53,28.53,28.53
2023-09-14T13:15:00-05:00,31.05,31.05,31.05,31.05
2023-09-14T13:30:00-05:00,39.82,39.82,39.82,39.82
2023-09-14T13:45:00-05:00,28.18,28.18,28.18,28.18
2023-09-14T14:00:00-05:00,27.92,27.92,27.92,27.92
2023-09-14T14:15:00-05:00,28.58,28.58,28.58,28.58
2023-09-14T14:30:00-05:00,26.21,26.21,26.21,26.21
2023-09-14T14:45:00-05:00,25.26,25.26,25.26,25.26
2023-09-14T15:00:00-05:00,24.03,24.03,24.03,24.03
2023-09-14T15:15:00-05:00,24.34,24.34,24.34,24.34
2023-09-14T15:30:00-05:00,25.14,25.14,25.14,25.14
2023-09-14T15:45:00-05:00,24.77,24.77,24.77,24.77
2023-09-14T16:00:00-05:00,24.52,24.55,25.87,24.56
2023-09-14T16:15:00-05:00,24.34,24.4,28.01,24.44
2023-09-14T16:30:00-05:00,24.31,24.57,27.11,24.7
2023-09-14T16:45:00-05:00,23.75,23.99,26.59,24.12
2023-09-14T17:00:00-05:00,24.85,25.22,26.77,25.43
2023-09-14T17:15:00-05:00,25.35,25.85,27.97,26.11
2023-09-14T17:30:00-05:00,24.32,24.69,26.11,24.89
2023-09-14T17:45:00-05:00,23.48,23.83,24.41,23.98
2023-09-14T18:00:00-05:00,23.5,23.63,21.5,23.64
2023-09-14T18:15:00-05:00,25.6,25.82,23.7,25.85
2023-09-14T18:30:00-05:00,24.6,24.71,22.52,24.71
2023-09-14T18:45:00-05:00,26.84,27.06,23.62,27.07
2023-09-14T19:00:00-05:00,26.98,27.22,23.92,27.23
2023-09-14T19:15:00-05:00,30.53,27.79,26.05,59.11
2023-09-14T19:30:00-05:00,43.66,29.35,39.37,178.55
2023-09-14T19:45:00-05:00,27.28,27.64,16.09,36.93
2023-09-14T20:00:00-05:00,27.81,27.94,17.19,38.4
2023-09-14T20:15:00-05:00,27.09,27.18,19.49,33.19
2023-09-14T20:30:00-05:00,26.48,26.56,22.72,27.31
2023-09-14T20:45:00-05:00,24.45,24.53,21.63,24.58
2023-09-14T21:00:00-05:00,25.17,25.29,22.74,26.12
2023-09-14T21:15:00-05:00,24.04,24.07,22.25,26.06
2023-09-14T21:30:00-05:00,23.27,23.46,21.98,23.59
2023-09-14T21:45:00-05:00,22.43,22.58,21.42,22.68
2023-09-14T22:00:00-05:00,22.14,22.28,21.22,22.37
2023-09-14T22:15:00-05:00,22.02,22.15,21.18,22.23
2023-09-14T22:30:00-05:00,21.4,21.49,20.68,21.55
2023-09-14T22:45:00-05:00,20.71,20.79,19.88,20.84
2023-09-14T23:00:00-05:00,20.6,20.67,19.34,20.73
2023-09-14T23:15:00-05:00,19.93,19.95,18.72,19.97
2023-09-14T23:30:00-05:00,19.75,19.77,18.73,19.8
2023-09-14T23:45:00-05:00,20.23,20.29,19.65,20.33
2023-09-15T00:00:00-05:00,21.28,21.36,20.81,21.4
2023-09-15T00:15:00-05:00,21.36,21.43,20.9,21.47
2023-09-15T00:30:00-05:00,21.19,21.24,20.78,21.27
2023-09-15T00:45:00-05:00,21.48,21.62,20.87,22.42
2023-09-15T01:00:00-05:00,20.86,21.29,19.71,23.85
2023-09-15T01:15:00-05:00,21.39,21.82,20.14,24.43
2023-09-15T01:30:00-05:00,21.27,21.76,19.87,24.51
2023-09-15T01:45:00-05:00,20.59,21.02,19.52,23.7
2023-09-15T02:00:00-05:00,21.59,22.11,20.22,25.46
2023-09-15T02:15:00-05:00,20.82,21.33,19.43,24.72
2023-09-15T02:30:00-05:00,21.47,21.9,20.32,24.73
2023-09-15T02:45:00-05:00,21.01,21.43,19.87,24.23
2023-09-15T03:00:00-05:00,20.72,21.01,19.87,22.9
2023-09-15T03:15:00-05:00,20.65,21.07,19.46,23.81
2023-09-15T03:30:00-05:00,20.93,21.35,19.67,24.2
2023-09-15T03:45:00-05:00,21.36,21.88,19.91,25.33
2023-09-15T04:00:00-05:00,22.01,22.45,20.82,25.38
2023-09-15T04:15:00-05:00,21.22,21.38,20.81,22.41
2023-09-15T04:30:00-05:00,20.99,20.99,20.99,20.99
2023-09-15T04:45:00-05:00,20.88,20.88,20.88,20.88
2023-09-15T05:00:00-05:00,21.01,21.01,21.01,21.01
2023-09-15T05:15:00-05:00,21.5,21.5,21.5,21.5
2023-09-15T05:30:00-05:00,23.22,23.22,23.22,23.22
2023-09-15T05:45:00-05:00,25.52,25.52,25.52,25.52
2023-09-15T06:00:00-05:00,24.72,24.72,24.72,24.72
2023-09-15T06:15:00-05:00,23.97,23.97,23.97,23.97
2023-09-15T06:30:00-05:00,26.11,26.11,26.11,26.11
2023-09-15T06:45:00-05:00,26.52,26.67,26.11,27.68
2023-09-15T07:00:00-05:00,26.36,26.84,25.12,29.95
2023-09-15T07:15:00-05:00,38.03,38.73,36.37,43.38
2023-09-15T07:30:00-05:00,26.74,27.22,25.64,30.44
2023-09-15T07:45:00-05:00,25.84,26.48,24.36,30.89
2023-09-15T08:00:00-05:00,25.76,26.23,24.67,29.49
2023-09-15T08:15:00-05:00,25.19,25.2,25.17,25.25
2023-09-15T08:30:00-05:00,24.76,24.76,24.76,24.76
2023-09-15T08:45:00-05:00,24.2,24.2,24.2,24.2
2023-09-15T09:00:00-05:00,23.74,23.74,23.74,23.74
2023-09-15T09:15:00-05:00,22.41,22.41,22.41,22.41
2023-09-15T09:30:00-05:00,22.09,22.09,22.09,22.09
2023-09-15T09:45:00-05:00,23.3,23.3,23.3,23.3
2023-09-15T10:00:00-05:00,23.19,23.19,23.19,23.19
2023-09-15T10:15:00-05:00,22.79,22.79,22.79,22.79
2023-09-15T10:30:00-05:00,22.9,22.9,22.9,22.9
2023-09-15T10:45:00-05:00,24.74,24.74,24.74,24.74
2023-09-15T11:00:00-05:00,25.74,25.74,25.74,25.74
2023-09-15T11:15:00-05:00,25.2,25.2,25.2,25.2
2023-09-15T11:30:00-05:00,26.39,26.39,26.39,26.39
2023-09-15T11:45:00-05:00,30.11,30.11,30.11,30.11
2023-09-15T12:00:00-05:00,40.72,32.35,38.92,34.86
2023-09-15T12:15:00-05:00,44.41,33.41,42.06,36.76
2023-09-15T12:30:00-05:00,57.65,49.72,55.96,52.15
2023-09-15T12:45:00-05:00,54.36,40.55,51.41,44.72
2023-09-15T13:00:00-05:00,31.64,31.48,32.27,31.54
2023-09-15T13:15:00-05:00,35.22,31.54,35.26,32.67
2023-09-15T13:30:00-05:00,27.75,27.75,27.76,27.75
2023-09-15T13:45:00-05:00,55.22,41.06,52.41,45.49
2023-09-15T14:00:00-05:00,370.66,342.58,367.17,352.25
2023-09-15T14:15:00-05:00,51.35,47.36,50.69,48.67
2023-09-15T14:30:00-05:00,38.17,31.98,36.95,33.96
2023-09-15T14:45:00-05:00,41.02,41.04,41.14,41.08
2023-09-15T15:00:00-05:00,29.17,29.17,29.19,29.18
2023-09-15T15:15:00-05:00,30.28,30.29,30.31,30.3
2023-09-15T15:30:00-05:00,54.38,54.43,54.59,54.5
2023-09-15T15:45:00-05:00,28.18,28.22,28.34,28.26
2023-09-15T16:00:00-05:00,28.03,28.05,28.11,28.08
2023-09-15T16:15:00-05:00,27.9,27.9,27.9,27.9
2023-09-15T16:30:00-05:00,34.48,34.48,34.48,34.48
2023-09-15T16:45:00-05:00,58.53,58.53,58.53,58.53
2023-09-15T17:00:00-05:00,65.37,65.54,70.03,65.68
2023-09-15T17:15:00-05:00,46.99,47.13,53.32,47.2
2023-09-15T17:30:00-05:00,63.35,63.33,63.05,63.32
2023-09-15T17:45:00-05:00,59.56,59.54,59.3,59.54
2023-09-15T18:00:00-05:00,28.9,28.89,28.68,28.89
2023-09-15T18:15:00-05:00,51.04,50.91,47.28,50.89
2023-09-15T18:30:00-05:00,35.61,36.58,27.34,37.49
2023-09-15T18:45:00-05:00,65.76,70.25,44.27,72.92
2023-09-15T19:00:00-05:00,48.41,49.9,31.36,59.26
2023-09-15T19:15:00-05:00,56.69,39.11,53.18,199.5
2023-09-15T19:30:00-05:00,37.53,30.93,35.06,95.39
2023-09-15T19:45:00-05:00,37.71,26.66,42.94,122.69
2023-09-15T20:00:00-05:00,28.9,24.46,32.83,60.41
2023-09-15T20:15:00-05:00,26.91,22.06,31.14,61.34
2023-09-15T20:30:00-05:00,25.97,21.82,29.4,55.37
2023-09-15T20:45:00-05:00,24.55,21.16,27.48,48.28
2023-09-15T21:00:00-05:00,26.81,23.32,29.51,51.86
2023-09-15T21:15:00-05:00,25.68,23.7,27.38,39.61
2023-09-15T21:30:00-05:00,25.57,23.46,27.38,40.49
2023-09-15T21:45:00-05:00,23.58,21.31,25.52,39.69
2023-09-15T22:00:00-05:00,24.25,23.62,24.78,28.67
2023-09-15T22:15:00-05:00,23.86,23.86,23.87,23.88
2023-09-15T22:30:00-05:00,23.92,23.9,20.7,28.76
2023-09-15T22:45:00-05:00,23.93,24.28,21.48,24.64
2023-09-15T23:00:00-05:00,24.28,23.66,24.4,29.26
2023-09-15T23:15:00-05:00,24.33,22.12,26.21,40.19
2023-09-15T23:30:00-05:00,23.84,22.32,25.13,34.76
2023-09-15T23:45:00-05:00,23.1,22.21,23.85,29.45
2023-09-16T00:00:00-05:00,22.9,22.87,22.92,23.08
2023-09-16T00:15:00-05:00,23.36,23.36,23.36,23.36
2023-09-16T00:30:00-05:00,22.55,22.55,22.55,22.55
2023-09-16T00:45:00-05:00,22.36,22.36,22.36,22.36
2023-09-16T01:00:00-05:00,21.98,22.12,21.66,22.96
2023-09-16T01:15:00-05:00,21.62,22.07,20.61,24.78
2023-09-16T01:30:00-05:00,21.78,22.22,20.76,24.94
2023-09-16T01:45:00-05:00,21.69,22.14,20.69,24.85
2023-09-16T02:00:00-05:00,21.83,22.27,20.82,25.0
2023-09-16T02:15:00-05:00,21.08,21.51,20.02,24.19
2023-09-16T02:30:00-05:00,20.76,21.2,19.67,23.89
2023-09-16T02:45:00-05:00,20.97,21.38,20.05,23.92
2023-09-16T03:00:00-05:00,20.76,20.77,20.74,20.82
2023-09-16T03:15:00-05:00,20.26,20.26,20.26,20.26
2023-09-16T03:30:00-05:00,20.43,20.43,20.43,20.43
2023-09-16T03:45:00-05:00,19.98,19.98,19.98,19.98
2023-09-16T04:00:00-05:00,19.89,19.89,19.89,19.89
2023-09-16T04:15:00-05:00,20.41,20.41,20.41,20.41
2023-09-16T04:30:00-05:00,19.82,19.82,19.82,19.82
2023-09-16T04:45:00-05:00,18.84,18.84,18.84,18.84
2023-09-16T05:00:00-05:00,19.16,19.16,19.16,19.16
2023-09-16T05:15:00-05:00,18.5,18.5,18.5,18.5
2023-09-16T05:30:00-05:00,18.55,18.55,18.55,18.55
2023-09-16T05:45:00-05:00,18.34,18.34,18.34,18.34
2023-09-16T06:00:00-05:00,17.94,17.94,17.94,17.94
2023-09-16T06:15:00-05:00,17.78,17.78,17.78,17.78
2023-09-16T06:30:00-05:00,17.59,17.59,17.59,17.59
2023-09-16T06:45:00-05:00,17.68,18.21,19.42,56.63
2023-09-16T07:00:00-05:00,17.91,18.31,17.7,46.29
2023-09-16T07:15:00-05:00,18.17,19.02,17.41,46.08
2023-09-16T07:30:00-05:00,18.41,19.27,17.54,40.67
2023-09-16T07:45:00-05:00,17.9,18.24,17.49,22.12
2023-09-16T08:00:00-05:00,17.99,18.52,17.37,24.45
2023-09-16T08:15:00-05:00,18.82,19.16,18.42,23.04
2023-09-16T08:30:00-05:00,18.8,19.51,17.96,27.51
2023-09-16T08:45:00-05:00,19.9,20.21,19.54,23.7
2023-09-16T09:00:00-05:00,20.66,20.66,20.66,20.66
2023-09-16T09:15:00-05:00,20.54,20.54,20.54,20.54
2023-09-16T09:30:00-05:00,20.42,20.47,20.35,20.33
2023-09-16T09:45:00-05:00,20.57,20.61,20.5,20.48
2023-09-16T10:00:00-05:00,20.73,21.32,20.19,20.17
2023-09-16T10:15:00-05:00,22.3,23.08,21.62,21.62
2023-09-16T10:30:00-05:00,24.51,24.51,24.5,24.5
2023-09-16T10:45:00-05:00,25.19,25.19,25.19,25.19
2023-09-16T11:00:00-05:00,26.69,26.69,26.69,26.69
2023-09-16T11:15:00-05:00,28.18,28.18,28.18,28.18
2023-09-16T11:30:00-05:00,46.6,46.6,46.6,46.6
2023-09-16T11:45:00-05:00,48.56,48.56,48.56,48.56
2023-09-16T12:00:00-05:00,26.46,26.46,26.46,26.46
2023-09-16T12:15:00-05:00,28.93,27.28,28.55,27.71
2023-09-16T12:30:00-05:00,33.12,29.38,32.27,30.35
2023-09-16T12:45:00-05:00,33.35,28.92,32.35,30.09
2023-09-16T13:00:00-05:00,47.6,34.24,44.56,37.72
2023-09-16T13:15:00-05:00,41.75,32.18,39.65,34.75
2023-09-16T13:30:00-05:00,34.44,29.07,33.27,30.52
2023-09-16T13:45:00-05:00,37.92,29.73,36.14,31.95
2023-09-16T14:00:00-05:00,25.72,24.83,25.52,25.07
2023-09-16T14:15:00-05:00,24.78,24.78,24.78,24.78
2023-09-16T14:30:00-05:00,24.43,24.43,24.43,24.43
2023-09-16T14:45:00-05:00,23.49,23.49,23.49,23.49
2023-09-16T15:00:00-05:00,22.43,22.43,22.43,22.43
2023-09-16T15:15:00-05:00,23.03,23.03,23.03,23.03
2023-09-16T15:30:00-05:00,23.56,23.56,23.56,23.56
2023-09-16T15:45:00-05:00,24.22,24.22,24.22,24.22
2023-09-16T16:00:00-05:00,24.45,24.45,24.45,24.45
2023-09-16T16:15:00-05:00,25.78,25.78,25.78,25.78
2023-09-16T16:30:00-05:00,25.28,25.28,25.28,25.28
2023-09-16T16:45:00-05:00,23.98,23.98,23.98,23.98
2023-09-16T17:00:00-05:00,23.52,23.52,23.52,23.52
2023-09-16T17:15:00-05:00,23.81,23.81,23.81,23.81
2023-09-16T17:30:00-05:00,24.44,24.44,24.44,24.44
2023-09-16T17:45:00-05:00,24.05,24.05,24.05,24.05
2023-09-16T18:00:00-05:00,23.68,23.68,23.68,23.68
2023-09-16T18:15:00-05:00,24.65,24.65,24.65,24.65
2023-09-16T18:30:00-05:00,25.53,25.53,25.53,25.53
2023-09-16T18:45:00-05:00,31.28,31.28,31.28,31.28
2023-09-16T19:00:00-05:00,60.44,60.44,60.44,60.44
2023-09-16T19:15:00-05:00,47.52,47.52,47.52,47.52
2023-09-16T19:30:00-05:00,42.24,32.62,50.84,109.65
2023-09-16T19:45:00-05:00,32.39,26.99,37.21,70.12
2023-09-16T20:00:00-05:00,28.41,26.78,29.86,39.78
2023-09-16T20:15:00-05:00,26.57,24.98,27.98,37.7
2023-09-16T20:30:00-05:00,25.92,24.61,26.7,38.74
2023-09-16T20:45:00-05:00,25.68,24.42,26.32,39.29
2023-09-16T21:00:00-05:00,28.39,24.34,30.93,66.96
2023-09-16T21:15:00-05:00,29.8,25.69,32.36,69.19
2023-09-16T21:30:00-05:00,30.92,26.89,33.39,69.84
2023-09-16T21:45:00-05:00,28.78,24.98,31.1,65.73
2023-09-16T22:00:00-05:00,34.53,33.02,34.88,54.53
2023-09-16T22:15:00-05:00,37.72,37.34,37.1,49.47
2023-09-16T22:30:00-05:00,31.39,30.85,30.84,45.01
2023-09-16T22:45:00-05:00,28.75,28.36,27.78,44.03
2023-09-16T23:00:00-05:00,29.97,29.82,28.86,56.4
2023-09-16T23:15:00-05:00,28.14,28.29,27.08,42.97
2023-09-16T23:30:00-05:00,27.98,27.54,27.56,46.79
2023-09-16T23:45:00-05:00,26.74,26.84,25.9,33.41
2023-09-17T00:00:00-05:00,28.15,26.87,28.34,69.67
2023-09-17T00:15:00-05:00,27.48,26.52,27.47,42.52
2023-09-17T00:30:00-05:00,27.88,25.27,29.19,56.39
2023-09-17T00:45:00-05:00,27.36,25.47,27.91,51.96
2023-09-17T01:00:00-05:00,26.61,26.13,25.97,40.6
2023-09-17T01:15:00-05:00,26.04,26.35,24.74,33.87
2023-09-17T01:30:00-05:00,24.91,24.86,24.22,32.42
2023-09-17T01:45:00-05:00,24.95,24.15,24.46,42.78
2023-09-17T02:00:00-05:00,25.67,23.43,26.26,55.8
2023-09-17T02:15:00-05:00,24.72,23.59,24.61,44.01
2023-09-17T02:30:00-05:00,24.2,22.2,24.3,55.36
2023-09-17T02:45:00-05:00,24.2,23.42,23.65,42.33
2023-09-17T03:00:00-05:00,24.54,23.67,23.53,48.96
2023-09-17T03:15:00-05:00,24.45,24.09,22.82,46.92
2023-09-17T03:30:00-05:00,23.92,23.62,21.68,51.81
2023-09-17T03:45:00-05:00,23.93,24.5,20.53,49.27
2023-09-17T04:00:00-05:00,23.65,23.93,21.0,46.26
2023-09-17T04:15:00-05:00,23.4,23.07,20.36,60.29
2023-09-17T04:30:00-05:00,23.11,22.49,20.7,58.65
2023-09-17T04:45:00-05:00,23.0,23.76,19.35,48.48
2023-09-17T05:00:00-05:00,22.83,22.5,19.77,59.8
2023-09-17T05:15:00-05:00,22.94,24.26,18.52,47.74
2023-09-17T05:30:00-05:00,22.99,22.54,23.37,44.95
2023-09-17T05:45:00-05:00,22.38,22.05,23.24,27.91
2023-09-17T06:00:00-05:00,22.56,22.55,22.56,22.6
2023-09-17T06:15:00-05:00,22.56,22.56,22.56,22.56
2023-09-17T06:30:00-05:00,22.58,22.58,22.58,22.58
2023-09-17T06:45:00-05:00,22.41,22.41,22.41,22.41
2023-09-17T07:00:00-05:00,21.66,21.66,21.63,21.66
2023-09-17T07:15:00-05:00,21.69,21.29,22.72,28.39
2023-09-17T07:30:00-05:00,21.78,21.19,23.27,31.49
2023-09-17T07:45:00-05:00,21.08,20.7,22.07,27.47
2023-09-17T08:00:00-05:00,20.41,20.41,20.42,20.45
2023-09-17T08:15:00-05:00,19.11,19.11,19.11,19.11
2023-09-17T08:30:00-05:00,18.38,18.38,18.38,18.38
2023-09-17T08:45:00-05:00,17.54,17.54,17.54,17.54
2023-09-17T09:00:00-05:00,17.4,17.4,17.4,17.4
2023-09-17T09:15:00-05:00,17.1,17.1,17.1,17.1
2023-09-17T09:30:00-05:00,17.19,17.19,17.19,17.19
2023-09-17T09:45:00-05:00,17.63,17.63,17.63,17.63
2023-09-17T10:00:00-05:00,18.11,18.11,18.11,18.11
2023-09-17T10:15:00-05:00,18.62,18.62,18.62,18.62
2023-09-17T10:30:00-05:00,19.13,19.13,19.13,19.13
2023-09-17T10:45:00-05:00,20.4,20.4,20.4,20.4
2023-09-17T11:00:00-05:00,22.31,22.31,22.31,22.31
2023-09-17T11:15:00-05:00,22.71,22.71,22.71,22.71
2023-09-17T11:30:00-05:00,22.85,22.85,22.85,22.85
2023-09-17T11:45:00-05:00,23.07,23.07,23.07,23.07
2023-09-17T12:00:00-05:00,24.52,24.52,24.52,24.52
2023-09-17T12:15:00-05:00,24.67,24.67,24.67,24.67
2023-09-17T12:30:00-05:00,25.02,25.02,25.02,25.02
2023-09-17T12:45:00-05:00,25.04,25.04,25.04,25.04
2023-09-17T13:00:00-05:00,25.74,25.74,25.74,25.74
2023-09-17T13:15:00-05:00,27.02,27.02,27.02,27.02
2023-09-17T13:30:00-05:00,29.69,29.69,29.69,29.69
2023-09-17T13:45:00-05:00,64.02,64.02,64.02,64.02
2023-09-17T14:00:00-05:00,27.2,27.2,27.2,27.2
2023-09-17T14:15:00-05:00,26.62,26.62,26.62,26.62
2023-09-17T14:30:00-05:00,26.13,26.13,26.13,26.13
2023-09-17T14:45:00-05:00,27.7,27.7,27.7,27.7
2023-09-17T15:00:00-05:00,33.15,33.15,33.15,33.15
2023-09-17T15:15:00-05:00,51.99,51.99,51.99,51.99
2023-09-17T15:30:00-05:00,39.01,39.01,39.01,39.01
2023-09-17T15:45:00-05:00,44.39,44.39,44.39,44.39
2023-09-17T16:00:00-05:00,27.62,27.62,27.62,27.62
2023-09-17T16:15:00-05:00,29.88,29.88,29.88,29.88
2023-09-17T16:30:00-05:00,35.14,35.14,35.14,35.14
2023-09-17T16:45:00-05:00,67.88,67.88,67.88,67.88
2023-09-17T17:00:00-05:00,46.23,46.23,46.23,46.23
2023-09-17T17:15:00-05:00,55.73,55.78,55.94,55.84
2023-09-17T17:30:00-05:00,37.18,37.19,37.24,37.21
2023-09-17T17:45:00-05:00,33.93,33.93,33.94,33.94
2023-09-17T18:00:00-05:00,80.63,80.63,80.63,80.63
2023-09-17T18:15:00-05:00,77.61,77.7,77.98,77.82
2023-09-17T18:30:00-05:00,506.48,507.35,510.05,508.52
2023-09-17T18:45:00-05:00,1258.38,1259.77,1264.07,1261.62
2023-09-17T19:00:00-05:00,96.25,96.37,96.77,96.54
2023-09-17T19:15:00-05:00,75.97,76.05,76.29,76.15
2023-09-17T19:30:00-05:00,75.89,75.98,76.26,76.1
2023-09-17T19:45:00-05:00,75.24,75.25,75.31,75.28
2023-09-17T20:00:00-05:00,68.2,68.23,68.32,68.27
2023-09-17T20:15:00-05:00,104.41,45.5,158.66,520.91
2023-09-17T20:30:00-05:00,27.53,27.48,27.58,27.92
2023-09-17T20:45:00-05:00,27.22,26.63,27.75,31.49
2023-09-17T21:00:00-05:00,28.15,27.59,28.66,32.14
2023-09-17T21:15:00-05:00,27.1,27.1,27.1,27.12
2023-09-17T21:30:00-05:00,28.44,26.17,30.47,44.7
2023-09-17T21:45:00-05:00,28.53,23.74,32.8,62.91
2023-09-17T22:00:00-05:00,29.39,22.6,35.42,78.12
2023-09-17T22:15:00-05:00,25.8,21.55,29.56,56.34
2023-09-17T22:30:00-05:00,24.97,22.88,26.82,40.08
2023-09-17T22:45:00-05:00,23.4,22.79,23.95,27.84
2023-09-17T23:00:00-05:00,23.98,23.98,23.98,24.01
2023-09-17T23:15:00-05:00,23.56,23.56,23.56,23.56
2023-09-17T23:30:00-05:00,23.08,23.08,23.08,23.08
2023-09-17T23:45:00-05:00,22.61,22.61,22.61,22.61
2023-09-18T00:00:00-05:00,21.98,21.98,21.98,21.98
2023-09-18T00:15:00-05:00,21.47,21.47,21.47,21.47
2023-09-18T00:30:00-05:00,21.47,21.47,21.47,21.47
2023-09-18T00:45:00-05:00,21.27,21.27,21.27,21.27
2023-09-18T01:00:00-05:00,21.04,21.04,21.04,21.04
2023-09-18T01:15:00-05:00,20.16,20.16,20.16,20.16
2023-09-18T01:30:00-05:00,19.61,19.61,19.61,19.61
2023-09-18T01:45:00-05:00,18.75,18.75,18.75,18.75
2023-09-18T02:00:00-05:00,17.83,17.83,17.83,17.83
2023-09-18T02:15:00-05:00,17.54,17.54,17.54,17.54
2023-09-18T02:30:00-05:00,17.09,17.09,17.09,17.09
2023-09-18T02:45:00-05:00,16.88,16.88,16.88,16.88
2023-09-18T03:00:00-05:00,16.88,16.88,16.88,16.88
2023-09-18T03:15:00-05:00,16.42,16.42,16.42,16.42
2023-09-18T03:30:00-05:00,15.97,15.97,15.97,15.97
2023-09-18T03:45:00-05:00,15.95,15.95,15.95,15.95
2023-09-18T04:00:00-05:00,15.66,15.66,15.66,15.66
2023-09-18T04:15:00-05:00,15.48,15.48,15.48,15.48
2023-09-18T04:30:00-05:00,15.26,15.26,15.26,15.26
2023-09-18T04:45:00-05:00,15.39,15.39,15.39,15.39
2023-09-18T05:00:00-05:00,16.23,16.23,16.23,16.23
2023-09-18T05:15:00-05:00,16.11,16.11,16.11,16.11
2023-09-18T05:30:00-05:00,15.81,15.81,15.81,15.81
2023-09-18T05:45:00-05:00,16.54,16.54,16.54,16.54
2023-09-18T06:00:00-05:00,17.79,17.79,17.79,17.79
2023-09-18T06:15:00-05:00,18.51,18.51,18.51,18.51
2023-09-18T06:30:00-05:00,19.07,19.07,19.07,19.07
2023-09-18T06:45:00-05:00,18.7,18.7,18.7,18.7
2023-09-18T07:00:00-05:00,18.92,18.92,18.92,18.92
2023-09-18T07:15:00-05:00,18.37,18.37,18.37,18.37
2023-09-18T07:30:00-05:00,17.96,17.96,17.96,17.96
2023-09-18T07:45:00-05:00,17.21,17.21,17.21,17.21
2023-09-18T08:00:00-05:00,16.73,16.73,16.73,16.73
2023-09-18T08:15:00-05:00,15.36,15.36,15.36,15.36
2023-09-18T08:30:00-05:00,13.34,13.34,13.34,13.34
2023-09-18T08:45:00-05:00,12.96,12.96,12.96,12.96
2023-09-18T09:00:00-05:00,14.27,14.27,14.27,14.27
2023-09-18T09:15:00-05:00,15.19,15.19,15.19,15.19
2023-09-18T09:30:00-05:00,15.62,15.62,15.62,15.62
2023-09-18T09:45:00-05:00,15.84,15.81,16.13,15.79
2023-09-18T10:00:00-05:00,15.99,15.87,17.41,15.75
2023-09-18T10:15:00-05:00,15.62,15.48,17.15,15.36
2023-09-18T10:30:00-05:00,16.02,15.88,17.6,15.74
2023-09-18T10:45:00-05:00,16.77,16.5,18.62,16.22
2023-09-18T11:00:00-05:00,17.78,16.89,18.79,15.94
2023-09-18T11:15:00-05:00,18.54,17.55,19.81,16.44
2023-09-18T11:30:00-05:00,18.45,19.05,18.86,19.51
2023-09-18T11:45:00-05:00,18.56,21.55,18.3,24.19
2023-09-18T12:00:00-05:00,19.96,24.55,19.23,28.86
2023-09-18T12:15:00-05:00,20.9,25.84,20.01,30.67
2023-09-18T12:30:00-05:00,21.45,26.76,20.49,32.17
2023-09-18T12:45:00-05:00,21.13,26.14,20.22,31.39
2023-09-18T13:00:00-05:00,21.56,26.63,20.64,32.14
2023-09-18T13:15:00-05:00,22.61,27.51,21.73,33.01
2023-09-18T13:30:00-05:00,23.11,27.03,22.4,31.61
2023-09-18T13:45:00-05:00,24.59,26.22,24.3,28.14
2023-09-18T14:00:00-05:00,24.93,25.08,24.9,25.26
2023-09-18T14:15:00-05:00,26.56,29.78,25.97,33.96
2023-09-18T14:30:00-05:00,26.05,30.85,25.2,37.86
2023-09-18T14:45:00-05:00,34.07,34.16,34.06,34.29
2023-09-18T15:00:00-05:00,26.82,26.82,26.82,26.82
2023-09-18T15:15:00-05:00,27.93,27.93,27.93,27.93
2023-09-18T15:30:00-05:00,29.19,29.19,29.19,29.19
2023-09-18T15:45:00-05:00,28.76,28.76,28.76,28.76
2023-09-18T16:00:00-05:00,30.02,30.42,31.17,30.98
2023-09-18T16:15:00-05:00,47.72,49.21,55.37,52.51
2023-09-18T16:30:00-05:00,54.85,56.57,63.78,60.35
2023-09-18T16:45:00-05:00,29.95,30.7,33.48,32.08
2023-09-18T17:00:00-05:00,26.17,26.84,24.96,26.64
2023-09-18T17:15:00-05:00,27.97,28.31,26.52,27.92
2023-09-18T17:30:00-05:00,29.32,29.58,28.12,29.25
2023-09-18T17:45:00-05:00,40.61,41.87,39.01,41.75
2023-09-18T18:00:00-05:00,48.02,51.81,50.96,54.6
2023-09-18T18:15:00-05:00,67.97,75.21,74.43,80.84
2023-09-18T18:30:00-05:00,66.35,73.1,72.05,87.67
2023-09-18T18:45:00-05:00,61.07,65.68,64.32,96.68
2023-09-18T19:00:00-05:00,49.59,54.62,59.58,67.92
2023-09-18T19:15:00-05:00,61.81,66.08,65.01,99.59
2023-09-18T19:30:00-05:00,45.86,46.63,64.33,76.2
2023-09-18T19:45:00-05:00,29.45,30.77,48.39,55.97
2023-09-18T20:00:00-05:00,29.12,30.27,48.28,58.05
2023-09-18T20:15:00-05:00,26.69,26.1,35.24,46.75
2023-09-18T20:30:00-05:00,25.25,22.4,27.4,65.33
2023-09-18T20:45:00-05:00,24.06,21.46,25.92,57.51
2023-09-18T21:00:00-05:00,24.54,21.49,27.0,66.38
2023-09-18T21:15:00-05:00,22.53,20.98,23.61,31.11
2023-09-18T21:30:00-05:00,22.01,20.49,23.07,30.42
2023-09-18T21:45:00-05:00,20.36,18.94,21.34,28.19
2023-09-18T22:00:00-05:00,19.03,17.69,19.95,26.39
2023-09-18T22:15:00-05:00,17.92,16.64,18.79,24.9
2023-09-18T22:30:00-05:00,16.08,14.91,16.87,22.41
2023-09-18T22:45:00-05:00,15.13,14.37,15.64,19.23
2023-09-18T23:00:00-05:00,15.96,15.96,15.96,15.96
2023-09-18T23:15:00-05:00,15.98,15.94,15.76,7.23
2023-09-18T23:30:00-05:00,15.38,15.32,15.05,2.19
2023-09-18T23:45:00-05:00,13.82,13.57,13.73,2.08
2023-09-19T00:00:00-05:00,13.25,12.97,13.22,2.1
2023-09-19T00:15:00-05:00,12.95,12.78,12.81,2.2
2023-09-19T00:30:00-05:00,11.26,11.05,11.21,2.13
2023-09-19T00:45:00-05:00,8.36,8.32,8.21,2.09
2023-09-19T01:00:00-05:00,1.78,1.78,1.78,1.78
2023-09-19T01:15:00-05:00,0.88,0.88,0.89,1.18
2023-09-19T01:30:00-05:00,1.4,1.4,1.41,1.83
2023-09-19T01:45:00-05:00,-0.7,-0.72,-0.68,0.32
2023-09-19T02:00:00-05:00,-0.88,-0.9,-0.86,0.07
2023-09-19T02:15:00-05:00,-1.23,-1.25,-1.21,-0.43
2023-09-19T02:30:00-05:00,-1.17,-1.19,-1.15,-0.34
2023-09-19T02:45:00-05:00,-0.82,-0.83,-0.81,-0.22
2023-09-19T03:00:00-05:00,-1.13,-1.14,-1.11,-0.54
2023-09-19T03:15:00-05:00,-1.51,-1.52,-1.5,-1.32
2023-09-19T03:30:00-05:00,-2.01,-2.03,-2.0,-1.79
2023-09-19T03:45:00-05:00,-2.19,-2.21,-2.18,-1.96
2023-09-19T04:00:00-05:00,-1.89,-1.9,-1.87,-1.67
2023-09-19T04:15:00-05:00,-1.68,-1.69,-1.67,-1.48
2023-09-19T04:30:00-05:00,-0.54,-0.55,-0.54,-0.42
2023-09-19T04:45:00-05:00,1.23,1.23,1.23,1.26
2023-09-19T05:00:00-05:00,12.6,12.6,12.6,12.6
2023-09-19T05:15:00-05:00,14.28,14.28,14.28,14.28
2023-09-19T05:30:00-05:00,14.73,14.73,14.73,14.73
2023-09-19T05:45:00-05:00,15.76,15.76,15.76,15.76
2023-09-19T06:00:00-05:00,17.26,17.26,17.26,17.26
2023-09-19T06:15:00-05:00,18.42,18.38,18.45,20.76
2023-09-19T06:30:00-05:00,19.52,19.28,19.76,36.82
2023-09-19T06:45:00-05:00,21.16,20.24,22.07,86.87
2023-09-19T07:00:00-05:00,20.46,19.84,21.08,62.76
2023-09-19T07:15:00-05:00,19.86,19.23,20.42,65.57
2023-09-19T07:30:00-05:00,19.95,19.43,20.4,57.09
2023-09-19T07:45:00-05:00,18.82,18.64,18.99,32.02
2023-09-19T08:00:00-05:00,18.57,18.33,18.78,35.9
2023-09-19T08:15:00-05:00,17.88,17.8,17.94,22.87
2023-09-19T08:30:00-05:00,17.43,17.48,17.35,17.46
2023-09-19T08:45:00-05:00,15.92,15.71,16.29,15.31
2023-09-19T09:00:00-05:00,16.81,16.16,17.35,15.07
2023-09-19T09:15:00-05:00,17.75,15.39,18.77,14.82
2023-09-19T09:30:00-05:00,17.84,11.78,20.82,4.27
2023-09-19T09:45:00-05:00,17.1,10.7,20.25,2.81
2023-09-19T10:00:00-05:00,17.05,10.54,20.16,2.46
2023-09-19T10:15:00-05:00,16.96,10.97,19.68,3.41
2023-09-19T10:30:00-05:00,16.84,10.56,19.7,2.64
2023-09-19T10:45:00-05:00,16.64,10.3,19.52,2.28
2023-09-19T11:00:00-05:00,18.33,11.19,21.58,2.43
2023-09-19T11:15:00-05:00,19.54,12.03,22.99,2.77
2023-09-19T11:30:00-05:00,20.93,12.96,24.63,3.13
2023-09-19T11:45:00-05:00,20.33,12.6,23.86,3.06
2023-09-19T12:00:00-05:00,20.62,13.42,23.91,4.52
2023-09-19T12:15:00-05:00,23.76,15.44,27.78,5.35
2023-09-19T12:30:00-05:00,25.71,16.87,30.09,6.21
2023-09-19T12:45:00-05:00,25.52,16.59,30.23,5.81
2023-09-19T13:00:00-05:00,24.18,15.7,28.53,5.49
2023-09-19T13:15:00-05:00,25.24,16.57,29.52,6.14
2023-09-19T13:30:00-05:00,28.02,19.05,32.43,8.24
2023-09-19T13:45:00-05:00,26.18,20.97,28.63,14.53
2023-09-19T14:00:00-05:00,24.41,24.5,24.2,24.31
2023-09-19T14:15:00-05:00,25.39,25.57,25.13,25.48
2023-09-19T14:30:00-05:00,25.41,25.5,25.28,25.46
2023-09-19T14:45:00-05:00,24.91,24.79,24.89,24.8
2023-09-19T15:00:00-05:00,28.48,26.73,28.22,26.9
2023-09-19T15:15:00-05:00,28.19,26.31,27.94,26.51
2023-09-19T15:30:00-05:00,26.69,26.15,26.87,26.25
2023-09-19T15:45:00-05:00,27.17,26.14,28.05,26.45
2023-09-19T16:00:00-05:00,25.76,23.78,28.95,24.67
2023-09-19T16:15:00-05:00,28.28,25.76,32.37,26.91
2023-09-19T16:30:00-05:00,26.81,24.89,30.14,26.05
2023-09-19T16:45:00-05:00,27.53,27.27,28.01,27.47
2023-09-19T17:00:00-05:00,26.44,26.44,26.44,26.44
2023-09-19T17:15:00-05:00,29.85,28.95,31.32,29.35
2023-09-19T17:30:00-05:00,22.96,27.26,27.65,27.32
2023-09-19T17:45:00-05:00,25.42,25.42,25.42,25.42
2023-09-19T18:00:00-05:00,25.22,25.22,25.22,25.22
2023-09-19T18:15:00-05:00,28.94,28.94,28.94,28.94
2023-09-19T18:30:00-05:00,28.92,35.08,35.08,35.08
2023-09-19T18:45:00-05:00,37.56,37.58,37.58,37.58
2023-09-19T19:00:00-05:00,38.05,38.3,39.21,38.76
2023-09-19T19:15:00-05:00,34.45,34.47,42.53,68.99
2023-09-19T19:30:00-05:00,30.98,28.86,43.28,128.12
2023-09-19T19:45:00-05:00,26.88,22.62,31.61,104.01
2023-09-19T20:00:00-05:00,29.92,26.85,33.03,96.97
2023-09-19T20:15:00-05:00,25.93,24.19,27.84,77.16
2023-09-19T20:30:00-05:00,23.14,23.66,23.0,48.34
2023-09-19T20:45:00-05:00,24.1,23.89,24.7,64.44
2023-09-19T21:00:00-05:00,24.31,23.93,24.99,59.99
2023-09-19T21:15:00-05:00,23.65,22.79,24.7,58.66
2023-09-19T21:30:00-05:00,22.38,21.21,23.56,48.66
2023-09-19T21:45:00-05:00,22.09,21.42,22.99,58.25
2023-09-19T22:00:00-05:00,21.31,21.08,21.74,42.99
2023-09-19T22:15:00-05:00,21.71,21.41,22.13,38.65
2023-09-19T22:30:00-05:00,21.67,21.5,21.89,31.39
2023-09-19T22:45:00-05:00,20.41,20.29,20.58,28.38
2023-09-19T23:00:00-05:00,20.24,20.08,20.46,31.01
2023-09-19T23:15:00-05:00,19.74,19.61,19.96,30.3
2023-09-19T23:30:00-05:00,17.75,17.63,17.94,27.4
2023-09-19T23:45:00-05:00,17.12,17.0,17.3,26.51
2023-09-20T00:00:00-05:00,17.41,17.37,17.48,20.76
2023-09-20T00:15:00-05:00,17.05,16.91,17.24,26.5
2023-09-20T00:30:00-05:00,16.4,16.26,16.58,25.52
2023-09-20T00:45:00-05:00,14.44,14.35,14.56,20.4
2023-09-20T01:00:00-05:00,14.7,14.7,14.7,14.83
2023-09-20T01:15:00-05:00,14.94,14.88,15.02,18.94
2023-09-20T01:30:00-05:00,14.73,14.65,14.83,19.9
2023-09-20T01:45:00-05:00,14.7,14.65,14.77,17.88
2023-09-20T02:00:00-05:00,14.6,14.52,14.69,19.42
2023-09-20T02:15:00-05:00,14.34,14.29,14.4,17.47
2023-09-20T02:30:00-05:00,12.21,12.18,12.26,14.52
2023-09-20T02:45:00-05:00,11.75,11.72,11.79,13.58
2023-09-20T03:00:00-05:00,12.35,12.35,12.35,12.35
2023-09-20T03:15:00-05:00,11.72,11.72,11.72,11.72
2023-09-20T03:30:00-05:00,13.35,13.35,13.35,13.35
2023-09-20T03:45:00-05:00,14.3,14.3,14.3,14.3
2023-09-20T04:00:00-05:00,15.8,15.8,15.8,15.8
2023-09-20T04:15:00-05:00,16.36,16.36,16.36,16.36
2023-09-20T04:30:00-05:00,16.39,16.39,16.39,16.39
2023-09-20T04:45:00-05:00,16.64,16.64,16.64,16.64
2023-09-20T05:00:00-05:00,16.79,16.79,16.79,16.79
2023-09-20T05:15:00-05:00,17.12,17.12,17.12,17.12
2023-09-20T05:30:00-05:00,17.82,17.82,17.82,17.82
2023-09-20T05:45:00-05:00,18.02,18.02,18.02,18.02
2023-09-20T06:00:00-05:00,18.49,18.49,18.49,18.49
2023-09-20T06:15:00-05:00,19.18,19.18,19.18,19.18
2023-09-20T06:30:00-05:00,20.12,20.12,20.12,20.12
2023-09-20T06:45:00-05:00,21.21,21.21,21.21,21.21
2023-09-20T07:00:00-05:00,21.91,21.91,21.91,21.91
2023-09-20T07:15:00-05:00,21.9,21.9,21.9,21.9
2023-09-20T07:30:00-05:00,21.01,21.01,21.01,21.01
2023-09-20T07:45:00-05:00,19.61,19.61,19.61,19.61
2023-09-20T08:00:00-05:00,18.4,18.4,18.4,18.4
2023-09-20T08:15:00-05:00,17.3,17.3,17.3,17.3
2023-09-20T08:30:00-05:00,17.04,17.04,17.04,17.04
2023-09-20T08:45:00-05:00,17.08,17.14,17.01,17.11
2023-09-20T09:00:00-05:00,17.31,17.37,17.22,17.34
2023-09-20T09:15:00-05:00,17.82,18.0,17.56,17.9
2023-09-20T09:30:00-05:00,18.46,18.59,18.29,18.52
2023-09-20T09:45:00-05:00,18.68,18.8,18.5,18.74
2023-09-20T10:00:00-05:00,18.99,19.06,18.88,19.02
2023-09-20T10:15:00-05:00,19.12,19.24,18.92,19.17
2023-09-20T10:30:00-05:00,20.05,19.41,19.6,19.46
2023-09-20T10:45:00-05:00,22.78,21.71,21.98,21.77
2023-09-20T11:00:00-05:00,22.97,22.45,22.4,22.44
2023-09-20T11:15:00-05:00,24.69,24.77,24.57,24.73
2023-09-20T11:30:00-05:00,24.78,24.5,24.65,24.54
2023-09-20T11:45:00-05:00,27.23,23.08,25.18,23.49
2023-09-20T12:00:00-05:00,25.95,25.79,25.87,25.8
2023-09-20T12:15:00-05:00,27.04,27.04,27.04,27.04
2023-09-20T12:30:00-05:00,27.14,27.14,27.14,27.14
2023-09-20T12:45:00-05:00,22.94,29.11,29.11,29.11
2023-09-20T13:00:00-05:00,29.31,29.31,29.31,29.31
2023-09-20T13:15:00-05:00,36.42,36.42,36.42,36.42
2023-09-20T13:30:00-05:00,58.46,58.46,58.46,58.46
2023-09-20T13:45:00-05:00,39.01,39.01,39.01,39.01
2023-09-20T14:00:00-05:00,29.94,29.94,29.94,29.94
2023-09-20T14:15:00-05:00,29.89,29.89,29.88,29.89
2023-09-20T14:30:00-05:00,28.79,28.79,28.75,28.78
2023-09-20T14:45:00-05:00,33.88,33.87,33.74,33.85
2023-09-20T15:00:00-05:00,50.14,50.11,49.72,50.03
2023-09-20T15:15:00-05:00,64.96,64.9,64.27,64.77
2023-09-20T15:30:00-05:00,42.2,42.19,42.01,42.15
2023-09-20T15:45:00-05:00,37.41,38.57,39.89,39.08
2023-09-20T16:00:00-05:00,61.37,63.0,71.68,67.23
2023-09-20T16:15:00-05:00,69.76,72.57,85.08,78.73
2023-09-20T16:30:00-05:00,72.89,76.52,91.57,84.07
2023-09-20T16:45:00-05:00,69.59,73.15,88.09,80.62
2023-09-20T17:00:00-05:00,66.51,70.05,85.14,77.52
2023-09-20T17:15:00-05:00,65.91,69.49,84.67,76.96
2023-09-20T17:30:00-05:00,69.88,73.51,88.56,80.95
2023-09-20T17:45:00-05:00,200.42,208.05,208.16,212.35
2023-09-20T18:00:00-05:00,133.86,139.16,154.52,146.38
2023-09-20T18:15:00-05:00,297.14,299.13,314.69,315.24
2023-09-20T18:30:00-05:00,147.96,146.83,169.6,169.16
2023-09-20T18:45:00-05:00,411.59,399.76,438.22,457.15
2023-09-20T19:00:00-05:00,165.58,163.85,187.43,189.36
2023-09-20T19:15:00-05:00,150.47,150.5,171.05,170.35
2023-09-20T19:30:00-05:00,95.65,120.23,119.47,126.72
2023-09-20T19:45:00-05:00,80.91,108.38,102.81,105.79
2023-09-20T20:00:00-05:00,63.69,88.68,82.83,79.62
2023-09-20T20:15:00-05:00,47.57,57.6,67.39,82.08
2023-09-20T20:30:00-05:00,35.9,39.68,55.12,65.55
2023-09-20T20:45:00-05:00,36.77,37.3,39.36,66.09
2023-09-20T21:00:00-05:00,36.86,35.77,37.88,65.48
2023-09-20T21:15:00-05:00,33.41,31.63,35.52,62.1
2023-09-20T21:30:00-05:00,27.23,26.98,27.72,33.15
2023-09-20T21:45:00-05:00,26.7,26.51,27.12,31.64
2023-09-20T22:00:00-05:00,27.38,27.12,27.66,31.29
2023-09-20T22:15:00-05:00,26.89,26.84,27.06,38.13
2023-09-20T22:30:00-05:00,26.4,26.67,26.31,39.4
2023-09-20T22:45:00-05:00,24.89,25.14,24.8,37.23
2023-09-20T23:00:00-05:00,24.38,24.58,24.31,34.53
2023-09-20T23:15:00-05:00,24.56,24.64,24.53,28.52
2023-09-20T23:30:00-05:00,24.18,24.18,24.18,24.18
2023-09-20T23:45:00-05:00,22.81,22.87,22.8,25.41
2023-09-21T00:00:00-05:00,26.08,26.21,26.04,32.4
2023-09-21T00:15:00-05:00,25.66,25.84,25.6,34.72
2023-09-21T00:30:00-05:00,23.91,24.02,23.88,29.07
2023-09-21T00:45:00-05:00,22.8,22.97,22.75,30.97
2023-09-21T01:00:00-05:00,21.99,22.0,21.99,22.3
2023-09-21T01:15:00-05:00,20.78,20.78,20.78,20.78
2023-09-21T01:30:00-05:00,20.33,20.33,20.33,20.33
2023-09-21T01:45:00-05:00,19.93,19.93,19.93,19.93
2023-09-21T02:00:00-05:00,20.03,20.1,20.0,23.65
2023-09-21T02:15:00-05:00,19.45,19.56,19.4,25.15
2023-09-21T02:30:00-05:00,18.81,18.92,18.77,24.49
2023-09-21T02:45:00-05:00,18.92,19.12,18.85,29.11
2023-09-21T03:00:00-05:00,18.89,18.96,18.87,22.51
2023-09-21T03:15:00-05:00,19.26,19.28,19.26,20.11
2023-09-21T03:30:00-05:00,19.61,19.62,19.61,19.7
2023-09-21T03:45:00-05:00,20.11,20.26,19.92,21.45
2023-09-21T04:00:00-05:00,20.98,20.99,20.96,21.08
2023-09-21T04:15:00-05:00,22.17,21.33,22.98,35.26
2023-09-21T04:30:00-05:00,21.76,20.6,22.88,38.94
2023-09-21T04:45:00-05:00,21.49,20.63,22.32,34.19
2023-09-21T05:00:00-05:00,22.99,21.85,24.08,39.69
2023-09-21T05:15:00-05:00,23.47,22.49,24.42,37.96
2023-09-21T05:30:00-05:00,25.23,23.59,26.67,59.19
2023-09-21T05:45:00-05:00,23.59,22.62,23.85,55.08
2023-09-21T06:00:00-05:00,23.91,23.39,24.72,50.28
2023-09-21T06:15:00-05:00,25.79,24.75,27.42,51.59
2023-09-21T06:30:00-05:00,28.7,26.29,33.41,95.3
2023-09-21T06:45:00-05:00,26.43,25.2,27.69,46.65
2023-09-21T07:00:00-05:00,26.46,24.57,29.31,60.92
2023-09-21T07:15:00-05:00,25.92,24.29,28.74,58.16
2023-09-21T07:30:00-05:00,25.98,24.38,28.11,57.22
2023-09-21T07:45:00-05:00,26.17,23.81,28.57,61.73
2023-09-21T08:00:00-05:00,25.8,23.1,28.44,64.75
2023-09-21T08:15:00-05:00,25.29,24.03,26.51,43.4
2023-09-21T08:30:00-05:00,25.75,25.34,26.16,31.74
2023-09-21T08:45:00-05:00,26.68,25.92,27.43,37.61
2023-09-21T09:00:00-05:00,26.91,26.9,26.91,26.96
2023-09-21T09:15:00-05:00,24.23,24.23,24.23,24.23
2023-09-21T09:30:00-05:00,26.7,26.7,26.7,26.7
2023-09-21T09:45:00-05:00,28.35,28.35,28.35,28.35
2023-09-21T10:00:00-05:00,26.06,26.06,26.06,26.06
2023-09-21T10:15:00-05:00,25.85,25.93,25.72,25.88
2023-09-21T10:30:00-05:00,27.99,28.0,27.99,28.0
2023-09-21T10:45:00-05:00,26.74,26.74,26.74,26.74
2023-09-21T11:00:00-05:00,23.14,23.14,23.14,23.14
2023-09-21T11:15:00-05:00,23.24,23.24,23.24,23.24
2023-09-21T11:30:00-05:00,24.23,24.23,24.23,24.23
2023-09-21T11:45:00-05:00,24.36,24.36,24.35,24.36
2023-09-21T12:00:00-05:00,31.02,28.28,27.05,28.0
2023-09-21T12:15:00-05:00,49.31,49.18,49.09,49.17
2023-09-21T12:30:00-05:00,79.87,79.87,79.79,79.87
2023-09-21T12:45:00-05:00,53.31,53.31,53.26,53.31
2023-09-21T13:00:00-05:00,61.01,61.02,60.94,61.01
2023-09-21T13:15:00-05:00,63.6,56.98,54.59,56.42
2023-09-21T13:30:00-05:00,83.6,85.53,77.64,83.69
2023-09-21T13:45:00-05:00,126.88,136.53,95.43,126.91
2023-09-21T14:00:00-05:00,108.46,142.03,81.3,114.56
2023-09-21T14:15:00-05:00,83.77,127.86,66.77,93.27
2023-09-21T14:30:00-05:00,105.47,110.93,85.56,114.57
2023-09-21T14:45:00-05:00,120.74,135.83,97.35,142.7
2023-09-21T15:00:00-05:00,31.2,34.98,30.11,34.84
2023-09-21T15:15:00-05:00,71.44,81.79,60.01,85.05
2023-09-21T15:30:00-05:00,111.59,125.82,90.62,132.38
2023-09-21T15:45:00-05:00,57.29,67.3,71.34,75.12
2023-09-21T16:00:00-05:00,76.48,86.69,93.94,93.08
2023-09-21T16:15:00-05:00,57.97,66.86,75.2,79.05
2023-09-21T16:30:00-05:00,47.99,55.09,69.18,63.11
2023-09-21T16:45:00-05:00,36.08,36.22,63.13,44.84
2023-09-21T17:00:00-05:00,31.58,30.12,50.6,45.77
2023-09-21T17:15:00-05:00,33.59,31.98,54.29,48.85
2023-09-21T17:30:00-05:00,37.47,34.3,54.21,51.03
2023-09-21T17:45:00-05:00,32.28,29.75,49.97,44.84
2023-09-21T18:00:00-05:00,31.49,29.38,47.98,45.23
2023-09-21T18:15:00-05:00,62.82,60.24,97.88,94.83
2023-09-21T18:30:00-05:00,40.51,40.29,67.52,67.21
2023-09-21T18:45:00-05:00,81.05,78.21,117.22,120.83
2023-09-21T19:00:00-05:00,46.42,45.94,67.81,75.2
2023-09-21T19:15:00-05:00,44.95,44.57,65.35,73.7
2023-09-21T19:30:00-05:00,46.72,46.23,66.61,75.64
2023-09-21T19:45:00-05:00,38.93,39.04,58.46,65.07
2023-09-21T20:00:00-05:00,38.14,38.25,58.03,63.88
2023-09-21T20:15:00-05:00,31.31,31.42,47.87,52.75
2023-09-21T20:30:00-05:00,31.72,29.36,33.56,42.68
2023-09-21T20:45:00-05:00,27.4,27.36,27.43,27.58
2023-09-21T21:00:00-05:00,27.02,27.02,27.02,27.02
2023-09-21T21:15:00-05:00,26.79,26.79,26.79,26.79
2023-09-21T21:30:00-05:00,25.48,25.48,25.48,25.48
2023-09-21T21:45:00-05:00,24.38,24.38,24.38,24.38
2023-09-21T22:00:00-05:00,25.44,25.48,25.46,25.49
2023-09-21T22:15:00-05:00,25.58,25.58,25.58,25.58
2023-09-21T22:30:00-05:00,24.73,24.73,24.73,24.73
2023-09-21T22:45:00-05:00,22.87,22.87,22.87,22.87
2023-09-21T23:00:00-05:00,23.3,23.3,23.3,23.3
2023-09-21T23:15:00-05:00,22.23,22.23,22.23,22.23
2023-09-21T23:30:00-05:00,22.54,22.54,22.54,22.54
2023-09-21T23:45:00-05:00,21.76,21.76,21.76,21.76
2023-09-22T00:00:00-05:00,22.87,22.87,22.87,22.87
2023-09-22T00:15:00-05:00,21.76,21.76,21.76,21.76
2023-09-22T00:30:00-05:00,21.27,21.49,21.19,32.26
2023-09-22T00:45:00-05:00,21.02,21.24,20.95,32.14
2023-09-22T01:00:00-05:00,20.86,20.93,20.83,24.75
2023-09-22T01:15:00-05:00,20.02,20.02,20.02,20.02
2023-09-22T01:30:00-05:00,18.4,18.4,18.4,18.4
2023-09-22T01:45:00-05:00,17.78,17.78,17.78,17.78
2023-09-22T02:00:00-05:00,17.03,16.14,17.95,34.98
2023-09-22T02:15:00-05:00,17.1,16.03,18.24,40.71
2023-09-22T02:30:00-05:00,16.93,15.87,18.05,40.25
2023-09-22T02:45:00-05:00,16.51,15.46,17.63,39.65
2023-09-22T03:00:00-05:00,16.01,15.37,16.63,25.58
2023-09-22T03:15:00-05:00,15.66,14.53,16.52,23.24
2023-09-22T03:30:00-05:00,15.95,15.15,16.53,19.87
2023-09-22T03:45:00-05:00,16.21,15.77,16.63,22.35
2023-09-22T04:00:00-05:00,16.96,16.07,17.84,30.41
2023-09-22T04:15:00-05:00,16.95,15.78,18.09,34.56
2023-09-22T04:30:00-05:00,16.78,15.76,17.77,32.21
2023-09-22T04:45:00-05:00,16.88,15.51,18.22,37.64
2023-09-22T05:00:00-05:00,19.08,17.1,21.0,49.18
2023-09-22T05:15:00-05:00,18.1,16.5,19.65,42.23
2023-09-22T05:30:00-05:00,18.62,16.71,20.48,47.52
2023-09-22T05:45:00-05:00,18.36,16.7,19.99,43.26
2023-09-22T06:00:00-05:00,18.71,17.37,20.02,38.73
2023-09-22T06:15:00-05:00,19.37,18.63,20.09,30.34
2023-09-22T06:30:00-05:00,20.31,19.87,20.75,26.88
2023-09-22T06:45:00-05:00,20.56,20.11,21.0,27.18
2023-09-22T07:00:00-05:00,21.45,20.74,22.16,32.03
2023-09-22T07:15:00-05:00,21.67,21.18,22.15,28.83
2023-09-22T07:30:00-05:00,20.79,20.4,21.16,26.46
2023-09-22T07:45:00-05:00,20.0,19.84,20.16,22.41
2023-09-22T08:00:00-05:00,19.48,19.48,19.48,19.48
2023-09-22T08:15:00-05:00,19.51,19.51,19.51,19.51
2023-09-22T08:30:00-05:00,19.23,19.23,19.23,19.23
2023-09-22T08:45:00-05:00,18.42,18.42,18.42,18.42
2023-09-22T09:00:00-05:00,18.36,18.36,18.36,18.36
2023-09-22T09:15:00-05:00,18.11,17.59,18.39,16.91
2023-09-22T09:30:00-05:00,18.25,17.25,19.02,2.3
2023-09-22T09:45:00-05:00,18.1,16.36,19.22,1.45
2023-09-22T10:00:00-05:00,19.83,17.19,21.59,1.65
2023-09-22T10:15:00-05:00,21.99,18.31,24.78,2.3
2023-09-22T10:30:00-05:00,24.3,20.11,26.03,1.95
2023-09-22T10:45:00-05:00,27.84,21.98,30.06,2.71
2023-09-22T11:00:00-05:00,71.39,20.08,26.93,2.93
2023-09-22T11:15:00-05:00,96.78,21.46,27.58,3.45
2023-09-22T11:30:00-05:00,95.88,20.83,27.09,4.51
2023-09-22T11:45:00-05:00,27.67,20.72,28.05,5.48
2023-09-22T12:00:00-05:00,27.58,24.33,22.99,16.84
2023-09-22T12:15:00-05:00,27.16,25.81,22.35,23.86
2023-09-22T12:30:00-05:00,26.88,26.06,24.96,25.8
2023-09-22T12:45:00-05:00,26.24,25.45,24.72,25.28
2023-09-22T13:00:00-05:00,28.8,28.15,27.3,27.96
2023-09-22T13:15:00-05:00,37.37,33.67,32.35,33.37
2023-09-22T13:30:00-05:00,70.5,67.99,64.33,67.14
2023-09-22T13:45:00-05:00,47.22,41.23,35.95,40.03
2023-09-22T14:00:00-05:00,48.24,42.93,38.76,42.0
2023-09-22T14:15:00-05:00,40.62,36.87,34.74,36.69
2023-09-22T14:30:00-05:00,43.43,38.23,35.53,40.02
2023-09-22T14:45:00-05:00,59.37,55.41,53.22,60.29
2023-09-22T15:00:00-05:00,51.3,49.74,57.67,54.91
2023-09-22T15:15:00-05:00,38.62,34.66,57.31,38.39
2023-09-22T15:30:00-05:00,136.82,110.29,138.7,120.82
2023-09-22T15:45:00-05:00,61.47,37.54,113.11,48.7
2023-09-22T16:00:00-05:00,45.3,41.62,71.07,46.98
2023-09-22T16:15:00-05:00,67.03,54.03,127.03,65.15
2023-09-22T16:30:00-05:00,82.6,75.21,171.58,80.79
2023-09-22T16:45:00-05:00,60.62,46.98,128.02,58.11
2023-09-22T17:00:00-05:00,36.6,34.57,64.95,38.05
2023-09-22T17:15:00-05:00,38.35,37.33,64.16,40.59
2023-09-22T17:30:00-05:00,32.86,31.95,54.79,33.88
2023-09-22T17:45:00-05:00,36.03,35.01,58.72,36.36
2023-09-22T18:00:00-05:00,59.75,59.45,95.8,59.86
2023-09-22T18:15:00-05:00,92.33,92.19,140.51,92.61
2023-09-22T18:30:00-05:00,157.12,153.09,216.53,170.96
2023-09-22T18:45:00-05:00,236.32,225.52,288.24,265.02
2023-09-22T19:00:00-05:00,231.03,228.03,283.23,242.69
2023-09-22T19:15:00-05:00,138.25,138.35,150.11,137.97
2023-09-22T19:30:00-05:00,72.57,70.88,71.27,76.69
2023-09-22T19:45:00-05:00,37.27,36.68,37.61,39.92
2023-09-22T20:00:00-05:00,32.18,30.17,34.24,63.09
2023-09-22T20:15:00-05:00,27.85,26.06,29.74,57.33
2023-09-22T20:30:00-05:00,25.94,24.67,27.38,55.38
2023-09-22T20:45:00-05:00,25.82,24.82,26.98,52.14
2023-09-22T21:00:00-05:00,25.77,24.86,26.83,51.0
2023-09-22T21:15:00-05:00,25.58,25.1,26.21,46.02
2023-09-22T21:30:00-05:00,23.9,23.84,24.12,38.99
2023-09-22T21:45:00-05:00,23.08,22.84,23.8,33.55
2023-09-22T22:00:00-05:00,23.15,22.89,23.7,33.53
2023-09-22T22:15:00-05:00,24.16,23.33,25.54,40.56
2023-09-22T22:30:00-05:00,23.77,23.01,24.95,41.54
2023-09-22T22:45:00-05:00,22.98,21.9,24.3,46.63
2023-09-22T23:00:00-05:00,23.35,22.95,23.83,38.14
2023-09-22T23:15:00-05:00,22.99,22.64,23.44,38.87
2023-09-22T23:30:00-05:00,22.48,22.1,22.93,35.86
2023-09-22T23:45:00-05:00,21.77,21.74,21.88,31.11
2023-09-23T00:00:00-05:00,21.5,21.52,21.59,30.6
2023-09-23T00:15:00-05:00,21.92,21.61,22.34,39.09
2023-09-23T00:30:00-05:00,22.23,21.92,22.66,39.62
2023-09-23T00:45:00-05:00,21.9,21.24,22.71,37.88
2023-09-23T01:00:00-05:00,21.66,20.97,22.43,28.65
2023-09-23T01:15:00-05:00,21.17,20.6,21.77,21.75
2023-09-23T01:30:00-05:00,21.07,21.0,21.14,21.51
2023-09-23T01:45:00-05:00,20.85,20.6,21.09,24.5
2023-09-23T02:00:00-05:00,20.29,19.79,20.76,27.45
2023-09-23T02:15:00-05:00,19.15,18.39,19.88,30.19
2023-09-23T02:30:00-05:00,18.79,17.7,19.82,34.56
2023-09-23T02:45:00-05:00,18.9,17.75,20.01,38.05
2023-09-23T03:00:00-05:00,18.23,17.46,18.96,29.47
2023-09-23T03:15:00-05:00,18.42,17.44,19.34,32.64
2023-09-23T03:30:00-05:00,18.66,17.59,19.69,34.44
2023-09-23T03:45:00-05:00,18.42,17.38,19.4,33.66
2023-09-23T04:00:00-05:00,18.54,17.6,19.43,32.36
2023-09-23T04:15:00-05:00,17.69,17.11,18.24,26.2
2023-09-23T04:30:00-05:00,17.36,16.83,17.86,25.16
2023-09-23T04:45:00-05:00,17.68,16.99,18.34,27.86
2023-09-23T05:00:00-05:00,17.63,16.66,18.55,31.97
2023-09-23T05:15:00-05:00,18.72,17.74,19.65,33.22
2023-09-23T05:30:00-05:00,18.54,17.48,19.53,34.07
2023-09-23T05:45:00-05:00,18.55,17.51,19.54,33.87
2023-09-23T06:00:00-05:00,18.6,17.2,19.92,39.23
2023-09-23T06:15:00-05:00,18.32,17.12,19.45,35.86
2023-09-23T06:30:00-05:00,18.54,17.14,19.85,39.1
2023-09-23T06:45:00-05:00,18.97,17.55,20.29,39.63
2023-09-23T07:00:00-05:00,19.07,17.65,20.4,39.81
2023-09-23T07:15:00-05:00,19.2,17.7,20.61,41.23
2023-09-23T07:30:00-05:00,19.0,17.59,20.78,46.77
2023-09-23T07:45:00-05:00,19.1,17.7,20.93,47.69
2023-09-23T08:00:00-05:00,18.79,18.48,19.09,23.44
2023-09-23T08:15:00-05:00,18.44,18.44,18.44,18.44
2023-09-23T08:30:00-05:00,17.89,17.89,17.89,17.89
2023-09-23T08:45:00-05:00,17.52,17.52,17.52,17.52
2023-09-23T09:00:00-05:00,18.04,18.04,18.04,18.04
2023-09-23T09:15:00-05:00,17.32,17.32,17.32,17.32
2023-09-23T09:30:00-05:00,17.59,17.65,17.51,17.61
2023-09-23T09:45:00-05:00,19.4,19.52,19.22,19.45
2023-09-23T10:00:00-05:00,21.53,21.67,21.32,21.59
2023-09-23T10:15:00-05:00,23.06,23.22,22.84,23.14
2023-09-23T10:30:00-05:00,22.48,22.63,22.27,22.55
2023-09-23T10:45:00-05:00,24.42,24.58,24.18,24.5
2023-09-23T11:00:00-05:00,24.57,24.81,24.21,24.68
2023-09-23T11:15:00-05:00,31.48,31.79,31.01,31.62
2023-09-23T11:30:00-05:00,43.7,44.14,43.06,43.91
2023-09-23T11:45:00-05:00,27.94,28.22,27.52,28.07
2023-09-23T12:00:00-05:00,26.04,26.13,25.91,26.09
2023-09-23T12:15:00-05:00,41.72,41.9,41.45,41.84
2023-09-23T12:30:00-05:00,90.09,65.39,68.83,66.18
2023-09-23T12:45:00-05:00,53.15,53.18,53.19,53.2
2023-09-23T13:00:00-05:00,26.84,26.84,26.92,26.85
2023-09-23T13:15:00-05:00,64.72,64.88,65.79,65.01
2023-09-23T13:30:00-05:00,64.39,64.51,65.43,64.61
2023-09-23T13:45:00-05:00,63.92,63.99,64.52,64.07
2023-09-23T14:00:00-05:00,37.12,37.14,37.31,37.17
2023-09-23T14:15:00-05:00,38.53,38.55,38.69,38.55
2023-09-23T14:30:00-05:00,46.32,40.0,76.27,42.92
2023-09-23T14:45:00-05:00,49.49,41.17,94.76,45.07
2023-09-23T15:00:00-05:00,72.04,64.66,145.54,68.19
2023-09-23T15:15:00-05:00,83.61,59.84,202.12,70.71
2023-09-23T15:30:00-05:00,69.62,48.33,179.86,58.14
2023-09-23T15:45:00-05:00,114.54,82.11,271.56,97.01
2023-09-23T16:00:00-05:00,138.78,101.77,348.16,118.67
2023-09-23T16:15:00-05:00,109.3,72.12,316.65,89.03
2023-09-23T16:30:00-05:00,152.47,115.52,376.71,132.37
2023-09-23T16:45:00-05:00,85.89,49.92,251.96,66.3
2023-09-23T17:00:00-05:00,62.78,49.79,133.18,55.92
2023-09-23T17:15:00-05:00,76.1,74.85,100.22,75.33
2023-09-23T17:30:00-05:00,129.19,127.7,164.79,127.57
2023-09-23T17:45:00-05:00,313.3,310.69,415.34,309.36
2023-09-23T18:00:00-05:00,454.63,457.85,605.59,457.47
2023-09-23T18:15:00-05:00,396.46,400.35,543.23,399.75
2023-09-23T18:30:00-05:00,810.9,817.28,1092.32,816.36
2023-09-23T18:45:00-05:00,669.72,671.33,880.64,697.12
2023-09-23T19:00:00-05:00,639.11,629.13,840.68,711.43
2023-09-23T19:15:00-05:00,420.21,411.02,529.65,482.89
2023-09-23T19:30:00-05:00,229.86,225.81,266.8,257.56
2023-09-23T19:45:00-05:00,124.32,122.4,142.56,138.14
2023-09-23T20:00:00-05:00,76.72,76.58,92.32,77.63
2023-09-23T20:15:00-05:00,71.5,71.87,74.09,71.85
2023-09-23T20:30:00-05:00,73.83,75.32,73.89,75.31
2023-09-23T20:45:00-05:00,83.03,83.65,82.31,83.53
2023-09-23T21:00:00-05:00,75.12,75.62,74.91,75.56
2023-09-23T21:15:00-05:00,66.82,67.25,67.02,67.28
2023-09-23T21:30:00-05:00,44.94,45.19,45.05,45.22
2023-09-23T21:45:00-05:00,51.32,51.81,52.46,63.1
2023-09-23T22:00:00-05:00,82.01,82.26,82.57,87.87
2023-09-23T22:15:00-05:00,89.79,89.79,89.79,89.79
2023-09-23T22:30:00-05:00,55.95,55.95,55.95,55.95
2023-09-23T22:45:00-05:00,35.78,35.63,36.01,46.05
2023-09-23T23:00:00-05:00,29.16,29.07,29.28,34.67
2023-09-23T23:15:00-05:00,26.44,26.44,26.44,26.44
2023-09-23T23:30:00-05:00,26.15,26.15,26.15,26.15
2023-09-23T23:45:00-05:00,25.29,25.29,25.29,25.29
2023-09-24T00:00:00-05:00,24.48,24.48,24.48,24.48
2023-09-24T00:15:00-05:00,24.75,24.75,24.75,24.75
2023-09-24T00:30:00-05:00,24.32,24.32,24.32,24.32
2023-09-24T00:45:00-05:00,24.33,24.33,24.33,24.33
2023-09-24T01:00:00-05:00,24.39,24.39,24.39,24.39
2023-09-24T01:15:00-05:00,24.15,24.15,24.15,24.15
2023-09-24T01:30:00-05:00,23.83,23.83,23.83,23.83
2023-09-24T01:45:00-05:00,23.58,23.58,23.58,23.58
2023-09-24T02:00:00-05:00,23.19,23.19,23.19,23.19
2023-09-24T02:15:00-05:00,22.86,22.86,22.86,22.86
2023-09-24T02:30:00-05:00,22.33,22.33,22.33,22.33
2023-09-24T02:45:00-05:00,22.09,22.09,22.09,22.09
2023-09-24T03:00:00-05:00,21.89,21.89,21.89,21.89
2023-09-24T03:15:00-05:00,21.82,21.82,21.82,21.82
2023-09-24T03:30:00-05:00,21.64,21.64,21.64,21.64
2023-09-24T03:45:00-05:00,21.87,21.87,21.87,21.87
2023-09-24T04:00:00-05:00,21.97,21.97,21.97,21.97
2023-09-24T04:15:00-05:00,22.43,22.43,22.43,22.43
2023-09-24T04:30:00-05:00,22.74,22.74,22.74,22.74
2023-09-24T04:45:00-05:00,22.46,22.46,22.46,22.46
2023-09-24T05:00:00-05:00,22.71,22.71,22.71,22.71
2023-09-24T05:15:00-05:00,22.72,22.72,22.72,22.72
2023-09-24T05:30:00-05:00,22.79,22.79,22.79,22.79
2023-09-24T05:45:00-05:00,22.91,22.91,22.91,22.91
2023-09-24T06:00:00-05:00,22.67,22.67,22.67,22.67
2023-09-24T06:15:00-05:00,23.62,23.62,23.62,23.62
2023-09-24T06:30:00-05:00,23.54,23.54,23.54,23.54
2023-09-24T06:45:00-05:00,22.96,22.96,22.96,22.96
2023-09-24T07:00:00-05:00,23.0,23.0,23.0,23.0
2023-09-24T07:15:00-05:00,23.83,23.96,23.51,24.79
2023-09-24T07:30:00-05:00,23.93,24.33,22.92,26.95
2023-09-24T07:45:00-05:00,24.22,24.63,23.2,27.25
2023-09-24T08:00:00-05:00,24.15,24.43,23.45,26.24
2023-09-24T08:15:00-05:00,23.08,23.08,23.08,23.08
2023-09-24T08:30:00-05:00,22.27,22.27,22.27,22.27
2023-09-24T08:45:00-05:00,19.91,19.91,19.91,19.91
2023-09-24T09:00:00-05:00,19.67,19.86,19.39,19.78
2023-09-24T09:15:00-05:00,20.03,20.23,19.74,20.14
2023-09-24T09:30:00-05:00,20.68,20.89,20.38,20.8
2023-09-24T09:45:00-05:00,22.19,22.34,21.97,22.28
2023-09-24T10:00:00-05:00,22.71,22.86,22.5,22.8
2023-09-24T10:15:00-05:00,22.91,23.06,22.69,23.0
2023-09-24T10:30:00-05:00,23.99,24.22,23.63,24.12
2023-09-24T10:45:00-05:00,24.93,24.93,24.92,24.93
2023-09-24T11:00:00-05:00,27.94,27.94,27.94,27.94
2023-09-24T11:15:00-05:00,31.83,31.83,31.83,31.83
2023-09-24T11:30:00-05:00,60.87,60.87,60.87,60.87
2023-09-24T11:45:00-05:00,46.32,46.32,46.32,46.32
2023-09-24T12:00:00-05:00,32.56,32.56,32.56,32.56
2023-09-24T12:15:00-05:00,63.85,63.85,63.85,63.85
2023-09-24T12:30:00-05:00,69.12,69.16,69.32,69.22
2023-09-24T12:45:00-05:00,47.48,47.52,47.66,47.57
2023-09-24T13:00:00-05:00,62.77,63.17,63.27,63.28
2023-09-24T13:15:00-05:00,75.99,76.58,76.63,76.73
2023-09-24T13:30:00-05:00,77.84,78.44,79.36,78.6
2023-09-24T13:45:00-05:00,132.93,133.48,134.23,133.73
2023-09-24T14:00:00-05:00,80.26,80.57,87.73,80.73
2023-09-24T14:15:00-05:00,74.55,75.28,103.76,83.24
2023-09-24T14:30:00-05:00,132.48,133.4,186.31,133.82
2023-09-24T14:45:00-05:00,265.93,264.68,400.82,266.82
2023-09-24T15:00:00-05:00,123.68,125.05,295.11,177.18
2023-09-24T15:15:00-05:00,313.68,320.63,599.93,384.84
2023-09-24T15:30:00-05:00,314.08,341.67,610.3,391.89
2023-09-24T15:45:00-05:00,210.55,243.3,404.67,297.61
2023-09-24T16:00:00-05:00,468.12,491.78,766.51,549.22
2023-09-24T16:15:00-05:00,511.24,537.07,853.47,596.41
2023-09-24T16:30:00-05:00,750.52,793.01,1153.9,848.52
2023-09-24T16:45:00-05:00,629.45,668.53,1090.67,733.27
2023-09-24T17:00:00-05:00,514.38,581.62,901.63,629.12
2023-09-24T17:15:00-05:00,219.63,284.13,483.98,316.56
2023-09-24T17:30:00-05:00,214.17,278.08,474.98,325.62
2023-09-24T17:45:00-05:00,185.78,254.82,415.57,287.71
2023-09-24T18:00:00-05:00,156.93,189.48,288.77,189.48
2023-09-24T18:15:00-05:00,271.04,303.29,437.01,302.44
2023-09-24T18:30:00-05:00,236.63,268.76,384.96,268.21
2023-09-24T18:45:00-05:00,235.5,266.54,366.38,265.66
2023-09-24T19:00:00-05:00,180.87,214.59,268.58,245.78
2023-09-24T19:15:00-05:00,99.52,122.68,176.76,139.9
2023-09-24T19:30:00-05:00,104.59,101.83,104.25,155.08
2023-09-24T19:45:00-05:00,80.72,78.8,64.48,109.96
2023-09-24T20:00:00-05:00,50.57,47.98,56.13,72.63
2023-09-24T20:15:00-05:00,35.1,32.1,42.6,59.74
2023-09-24T20:30:00-05:00,29.55,26.96,30.06,43.78
2023-09-24T20:45:00-05:00,28.61,26.35,26.96,39.7
2023-09-24T21:00:00-05:00,29.01,25.82,29.35,56.65
2023-09-24T21:15:00-05:00,26.68,24.34,27.2,36.45
2023-09-24T21:30:00-05:00,24.55,21.99,26.05,40.77
2023-09-24T21:45:00-05:00,23.88,21.84,25.4,36.88
2023-09-24T22:00:00-05:00,24.75,24.02,25.46,33.15
2023-09-24T22:15:00-05:00,24.83,22.58,27.06,52.19
2023-09-24T22:30:00-05:00,23.81,21.88,25.74,50.28
2023-09-24T22:45:00-05:00,22.59,21.17,23.98,39.8
2023-09-24T23:00:00-05:00,22.14,21.37,22.9,32.25
2023-09-24T23:15:00-05:00,21.88,21.27,22.47,29.86
2023-09-24T23:30:00-05:00,21.68,21.09,22.26,29.51
2023-09-24T23:45:00-05:00,21.64,21.01,22.25,29.98
2023-09-25T00:00:00-05:00,21.87,21.46,22.27,27.31
2023-09-25T00:15:00-05:00,22.17,21.95,22.4,25.2
2023-09-25T00:30:00-05:00,22.76,22.64,22.88,24.4
2023-09-25T00:45:00-05:00,22.96,22.96,22.96,22.96
2023-09-25T01:00:00-05:00,22.41,22.41,22.41,22.41
2023-09-25T01:15:00-05:00,22.53,22.53,22.53,22.53
2023-09-25T01:30:00-05:00,22.49,22.49,22.49,22.49
2023-09-25T01:45:00-05:00,22.78,22.78,22.78,22.78
2023-09-25T02:00:00-05:00,23.03,23.03,23.03,23.03
2023-09-25T02:15:00-05:00,22.86,22.86,22.86,22.86
2023-09-25T02:30:00-05:00,22.97,22.97,22.97,22.97
2023-09-25T02:45:00-05:00,23.41,23.41,23.41,23.41
2023-09-25T03:00:00-05:00,23.4,23.4,23.4,23.4
2023-09-25T03:15:00-05:00,23.04,23.04,23.04,23.04
2023-09-25T03:30:00-05:00,23.32,23.32,23.32,23.32
2023-09-25T03:45:00-05:00,23.79,23.79,23.79,23.79
2023-09-25T04:00:00-05:00,24.1,24.1,24.1,24.1
2023-09-25T04:15:00-05:00,24.18,24.18,24.18,24.18
2023-09-25T04:30:00-05:00,24.4,24.4,24.4,24.4
2023-09-25T04:45:00-05:00,24.56,24.56,24.56,24.56
2023-09-25T05:00:00-05:00,34.29,34.29,34.29,34.29
2023-09-25T05:15:00-05:00,30.25,30.25,30.25,30.25
2023-09-25T05:30:00-05:00,31.64,31.64,31.64,31.64
2023-09-25T05:45:00-05:00,44.97,44.97,44.97,44.97
2023-09-25T06:00:00-05:00,61.44,61.44,61.44,61.44
2023-09-25T06:15:00-05:00,48.76,48.76,48.76,48.76
2023-09-25T06:30:00-05:00,48.58,48.58,48.58,48.58
2023-09-25T06:45:00-05:00,55.2,55.2,55.2,55.2
2023-09-25T07:00:00-05:00,49.38,49.38,49.38,49.38
2023-09-25T07:15:00-05:00,42.47,42.47,42.47,42.47
2023-09-25T07:30:00-05:00,40.27,40.37,40.84,47.02
2023-09-25T07:45:00-05:00,54.89,54.91,55.01,56.39
2023-09-25T08:00:00-05:00,71.24,71.24,71.24,71.24
2023-09-25T08:15:00-05:00,45.37,44.3,49.7,53.06
2023-09-25T08:30:00-05:00,27.28,26.2,31.64,35.07
2023-09-25T08:45:00-05:00,27.42,27.42,27.43,27.43
2023-09-25T09:00:00-05:00,32.37,32.37,32.37,32.37
2023-09-25T09:15:00-05:00,26.69,26.69,26.69,26.69
2023-09-25T09:30:00-05:00,26.22,26.22,26.22,26.22
2023-09-25T09:45:00-05:00,31.8,31.8,31.79,31.8
2023-09-25T10:00:00-05:00,26.54,26.56,26.41,26.63
2023-09-25T10:15:00-05:00,49.25,47.89,46.8,48.15
2023-09-25T10:30:00-05:00,72.51,68.62,67.71,68.46
2023-09-25T10:45:00-05:00,27.1,26.66,26.54,26.64
2023-09-25T11:00:00-05:00,27.69,26.97,26.78,26.92
2023-09-25T11:15:00-05:00,28.24,27.37,27.15,27.32
2023-09-25T11:30:00-05:00,72.18,62.38,59.89,61.81
2023-09-25T11:45:00-05:00,45.97,41.7,40.65,41.47
2023-09-25T12:00:00-05:00,26.08,25.65,25.54,25.63
2023-09-25T12:15:00-05:00,31.7,25.32,26.1,25.48
2023-09-25T12:30:00-05:00,148.86,34.89,50.58,38.21
2023-09-25T12:45:00-05:00,360.58,56.74,85.26,62.77
2023-09-25T13:00:00-05:00,94.77,40.58,33.11,38.96
2023-09-25T13:15:00-05:00,53.38,31.22,32.01,31.0
2023-09-25T13:30:00-05:00,53.13,32.51,34.33,32.45
2023-09-25T13:45:00-05:00,130.51,59.08,46.56,56.28
2023-09-25T14:00:00-05:00,86.68,38.93,30.56,37.06
2023-09-25T14:15:00-05:00,141.62,70.08,98.52,72.07
2023-09-25T14:30:00-05:00,105.11,62.85,121.48,68.6
2023-09-25T14:45:00-05:00,31.38,42.73,98.11,48.89
2023-09-25T15:00:00-05:00,63.47,76.49,130.89,82.62
2023-09-25T15:15:00-05:00,45.52,60.52,108.38,65.43
2023-09-25T15:30:00-05:00,43.49,58.17,104.85,62.71
2023-09-25T15:45:00-05:00,49.56,64.24,111.51,68.75
2023-09-25T16:00:00-05:00,65.01,60.81,103.57,66.27
2023-09-25T16:15:00-05:00,61.59,58.27,70.61,59.44
2023-09-25T16:30:00-05:00,88.96,88.76,102.64,89.03
2023-09-25T16:45:00-05:00,40.14,39.9,43.33,40.14
2023-09-25T17:00:00-05:00,30.44,30.63,32.37,30.8
2023-09-25T17:15:00-05:00,30.94,31.71,31.02,31.96
2023-09-25T17:30:00-05:00,35.52,79.53,35.42,41.13
2023-09-25T17:45:00-05:00,45.19,84.97,45.47,57.5
2023-09-25T18:00:00-05:00,32.25,35.5,34.67,34.39
2023-09-25T18:15:00-05:00,68.13,71.9,71.28,72.7
2023-09-25T18:30:00-05:00,78.76,86.5,82.38,87.93
2023-09-25T18:45:00-05:00,458.37,500.74,448.65,508.33
2023-09-25T19:00:00-05:00,250.37,272.68,240.27,276.88
2023-09-25T19:15:00-05:00,145.03,161.43,127.91,164.85
2023-09-25T19:30:00-05:00,160.55,177.32,153.26,180.47
2023-09-25T19:45:00-05:00,51.07,52.23,46.83,52.57
2023-09-25T20:00:00-05:00,58.69,58.97,57.62,59.06
2023-09-25T20:15:00-05:00,43.17,43.18,43.24,43.2
2023-09-25T20:30:00-05:00,32.39,32.8,31.42,36.22
2023-09-25T20:45:00-05:00,32.79,33.58,31.77,46.49
2023-09-25T21:00:00-05:00,39.66,40.49,38.07,50.45
2023-09-25T21:15:00-05:00,30.15,27.97,32.0,54.57
2023-09-25T21:30:00-05:00,28.85,24.76,32.09,56.85
2023-09-25T21:45:00-05:00,26.66,22.97,30.11,49.21
2023-09-25T22:00:00-05:00,32.01,25.26,38.09,78.1
2023-09-25T22:15:00-05:00,39.5,27.08,50.41,117.98
2023-09-25T22:30:00-05:00,33.37,23.62,42.4,93.42
2023-09-25T22:45:00-05:00,25.28,21.7,28.62,47.72
2023-09-25T23:00:00-05:00,32.66,19.43,43.44,119.27
2023-09-25T23:15:00-05:00,22.72,20.43,24.47,38.03
2023-09-25T23:30:00-05:00,25.18,16.77,32.93,77.73
2023-09-25T23:45:00-05:00,21.73,17.77,25.26,46.57
2023-09-26T00:00:00-05:00,26.06,13.95,37.21,101.23
2023-09-26T00:15:00-05:00,22.43,16.43,27.95,59.66
2023-09-26T00:30:00-05:00,23.15,12.75,32.71,87.77
2023-09-26T00:45:00-05:00,20.83,13.53,27.49,65.8
2023-09-26T01:00:00-05:00,22.06,13.42,29.77,74.23
2023-09-26T01:15:00-05:00,22.03,13.92,29.21,70.61
2023-09-26T01:30:00-05:00,20.29,14.81,24.98,51.71
2023-09-26T01:45:00-05:00,21.35,14.21,27.58,63.74
2023-09-26T02:00:00-05:00,21.3,14.94,26.8,58.52
2023-09-26T02:15:00-05:00,20.87,13.61,27.24,64.34
2023-09-26T02:30:00-05:00,20.52,15.04,25.18,52.16
2023-09-26T02:45:00-05:00,21.17,14.26,27.13,62.14
2023-09-26T03:00:00-05:00,21.19,16.3,25.27,48.86
2023-09-26T03:15:00-05:00,20.55,15.94,24.43,46.94
2023-09-26T03:30:00-05:00,21.52,16.55,25.7,50.09
2023-09-26T03:45:00-05:00,21.62,15.87,26.87,55.26
2023-09-26T04:00:00-05:00,24.22,16.15,55.6,63.18
2023-09-26T04:15:00-05:00,23.39,16.46,33.4,62.98
2023-09-26T04:30:00-05:00,22.48,15.82,28.24,62.17
2023-09-26T04:45:00-05:00,23.04,16.12,29.02,64.09
2023-09-26T05:00:00-05:00,25.07,16.17,32.88,79.13
2023-09-26T05:15:00-05:00,24.25,21.55,26.6,40.24
2023-09-26T05:30:00-05:00,28.61,20.46,36.05,80.15
2023-09-26T05:45:00-05:00,25.57,22.56,28.31,44.54
2023-09-26T06:00:00-05:00,29.0,22.2,35.34,72.12
2023-09-26T06:15:00-05:00,28.98,22.66,34.89,68.93
2023-09-26T06:30:00-05:00,29.08,22.76,35.78,71.2
2023-09-26T06:45:00-05:00,28.65,23.62,34.47,67.84
2023-09-26T07:00:00-05:00,26.89,23.11,33.26,60.15
2023-09-26T07:15:00-05:00,24.84,22.99,26.78,36.79
2023-09-26T07:30:00-05:00,24.66,22.49,28.19,60.46
2023-09-26T07:45:00-05:00,24.85,21.54,29.23,65.85
2023-09-26T08:00:00-05:00,22.69,22.47,23.11,28.44
2023-09-26T08:15:00-05:00,21.07,21.35,20.9,21.74
2023-09-26T08:30:00-05:00,21.06,21.06,21.06,21.06
2023-09-26T08:45:00-05:00,20.05,20.09,20.38,20.11
2023-09-26T09:00:00-05:00,20.99,21.06,21.61,21.09
2023-09-26T09:15:00-05:00,21.03,21.03,21.05,21.03
2023-09-26T09:30:00-05:00,21.45,21.45,21.45,21.45
2023-09-26T09:45:00-05:00,21.51,21.57,22.09,21.6
2023-09-26T10:00:00-05:00,20.93,20.93,20.93,20.93
2023-09-26T10:15:00-05:00,21.46,21.46,21.46,21.46
2023-09-26T10:30:00-05:00,21.48,21.48,21.48,21.48
2023-09-26T10:45:00-05:00,21.76,22.17,23.9,22.32
2023-09-26T11:00:00-05:00,23.01,23.03,23.13,23.04
2023-09-26T11:15:00-05:00,24.16,24.16,24.16,24.16
2023-09-26T11:30:00-05:00,24.97,26.82,32.66,27.44
2023-09-26T11:45:00-05:00,25.55,27.53,34.92,28.21
2023-09-26T12:00:00-05:00,26.16,26.53,28.67,26.67
2023-09-26T12:15:00-05:00,47.66,47.77,48.16,47.81
2023-09-26T12:30:00-05:00,65.64,65.84,66.5,65.91
2023-09-26T12:45:00-05:00,50.12,50.27,50.84,50.36
2023-09-26T13:00:00-05:00,33.96,34.02,34.22,34.05
2023-09-26T13:15:00-05:00,67.27,67.53,68.53,67.69
2023-09-26T13:30:00-05:00,74.81,75.05,75.89,75.14
2023-09-26T13:45:00-05:00,76.0,76.12,76.52,76.18
2023-09-26T14:00:00-05:00,51.44,51.47,51.57,51.5
2023-09-26T14:15:00-05:00,74.98,75.0,75.15,75.04
2023-09-26T14:30:00-05:00,62.79,62.78,62.74,62.78
2023-09-26T14:45:00-05:00,74.67,74.67,74.6,74.67
2023-09-26T15:00:00-05:00,65.9,66.05,66.66,66.11
2023-09-26T15:15:00-05:00,81.57,81.64,81.7,81.66
2023-09-26T15:30:00-05:00,60.97,61.89,60.21,61.0
2023-09-26T15:45:00-05:00,83.54,120.47,84.57,91.34
2023-09-26T16:00:00-05:00,129.08,142.6,127.86,131.67
2023-09-26T16:15:00-05:00,144.94,145.44,143.59,144.92
2023-09-26T16:30:00-05:00,67.67,67.68,67.24,67.62
2023-09-26T16:45:00-05:00,61.55,61.55,61.16,61.51
2023-09-26T17:00:00-05:00,74.92,75.03,74.98,75.0
2023-09-26T17:15:00-05:00,68.85,69.01,69.3,69.02
2023-09-26T17:30:00-05:00,65.1,65.09,64.61,64.99
2023-09-26T17:45:00-05:00,83.3,83.28,82.2,83.07
2023-09-26T18:00:00-05:00,76.38,76.31,75.41,76.15
2023-09-26T18:15:00-05:00,208.67,203.32,208.67,232.12
2023-09-26T18:30:00-05:00,252.92,245.05,253.27,284.06
2023-09-26T18:45:00-05:00,371.45,340.92,383.64,460.18
2023-09-26T19:00:00-05:00,165.0,148.2,172.59,223.76
2023-09-26T19:15:00-05:00,69.62,63.19,72.65,95.67
2023-09-26T19:30:00-05:00,65.87,60.44,68.37,88.94
2023-09-26T19:45:00-05:00,51.76,47.12,54.06,71.17
2023-09-26T20:00:00-05:00,41.11,37.29,43.47,57.41
2023-09-26T20:15:00-05:00,36.25,32.42,38.68,52.57
2023-09-26T20:30:00-05:00,33.81,28.93,37.19,56.39
2023-09-26T20:45:00-05:00,32.47,24.92,38.29,71.47
2023-09-26T21:00:00-05:00,34.33,26.84,40.07,72.9
2023-09-26T21:15:00-05:00,30.09,21.84,36.57,73.86
2023-09-26T21:30:00-05:00,25.71,22.48,27.72,38.98
2023-09-26T21:45:00-05:00,25.7,22.51,27.67,38.69
2023-09-26T22:00:00-05:00,27.26,23.63,29.6,42.79
2023-09-26T22:15:00-05:00,33.5,21.2,43.8,104.62
2023-09-26T22:30:00-05:00,23.34,21.16,24.75,33.01
2023-09-26T22:45:00-05:00,26.23,18.3,32.59,70.93
2023-09-26T23:00:00-05:00,23.67,20.49,25.65,36.62
2023-09-26T23:15:00-05:00,24.13,19.48,27.4,46.3
2023-09-26T23:30:00-05:00,22.45,19.44,24.29,34.47
2023-09-26T23:45:00-05:00,21.54,18.6,23.34,33.25
2023-09-27T00:00:00-05:00,20.9,17.99,22.67,32.43
2023-09-27T00:15:00-05:00,19.89,17.47,21.37,29.47
2023-09-27T00:30:00-05:00,19.6,17.8,20.7,26.74
2023-09-27T00:45:00-05:00,19.03,17.27,20.09,25.94
2023-09-27T01:00:00-05:00,18.92,17.28,19.91,25.39
2023-09-27T01:15:00-05:00,17.76,16.2,18.69,23.8
2023-09-27T01:30:00-05:00,17.1,15.61,18.0,22.89
2023-09-27T01:45:00-05:00,16.04,11.88,19.32,39.41
2023-09-27T02:00:00-05:00,15.46,11.62,18.48,37.04
2023-09-27T02:15:00-05:00,15.4,11.75,18.33,36.46
2023-09-27T02:30:00-05:00,14.88,11.14,17.87,36.28
2023-09-27T02:45:00-05:00,15.33,11.13,18.68,39.53
2023-09-27T03:00:00-05:00,15.37,11.43,18.58,38.67
2023-09-27T03:15:00-05:00,15.39,11.27,18.87,41.05
2023-09-27T03:30:00-05:00,14.89,11.08,18.11,38.63
2023-09-27T03:45:00-05:00,15.38,11.07,19.02,42.24
2023-09-27T04:00:00-05:00,15.45,11.01,19.03,41.34
2023-09-27T04:15:00-05:00,15.53,11.09,19.07,41.07
2023-09-27T04:30:00-05:00,16.51,11.45,20.56,45.74
2023-09-27T04:45:00-05:00,17.0,11.47,21.44,49.09
2023-09-27T05:00:00-05:00,18.65,13.14,23.06,50.44
2023-09-27T05:15:00-05:00,18.1,13.32,21.88,45.16
2023-09-27T05:30:00-05:00,20.51,15.17,24.72,50.73
2023-09-27T05:45:00-05:00,21.06,15.67,25.33,51.57
2023-09-27T06:00:00-05:00,21.04,15.68,25.28,51.35
2023-09-27T06:15:00-05:00,20.87,16.93,23.86,41.83
2023-09-27T06:30:00-05:00,21.16,18.81,22.74,31.73
2023-09-27T06:45:00-05:00,21.34,19.52,22.44,28.36
2023-09-27T07:00:00-05:00,21.09,19.28,22.17,28.05
2023-09-27T07:15:00-05:00,20.67,18.87,21.74,27.5
2023-09-27T07:30:00-05:00,20.58,18.79,21.71,27.39
2023-09-27T07:45:00-05:00,20.23,18.46,21.34,26.93
2023-09-27T08:00:00-05:00,19.85,18.44,20.74,25.19
2023-09-27T08:15:00-05:00,18.01,18.0,18.02,18.07
2023-09-27T08:30:00-05:00,17.63,17.63,17.63,17.63
2023-09-27T08:45:00-05:00,17.35,17.45,18.18,17.48
2023-09-27T09:00:00-05:00,18.84,18.91,19.48,18.94
2023-09-27T09:15:00-05:00,20.0,20.02,20.14,20.02
2023-09-27T09:30:00-05:00,20.42,20.48,20.93,20.5
2023-09-27T09:45:00-05:00,21.08,21.14,21.67,21.17
2023-09-27T10:00:00-05:00,22.4,20.99,22.26,21.14
2023-09-27T10:15:00-05:00,24.06,20.6,22.81,20.93
2023-09-27T10:30:00-05:00,24.25,20.69,23.06,21.03
2023-09-27T10:45:00-05:00,24.42,19.1,20.92,19.51
2023-09-27T11:00:00-05:00,24.79,20.86,22.18,21.16
2023-09-27T11:15:00-05:00,25.3,21.56,22.81,21.85
2023-09-27T11:30:00-05:00,26.69,23.57,25.17,23.84
2023-09-27T11:45:00-05:00,25.65,24.12,24.87,24.25
2023-09-27T12:00:00-05:00,31.25,31.24,31.21,31.24
2023-09-27T12:15:00-05:00,53.47,53.57,53.9,53.6
2023-09-27T12:30:00-05:00,67.85,68.02,68.65,68.08
2023-09-27T12:45:00-05:00,67.95,68.12,68.76,68.18
2023-09-27T13:00:00-05:00,62.7,62.7,62.69,62.71
2023-09-27T13:15:00-05:00,74.55,75.79,73.86,77.09
2023-09-27T13:30:00-05:00,54.3,58.14,51.55,62.21
2023-09-27T13:45:00-05:00,75.01,77.68,73.36,80.55
2023-09-27T14:00:00-05:00,65.55,65.55,65.53,65.55
2023-09-27T14:15:00-05:00,76.16,76.75,75.33,76.45
2023-09-27T14:30:00-05:00,79.92,79.66,76.63,79.03
2023-09-27T14:45:00-05:00,75.68,88.58,73.32,78.58
2023-09-27T15:00:00-05:00,74.32,95.68,75.18,79.48
2023-09-27T15:15:00-05:00,70.46,69.76,67.3,69.27
2023-09-27T15:30:00-05:00,75.64,74.64,71.25,73.96
2023-09-27T15:45:00-05:00,76.86,76.35,74.28,75.93
2023-09-27T16:00:00-05:00,75.52,75.2,73.56,74.9
2023-09-27T16:15:00-05:00,49.76,49.73,49.29,49.65
2023-09-27T16:30:00-05:00,35.87,35.86,35.68,35.83
2023-09-27T16:45:00-05:00,40.49,43.48,40.4,41.17
2023-09-27T17:00:00-05:00,31.55,36.63,31.46,32.78
2023-09-27T17:15:00-05:00,37.79,41.54,37.62,38.67
2023-09-27T17:30:00-05:00,32.36,35.83,32.05,33.18
2023-09-27T17:45:00-05:00,33.15,35.13,33.86,33.62
2023-09-27T18:00:00-05:00,29.49,30.66,30.17,29.79
2023-09-27T18:15:00-05:00,32.28,32.27,32.19,32.26
2023-09-27T18:30:00-05:00,32.39,32.39,32.3,32.37
2023-09-27T18:45:00-05:00,31.31,31.31,31.24,31.29
2023-09-27T19:00:00-05:00,27.99,27.97,27.77,27.96
2023-09-27T19:15:00-05:00,28.22,28.18,28.15,28.32
2023-09-27T19:30:00-05:00,30.85,30.6,30.92,31.86
2023-09-27T19:45:00-05:00,25.69,24.79,26.31,29.62
2023-09-27T20:00:00-05:00,24.62,23.91,25.12,27.74
2023-09-27T20:15:00-05:00,24.06,24.06,24.06,24.06
2023-09-27T20:30:00-05:00,24.52,24.52,24.52,24.52
2023-09-27T20:45:00-05:00,23.36,23.36,23.36,23.36
2023-09-27T21:00:00-05:00,22.98,22.98,22.98,22.98
2023-09-27T21:15:00-05:00,22.61,22.38,22.84,25.64
2023-09-27T21:30:00-05:00,22.36,21.47,23.03,27.58
2023-09-27T21:45:00-05:00,23.05,19.44,23.01,28.78
2023-09-27T22:00:00-05:00,22.84,20.84,24.17,31.25
2023-09-27T22:15:00-05:00,22.65,20.71,24.0,31.02
2023-09-27T22:30:00-05:00,21.56,19.7,22.85,29.55
2023-09-27T22:45:00-05:00,20.55,18.76,21.78,28.2
2023-09-27T23:00:00-05:00,18.36,16.74,19.48,25.28
2023-09-27T23:15:00-05:00,18.64,17.0,19.77,25.65
2023-09-27T23:30:00-05:00,17.87,15.83,18.62,24.02
2023-09-27T23:45:00-05:00,17.93,16.02,18.86,24.55
2023-09-28T00:00:00-05:00,18.44,16.81,19.55,25.34
2023-09-28T00:15:00-05:00,18.96,17.3,20.11,26.0
2023-09-28T00:30:00-05:00,18.82,17.17,19.96,25.79
2023-09-28T00:45:00-05:00,18.66,17.02,19.79,25.58
2023-09-28T01:00:00-05:00,18.11,16.51,19.2,24.84
2023-09-28T01:15:00-05:00,17.99,16.4,19.08,24.65
2023-09-28T01:30:00-05:00,17.35,15.82,18.41,23.8
2023-09-28T01:45:00-05:00,16.32,14.86,17.32,22.43
2023-09-28T02:00:00-05:00,15.9,14.48,16.88,21.87
2023-09-28T02:15:00-05:00,15.69,14.4,16.58,21.1
2023-09-28T02:30:00-05:00,15.56,14.38,16.36,20.53
2023-09-28T02:45:00-05:00,15.32,14.3,15.95,21.09
2023-09-28T03:00:00-05:00,15.29,14.85,15.54,17.89
2023-09-28T03:15:00-05:00,15.29,15.29,15.29,15.29
2023-09-28T03:30:00-05:00,15.36,15.3,15.93,15.28
2023-09-28T03:45:00-05:00,15.6,15.43,17.23,15.39
2023-09-28T04:00:00-05:00,15.86,15.81,16.34,15.79
2023-09-28T04:15:00-05:00,15.58,15.51,16.18,15.5
2023-09-28T04:30:00-05:00,15.93,15.7,18.05,15.64
2023-09-28T04:45:00-05:00,16.5,16.31,18.32,16.26
2023-09-28T05:00:00-05:00,17.34,17.29,17.75,17.28
2023-09-28T05:15:00-05:00,17.77,17.73,18.11,17.72
2023-09-28T05:30:00-05:00,17.98,17.93,18.46,17.92
2023-09-28T05:45:00-05:00,17.99,17.83,19.5,17.78
2023-09-28T06:00:00-05:00,18.5,18.28,20.53,18.22
2023-09-28T06:15:00-05:00,19.48,19.1,23.08,19.0
2023-09-28T06:30:00-05:00,19.74,19.3,23.99,19.18
2023-09-28T06:45:00-05:00,20.81,20.28,25.88,20.14
2023-09-28T07:00:00-05:00,22.47,20.13,36.6,19.84
2023-09-28T07:15:00-05:00,20.57,19.83,33.64,19.86
2023-09-28T07:30:00-05:00,18.8,18.75,21.9,18.78
2023-09-28T07:45:00-05:00,18.63,18.53,20.34,18.53
2023-09-28T08:00:00-05:00,17.95,18.08,19.24,18.13
2023-09-28T08:15:00-05:00,16.73,16.99,19.24,17.09
2023-09-28T08:30:00-05:00,15.82,15.83,15.93,15.84
2023-09-28T08:45:00-05:00,15.97,15.97,15.97,15.97
2023-09-28T09:00:00-05:00,17.44,17.44,17.44,17.44
2023-09-28T09:15:00-05:00,17.85,17.85,17.85,17.85
2023-09-28T09:30:00-05:00,18.77,18.8,19.06,18.81
2023-09-28T09:45:00-05:00,18.97,18.97,18.97,18.97
2023-09-28T10:00:00-05:00,20.77,19.2,19.74,19.33
2023-09-28T10:15:00-05:00,23.44,18.3,20.06,18.7
2023-09-28T10:30:00-05:00,24.43,18.48,22.7,19.06
2023-09-28T10:45:00-05:00,24.51,18.66,20.72,19.12
2023-09-28T11:00:00-05:00,24.27,18.66,20.76,19.09
2023-09-28T11:15:00-05:00,24.6,19.38,21.36,19.78
2023-09-28T11:30:00-05:00,26.04,19.45,22.21,19.92
2023-09-28T11:45:00-05:00,25.51,21.0,24.73,21.18
2023-09-28T12:00:00-05:00,29.27,23.02,25.22,23.51
2023-09-28T12:15:00-05:00,26.45,23.59,22.83,28.41
2023-09-28T12:30:00-05:00,26.23,23.82,22.3,30.44
2023-09-28T12:45:00-05:00,35.95,24.14,25.8,31.77
2023-09-28T13:00:00-05:00,202.48,27.01,48.83,40.1
2023-09-28T13:15:00-05:00,38.75,25.9,25.79,36.07
2023-09-28T13:30:00-05:00,65.6,33.67,38.91,50.69
2023-09-28T13:45:00-05:00,31.38,37.56,28.97,53.53
2023-09-28T14:00:00-05:00,32.36,36.57,28.1,51.26
2023-09-28T14:15:00-05:00,50.36,34.36,34.49,44.19
2023-09-28T14:30:00-05:00,38.81,32.12,29.47,40.56
2023-09-28T14:45:00-05:00,29.32,45.26,28.01,49.38
2023-09-28T15:00:00-05:00,38.41,39.35,30.3,48.38
2023-09-28T15:15:00-05:00,37.72,58.85,35.15,63.73
2023-09-28T15:30:00-05:00,40.41,49.44,33.07,57.42
2023-09-28T15:45:00-05:00,42.62,61.87,37.43,68.57
2023-09-28T16:00:00-05:00,40.35,62.36,37.15,68.83
2023-09-28T16:15:00-05:00,81.8,70.25,53.22,79.1
2023-09-28T16:30:00-05:00,72.99,42.25,48.77,54.41
2023-09-28T16:45:00-05:00,26.69,43.53,26.46,50.6
2023-09-28T17:00:00-05:00,24.39,37.69,23.85,44.62
2023-09-28T17:15:00-05:00,25.68,40.56,24.79,47.32
2023-09-28T17:30:00-05:00,26.86,38.23,26.22,44.41
2023-09-28T17:45:00-05:00,29.22,44.79,29.02,49.13
2023-09-28T18:00:00-05:00,30.31,35.54,30.4,35.03
2023-09-28T18:15:00-05:00,30.96,34.41,31.2,31.86
2023-09-28T18:30:00-05:00,32.25,35.53,32.48,33.11
2023-09-28T18:45:00-05:00,35.92,37.81,36.05,36.42
2023-09-28T19:00:00-05:00,40.49,41.3,41.23,44.67
2023-09-28T19:15:00-05:00,36.88,34.23,38.77,48.32
2023-09-28T19:30:00-05:00,32.77,30.15,34.63,43.94
2023-09-28T19:45:00-05:00,27.89,25.57,29.54,37.86
2023-09-28T20:00:00-05:00,26.09,23.73,27.82,39.65
2023-09-28T20:15:00-05:00,24.16,22.12,25.61,33.03
2023-09-28T20:30:00-05:00,23.4,21.42,24.8,31.91
2023-09-28T20:45:00-05:00,23.87,21.86,25.29,32.52
2023-09-28T21:00:00-05:00,23.6,21.61,25.01,32.13
2023-09-28T21:15:00-05:00,23.55,22.07,24.59,29.88
2023-09-28T21:30:00-05:00,22.93,21.96,23.6,27.05
2023-09-28T21:45:00-05:00,21.8,21.26,22.18,24.12
2023-09-28T22:00:00-05:00,21.14,21.13,21.15,21.19
2023-09-28T22:15:00-05:00,20.92,20.92,20.92,20.91
2023-09-28T22:30:00-05:00,20.2,19.74,20.68,19.2
2023-09-28T22:45:00-05:00,19.71,18.25,21.15,14.88
2023-09-28T23:00:00-05:00,19.93,19.41,19.8,7.69
2023-09-28T23:15:00-05:00,20.09,20.01,19.68,4.6
2023-09-28T23:30:00-05:00,19.81,19.33,20.37,1.21
2023-09-28T23:45:00-05:00,18.77,17.78,19.52,0.44
2023-09-29T00:00:00-05:00,19.15,18.16,19.98,0.07
2023-09-29T00:15:00-05:00,18.59,16.87,19.45,-0.42
2023-09-29T00:30:00-05:00,17.63,14.97,19.11,-0.14
2023-09-29T00:45:00-05:00,18.0,15.09,19.84,-0.31
2023-09-29T01:00:00-05:00,18.04,15.67,19.56,-0.12
2023-09-29T01:15:00-05:00,15.78,11.49,17.95,0.69
2023-09-29T01:30:00-05:00,15.94,11.58,17.99,0.72
2023-09-29T01:45:00-05:00,16.05,11.36,18.52,0.44
2023-09-29T02:00:00-05:00,15.72,11.15,17.98,0.76
2023-09-29T02:15:00-05:00,15.39,10.38,17.97,1.32
2023-09-29T02:30:00-05:00,14.94,10.42,16.71,1.43
2023-09-29T02:45:00-05:00,14.21,8.54,16.87,1.47
2023-09-29T03:00:00-05:00,14.69,9.1,18.61,2.55
2023-09-29T03:15:00-05:00,14.73,9.18,19.23,3.77
2023-09-29T03:30:00-05:00,14.35,9.05,18.99,3.89
2023-09-29T03:45:00-05:00,14.31,8.93,18.96,3.7
2023-09-29T04:00:00-05:00,13.99,10.4,18.06,7.02
2023-09-29T04:15:00-05:00,14.29,10.83,18.02,7.7
2023-09-29T04:30:00-05:00,15.09,11.97,18.47,9.13
2023-09-29T04:45:00-05:00,15.28,12.25,18.54,9.5
2023-09-29T05:00:00-05:00,16.07,13.25,19.11,10.69
2023-09-29T05:15:00-05:00,16.71,14.31,19.31,12.12
2023-09-29T05:30:00-05:00,17.01,14.64,19.58,12.48
2023-09-29T05:45:00-05:00,17.55,15.38,19.9,13.4
2023-09-29T06:00:00-05:00,18.6,17.08,20.25,15.69
2023-09-29T06:15:00-05:00,18.46,17.4,19.6,16.45
2023-09-29T06:30:00-05:00,16.71,18.35,46.8,18.55
2023-09-29T06:45:00-05:00,18.72,18.76,20.34,18.73
2023-09-29T07:00:00-05:00,18.97,18.89,20.64,18.87
2023-09-29T07:15:00-05:00,18.66,18.7,19.35,18.71
2023-09-29T07:30:00-05:00,18.9,18.85,19.32,18.84
2023-09-29T07:45:00-05:00,18.58,18.61,19.94,18.62
2023-09-29T08:00:00-05:00,18.53,18.54,18.98,18.55
2023-09-29T08:15:00-05:00,17.43,17.17,17.72,16.93
2023-09-29T08:30:00-05:00,16.36,15.67,17.1,15.05
2023-09-29T08:45:00-05:00,16.1,13.82,17.28,2.32
2023-09-29T09:00:00-05:00,17.09,14.89,17.9,0.47
2023-09-29T09:15:00-05:00,18.6,17.27,18.64,0.26
2023-09-29T09:30:00-05:00,18.93,17.45,19.16,0.1
2023-09-29T09:45:00-05:00,19.06,17.71,19.17,-0.1
2023-09-29T10:00:00-05:00,20.25,19.87,20.15,-0.17
2023-09-29T10:15:00-05:00,20.9,20.86,20.35,-0.14
2023-09-29T10:30:00-05:00,21.95,21.87,21.37,-0.07
2023-09-29T10:45:00-05:00,52.45,22.19,20.37,-0.02
2023-09-29T11:00:00-05:00,25.52,18.95,20.54,-0.01
2023-09-29T11:15:00-05:00,24.8,20.63,21.99,2.18
2023-09-29T11:30:00-05:00,26.71,21.34,22.56,7.2
2023-09-29T11:45:00-05:00,25.85,21.26,22.62,5.39
2023-09-29T12:00:00-05:00,26.15,21.16,23.63,4.71
2023-09-29T12:15:00-05:00,26.07,20.74,23.87,4.62
2023-09-29T12:30:00-05:00,26.79,20.51,25.45,9.85
2023-09-29T12:45:00-05:00,26.64,19.61,26.13,8.61
2023-09-29T13:00:00-05:00,39.79,21.5,35.31,13.1
2023-09-29T13:15:00-05:00,43.75,26.81,43.92,11.16
2023-09-29T13:30:00-05:00,29.65,26.21,32.64,7.67
2023-09-29T13:45:00-05:00,32.29,25.54,43.84,10.15
2023-09-29T14:00:00-05:00,28.9,27.09,44.06,13.94
2023-09-29T14:15:00-05:00,28.56,28.43,40.21,12.16
2023-09-29T14:30:00-05:00,36.65,29.57,65.02,16.22
2023-09-29T14:45:00-05:00,39.67,42.56,85.49,27.54
2023-09-29T15:00:00-05:00,23.66,36.82,31.6,19.95
2023-09-29T15:15:00-05:00,24.67,60.37,32.57,27.61
2023-09-29T15:30:00-05:00,25.97,50.8,38.23,23.02
2023-09-29T15:45:00-05:00,26.48,52.37,46.62,22.74
2023-09-29T16:00:00-05:00,29.51,28.75,47.66,18.81
2023-09-29T16:15:00-05:00,57.89,28.48,122.73,24.26
2023-09-29T16:30:00-05:00,26.23,30.18,40.93,24.11
2023-09-29T16:45:00-05:00,24.49,31.09,32.24,16.96
2023-09-29T17:00:00-05:00,28.49,29.48,46.22,16.29
2023-09-29T17:15:00-05:00,24.05,28.65,28.99,10.62
2023-09-29T17:30:00-05:00,24.08,28.76,27.57,8.73
2023-09-29T17:45:00-05:00,23.8,27.9,30.37,14.21
2023-09-29T18:00:00-05:00,23.59,23.91,27.71,22.16
2023-09-29T18:15:00-05:00,24.33,25.4,27.04,31.28
2023-09-29T18:30:00-05:00,23.92,23.17,26.41,24.89
2023-09-29T18:45:00-05:00,24.46,24.17,25.03,24.32
2023-09-29T19:00:00-05:00,24.64,24.64,24.64,24.64
2023-09-29T19:15:00-05:00,24.83,24.83,24.83,24.83
2023-09-29T19:30:00-05:00,24.8,24.8,24.8,24.8
2023-09-29T19:45:00-05:00,24.17,24.17,24.17,24.17
2023-09-29T20:00:00-05:00,23.35,23.35,23.35,23.35
2023-09-29T20:15:00-05:00,22.53,22.0,23.44,22.07
2023-09-29T20:30:00-05:00,21.96,21.25,23.16,21.34
2023-09-29T20:45:00-05:00,21.12,20.1,22.54,19.83
2023-09-29T21:00:00-05:00,21.02,19.06,24.01,18.91
2023-09-29T21:15:00-05:00,21.38,17.99,26.46,17.66
2023-09-29T21:30:00-05:00,21.65,16.39,29.64,16.07
2023-09-29T21:45:00-05:00,21.05,15.35,30.23,15.73
2023-09-29T22:00:00-05:00,19.82,16.42,25.45,16.86
2023-09-29T22:15:00-05:00,23.06,16.7,33.48,17.42
2023-09-29T22:30:00-05:00,24.43,16.6,37.3,17.61
2023-09-29T22:45:00-05:00,24.07,16.93,35.72,17.84
2023-09-29T23:00:00-05:00,25.76,20.73,33.13,26.15
2023-09-29T23:15:00-05:00,23.38,20.83,26.29,28.25
2023-09-29T23:30:00-05:00,22.86,20.59,24.92,30.08
2023-09-29T23:45:00-05:00,21.9,20.03,23.25,29.83
2023-09-30T00:00:00-05:00,21.6,19.77,22.87,29.46
2023-09-30T00:15:00-05:00,21.75,19.72,23.18,30.51
2023-09-30T00:30:00-05:00,21.76,19.84,23.1,30.04
2023-09-30T00:45:00-05:00,21.3,19.5,22.55,29.01
2023-09-30T01:00:00-05:00,21.88,19.96,23.22,30.12
2023-09-30T01:15:00-05:00,22.39,19.93,24.11,32.91
2023-09-30T01:30:00-05:00,23.89,20.97,25.79,38.97
2023-09-30T01:45:00-05:00,24.12,21.2,26.02,39.3
2023-09-30T02:00:00-05:00,23.59,21.43,24.97,35.29
2023-09-30T02:15:00-05:00,22.45,20.89,23.42,31.38
2023-09-30T02:30:00-05:00,21.6,21.44,21.61,24.34
2023-09-30T02:45:00-05:00,21.11,21.22,21.0,21.34
2023-09-30T03:00:00-05:00,21.39,21.57,21.22,21.75
2023-09-30T03:15:00-05:00,21.17,21.47,20.87,21.78
2023-09-30T03:30:00-05:00,22.48,17.39,27.17,54.55
2023-09-30T03:45:00-05:00,21.48,17.89,24.74,45.16
2023-09-30T04:00:00-05:00,22.79,14.86,29.62,76.56
2023-09-30T04:15:00-05:00,21.99,13.88,29.41,72.91
2023-09-30T04:30:00-05:00,22.54,13.83,30.52,77.42
2023-09-30T04:45:00-05:00,21.03,16.16,25.48,51.65
2023-09-30T05:00:00-05:00,20.0,15.69,23.93,47.19
2023-09-30T05:15:00-05:00,18.96,16.71,21.02,33.15
2023-09-30T05:30:00-05:00,18.66,18.66,18.66,18.68
2023-09-30T05:45:00-05:00,18.95,18.95,18.95,18.95
2023-09-30T06:00:00-05:00,20.22,20.22,20.22,20.22
2023-09-30T06:15:00-05:00,19.84,19.84,19.84,19.84
2023-09-30T06:30:00-05:00,19.34,19.34,19.34,19.34
2023-09-30T06:45:00-05:00,18.65,18.65,18.65,18.65
2023-09-30T07:00:00-05:00,18.49,18.49,18.49,18.49
2023-09-30T07:15:00-05:00,18.42,18.42,18.42,18.42
2023-09-30T07:30:00-05:00,18.38,18.38,18.38,18.38
2023-09-30T07:45:00-05:00,18.33,18.33,18.33,18.33
2023-09-30T08:00:00-05:00,18.27,18.27,18.27,18.27
2023-09-30T08:15:00-05:00,17.82,17.82,17.82,17.82
2023-09-30T08:30:00-05:00,15.9,15.9,15.9,15.9
2023-09-30T08:45:00-05:00,16.57,16.57,16.57,16.57
2023-09-30T09:00:00-05:00,16.62,16.62,16.62,16.62
2023-09-30T09:15:00-05:00,15.94,15.94,14.67,15.94
2023-09-30T09:30:00-05:00,15.96,14.22,16.83,12.03
2023-09-30T09:45:00-05:00,17.82,15.11,19.54,4.2
2023-09-30T10:00:00-05:00,20.53,19.45,21.15,0.81
2023-09-30T10:15:00-05:00,20.72,19.95,21.0,0.62
2023-09-30T10:30:00-05:00,20.45,19.72,20.71,0.49
2023-09-30T10:45:00-05:00,21.22,20.59,21.34,0.55
2023-09-30T11:00:00-05:00,21.08,20.26,21.45,0.52
2023-09-30T11:15:00-05:00,22.03,21.19,22.44,0.61
2023-09-30T11:30:00-05:00,23.96,21.72,22.78,0.71
2023-09-30T11:45:00-05:00,23.74,19.43,25.23,0.71
2023-09-30T12:00:00-05:00,29.97,18.38,43.09,5.77
2023-09-30T12:15:00-05:00,37.98,19.29,61.06,17.06
2023-09-30T12:30:00-05:00,42.07,21.92,66.38,29.4
2023-09-30T12:45:00-05:00,24.69,23.69,29.06,30.04
2023-09-30T13:00:00-05:00,23.05,22.88,24.47,25.58
2023-09-30T13:15:00-05:00,28.44,25.39,33.48,25.79
2023-09-30T13:30:00-05:00,25.8,23.35,30.28,24.22
2023-09-30T13:45:00-05:00,27.62,23.4,36.76,28.3
2023-09-30T14:00:00-05:00,26.52,22.51,33.71,23.8
2023-09-30T14:15:00-05:00,24.15,24.08,26.27,27.25
2023-09-30T14:30:00-05:00,24.52,25.05,23.44,30.16
2023-09-30T14:45:00-05:00,25.04,25.61,24.27,31.02
2023-09-30T15:00:00-05:00,25.87,26.2,23.19,31.35
2023-09-30T15:15:00-05:00,26.48,28.94,24.47,30.97
2023-09-30T15:30:00-05:00,30.48,41.18,27.2,34.08
2023-09-30T15:45:00-05:00,28.4,50.48,32.09,30.69
2023-09-30T16:00:00-05:00,28.7,59.47,39.05,29.0
2023-09-30T16:15:00-05:00,29.37,26.12,36.28,25.94
2023-09-30T16:30:00-05:00,25.49,24.01,28.33,24.67
2023-09-30T16:45:00-05:00,25.55,26.34,25.71,32.64
2023-09-30T17:00:00-05:00,26.89,23.79,24.45,23.94
2023-09-30T17:15:00-05:00,23.37,23.31,23.81,23.88
2023-09-30T17:30:00-05:00,23.64,23.63,23.82,23.86
2023-09-30T17:45:00-05:00,24.07,23.85,24.19,23.56
2023-09-30T18:00:00-05:00,24.37,24.4,24.37,24.46
2023-09-30T18:15:00-05:00,25.34,25.34,25.34,25.34
2023-09-30T18:30:00-05:00,28.49,28.49,28.49,28.49
2023-09-30T18:45:00-05:00,31.07,31.07,31.07,31.07
2023-09-30T19:00:00-05:00,31.0,31.0,31.0,31.0
2023-09-30T19:15:00-05:00,36.21,36.21,36.21,36.21
2023-09-30T19:30:00-05:00,32.51,32.51,32.51,32.51
2023-09-30T19:45:00-05:00,28.39,28.34,28.44,29.17
2023-09-30T20:00:00-05:00,25.09,25.01,25.18,26.45
2023-09-30T20:15:00-05:00,24.73,24.73,24.73,24.73
2023-09-30T20:30:00-05:00,23.7,23.7,23.7,23.7
2023-09-30T20:45:00-05:00,23.0,23.0,23.0,23.0
2023-09-30T21:00:00-05:00,22.29,22.29,22.29,22.29
2023-09-30T21:15:00-05:00,21.91,21.91,21.91,21.91
2023-09-30T21:30:00-05:00,20.86,20.86,20.86,20.86
2023-09-30T21:45:00-05:00,20.28,20.28,20.28,20.28
2023-09-30T22:00:00-05:00,20.85,20.85,20.85,20.85
2023-09-30T22:15:00-05:00,21.06,21.06,21.06,21.06
2023-09-30T22:30:00-05:00,20.35,20.35,20.35,20.35
2023-09-30T22:45:00-05:00,18.85,18.85,18.85,18.85
2023-09-30T23:00:00-05:00,19.86,19.86,19.86,19.86
2023-09-30T23:15:00-05:00,19.52,19.51,19.49,18.42
2023-09-30T23:30:00-05:00,18.58,18.58,18.52,16.24
2023-09-30T23:45:00-05:00,18.46,18.46,18.46,18.39
